{"__total__": 150, "__name__": "doc_1004_Mr_and_Mrs_Bridge.txt", "the": {"prob": 0.08, "count": 12, "pos": [0, 3, 11, 20, 24, 47, 66, 87, 103, 110, 115, 144]}, "film": {"prob": 0.013333333333333334, "count": 2, "pos": [1, 128]}, "tell": {"prob": 0.006666666666666667, "count": 1, "pos": [2]}, "stori": {"prob": 0.006666666666666667, "count": 1, "pos": [4]}, "of": {"prob": 0.02, "count": 3, "pos": [5, 15, 65]}, "a": {"prob": 0.03333333333333333, "count": 5, "pos": [6, 39, 62, 79, 100]}, "tradit": {"prob": 0.006666666666666667, "count": 1, "pos": [7]}, "famili": {"prob": 0.006666666666666667, "count": 1, "pos": [8]}, "live": {"prob": 0.006666666666666667, "count": 1, "pos": [9]}, "in": {"prob": 0.013333333333333334, "count": 2, "pos": [10, 132]}, "countri": {"prob": 0.006666666666666667, "count": 1, "pos": [12]}, "club": {"prob": 0.006666666666666667, "count": 1, "pos": [13]}, "district": {"prob": 0.006666666666666667, "count": 1, "pos": [14]}, "kansa": {"prob": 0.013333333333333334, "count": 2, "pos": [16, 133]}, "citi": {"prob": 0.013333333333333334, "count": 2, "pos": [17, 134]}, "missouri": {"prob": 0.006666666666666667, "count": 1, "pos": [18]}, "dure": {"prob": 0.006666666666666667, "count": 1, "pos": [19]}, "1930": {"prob": 0.006666666666666667, "count": 1, "pos": [21]}, "and": {"prob": 0.04, "count": 6, "pos": [22, 30, 73, 113, 123, 137]}, "1940": {"prob": 0.006666666666666667, "count": 1, "pos": [23]}, "bridg": {"prob": 0.04666666666666667, "count": 7, "pos": [25, 33, 54, 94, 104, 111, 116]}, "grappl": {"prob": 0.006666666666666667, "count": 1, "pos": [26]}, "with": {"prob": 0.006666666666666667, "count": 1, "pos": [27]}, "chang": {"prob": 0.006666666666666667, "count": 1, "pos": [28]}, "more": {"prob": 0.013333333333333334, "count": 2, "pos": [29, 82]}, "expect": {"prob": 0.006666666666666667, "count": 1, "pos": [31]}, "mr": {"prob": 0.02, "count": 3, "pos": [32, 53, 93]}, "play": {"prob": 0.013333333333333334, "count": 2, "pos": [34, 55]}, "by": {"prob": 0.013333333333333334, "count": 2, "pos": [35, 56]}, "paul": {"prob": 0.006666666666666667, "count": 1, "pos": [36]}, "newman": {"prob": 0.006666666666666667, "count": 1, "pos": [37]}, "is": {"prob": 0.006666666666666667, "count": 1, "pos": [38]}, "lawyer": {"prob": 0.006666666666666667, "count": 1, "pos": [40]}, "who": {"prob": 0.006666666666666667, "count": 1, "pos": [41]}, "resist": {"prob": 0.006666666666666667, "count": 1, "pos": [42]}, "hi": {"prob": 0.006666666666666667, "count": 1, "pos": [43]}, "children": {"prob": 0.02, "count": 3, "pos": [44, 75, 117]}, "rebellion": {"prob": 0.006666666666666667, "count": 1, "pos": [45]}, "against": {"prob": 0.013333333333333334, "count": 2, "pos": [46, 68]}, "conserv": {"prob": 0.006666666666666667, "count": 1, "pos": [48]}, "valu": {"prob": 0.006666666666666667, "count": 1, "pos": [49]}, "he": {"prob": 0.006666666666666667, "count": 1, "pos": [50]}, "hold": {"prob": 0.006666666666666667, "count": 1, "pos": [51]}, "dear": {"prob": 0.006666666666666667, "count": 1, "pos": [52]}, "joann": {"prob": 0.006666666666666667, "count": 1, "pos": [57]}, "woodward": {"prob": 0.006666666666666667, "count": 1, "pos": [58]}, "labor": {"prob": 0.006666666666666667, "count": 1, "pos": [59]}, "to": {"prob": 0.013333333333333334, "count": 2, "pos": [60, 77]}, "maintain": {"prob": 0.006666666666666667, "count": 1, "pos": [61]}, "pollyanna": {"prob": 0.006666666666666667, "count": 1, "pos": [63]}, "view": {"prob": 0.013333333333333334, "count": 2, "pos": [64, 81]}, "world": {"prob": 0.013333333333333334, "count": 2, "pos": [67, 80]}, "her": {"prob": 0.02, "count": 3, "pos": [69, 74, 85]}, "husband": {"prob": 0.006666666666666667, "count": 1, "pos": [70]}, "emot": {"prob": 0.006666666666666667, "count": 1, "pos": [71]}, "distanc": {"prob": 0.006666666666666667, "count": 1, "pos": [72]}, "eager": {"prob": 0.006666666666666667, "count": 1, "pos": [76]}, "adopt": {"prob": 0.006666666666666667, "count": 1, "pos": [78]}, "modern": {"prob": 0.006666666666666667, "count": 1, "pos": [83]}, "than": {"prob": 0.006666666666666667, "count": 1, "pos": [84]}, "own": {"prob": 0.006666666666666667, "count": 1, "pos": [86]}, "movi": {"prob": 0.006666666666666667, "count": 1, "pos": [88]}, "featur": {"prob": 0.006666666666666667, "count": 1, "pos": [89]}, "blyth": {"prob": 0.006666666666666667, "count": 1, "pos": [90]}, "danner": {"prob": 0.006666666666666667, "count": 1, "pos": [91]}, "as": {"prob": 0.02666666666666667, "count": 4, "pos": [92, 99, 109, 114]}, "troubl": {"prob": 0.006666666666666667, "count": 1, "pos": [95]}, "friend": {"prob": 0.006666666666666667, "count": 1, "pos": [96]}, "simon": {"prob": 0.006666666666666667, "count": 1, "pos": [97]}, "callow": {"prob": 0.006666666666666667, "count": 1, "pos": [98]}, "foreign": {"prob": 0.006666666666666667, "count": 1, "pos": [101]}, "psychiatrist": {"prob": 0.006666666666666667, "count": 1, "pos": [102]}, "find": {"prob": 0.006666666666666667, "count": 1, "pos": [105]}, "unsavori": {"prob": 0.006666666666666667, "count": 1, "pos": [106]}, "saundra": {"prob": 0.006666666666666667, "count": 1, "pos": [107]}, "mcclain": {"prob": 0.006666666666666667, "count": 1, "pos": [108]}, "maid": {"prob": 0.006666666666666667, "count": 1, "pos": [112]}, "kyra": {"prob": 0.006666666666666667, "count": 1, "pos": [118]}, "sedgwick": {"prob": 0.006666666666666667, "count": 1, "pos": [119]}, "robert": {"prob": 0.006666666666666667, "count": 1, "pos": [120]}, "sean": {"prob": 0.006666666666666667, "count": 1, "pos": [121]}, "leonard": {"prob": 0.006666666666666667, "count": 1, "pos": [122]}, "margaret": {"prob": 0.006666666666666667, "count": 1, "pos": [124]}, "welsh": {"prob": 0.006666666666666667, "count": 1, "pos": [125]}, "it": {"prob": 0.013333333333333334, "count": 2, "pos": [126, 140]}, "wa": {"prob": 0.013333333333333334, "count": 2, "pos": [127, 141]}, "entir": {"prob": 0.006666666666666667, "count": 1, "pos": [129]}, "on": {"prob": 0.006666666666666667, "count": 1, "pos": [130]}, "locat": {"prob": 0.006666666666666667, "count": 1, "pos": [131]}, "pari": {"prob": 0.006666666666666667, "count": 1, "pos": [135]}, "franc": {"prob": 0.006666666666666667, "count": 1, "pos": [136]}, "ottawa": {"prob": 0.006666666666666667, "count": 1, "pos": [138]}, "canada": {"prob": 0.006666666666666667, "count": 1, "pos": [139]}, "nomin": {"prob": 0.006666666666666667, "count": 1, "pos": [142]}, "for": {"prob": 0.013333333333333334, "count": 2, "pos": [143, 147]}, "academi": {"prob": 0.006666666666666667, "count": 1, "pos": [145]}, "award": {"prob": 0.006666666666666667, "count": 1, "pos": [146]}, "best": {"prob": 0.006666666666666667, "count": 1, "pos": [148]}, "actress": {"prob": 0.006666666666666667, "count": 1, "pos": [149]}}