{"__total__": 227, "__name__": "doc_1018_My_Name_Is_Modesty.txt", "modesti": {"prob": 0.02643171806167401, "count": 6, "pos": [0, 33, 59, 93, 163, 226]}, "blai": {"prob": 0.004405286343612335, "count": 1, "pos": [1]}, "is": {"prob": 0.00881057268722467, "count": 2, "pos": [2, 124]}, "work": {"prob": 0.004405286343612335, "count": 1, "pos": [3]}, "as": {"prob": 0.01762114537444934, "count": 4, "pos": [4, 39, 84, 171]}, "a": {"prob": 0.039647577092511016, "count": 9, "pos": [5, 8, 12, 62, 114, 116, 176, 212, 224]}, "croupier": {"prob": 0.00881057268722467, "count": 2, "pos": [6, 213]}, "in": {"prob": 0.03524229074889868, "count": 8, "pos": [7, 10, 113, 158, 168, 175, 179, 201]}, "casino": {"prob": 0.013215859030837005, "count": 3, "pos": [9, 23, 31]}, "tangier": {"prob": 0.00881057268722467, "count": 2, "pos": [11, 209]}, "group": {"prob": 0.004405286343612335, "count": 1, "pos": [13]}, "of": {"prob": 0.03524229074889868, "count": 8, "pos": [14, 44, 78, 98, 104, 141, 161, 192]}, "violent": {"prob": 0.004405286343612335, "count": 1, "pos": [15]}, "crimin": {"prob": 0.02643171806167401, "count": 6, "pos": [16, 49, 86, 100, 143, 215]}, "assassin": {"prob": 0.004405286343612335, "count": 1, "pos": [17]}, "her": {"prob": 0.048458149779735685, "count": 11, "pos": [18, 35, 45, 136, 149, 152, 165, 183, 185, 189, 206]}, "employ": {"prob": 0.00881057268722467, "count": 2, "pos": [19, 64]}, "and": {"prob": 0.02643171806167401, "count": 6, "pos": [20, 26, 37, 87, 195, 210]}, "enter": {"prob": 0.00881057268722467, "count": 2, "pos": [21, 217]}, "the": {"prob": 0.1013215859030837, "count": 23, "pos": [22, 30, 42, 48, 51, 57, 69, 72, 76, 79, 82, 85, 91, 96, 99, 102, 133, 139, 142, 159, 180, 214, 218]}, "shoot": {"prob": 0.004405286343612335, "count": 1, "pos": [24]}, "staff": {"prob": 0.00881057268722467, "count": 2, "pos": [25, 46]}, "demand": {"prob": 0.004405286343612335, "count": 1, "pos": [27]}, "entri": {"prob": 0.00881057268722467, "count": 2, "pos": [28, 80]}, "to": {"prob": 0.03524229074889868, "count": 8, "pos": [29, 65, 81, 119, 131, 138, 182, 208]}, "safe": {"prob": 0.013215859030837005, "count": 3, "pos": [32, 58, 219]}, "delay": {"prob": 0.004405286343612335, "count": 1, "pos": [34]}, "retali": {"prob": 0.004405286343612335, "count": 1, "pos": [36]}, "retribut": {"prob": 0.004405286343612335, "count": 1, "pos": [38]}, "she": {"prob": 0.02643171806167401, "count": 6, "pos": [40, 110, 127, 129, 150, 204]}, "protect": {"prob": 0.004405286343612335, "count": 1, "pos": [41]}, "live": {"prob": 0.004405286343612335, "count": 1, "pos": [43]}, "when": {"prob": 0.00881057268722467, "count": 2, "pos": [47, 126]}, "kill": {"prob": 0.004405286343612335, "count": 1, "pos": [50]}, "on": {"prob": 0.00881057268722467, "count": 2, "pos": [52, 95]}, "person": {"prob": 0.004405286343612335, "count": 1, "pos": [53]}, "who": {"prob": 0.01762114537444934, "count": 4, "pos": [54, 67, 144, 187]}, "can": {"prob": 0.004405286343612335, "count": 1, "pos": [55]}, "open": {"prob": 0.004405286343612335, "count": 1, "pos": [56]}, "arrang": {"prob": 0.004405286343612335, "count": 1, "pos": [60]}, "for": {"prob": 0.00881057268722467, "count": 2, "pos": [61, 71]}, "fellow": {"prob": 0.004405286343612335, "count": 1, "pos": [63]}, "arriv": {"prob": 0.004405286343612335, "count": 1, "pos": [66]}, "ha": {"prob": 0.013215859030837005, "count": 3, "pos": [68, 130, 145]}, "password": {"prob": 0.004405286343612335, "count": 1, "pos": [70]}, "comput": {"prob": 0.004405286343612335, "count": 1, "pos": [73]}, "that": {"prob": 0.00881057268722467, "count": 2, "pos": [74, 108]}, "hold": {"prob": 0.004405286343612335, "count": 1, "pos": [75]}, "detail": {"prob": 0.004405286343612335, "count": 1, "pos": [77]}, "vault": {"prob": 0.004405286343612335, "count": 1, "pos": [83]}, "their": {"prob": 0.004405286343612335, "count": 1, "pos": [88]}, "captiv": {"prob": 0.00881057268722467, "count": 2, "pos": [89, 117]}, "await": {"prob": 0.004405286343612335, "count": 1, "pos": [90]}, "individu": {"prob": 0.004405286343612335, "count": 1, "pos": [92]}, "take": {"prob": 0.004405286343612335, "count": 1, "pos": [94]}, "leader": {"prob": 0.00881057268722467, "count": 2, "pos": [97, 140]}, "at": {"prob": 0.004405286343612335, "count": 1, "pos": [101]}, "game": {"prob": 0.004405286343612335, "count": 1, "pos": [103]}, "roulett": {"prob": 0.004405286343612335, "count": 1, "pos": [105]}, "they": {"prob": 0.004405286343612335, "count": 1, "pos": [106]}, "agr": {"prob": 0.004405286343612335, "count": 1, "pos": [107]}, "if": {"prob": 0.004405286343612335, "count": 1, "pos": [109]}, "win": {"prob": 0.004405286343612335, "count": 1, "pos": [111]}, "twice": {"prob": 0.004405286343612335, "count": 1, "pos": [112]}, "row": {"prob": 0.004405286343612335, "count": 1, "pos": [115]}, "sworn": {"prob": 0.004405286343612335, "count": 1, "pos": [118]}, "not": {"prob": 0.004405286343612335, "count": 1, "pos": [120]}, "tell": {"prob": 0.013215859030837005, "count": 3, "pos": [121, 132, 164]}, "what": {"prob": 0.004405286343612335, "count": 1, "pos": [122]}, "happen": {"prob": 0.004405286343612335, "count": 1, "pos": [123]}, "relea": {"prob": 0.004405286343612335, "count": 1, "pos": [125]}, "lose": {"prob": 0.004405286343612335, "count": 1, "pos": [128]}, "truth": {"prob": 0.004405286343612335, "count": 1, "pos": [134]}, "about": {"prob": 0.004405286343612335, "count": 1, "pos": [135]}, "background": {"prob": 0.004405286343612335, "count": 1, "pos": [137]}, "becom": {"prob": 0.00881057268722467, "count": 2, "pos": [146, 211]}, "fascin": {"prob": 0.004405286343612335, "count": 1, "pos": [147]}, "by": {"prob": 0.00881057268722467, "count": 2, "pos": [148, 156]}, "relat": {"prob": 0.004405286343612335, "count": 1, "pos": [151]}, "life": {"prob": 0.00881057268722467, "count": 2, "pos": [153, 166]}, "stori": {"prob": 0.00881057268722467, "count": 2, "pos": [154, 167]}, "littl": {"prob": 0.00881057268722467, "count": 2, "pos": [155, 157]}, "manner": {"prob": 0.004405286343612335, "count": 1, "pos": [160]}, "scheherazad": {"prob": 0.004405286343612335, "count": 1, "pos": [162]}, "flashback": {"prob": 0.004405286343612335, "count": 1, "pos": [169]}, "begin": {"prob": 0.004405286343612335, "count": 1, "pos": [170]}, "an": {"prob": 0.004405286343612335, "count": 1, "pos": [172]}, "orphan": {"prob": 0.004405286343612335, "count": 1, "pos": [173]}, "child": {"prob": 0.004405286343612335, "count": 1, "pos": [174]}, "refug": {"prob": 0.004405286343612335, "count": 1, "pos": [177]}, "camp": {"prob": 0.004405286343612335, "count": 1, "pos": [178]}, "balkan": {"prob": 0.004405286343612335, "count": 1, "pos": [181]}, "meet": {"prob": 0.004405286343612335, "count": 1, "pos": [184]}, "mentor": {"prob": 0.004405286343612335, "count": 1, "pos": [186]}, "teach": {"prob": 0.004405286343612335, "count": 1, "pos": [188]}, "hi": {"prob": 0.00881057268722467, "count": 2, "pos": [190, 199]}, "knowledg": {"prob": 0.004405286343612335, "count": 1, "pos": [191]}, "variou": {"prob": 0.004405286343612335, "count": 1, "pos": [193]}, "languag": {"prob": 0.004405286343612335, "count": 1, "pos": [194]}, "martial": {"prob": 0.004405286343612335, "count": 1, "pos": [196]}, "art": {"prob": 0.004405286343612335, "count": 1, "pos": [197]}, "until": {"prob": 0.004405286343612335, "count": 1, "pos": [198]}, "death": {"prob": 0.004405286343612335, "count": 1, "pos": [200]}, "algeria": {"prob": 0.004405286343612335, "count": 1, "pos": [202]}, "where": {"prob": 0.004405286343612335, "count": 1, "pos": [203]}, "make": {"prob": 0.004405286343612335, "count": 1, "pos": [205]}, "way": {"prob": 0.004405286343612335, "count": 1, "pos": [207]}, "eventu": {"prob": 0.004405286343612335, "count": 1, "pos": [216]}, "but": {"prob": 0.004405286343612335, "count": 1, "pos": [220]}, "are": {"prob": 0.004405286343612335, "count": 1, "pos": [221]}, "confront": {"prob": 0.004405286343612335, "count": 1, "pos": [222]}, "with": {"prob": 0.004405286343612335, "count": 1, "pos": [223]},