{"__total__": 212, "__name__": "doc_1020_My_Stepmother_Is_an_Alien.txt", "celest": {"prob": 0.03773584905660377, "count": 8, "pos": [0, 38, 81, 99, 127, 165, 166, 181]}, "is": {"prob": 0.02358490566037736, "count": 5, "pos": [1, 13, 18, 89, 161]}, "an": {"prob": 0.02830188679245283, "count": 6, "pos": [2, 30, 59, 64, 71, 203]}, "alien": {"prob": 0.014150943396226415, "count": 3, "pos": [3, 65, 108]}, "sent": {"prob": 0.009433962264150943, "count": 2, "pos": [4, 42]}, "on": {"prob": 0.018867924528301886, "count": 4, "pos": [5, 20, 37, 85]}, "a": {"prob": 0.02830188679245283, "count": 6, "pos": [6, 14, 33, 68, 76, 168]}, "secret": {"prob": 0.0047169811320754715, "count": 1, "pos": [7]}, "mission": {"prob": 0.0047169811320754715, "count": 1, "pos": [8]}, "to": {"prob": 0.03773584905660377, "count": 8, "pos": [9, 23, 43, 79, 91, 102, 111, 193]}, "earth": {"prob": 0.014150943396226415, "count": 3, "pos": [10, 86, 207]}, "steven": {"prob": 0.014150943396226415, "count": 3, "pos": [11, 121, 186]}, "mill": {"prob": 0.009433962264150943, "count": 2, "pos": [12, 120]}, "widow": {"prob": 0.0047169811320754715, "count": 1, "pos": [15]}, "scientist": {"prob": 0.0047169811320754715, "count": 1, "pos": [16]}, "who": {"prob": 0.009433962264150943, "count": 2, "pos": [17, 45]}, "work": {"prob": 0.0047169811320754715, "count": 1, "pos": [19]}, "experi": {"prob": 0.009433962264150943, "count": 2, "pos": [21, 172]}, "way": {"prob": 0.0047169811320754715, "count": 1, "pos": [22]}, "send": {"prob": 0.0047169811320754715, "count": 1, "pos": [24]}, "radio": {"prob": 0.0047169811320754715, "count": 1, "pos": [25]}, "wave": {"prob": 0.0047169811320754715, "count": 1, "pos": [26]}, "into": {"prob": 0.0047169811320754715, "count": 1, "pos": [27]}, "deep": {"prob": 0.0047169811320754715, "count": 1, "pos": [28]}, "space": {"prob": 0.0047169811320754715, "count": 1, "pos": [29]}, "accid": {"prob": 0.009433962264150943, "count": 2, "pos": [31, 204]}, "caus": {"prob": 0.0047169811320754715, "count": 1, "pos": [32]}, "loss": {"prob": 0.0047169811320754715, "count": 1, "pos": [34]}, "of": {"prob": 0.014150943396226415, "count": 3, "pos": [35, 143, 170]}, "graviti": {"prob": 0.009433962264150943, "count": 2, "pos": [36, 48]}, "home": {"prob": 0.009433962264150943, "count": 2, "pos": [39, 196]}, "world": {"prob": 0.009433962264150943, "count": 2, "pos": [40, 197]}, "she": {"prob": 0.018867924528301886, "count": 4, "pos": [41, 61, 152, 191]}, "investig": {"prob": 0.0047169811320754715, "count": 1, "pos": [44]}, "could": {"prob": 0.0047169811320754715, "count": 1, "pos": [46]}, "affect": {"prob": 0.0047169811320754715, "count": 1, "pos": [47]}, "and": {"prob": 0.02830188679245283, "count": 6, "pos": [49, 94, 134, 178, 187, 205]}, "how": {"prob": 0.0047169811320754715, "count": 1, "pos": [50]}, "it": {"prob": 0.009433962264150943, "count": 2, "pos": [51, 57]}, "wa": {"prob": 0.014150943396226415, "count": 3, "pos": [52, 58, 201]}, "done": {"prob": 0.0047169811320754715, "count": 1, "pos": [53]}, "under": {"prob": 0.0047169811320754715, "count": 1, "pos": [54]}, "the": {"prob": 0.018867924528301886, "count": 4, "pos": [55, 87, 114, 199]}, "belief": {"prob": 0.0047169811320754715, "count": 1, "pos": [56]}, "attack": {"prob": 0.009433962264150943, "count": 2, "pos": [60, 200]}, "aid": {"prob": 0.009433962264150943, "count": 2, "pos": [62, 80]}, "by": {"prob": 0.0047169811320754715, "count": 1, "pos": [63]}, "devic": {"prob": 0.0047169811320754715, "count": 1, "pos": [66]}, "resembl": {"prob": 0.0047169811320754715, "count": 1, "pos": [67]}, "tentacl": {"prob": 0.0047169811320754715, "count": 1, "pos": [69]}, "with": {"prob": 0.018867924528301886, "count": 4, "pos": [70, 82, 147, 185]}, "eye": {"prob": 0.0047169811320754715, "count": 1, "pos": [72]}, "which": {"prob": 0.0047169811320754715, "count": 1, "pos": [73]}, "hide": {"prob": 0.0047169811320754715, "count": 1, "pos": [74]}, "in": {"prob": 0.009433962264150943, "count": 2, "pos": [75, 183]}, "design": {"prob": 0.009433962264150943, "count": 2, "pos": [77, 95]}, "pur": {"prob": 0.0047169811320754715, "count": 1, "pos": [78]}, "her": {"prob": 0.02358490566037736, "count": 5, "pos": [83, 103, 148, 156, 195]}, "encount": {"prob": 0.009433962264150943, "count": 2, "pos": [84, 167]}, "bag": {"prob": 0.0047169811320754715, "count": 1, "pos": [88]}, "abl": {"prob": 0.0047169811320754715, "count": 1, "pos": [90]}, "creat": {"prob": 0.0047169811320754715, "count": 1, "pos": [92]}, "diamond": {"prob": 0.0047169811320754715, "count": 1, "pos": [93]}, "dress": {"prob": 0.0047169811320754715, "count": 1, "pos": [96]}, "almost": {"prob": 0.009433962264150943, "count": 2, "pos": [97, 104]}, "instantan": {"prob": 0.0047169811320754715, "count": 1, "pos": [98]}, "inexperi": {"prob": 0.0047169811320754715, "count": 1, "pos": [100]}, "lead": {"prob": 0.0047169811320754715, "count": 1, "pos": [101]}, "expo": {"prob": 0.0047169811320754715, "count": 1, "pos": [105]}, "herself": {"prob": 0.0047169811320754715, "count": 1, "pos": [106]}, "as": {"prob": 0.009433962264150943, "count": 2, "pos": [107, 174]}, "like": {"prob": 0.014150943396226415, "count": 3, "pos": [109, 130, 188]}, "tri": {"prob": 0.0047169811320754715, "count": 1, "pos": [110]}, "kiss": {"prob": 0.0047169811320754715, "count": 1, "pos": [112]}, "for": {"prob": 0.0047169811320754715, "count": 1, "pos": [113]}, "first": {"prob": 0.0047169811320754715, "count": 1, "pos": [115]}, "time": {"prob": 0.0047169811320754715, "count": 1, "pos": [116]}, "or": {"prob": 0.009433962264150943, "count": 2, "pos": [117, 137]}, "cook": {"prob": 0.0047169811320754715, "count": 1, "pos": [118]}, "jessi": {"prob": 0.0047169811320754715, "count": 1, "pos": [119]}, "13": {"prob": 0.0047169811320754715, "count": 1, "pos": [122]}, "year": {"prob": 0.0047169811320754715, "count": 1, "pos": [123]}, "old": {"prob": 0.0047169811320754715, "count": 1, "pos": [124]}, "daughter": {"prob": 0.009433962264150943, "count": 2, "pos": [125, 190]}, "notic": {"prob": 0.0047169811320754715, "count": 1, "pos": [126]}, "strang": {"prob": 0.0047169811320754715, "count": 1, "pos": [128]}, "habit": {"prob": 0.0047169811320754715, "count": 1, "pos": [129]}, "eat": {"prob": 0.0047169811320754715, "count": 1, "pos": [131]}, "cigarett": {"prob": 0.0047169811320754715, "count": 1, "pos": [132]}, "butt": {"prob": 0.0047169811320754715, "count": 1, "pos": [133]}, "flashlight": {"prob": 0.0047169811320754715, "count": 1, "pos": [135]}, "batteri": {"prob": 0.0047169811320754715, "count": 1, "pos": [136]}, "pull": {"prob": 0.0047169811320754715, "count": 1, "pos": [138]}, "hard": {"prob": 0.0047169811320754715, "count": 1, "pos": [139]}, "boil": {"prob": 0.009433962264150943, "count": 2, "pos": [140, 144]}, "egg": {"prob": 0.0047169811320754715, "count": 1, "pos": [141]}, "out": {"prob": 0.0047169811320754715, "count": 1, "pos": [142]}, "hot": {"prob": 0.0047169811320754715, "count": 1, "pos": [145]}, "water": {"prob": 0.0047169811320754715, "count": 1, "pos": [146]}, "bare": {"prob": 0.0047169811320754715, "count": 1, "pos": [149]}, "hand": {"prob": 0.0047169811320754715, "count": 1, "pos": [150]}, "howev": {"prob": 0.0047169811320754715, "count": 1, "pos": [151]}, "can": {"prob": 0.0047169811320754715, "count": 1, "pos": [153]}, "t": {"prob": 0.009433962264150943, "count": 2, "pos": [154, 209]}, "convinc": {"prob": 0.009433962264150943, "count": 2, "pos": [155, 194]}, "smitten": {"prob": 0.0047169811320754715, "count": 1, "pos": [157]}, "father": {"prob": 0.0047169811320754715, "count": 1, "pos": [158]}, "that": {"prob": 0.014150943396226415, "count": 3, "pos": [159, 198, 206]}, "there": {"prob": 0.0047169811320754715, "count": 1, "pos": [160]}, "someth": {"prob": 0.0047169811320754715, "count": 1, "pos": [162]}, "unusu": {"prob": 0.0047169811320754715, "count": 1, "pos": [163]}, "about": {"prob": 0.0047169811320754715, "count": 1, "pos": [164]}, "lot": {"prob": 0.0047169811320754715, "count": 1, "pos": [169]},