{"__total__": 298, "__name__": "doc_1024_Naked_Lunch.txt", "william": {"prob": 0.010067114093959731, "count": 3, "pos": [0, 105, 267]}, "lee": {"prob": 0.02348993288590604, "count": 7, "pos": [1, 21, 61, 112, 145, 219, 249]}, "is": {"prob": 0.0436241610738255, "count": 13, "pos": [2, 11, 22, 38, 52, 128, 146, 177, 193, 210, 243, 255, 292]}, "an": {"prob": 0.010067114093959731, "count": 3, "pos": [3, 53, 56]}, "extermin": {"prob": 0.003355704697986577, "count": 1, "pos": [4]}, "who": {"prob": 0.010067114093959731, "count": 3, "pos": [5, 51, 176]}, "find": {"prob": 0.010067114093959731, "count": 3, "pos": [6, 75, 169]}, "that": {"prob": 0.010067114093959731, "count": 3, "pos": [7, 190, 241]}, "hi": {"prob": 0.040268456375838924, "count": 12, "pos": [8, 13, 82, 110, 118, 123, 136, 155, 182, 221, 266, 289]}, "wife": {"prob": 0.010067114093959731, "count": 3, "pos": [9, 184, 290]}, "joan": {"prob": 0.020134228187919462, "count": 6, "pos": [10, 50, 76, 174, 229, 274]}, "steal": {"prob": 0.003355704697986577, "count": 1, "pos": [12]}, "insecticid": {"prob": 0.003355704697986577, "count": 1, "pos": [14]}, "to": {"prob": 0.030201342281879196, "count": 9, "pos": [15, 74, 93, 114, 168, 187, 226, 239, 295]}, "use": {"prob": 0.006711409395973154, "count": 2, "pos": [16, 270]}, "as": {"prob": 0.010067114093959731, "count": 3, "pos": [17, 246, 253]}, "a": {"prob": 0.040268456375838924, "count": 12, "pos": [18, 39, 95, 157, 161, 178, 200, 204, 244, 251, 263, 271]}, "drug": {"prob": 0.006711409395973154, "count": 2, "pos": [19, 205]}, "when": {"prob": 0.003355704697986577, "count": 1, "pos": [20]}, "arrest": {"prob": 0.003355704697986577, "count": 1, "pos": [23]}, "by": {"prob": 0.010067114093959731, "count": 3, "pos": [24, 172, 232]}, "the": {"prob": 0.03691275167785235, "count": 11, "pos": [25, 46, 63, 133, 141, 148, 188, 196, 214, 233, 285]}, "polic": {"prob": 0.003355704697986577, "count": 1, "pos": [26]}, "he": {"prob": 0.03691275167785235, "count": 11, "pos": [27, 35, 37, 71, 87, 116, 242, 247, 260, 277, 291]}, "begin": {"prob": 0.003355704697986577, "count": 1, "pos": [28]}, "hallucin": {"prob": 0.003355704697986577, "count": 1, "pos": [29]}, "becaus": {"prob": 0.003355704697986577, "count": 1, "pos": [30]}, "of": {"prob": 0.0436241610738255, "count": 13, "pos": [31, 48, 55, 81, 99, 104, 135, 150, 181, 199, 216, 265, 288]}, "bug": {"prob": 0.006711409395973154, "count": 2, "pos": [32, 64]}, "powder": {"prob": 0.003355704697986577, "count": 1, "pos": [33]}, "exposur": {"prob": 0.003355704697986577, "count": 1, "pos": [34]}, "believ": {"prob": 0.003355704697986577, "count": 1, "pos": [36]}, "secret": {"prob": 0.006711409395973154, "count": 2, "pos": [40, 197]}, "agent": {"prob": 0.006711409395973154, "count": 2, "pos": [41, 54]}, "whose": {"prob": 0.003355704697986577, "count": 1, "pos": [42]}, "control": {"prob": 0.003355704697986577, "count": 1, "pos": [43]}, "assign": {"prob": 0.003355704697986577, "count": 1, "pos": [44]}, "him": {"prob": 0.006711409395973154, "count": 2, "pos": [45, 167]}, "mission": {"prob": 0.006711409395973154, "count": 2, "pos": [47, 111]}, "kill": {"prob": 0.013422818791946308, "count": 4, "pos": [49, 69, 89, 287]}, "organ": {"prob": 0.003355704697986577, "count": 1, "pos": [57]}, "call": {"prob": 0.006711409395973154, "count": 2, "pos": [58, 206]}, "interzon": {"prob": 0.010067114093959731, "count": 3, "pos": [59, 115, 225]}, "incorpor": {"prob": 0.003355704697986577, "count": 1, "pos": [60]}, "dismiss": {"prob": 0.003355704697986577, "count": 1, "pos": [62]}, "and": {"prob": 0.020134228187919462, "count": 6, "pos": [65, 68, 126, 223, 237, 281]}, "it": {"prob": 0.010067114093959731, "count": 3, "pos": [66, 70, 127]}, "instruct": {"prob": 0.006711409395973154, "count": 2, "pos": [67, 238]}, "return": {"prob": 0.003355704697986577, "count": 1, "pos": [72]}, "home": {"prob": 0.003355704697986577, "count": 1, "pos": [73]}, "sleep": {"prob": 0.003355704697986577, "count": 1, "pos": [77]}, "with": {"prob": 0.006711409395973154, "count": 2, "pos": [78, 228]}, "hank": {"prob": 0.003355704697986577, "count": 1, "pos": [79]}, "one": {"prob": 0.003355704697986577, "count": 1, "pos": [80]}, "writer": {"prob": 0.006711409395973154, "count": 2, "pos": [83, 245]}, "friend": {"prob": 0.003355704697986577, "count": 1, "pos": [84]}, "short": {"prob": 0.003355704697986577, "count": 1, "pos": [85]}, "afterward": {"prob": 0.003355704697986577, "count": 1, "pos": [86]}, "accid": {"prob": 0.003355704697986577, "count": 1, "pos": [88]}, "her": {"prob": 0.006711409395973154, "count": 2, "pos": [90, 100]}, "while": {"prob": 0.003355704697986577, "count": 1, "pos": [91]}, "attempt": {"prob": 0.003355704697986577, "count": 1, "pos": [92]}, "shoot": {"prob": 0.003355704697986577, "count": 1, "pos": [94]}, "drink": {"prob": 0.003355704697986577, "count": 1, "pos": [96]}, "glass": {"prob": 0.006711409395973154, "count": 2, "pos": [97, 272]}, "off": {"prob": 0.003355704697986577, "count": 1, "pos": [98]}, "head": {"prob": 0.006711409395973154, "count": 2, "pos": [101, 276]}, "in": {"prob": 0.006711409395973154, "count": 2, "pos": [102, 194]}, "imit": {"prob": 0.003355704697986577, "count": 1, "pos": [103]}, "tell": {"prob": 0.010067114093959731, "count": 3, "pos": [106, 166, 268]}, "have": {"prob": 0.003355704697986577, "count": 1, "pos": [107]}, "inadvert": {"prob": 0.003355704697986577, "count": 1, "pos": [108]}, "accomplish": {"prob": 0.003355704697986577, "count": 1, "pos": [109]}, "flee": {"prob": 0.006711409395973154, "count": 2, "pos": [113, 224]}, "spend": {"prob": 0.003355704697986577, "count": 1, "pos": [117]}, "time": {"prob": 0.003355704697986577, "count": 1, "pos": [119]}, "write": {"prob": 0.003355704697986577, "count": 1, "pos": [120]}, "report": {"prob": 0.006711409395973154, "count": 2, "pos": [121, 222]}, "for": {"prob": 0.010067114093959731, "count": 3, "pos": [122, 203, 258]}, "imaginari": {"prob": 0.003355704697986577, "count": 1, "pos": [124]}, "handler": {"prob": 0.003355704697986577, "count": 1, "pos": [125]}, "these": {"prob": 0.003355704697986577, "count": 1, "pos": [129]}, "document": {"prob": 0.003355704697986577, "count": 1, "pos": [130]}, "which": {"prob": 0.010067114093959731, "count": 3, "pos": [131, 165, 209]}, "at": {"prob": 0.003355704697986577, "count": 1, "pos": [132]}, "insist": {"prob": 0.003355704697986577, "count": 1, "pos": [134]}, "literari": {"prob": 0.003355704697986577, "count": 1, "pos": [137]}, "colleagu": {"prob": 0.003355704697986577, "count": 1, "pos": [138]}, "eventu": {"prob": 0.003355704697986577, "count": 1, "pos": [139]}, "becom": {"prob": 0.006711409395973154, "count": 2, "pos": [140, 160]}, "titular": {"prob": 0.003355704697986577, "count": 1, "pos": [142]}, "book": {"prob": 0.003355704697986577, "count": 1, "pos": [143]}, "whilst": {"prob": 0.003355704697986577, "count": 1, "pos": [144]}, "under": {"prob": 0.003355704697986577, "count": 1, "pos": [147]}, "influenc": {"prob": 0.003355704697986577, "count": 1, "pos": [149]}, "assort": {"prob": 0.003355704697986577, "count": 1, "pos": [151]}, "mind": {"prob": 0.003355704697986577, "count": 1, "pos": [152]}, "alter": {"prob": 0.003355704697986577, "count": 1, "pos": [153]}, "substanc": {"prob": 0.003355704697986577, "count": 1, "pos": [154]}, "typewrit": {"prob": 0.003355704697986577, "count": 1, "pos": [156]}, "clark": {"prob": 0.003355704697986577, "count": 1, "pos": [158]}, "nova": {"prob": 0.003355704697986577, "count": 1, "pos": [159]}, "giant": {"prob": 0.006711409395973154, "count": 2, "pos": [162, 217]}, "talk": {"prob": 0.003355704697986577, "count": 1, "pos": [163]}, "insect": {"prob": 0.003355704697986577, "count": 1, "pos": [164]}, "dr": {"prob": 0.006711409395973154, "count": 2, "pos": [170, 191]}, "benway": {"prob": 0.006711409395973154, "count": 2, "pos": [171, 192]}, "seduc": {"prob": 0.003355704697986577, "count": 1, "pos": [173]}, "frost": {"prob": 0.010067114093959731, "count": 3, "pos": [175, 230, 275]},