{"__total__": 457, "__name__": "doc_1028_National_Lampoons_Vacation.txt", "clark": {"prob": 0.024070021881838075, "count": 11, "pos": [0, 47, 90, 122, 201, 218, 227, 254, 322, 344, 403]}, "griswold": {"prob": 0.010940919037199124, "count": 5, "pos": [1, 160, 175, 426, 444]}, "want": {"prob": 0.00437636761487965, "count": 2, "pos": [2, 44]}, "to": {"prob": 0.0350109409190372, "count": 16, "pos": [3, 16, 27, 45, 93, 144, 178, 203, 242, 260, 326, 328, 337, 372, 386, 453]}, "spend": {"prob": 0.002188183807439825, "count": 1, "pos": [4]}, "more": {"prob": 0.006564551422319475, "count": 3, "pos": [5, 156, 324]}, "time": {"prob": 0.00437636761487965, "count": 2, "pos": [6, 126]}, "with": {"prob": 0.006564551422319475, "count": 3, "pos": [7, 55, 396]}, "wife": {"prob": 0.002188183807439825, "count": 1, "pos": [8]}, "ellen": {"prob": 0.01312910284463895, "count": 6, "pos": [9, 43, 146, 216, 318, 380]}, "and": {"prob": 0.030634573304157548, "count": 14, "pos": [10, 13, 77, 149, 162, 169, 217, 226, 301, 314, 319, 364, 381, 427]}, "children": {"prob": 0.002188183807439825, "count": 1, "pos": [11]}, "rusti": {"prob": 0.002188183807439825, "count": 1, "pos": [12]}, "audrey": {"prob": 0.002188183807439825, "count": 1, "pos": [14]}, "decid": {"prob": 0.002188183807439825, "count": 1, "pos": [15]}, "lead": {"prob": 0.002188183807439825, "count": 1, "pos": [17]}, "the": {"prob": 0.07439824945295405, "count": 34, "pos": [18, 28, 68, 72, 80, 103, 159, 174, 199, 207, 213, 224, 237, 244, 250, 268, 275, 278, 308, 312, 315, 320, 334, 339, 376, 391, 407, 425, 429, 432, 437, 443, 446, 449]}, "famili": {"prob": 0.01312910284463895, "count": 6, "pos": [19, 39, 57, 100, 104, 430]}, "on": {"prob": 0.006564551422319475, "count": 3, "pos": [20, 49, 173]}, "a": {"prob": 0.024070021881838075, "count": 11, "pos": [21, 63, 75, 95, 133, 192, 230, 257, 262, 358, 366]}, "cross": {"prob": 0.002188183807439825, "count": 1, "pos": [22]}, "countri": {"prob": 0.002188183807439825, "count": 1, "pos": [23]}, "expedit": {"prob": 0.002188183807439825, "count": 1, "pos": [24]}, "from": {"prob": 0.006564551422319475, "count": 3, "pos": [25, 206, 267]}, "chicago": {"prob": 0.00437636761487965, "count": 2, "pos": [26, 454]}, "lo": {"prob": 0.002188183807439825, "count": 1, "pos": [29]}, "angel": {"prob": 0.002188183807439825, "count": 1, "pos": [30]}, "amus": {"prob": 0.002188183807439825, "count": 1, "pos": [31]}, "park": {"prob": 0.015317286652078774, "count": 7, "pos": [32, 41, 340, 367, 377, 397, 433]}, "walley": {"prob": 0.006564551422319475, "count": 3, "pos": [33, 329, 400]}, "world": {"prob": 0.00437636761487965, "count": 2, "pos": [34, 330]}, "bill": {"prob": 0.002188183807439825, "count": 1, "pos": [35]}, "as": {"prob": 0.0087527352297593, "count": 4, "pos": [36, 102, 111, 434]}, "america": {"prob": 0.002188183807439825, "count": 1, "pos": [37]}, "favorit": {"prob": 0.002188183807439825, "count": 1, "pos": [38]}, "fun": {"prob": 0.002188183807439825, "count": 1, "pos": [40]}, "although": {"prob": 0.002188183807439825, "count": 1, "pos": [42]}, "fli": {"prob": 0.002188183807439825, "count": 1, "pos": [46]}, "insist": {"prob": 0.00437636761487965, "count": 2, "pos": [48, 79]}, "drive": {"prob": 0.00437636761487965, "count": 2, "pos": [50, 132]}, "so": {"prob": 0.002188183807439825, "count": 1, "pos": [51]}, "he": {"prob": 0.0087527352297593, "count": 4, "pos": [52, 60, 264, 296]}, "can": {"prob": 0.002188183807439825, "count": 1, "pos": [53]}, "bond": {"prob": 0.002188183807439825, "count": 1, "pos": [54]}, "hi": {"prob": 0.010940919037199124, "count": 5, "pos": [56, 240, 351, 414, 435]}, "in": {"prob": 0.0175054704595186, "count": 8, "pos": [58, 117, 141, 187, 194, 223, 286, 307]}, "prepar": {"prob": 0.002188183807439825, "count": 1, "pos": [59]}, "ha": {"prob": 0.002188183807439825, "count": 1, "pos": [61]}, "order": {"prob": 0.002188183807439825, "count": 1, "pos": [62]}, "new": {"prob": 0.002188183807439825, "count": 1, "pos": [64]}, "sport": {"prob": 0.00437636761487965, "count": 2, "pos": [65, 81]}, "wagon": {"prob": 0.006564551422319475, "count": 3, "pos": [66, 82, 98]}, "for": {"prob": 0.010940919037199124, "count": 5, "pos": [67, 87, 198, 342, 355]}, "trip": {"prob": 0.002188183807439825, "count": 1, "pos": [69]}, "but": {"prob": 0.006564551422319475, "count": 3, "pos": [70, 153, 272]}, "when": {"prob": 0.006564551422319475, "count": 3, "pos": [71, 253, 289]}, "dealer": {"prob": 0.002188183807439825, "count": 1, "pos": [73]}, "pull": {"prob": 0.002188183807439825, "count": 1, "pos": [74]}, "bait": {"prob": 0.002188183807439825, "count": 1, "pos": [76]}, "switch": {"prob": 0.002188183807439825, "count": 1, "pos": [78]}, "won": {"prob": 0.002188183807439825, "count": 1, "pos": [83]}, "t": {"prob": 0.002188183807439825, "count": 1, "pos": [84]}, "be": {"prob": 0.00437636761487965, "count": 2, "pos": [85, 112]}, "readi": {"prob": 0.002188183807439825, "count": 1, "pos": [86]}, "6": {"prob": 0.002188183807439825, "count": 1, "pos": [88]}, "week": {"prob": 0.002188183807439825, "count": 1, "pos": [89]}, "is": {"prob": 0.0087527352297593, "count": 4, "pos": [91, 123, 297, 323]}, "forc": {"prob": 0.002188183807439825, "count": 1, "pos": [92]}, "take": {"prob": 0.0087527352297593, "count": 4, "pos": [94, 261, 265, 373]}, "fail": {"prob": 0.002188183807439825, "count": 1, "pos": [96]}, "behemoth": {"prob": 0.002188183807439825, "count": 1, "pos": [97]}, "queen": {"prob": 0.002188183807439825, "count": 1, "pos": [99]}, "truckster": {"prob": 0.002188183807439825, "count": 1, "pos": [101]}, "travel": {"prob": 0.002188183807439825, "count": 1, "pos": [105]}, "they": {"prob": 0.0175054704595186, "count": 8, "pos": [106, 139, 220, 247, 280, 290, 294, 331]}, "have": {"prob": 0.00437636761487965, "count": 2, "pos": [107, 353]}, "sever": {"prob": 0.00437636761487965, "count": 2, "pos": [108, 125]}, "mishap": {"prob": 0.002188183807439825, "count": 1, "pos": [109]}, "such": {"prob": 0.002188183807439825, "count": 1, "pos": [110]}, "tag": {"prob": 0.002188183807439825, "count": 1, "pos": [113]}, "by": {"prob": 0.00437636761487965, "count": 2, "pos": [114, 127]}, "vandal": {"prob": 0.002188183807439825, "count": 1, "pos": [115]}, "while": {"prob": 0.006564551422319475, "count": 3, "pos": [116, 121, 215]}, "east": {"prob": 0.002188183807439825, "count": 1, "pos": [118]}, "st": {"prob": 0.002188183807439825, "count": 1, "pos": [119]}, "loui": {"prob": 0.002188183807439825, "count": 1, "pos": [120]}, "tempt": {"prob": 0.002188183807439825, "count": 1, "pos": [124]}, "an": {"prob": 0.002188183807439825, "count": 1, "pos": [128]}, "attract": {"prob": 0.002188183807439825, "count": 1, "pos": [129]}, "young": {"prob": 0.002188183807439825, "count": 1, "pos": [130]}, "woman": {"prob": 0.002188183807439825, "count": 1, "pos": [131]}, "flashi": {"prob": 0.002188183807439825, "count": 1, "pos": [134]}, "red": {"prob": 0.002188183807439825, "count": 1, "pos": [135]}, "ferrari": {"prob": 0.002188183807439825, "count": 1, "pos": [136]}, "308": {"prob": 0.002188183807439825, "count": 1, "pos": [137]}, "gt": {"prob": 0.002188183807439825, "count": 1, "pos": [138]}, "stop": {"prob": 0.006564551422319475, "count": 3, "pos": [140, 190, 248]}, "coolidg": {"prob": 0.002188183807439825, "count": 1, "pos": [142]}, "kansa": {"prob": 0.002188183807439825, "count": 1, "pos": [143]}, "visit": {"prob": 0.002188183807439825, "count": 1, "pos": [145]}, "cousin": {"prob": 0.002188183807439825, "count": 1, "pos": [147]}, "catherin": {"prob": 0.00437636761487965, "count": 2, "pos": [148, 161]}, "her": {"prob": 0.010940919037199124, "count": 5, "pos": [150, 170, 180, 183, 287]}, "husband": {"prob": 0.002188183807439825, "count": 1, "pos": [151]}, "eddi": {"prob": 0.00437636761487965, "count": 2, "pos": [152, 163]}, "thi": {"prob": 0.002188183807439825, "count": 1, "pos": [154]}, "creat": {"prob": 0.002188183807439825, "count": 1, "pos": [155]}, "tension": {"prob": 0.002188183807439825, "count": 1, "pos": [157]},