{"__total__": 353, "__name__": "doc_1039_Nikita.txt", "nikita": {"prob": 0.014164305949008499, "count": 5, "pos": [0, 43, 282, 314, 352]}, "is": {"prob": 0.0226628895184136, "count": 8, "pos": [1, 44, 52, 103, 117, 279, 297, 349]}, "a": {"prob": 0.053824362606232294, "count": 19, "pos": [2, 11, 15, 24, 41, 74, 80, 84, 108, 157, 168, 173, 192, 196, 224, 233, 238, 256, 274]}, "teenag": {"prob": 0.0028328611898017, "count": 1, "pos": [3]}, "junki": {"prob": 0.0028328611898017, "count": 1, "pos": [4]}, "who": {"prob": 0.0056657223796034, "count": 2, "pos": [5, 241]}, "particip": {"prob": 0.0028328611898017, "count": 1, "pos": [6]}, "in": {"prob": 0.031161473087818695, "count": 11, "pos": [7, 56, 58, 79, 104, 195, 215, 227, 237, 260, 270]}, "the": {"prob": 0.05099150141643059, "count": 18, "pos": [8, 18, 105, 114, 119, 135, 151, 186, 203, 212, 266, 272, 284, 289, 292, 300, 306, 336]}, "robberi": {"prob": 0.0056657223796034, "count": 2, "pos": [9, 19]}, "of": {"prob": 0.0226628895184136, "count": 8, "pos": [10, 49, 107, 121, 126, 161, 244, 291]}, "pharmaci": {"prob": 0.0028328611898017, "count": 1, "pos": [12]}, "own": {"prob": 0.0028328611898017, "count": 1, "pos": [13]}, "by": {"prob": 0.0084985835694051, "count": 3, "pos": [14, 185, 299]}, "friend": {"prob": 0.0028328611898017, "count": 1, "pos": [16]}, "parent": {"prob": 0.0028328611898017, "count": 1, "pos": [17]}, "goe": {"prob": 0.0084985835694051, "count": 3, "pos": [20, 253, 263]}, "awri": {"prob": 0.0056657223796034, "count": 2, "pos": [21, 264]}, "erupt": {"prob": 0.0028328611898017, "count": 1, "pos": [22]}, "into": {"prob": 0.0028328611898017, "count": 1, "pos": [23]}, "gunfight": {"prob": 0.0028328611898017, "count": 1, "pos": [25]}, "with": {"prob": 0.0084985835694051, "count": 3, "pos": [26, 229, 340]}, "local": {"prob": 0.0028328611898017, "count": 1, "pos": [27]}, "polic": {"prob": 0.0028328611898017, "count": 1, "pos": [28]}, "dure": {"prob": 0.0056657223796034, "count": 2, "pos": [29, 305]}, "which": {"prob": 0.0028328611898017, "count": 1, "pos": [30]}, "her": {"prob": 0.039660056657223795, "count": 14, "pos": [31, 60, 63, 143, 162, 166, 188, 216, 230, 245, 248, 321, 325, 328]}, "cohort": {"prob": 0.0028328611898017, "count": 1, "pos": [32]}, "are": {"prob": 0.0056657223796034, "count": 2, "pos": [33, 323]}, "kill": {"prob": 0.0056657223796034, "count": 2, "pos": [34, 191]}, "suffer": {"prob": 0.0028328611898017, "count": 1, "pos": [35]}, "sever": {"prob": 0.0028328611898017, "count": 1, "pos": [36]}, "withdraw": {"prob": 0.0028328611898017, "count": 1, "pos": [37]}, "symptom": {"prob": 0.0028328611898017, "count": 1, "pos": [38]}, "she": {"prob": 0.028328611898016998, "count": 10, "pos": [39, 69, 77, 102, 116, 149, 179, 218, 235, 334]}, "murder": {"prob": 0.0056657223796034, "count": 2, "pos": [40, 50]}, "policeman": {"prob": 0.0028328611898017, "count": 1, "pos": [42]}, "arrest": {"prob": 0.0028328611898017, "count": 1, "pos": [45]}, "tri": {"prob": 0.0028328611898017, "count": 1, "pos": [46]}, "and": {"prob": 0.039660056657223795, "count": 14, "pos": [47, 51, 94, 100, 153, 183, 199, 220, 240, 286, 303, 317, 342, 346]}, "convict": {"prob": 0.0028328611898017, "count": 1, "pos": [48]}, "sentenc": {"prob": 0.0028328611898017, "count": 1, "pos": [53]}, "to": {"prob": 0.0226628895184136, "count": 8, "pos": [54, 142, 155, 172, 202, 268, 280, 329]}, "life": {"prob": 0.0084985835694051, "count": 3, "pos": [55, 222, 316]}, "prison": {"prob": 0.0056657223796034, "count": 2, "pos": [57, 59]}, "captor": {"prob": 0.0028328611898017, "count": 1, "pos": [61]}, "fake": {"prob": 0.0056657223796034, "count": 2, "pos": [62, 144]}, "death": {"prob": 0.0028328611898017, "count": 1, "pos": [64]}, "make": {"prob": 0.0028328611898017, "count": 1, "pos": [65]}, "it": {"prob": 0.0028328611898017, "count": 1, "pos": [66]}, "appear": {"prob": 0.0028328611898017, "count": 1, "pos": [67]}, "that": {"prob": 0.014164305949008499, "count": 5, "pos": [68, 96, 178, 310, 333]}, "ha": {"prob": 0.0056657223796034, "count": 2, "pos": [70, 312]}, "commit": {"prob": 0.0028328611898017, "count": 1, "pos": [71]}, "suicid": {"prob": 0.0028328611898017, "count": 1, "pos": [72]}, "via": {"prob": 0.0028328611898017, "count": 1, "pos": [73]}, "tranquil": {"prob": 0.0028328611898017, "count": 1, "pos": [75]}, "overdo": {"prob": 0.0028328611898017, "count": 1, "pos": [76]}, "awaken": {"prob": 0.0028328611898017, "count": 1, "pos": [78]}, "nondescript": {"prob": 0.0028328611898017, "count": 1, "pos": [81]}, "room": {"prob": 0.0028328611898017, "count": 1, "pos": [82]}, "where": {"prob": 0.0028328611898017, "count": 1, "pos": [83]}, "well": {"prob": 0.0084985835694051, "count": 3, "pos": [85, 207, 254]}, "dress": {"prob": 0.0028328611898017, "count": 1, "pos": [86]}, "but": {"prob": 0.0056657223796034, "count": 2, "pos": [87, 295]}, "hard": {"prob": 0.0028328611898017, "count": 1, "pos": [88]}, "look": {"prob": 0.0028328611898017, "count": 1, "pos": [89]}, "man": {"prob": 0.0056657223796034, "count": 2, "pos": [90, 234]}, "name": {"prob": 0.0028328611898017, "count": 1, "pos": [91]}, "bob": {"prob": 0.0056657223796034, "count": 2, "pos": [92, 338]}, "enter": {"prob": 0.0028328611898017, "count": 1, "pos": [93]}, "reveal": {"prob": 0.0056657223796034, "count": 2, "pos": [95, 309]}, "although": {"prob": 0.0028328611898017, "count": 1, "pos": [97]}, "offici": {"prob": 0.0028328611898017, "count": 1, "pos": [98]}, "dead": {"prob": 0.0028328611898017, "count": 1, "pos": [99]}, "buri": {"prob": 0.0028328611898017, "count": 1, "pos": [101]}, "custodi": {"prob": 0.0028328611898017, "count": 1, "pos": [106]}, "shadowi": {"prob": 0.0028328611898017, "count": 1, "pos": [109]}, "govern": {"prob": 0.0028328611898017, "count": 1, "pos": [110]}, "agenc": {"prob": 0.0056657223796034, "count": 2, "pos": [111, 337]}, "known": {"prob": 0.0028328611898017, "count": 1, "pos": [112]}, "as": {"prob": 0.014164305949008499, "count": 5, "pos": [113, 133, 211, 223, 250]}, "centr": {"prob": 0.0084985835694051, "count": 3, "pos": [115, 204, 267]}, "given": {"prob": 0.0028328611898017, "count": 1, "pos": [118]}, "choic": {"prob": 0.0028328611898017, "count": 1, "pos": [120]}, "becom": {"prob": 0.0028328611898017, "count": 1, "pos": [122]}, "an": {"prob": 0.0084985835694051, "count": 3, "pos": [123, 251, 261]}, "assassin": {"prob": 0.0084985835694051, "count": 3, "pos": [124, 252, 276]}, "or": {"prob": 0.0028328611898017, "count": 1, "pos": [125]}, "actual": {"prob": 0.0028328611898017, "count": 1, "pos": [127]}, "occupi": {"prob": 0.0028328611898017, "count": 1, "pos": [128]}, "row": {"prob": 0.0028328611898017, "count": 1, "pos": [129]}, "8": {"prob": 0.0028328611898017, "count": 1, "pos": [130]}, "plot": {"prob": 0.0028328611898017, "count": 1, "pos": [131]}, "30": {"prob": 0.0028328611898017, "count": 1, "pos": [132]}, "per": {"prob": 0.0028328611898017, "count": 1, "pos": [134]}, "origin": {"prob": 0.0028328611898017, "count": 1, "pos": [136]}, "french": {"prob": 0.0028328611898017, "count": 1, "pos": [137]}, "version": {"prob": 0.0028328611898017, "count": 1, "pos": [138]}, "english": {"prob": 0.0028328611898017, "count": 1, "pos": [139]}, "subtitl": {"prob": 0.0028328611898017, "count": 1, "pos": [140]}, "refer": {"prob": 0.0028328611898017, "count": 1, "pos": [141]}, "grave": {"prob": 0.0028328611898017, "count": 1, "pos": [145]}, "after": {"prob": 0.0028328611898017, "count": 1, "pos": [146]}, "some": {"prob": 0.0028328611898017, "count": 1, "pos": [147]}, "resist": {"prob": 0.0028328611898017, "count": 1, "pos": [148]}, "choo": {"prob": 0.0028328611898017, "count": 1, "pos": [150]}, "former": {"prob": 0.0028328611898017, "count": 1, "pos": [152]}, "prove": {"prob": 0.0028328611898017, "count": 1, "pos": [154]}, "be": {"prob": 0.0028328611898017, "count": 1, "pos": [156]}, "talent": {"prob": 0.0028328611898017, "count": 1, "pos": [158]}, "killer": {"prob": 0.0028328611898017, "count": 1, "pos": [159]}, "one": {"prob": 0.0028328611898017, "count": 1,