{"__total__": 140, "__name__": "doc_1040_Ninotchka.txt", "three": {"prob": 0.02142857142857143, "count": 3, "pos": [0, 85, 109]}, "russian": {"prob": 0.02857142857142857, "count": 4, "pos": [1, 18, 35, 110]}, "iranov": {"prob": 0.007142857142857143, "count": 1, "pos": [2]}, "buljanov": {"prob": 0.007142857142857143, "count": 1, "pos": [3]}, "and": {"prob": 0.03571428571428571, "count": 5, "pos": [4, 52, 81, 88, 99]}, "kopalski": {"prob": 0.007142857142857143, "count": 1, "pos": [5]}, "are": {"prob": 0.014285714285714285, "count": 2, "pos": [6, 136]}, "in": {"prob": 0.02142857142857143, "count": 3, "pos": [7, 57, 104]}, "pari": {"prob": 0.014285714285714285, "count": 2, "pos": [8, 58]}, "to": {"prob": 0.03571428571428571, "count": 5, "pos": [9, 41, 74, 114, 138]}, "sell": {"prob": 0.007142857142857143, "count": 1, "pos": [10]}, "jewelri": {"prob": 0.02142857142857143, "count": 3, "pos": [11, 44, 79]}, "confisc": {"prob": 0.007142857142857143, "count": 1, "pos": [12]}, "from": {"prob": 0.014285714285714285, "count": 2, "pos": [13, 33]}, "the": {"prob": 0.08571428571428572, "count": 12, "pos": [14, 17, 34, 59, 78, 84, 97, 100, 108, 117, 121, 133]}, "aristocraci": {"prob": 0.007142857142857143, "count": 1, "pos": [15]}, "dure": {"prob": 0.007142857142857143, "count": 1, "pos": [16]}, "revolut": {"prob": 0.007142857142857143, "count": 1, "pos": [19]}, "of": {"prob": 0.02142857142857143, "count": 3, "pos": [20, 120, 126]}, "1917": {"prob": 0.007142857142857143, "count": 1, "pos": [21]}, "upon": {"prob": 0.007142857142857143, "count": 1, "pos": [22]}, "arriv": {"prob": 0.007142857142857143, "count": 1, "pos": [23]}, "they": {"prob": 0.007142857142857143, "count": 1, "pos": [24]}, "meet": {"prob": 0.007142857142857143, "count": 1, "pos": [25]}, "count": {"prob": 0.014285714285714285, "count": 2, "pos": [26, 101]}, "leon": {"prob": 0.007142857142857143, "count": 1, "pos": [27]}, "d": {"prob": 0.007142857142857143, "count": 1, "pos": [28]}, "algout": {"prob": 0.007142857142857143, "count": 1, "pos": [29]}, "on": {"prob": 0.007142857142857143, "count": 1, "pos": [30]}, "a": {"prob": 0.02142857142857143, "count": 3, "pos": [31, 68, 129]}, "mission": {"prob": 0.007142857142857143, "count": 1, "pos": [32]}, "grand": {"prob": 0.007142857142857143, "count": 1, "pos": [36]}, "duchess": {"prob": 0.007142857142857143, "count": 1, "pos": [37]}, "swana": {"prob": 0.007142857142857143, "count": 1, "pos": [38]}, "who": {"prob": 0.014285714285714285, "count": 2, "pos": [39, 102]}, "want": {"prob": 0.007142857142857143, "count": 1, "pos": [40]}, "retriev": {"prob": 0.007142857142857143, "count": 1, "pos": [42]}, "her": {"prob": 0.014285714285714285, "count": 2, "pos": [43, 107]}, "befor": {"prob": 0.007142857142857143, "count": 1, "pos": [45]}, "it": {"prob": 0.007142857142857143, "count": 1, "pos": [46]}, "is": {"prob": 0.02142857142857143, "count": 3, "pos": [47, 73, 123]}, "sold": {"prob": 0.007142857142857143, "count": 1, "pos": [48]}, "he": {"prob": 0.007142857142857143, "count": 1, "pos": [49]}, "corrupt": {"prob": 0.007142857142857143, "count": 1, "pos": [50]}, "them": {"prob": 0.02142857142857143, "count": 3, "pos": [51, 54, 127]}, "talk": {"prob": 0.007142857142857143, "count": 1, "pos": [53]}, "into": {"prob": 0.007142857142857143, "count": 1, "pos": [55]}, "stay": {"prob": 0.007142857142857143, "count": 1, "pos": [56]}, "soviet": {"prob": 0.007142857142857143, "count": 1, "pos": [60]}, "union": {"prob": 0.007142857142857143, "count": 1, "pos": [61]}, "then": {"prob": 0.007142857142857143, "count": 1, "pos": [62]}, "send": {"prob": 0.007142857142857143, "count": 1, "pos": [63]}, "nina": {"prob": 0.007142857142857143, "count": 1, "pos": [64]}, "ivanovna": {"prob": 0.007142857142857143, "count": 1, "pos": [65]}, "ninotchka": {"prob": 0.007142857142857143, "count": 1, "pos": [66]}, "yakushova": {"prob": 0.007142857142857143, "count": 1, "pos": [67]}, "special": {"prob": 0.007142857142857143, "count": 1, "pos": [69]}, "envoy": {"prob": 0.007142857142857143, "count": 1, "pos": [70]}, "whose": {"prob": 0.007142857142857143, "count": 1, "pos": [71]}, "goal": {"prob": 0.007142857142857143, "count": 1, "pos": [72]}, "go": {"prob": 0.007142857142857143, "count": 1, "pos": [75]}, "through": {"prob": 0.007142857142857143, "count": 1, "pos": [76]}, "with": {"prob": 0.014285714285714285, "count": 2, "pos": [77, 106]}, "sale": {"prob": 0.007142857142857143, "count": 1, "pos": [80]}, "bring": {"prob": 0.007142857142857143, "count": 1, "pos": [82]}, "back": {"prob": 0.007142857142857143, "count": 1, "pos": [83]}, "men": {"prob": 0.007142857142857143, "count": 1, "pos": [86]}, "rigid": {"prob": 0.007142857142857143, "count": 1, "pos": [87]}, "stern": {"prob": 0.007142857142857143, "count": 1, "pos": [89]}, "at": {"prob": 0.007142857142857143, "count": 1, "pos": [90]}, "first": {"prob": 0.007142857142857143, "count": 1, "pos": [91]}, "she": {"prob": 0.007142857142857143, "count": 1, "pos": [92]}, "slowli": {"prob": 0.007142857142857143, "count": 1, "pos": [93]}, "becom": {"prob": 0.007142857142857143, "count": 1, "pos": [94]}, "seduc": {"prob": 0.007142857142857143, "count": 1, "pos": [95]}, "by": {"prob": 0.007142857142857143, "count": 1, "pos": [96]}, "west": {"prob": 0.007142857142857143, "count": 1, "pos": [98]}, "fall": {"prob": 0.007142857142857143, "count": 1, "pos": [103]}, "love": {"prob": 0.007142857142857143, "count": 1, "pos": [105]}, "also": {"prob": 0.007142857142857143, "count": 1, "pos": [111]}, "accommod": {"prob": 0.007142857142857143, "count": 1, "pos": [112]}, "themselv": {"prob": 0.007142857142857143, "count": 1, "pos": [113]}, "capit": {"prob": 0.007142857142857143, "count": 1, "pos": [115]}, "but": {"prob": 0.007142857142857143, "count": 1, "pos": [116]}, "last": {"prob": 0.007142857142857143, "count": 1, "pos": [118]}, "joke": {"prob": 0.007142857142857143, "count": 1, "pos": [119]}, "film": {"prob": 0.007142857142857143, "count": 1, "pos": [122]}, "that": {"prob": 0.014285714285714285, "count": 2, "pos": [124, 132]}, "one": {"prob": 0.007142857142857143, "count": 1, "pos": [125]}, "carri": {"prob": 0.007142857142857143, "count": 1, "pos": [128]}, "sign": {"prob": 0.007142857142857143, "count": 1, "pos": [130]}, "protest": {"prob": 0.007142857142857143, "count": 1, "pos": [131]}, "other": {"prob": 0.007142857142857143, "count": 1, "pos": [134]}, "two": {"prob": 0.007142857142857143, "count": 1, "pos": [135]}, "unfair": {"prob": 0.007142857142857143, "count": 1, "pos": [137]}, "him": {"prob": 0.007142857142857143, "count": 1, "pos": [139]}}