{"__total__": 236, "__name__": "doc_1047_Norma_Rae.txt", "norma": {"prob": 0.0211864406779661, "count": 5, "pos": [0, 45, 62, 85, 133]}, "rae": {"prob": 0.0211864406779661, "count": 5, "pos": [1, 46, 63, 86, 134]}, "webster": {"prob": 0.00423728813559322, "count": 1, "pos": [2]}, "is": {"prob": 0.012711864406779662, "count": 3, "pos": [3, 152, 190]}, "a": {"prob": 0.029661016949152543, "count": 7, "pos": [4, 9, 18, 36, 88, 160, 178]}, "minimum": {"prob": 0.00423728813559322, "count": 1, "pos": [5]}, "wage": {"prob": 0.00423728813559322, "count": 1, "pos": [6]}, "worker": {"prob": 0.01694915254237288, "count": 4, "pos": [7, 114, 162, 173]}, "in": {"prob": 0.025423728813559324, "count": 6, "pos": [8, 72, 145, 163, 187, 193]}, "cotton": {"prob": 0.00423728813559322, "count": 1, "pos": [10]}, "mill": {"prob": 0.0211864406779661, "count": 5, "pos": [11, 117, 183, 189, 220]}, "that": {"prob": 0.00423728813559322, "count": 1, "pos": [12]}, "ha": {"prob": 0.00423728813559322, "count": 1, "pos": [13]}, "taken": {"prob": 0.00423728813559322, "count": 1, "pos": [14]}, "too": {"prob": 0.00423728813559322, "count": 1, "pos": [15]}, "much": {"prob": 0.00423728813559322, "count": 1, "pos": [16]}, "of": {"prob": 0.012711864406779662, "count": 3, "pos": [17, 23, 90]}, "toll": {"prob": 0.00423728813559322, "count": 1, "pos": [19]}, "on": {"prob": 0.01694915254237288, "count": 4, "pos": [20, 97, 154, 204]}, "the": {"prob": 0.08050847457627118, "count": 19, "pos": [21, 50, 73, 76, 93, 105, 108, 121, 142, 148, 150, 169, 172, 188, 191, 194, 199, 219, 233]}, "health": {"prob": 0.00423728813559322, "count": 1, "pos": [22]}, "her": {"prob": 0.03389830508474576, "count": 8, "pos": [24, 27, 30, 54, 98, 184, 205, 217]}, "famili": {"prob": 0.00423728813559322, "count": 1, "pos": [25]}, "for": {"prob": 0.01694915254237288, "count": 4, "pos": [26, 147, 171, 232]}, "to": {"prob": 0.029661016949152543, "count": 7, "pos": [28, 48, 52, 79, 103, 140, 227]}, "ignor": {"prob": 0.00423728813559322, "count": 1, "pos": [29]}, "dickensian": {"prob": 0.00423728813559322, "count": 1, "pos": [31]}, "work": {"prob": 0.00847457627118644, "count": 2, "pos": [32, 228]}, "condit": {"prob": 0.00423728813559322, "count": 1, "pos": [33]}, "after": {"prob": 0.00847457627118644, "count": 2, "pos": [34, 126]}, "hear": {"prob": 0.00423728813559322, "count": 1, "pos": [35]}, "speech": {"prob": 0.00423728813559322, "count": 1, "pos": [37]}, "by": {"prob": 0.012711864406779662, "count": 3, "pos": [38, 81, 111]}, "new": {"prob": 0.00423728813559322, "count": 1, "pos": [39]}, "york": {"prob": 0.00423728813559322, "count": 1, "pos": [40]}, "union": {"prob": 0.038135593220338986, "count": 9, "pos": [41, 53, 95, 141, 149, 174, 201, 222, 235]}, "organ": {"prob": 0.00847457627118644, "count": 2, "pos": [42, 231]}, "reuben": {"prob": 0.00423728813559322, "count": 1, "pos": [43]}, "warshowski": {"prob": 0.00423728813559322, "count": 1, "pos": [44]}, "decid": {"prob": 0.00423728813559322, "count": 1, "pos": [47]}, "join": {"prob": 0.00423728813559322, "count": 1, "pos": [49]}, "effort": {"prob": 0.00423728813559322, "count": 1, "pos": [51]}, "shop": {"prob": 0.00423728813559322, "count": 1, "pos": [55]}, "thi": {"prob": 0.00423728813559322, "count": 1, "pos": [56]}, "caus": {"prob": 0.00423728813559322, "count": 1, "pos": [57]}, "conflict": {"prob": 0.00423728813559322, "count": 1, "pos": [58]}, "at": {"prob": 0.00423728813559322, "count": 1, "pos": [59]}, "home": {"prob": 0.00847457627118644, "count": 2, "pos": [60, 74]}, "when": {"prob": 0.00847457627118644, "count": 2, "pos": [61, 83]}, "husband": {"prob": 0.00423728813559322, "count": 1, "pos": [64]}, "sonni": {"prob": 0.00423728813559322, "count": 1, "pos": [65]}, "say": {"prob": 0.00423728813559322, "count": 1, "pos": [66]}, "she": {"prob": 0.012711864406779662, "count": 3, "pos": [67, 197, 224]}, "not": {"prob": 0.00423728813559322, "count": 1, "pos": [68]}, "spend": {"prob": 0.00423728813559322, "count": 1, "pos": [69]}, "enough": {"prob": 0.00423728813559322, "count": 1, "pos": [70]}, "time": {"prob": 0.00423728813559322, "count": 1, "pos": [71]}, "despit": {"prob": 0.00423728813559322, "count": 1, "pos": [75]}, "pressur": {"prob": 0.00423728813559322, "count": 1, "pos": [77]}, "brought": {"prob": 0.00423728813559322, "count": 1, "pos": [78]}, "bear": {"prob": 0.00423728813559322, "count": 1, "pos": [80]}, "manag": {"prob": 0.00423728813559322, "count": 1, "pos": [82]}, "confront": {"prob": 0.00423728813559322, "count": 1, "pos": [84]}, "take": {"prob": 0.00423728813559322, "count": 1, "pos": [87]}, "piec": {"prob": 0.00423728813559322, "count": 1, "pos": [89]}, "cardboard": {"prob": 0.00423728813559322, "count": 1, "pos": [91]}, "write": {"prob": 0.00847457627118644, "count": 2, "pos": [92, 198]}, "word": {"prob": 0.00423728813559322, "count": 1, "pos": [94]}, "stand": {"prob": 0.00847457627118644, "count": 2, "pos": [96, 203]}, "worktabl": {"prob": 0.00847457627118644, "count": 2, "pos": [99, 206]}, "and": {"prob": 0.01694915254237288, "count": 4, "pos": [100, 119, 202, 223]}, "slowli": {"prob": 0.00423728813559322, "count": 1, "pos": [101]}, "turn": {"prob": 0.00423728813559322, "count": 1, "pos": [102]}, "show": {"prob": 0.00423728813559322, "count": 1, "pos": [104]}, "sign": {"prob": 0.00847457627118644, "count": 2, "pos": [106, 200]}, "around": {"prob": 0.00423728813559322, "count": 1, "pos": [107]}, "room": {"prob": 0.00847457627118644, "count": 2, "pos": [109, 123]}, "one": {"prob": 0.00847457627118644, "count": 2, "pos": [110, 112]}, "other": {"prob": 0.00423728813559322, "count": 1, "pos": [113]}, "stop": {"prob": 0.00423728813559322, "count": 1, "pos": [115]}, "their": {"prob": 0.00423728813559322, "count": 1, "pos": [116]}, "machin": {"prob": 0.012711864406779662, "count": 3, "pos": [118, 128, 209]}, "eventu": {"prob": 0.00423728813559322, "count": 1, "pos": [120]}, "entir": {"prob": 0.00423728813559322, "count": 1, "pos": [122]}, "becom": {"prob": 0.00423728813559322, "count": 1, "pos": [124]}, "silent": {"prob": 0.00847457627118644, "count": 2, "pos": [125, 211]}, "all": {"prob": 0.00847457627118644, "count": 2, "pos": [127, 208]}, "have": {"prob": 0.00423728813559322, "count": 1, "pos": [129]}, "been": {"prob": 0.00423728813559322, "count": 1, "pos": [130]}, "switch": {"prob": 0.00423728813559322, "count": 1, "pos": [131]}, "off": {"prob": 0.00423728813559322, "count": 1, "pos": [132]}, "then": {"prob": 0.00423728813559322, "count": 1, "pos": [135]}, "success": {"prob": 0.00423728813559322, "count": 1, "pos": [136]}, "orchestr": {"prob": 0.00423728813559322, "count": 1, "pos": [137]}, "an": {"prob": 0.00847457627118644, "count": 2, "pos": [138, 230]}, "elect": {"prob": 0.00423728813559322, "count": 1, "pos": [139]}, "factori": {"prob": 0.00423728813559322, "count": 1, "pos": [143]}, "result": {"prob": 0.00423728813559322, "count": 1, "pos": [144]}, "victori": {"prob": 0.00423728813559322, "count": 1, "pos": [146]}, "stori": {"prob": 0.00423728813559322, "count": 1, "pos": [151]}, "base": {"prob": 0.00423728813559322, "count": 1, "pos": [153]}, "crystal": {"prob": 0.00423728813559322, "count": 1, "pos": [155]}, "lee": {"prob": 0.00423728813559322, "count": 1, "pos": [156]}, "sutton": {"prob": 0.00847457627118644, "count": 2, "pos": [157, 213]}, "life": {"prob": 0.00423728813559322, "count": 1, "pos": [158]}, "as": {"prob": 0.00847457627118644, "count": 2, "pos": [159, 229]}, "textil": {"prob": 0.012711864406779662, "count": 3, "pos": [161, 182, 234]}, "roanok": {"prob": 0.00423728813559322, "count": 1, "pos": [164]}, "rapid": {"prob": 0.00423728813559322, "count": 1, "pos": [165]}, "north": {"prob": 0.00423728813559322, "count": 1, "pos": [166]}, "carolina": {"prob": 0.00423728813559322, "count": 1, "pos": [167]}, "where": {"prob": 0.00847457627118644, "count": 2, "pos": [168, 196]}, "battl": {"prob": 0.00423728813559322, "count": 1, "pos": [170]}, "took": {"prob": 0.00423728813559322, "count": 1, "pos": [175]},