{"__total__": 502, "__name__": "doc_1051_Notorious_1946.txt", "alicia": {"prob": 0.03187250996015936, "count": 16, "pos": [0, 44, 92, 110, 118, 147, 182, 199, 228, 279, 294, 343, 390, 416, 449, 492]}, "huberman": {"prob": 0.00199203187250996, "count": 1, "pos": [1]}, "the": {"prob": 0.04780876494023904, "count": 24, "pos": [2, 35, 83, 97, 112, 157, 171, 208, 240, 250, 261, 264, 269, 273, 289, 292, 297, 303, 308, 333, 369, 374, 407, 474]}, "american": {"prob": 0.00199203187250996, "count": 1, "pos": [3]}, "daughter": {"prob": 0.00199203187250996, "count": 1, "pos": [4]}, "of": {"prob": 0.02390438247011952, "count": 12, "pos": [5, 22, 37, 58, 74, 82, 130, 159, 194, 291, 473, 479]}, "a": {"prob": 0.025896414342629483, "count": 13, "pos": [6, 79, 104, 145, 152, 164, 259, 282, 314, 322, 327, 379, 385]}, "convict": {"prob": 0.00199203187250996, "count": 1, "pos": [7]}, "nazi": {"prob": 0.0099601593625498, "count": 5, "pos": [8, 23, 404, 481, 500]}, "spi": {"prob": 0.00199203187250996, "count": 1, "pos": [9]}, "is": {"prob": 0.013944223107569721, "count": 7, "pos": [10, 93, 167, 229, 248, 257, 432]}, "recruit": {"prob": 0.00199203187250996, "count": 1, "pos": [11]}, "by": {"prob": 0.00597609561752988, "count": 3, "pos": [12, 55, 419]}, "govern": {"prob": 0.00199203187250996, "count": 1, "pos": [13]}, "agent": {"prob": 0.00398406374501992, "count": 2, "pos": [14, 209]}, "t": {"prob": 0.00199203187250996, "count": 1, "pos": [15]}, "r": {"prob": 0.00199203187250996, "count": 1, "pos": [16]}, "devlin": {"prob": 0.027888446215139442, "count": 14, "pos": [17, 46, 63, 85, 185, 201, 247, 276, 311, 345, 351, 434, 469, 490]}, "to": {"prob": 0.04183266932270916, "count": 21, "pos": [18, 27, 66, 69, 87, 125, 135, 184, 191, 213, 232, 246, 263, 277, 280, 307, 347, 400, 440, 485, 497]}, "infiltr": {"prob": 0.00199203187250996, "count": 1, "pos": [19]}, "an": {"prob": 0.00597609561752988, "count": 3, "pos": [20, 149, 356]}, "organ": {"prob": 0.00199203187250996, "count": 1, "pos": [21]}, "who": {"prob": 0.00199203187250996, "count": 1, "pos": [24]}, "have": {"prob": 0.00398406374501992, "count": 2, "pos": [25, 136]}, "reloc": {"prob": 0.00199203187250996, "count": 1, "pos": [26]}, "brazil": {"prob": 0.00199203187250996, "count": 1, "pos": [28]}, "after": {"prob": 0.00398406374501992, "count": 2, "pos": [29, 463]}, "world": {"prob": 0.00199203187250996, "count": 1, "pos": [30]}, "war": {"prob": 0.00199203187250996, "count": 1, "pos": [31]}, "ii": {"prob": 0.00199203187250996, "count": 1, "pos": [32]}, "while": {"prob": 0.00199203187250996, "count": 1, "pos": [33]}, "await": {"prob": 0.00199203187250996, "count": 1, "pos": [34]}, "detail": {"prob": 0.00199203187250996, "count": 1, "pos": [36]}, "her": {"prob": 0.03386454183266932, "count": 17, "pos": [38, 59, 68, 75, 127, 137, 179, 212, 226, 237, 253, 256, 394, 423, 462, 468, 471]}, "assign": {"prob": 0.00199203187250996, "count": 1, "pos": [39]}, "in": {"prob": 0.00796812749003984, "count": 4, "pos": [40, 48, 236, 476]}, "rio": {"prob": 0.00199203187250996, "count": 1, "pos": [41]}, "de": {"prob": 0.00199203187250996, "count": 1, "pos": [42]}, "janeiro": {"prob": 0.00199203187250996, "count": 1, "pos": [43]}, "and": {"prob": 0.029880478087649404, "count": 15, "pos": [45, 78, 140, 166, 180, 268, 302, 331, 344, 354, 371, 412, 425, 457, 491]}, "fall": {"prob": 0.00398406374501992, "count": 2, "pos": [47, 428]}, "love": {"prob": 0.00796812749003984, "count": 4, "pos": [49, 117, 126, 466]}, "though": {"prob": 0.00199203187250996, "count": 1, "pos": [50]}, "hi": {"prob": 0.021912350597609563, "count": 11, "pos": [51, 56, 89, 131, 176, 397, 401, 410, 458, 465, 499]}, "feel": {"prob": 0.00199203187250996, "count": 1, "pos": [52]}, "are": {"prob": 0.00398406374501992, "count": 2, "pos": [53, 460]}, "complic": {"prob": 0.00199203187250996, "count": 1, "pos": [54]}, "knowledg": {"prob": 0.00199203187250996, "count": 1, "pos": [57]}, "wild": {"prob": 0.00199203187250996, "count": 1, "pos": [60]}, "past": {"prob": 0.00199203187250996, "count": 1, "pos": [61]}, "when": {"prob": 0.01195219123505976, "count": 6, "pos": [62, 107, 196, 222, 362, 437]}, "get": {"prob": 0.00199203187250996, "count": 1, "pos": [64]}, "instruct": {"prob": 0.00199203187250996, "count": 1, "pos": [65]}, "persuad": {"prob": 0.00199203187250996, "count": 1, "pos": [67]}, "seduc": {"prob": 0.00199203187250996, "count": 1, "pos": [70]}, "alex": {"prob": 0.00199203187250996, "count": 1, "pos": [71]}, "sebastian": {"prob": 0.027888446215139442, "count": 14, "pos": [72, 139, 173, 189, 197, 221, 300, 337, 359, 383, 456, 480, 483, 496]}, "one": {"prob": 0.00398406374501992, "count": 2, "pos": [73, 262]}, "father": {"prob": 0.00199203187250996, "count": 1, "pos": [76]}, "friend": {"prob": 0.00199203187250996, "count": 1, "pos": [77]}, "lead": {"prob": 0.00398406374501992, "count": 2, "pos": [80, 275]}, "member": {"prob": 0.00199203187250996, "count": 1, "pos": [81]}, "group": {"prob": 0.00199203187250996, "count": 1, "pos": [84]}, "tri": {"prob": 0.00199203187250996, "count": 1, "pos": [86]}, "convinc": {"prob": 0.00199203187250996, "count": 1, "pos": [88]}, "superior": {"prob": 0.00199203187250996, "count": 1, "pos": [90]}, "that": {"prob": 0.01195219123505976, "count": 6, "pos": [91, 120, 249, 267, 415, 455]}, "not": {"prob": 0.00398406374501992, "count": 2, "pos": [94, 319]}, "fit": {"prob": 0.00199203187250996, "count": 1, "pos": [95]}, "for": {"prob": 0.00796812749003984, "count": 4, "pos": [96, 178, 340, 467]}, "job": {"prob": 0.00398406374501992, "count": 2, "pos": [98, 132]}, "without": {"prob": 0.00398406374501992, "count": 2, "pos": [99, 395]}, "success": {"prob": 0.00199203187250996, "count": 1, "pos": [100]}, "he": {"prob": 0.021912350597609563, "count": 11, "pos": [101, 108, 121, 203, 286, 325, 363, 367, 387, 405, 446]}, "put": {"prob": 0.00199203187250996, "count": 1, "pos": [102]}, "up": {"prob": 0.00398406374501992, "count": 2, "pos": [103, 330]}, "stoic": {"prob": 0.00199203187250996, "count": 1, "pos": [105]}, "front": {"prob": 0.00199203187250996, "count": 1, "pos": [106]}, "inform": {"prob": 0.00398406374501992, "count": 2, "pos": [109, 200]}, "about": {"prob": 0.00199203187250996, "count": 1, "pos": [111]}, "mission": {"prob": 0.00199203187250996, "count": 1, "pos": [113]}, "choo": {"prob": 0.00199203187250996, "count": 1, "pos": [114]}, "duti": {"prob": 0.00199203187250996, "count": 1, "pos": [115]}, "over": {"prob": 0.00199203187250996, "count": 1, "pos": [116]}, "conclud": {"prob": 0.00199203187250996, "count": 1, "pos": [119]}, "wa": {"prob": 0.00199203187250996, "count": 1, "pos": [122]}, "mere": {"prob": 0.00199203187250996, "count": 1, "pos": [123]}, "pretend": {"prob": 0.00199203187250996, "count": 1, "pos": [124]}, "as": {"prob": 0.00398406374501992, "count": 2, "pos": [128, 336]}, "part": {"prob": 0.00199203187250996, "count": 1, "pos": [129]}, "they": {"prob": 0.00597609561752988, "count": 3, "pos": [133, 317, 421]}, "contriv": {"prob": 0.00199203187250996, "count": 1, "pos": [134]}, "meet": {"prob": 0.00199203187250996, "count": 1, "pos": [138]}, "renew": {"prob": 0.00398406374501992, "count": 2, "pos": [141, 175]}, "their": {"prob": 0.00597609561752988, "count": 3, "pos": [142, 349, 443]}, "acquaint": {"prob": 0.00199203187250996, "count": 1, "pos": [143]}, "at": {"prob": 0.00796812749003984, "count": 4, "pos": [144, 156, 272, 442]}, "dinner": {"prob": 0.00398406374501992, "count": 2, "pos": [146, 274]}, "wit": {"prob": 0.00199203187250996, "count": 1, "pos": [148]}, "odd": {"prob": 0.00199203187250996, "count": 1, "pos": [150]}, "incident\u00e2": {"prob": 0.00199203187250996, "count": 1, "pos": [151]}, "guest": {"prob": 0.00199203187250996, "count": 1, "pos": [153]}, "becom": {"prob": 0.00398406374501992, "count": 2, "pos": [154, 435]}, "hyster": {"prob": 0.00199203187250996, "count": 1, "pos": [155]}, "sight": {"prob": 0.00199203187250996, "count": 1, "pos": [158]}, "sever": {"prob": 0.00199203187250996, "count": 1, "pos": [160]},