{"__total__": 314, "__name__": "doc_108_American_Gigolo.txt", "julian": {"prob": 0.03821656050955414, "count": 12, "pos": [0, 72, 88, 103, 127, 151, 164, 223, 254, 258, 278, 304]}, "kay": {"prob": 0.0031847133757961785, "count": 1, "pos": [1]}, "is": {"prob": 0.012738853503184714, "count": 4, "pos": [2, 23, 181, 191]}, "a": {"prob": 0.022292993630573247, "count": 7, "pos": [3, 64, 82, 129, 136, 195, 211]}, "male": {"prob": 0.0031847133757961785, "count": 1, "pos": [4]}, "escort": {"prob": 0.0031847133757961785, "count": 1, "pos": [5]}, "in": {"prob": 0.022292993630573247, "count": 7, "pos": [6, 15, 37, 70, 154, 197, 281]}, "lo": {"prob": 0.006369426751592357, "count": 2, "pos": [7, 120]}, "angel": {"prob": 0.006369426751592357, "count": 2, "pos": [8, 121]}, "whose": {"prob": 0.0031847133757961785, "count": 1, "pos": [9]}, "job": {"prob": 0.0031847133757961785, "count": 1, "pos": [10]}, "support": {"prob": 0.0031847133757961785, "count": 1, "pos": [11]}, "hi": {"prob": 0.025477707006369428, "count": 8, "pos": [12, 38, 52, 96, 188, 200, 216, 270]}, "expen": {"prob": 0.0031847133757961785, "count": 1, "pos": [13]}, "tast": {"prob": 0.0031847133757961785, "count": 1, "pos": [14]}, "car": {"prob": 0.006369426751592357, "count": 2, "pos": [16, 214]}, "stereophon": {"prob": 0.0031847133757961785, "count": 1, "pos": [17]}, "equip": {"prob": 0.0031847133757961785, "count": 1, "pos": [18]}, "cocain": {"prob": 0.0031847133757961785, "count": 1, "pos": [19]}, "and": {"prob": 0.028662420382165606, "count": 9, "pos": [20, 28, 92, 159, 184, 207, 246, 266, 297]}, "cloth": {"prob": 0.006369426751592357, "count": 2, "pos": [21, 201]}, "he": {"prob": 0.03503184713375796, "count": 11, "pos": [22, 31, 56, 99, 110, 133, 176, 180, 204, 208, 267]}, "at": {"prob": 0.0031847133757961785, "count": 1, "pos": [24]}, "time": {"prob": 0.0031847133757961785, "count": 1, "pos": [25]}, "blatant": {"prob": 0.0031847133757961785, "count": 1, "pos": [26]}, "narcissist": {"prob": 0.0031847133757961785, "count": 1, "pos": [27]}, "superfici": {"prob": 0.0031847133757961785, "count": 1, "pos": [29]}, "howev": {"prob": 0.006369426751592357, "count": 2, "pos": [30, 288]}, "claim": {"prob": 0.0031847133757961785, "count": 1, "pos": [32]}, "to": {"prob": 0.03821656050955414, "count": 12, "pos": [33, 43, 78, 89, 105, 107, 149, 156, 252, 269, 275, 302]}, "take": {"prob": 0.0031847133757961785, "count": 1, "pos": [34]}, "some": {"prob": 0.0031847133757961785, "count": 1, "pos": [35]}, "pleasur": {"prob": 0.0031847133757961785, "count": 1, "pos": [36]}, "work": {"prob": 0.006369426751592357, "count": 2, "pos": [39, 237]}, "from": {"prob": 0.006369426751592357, "count": 2, "pos": [40, 312]}, "be": {"prob": 0.006369426751592357, "count": 2, "pos": [41, 182]}, "abl": {"prob": 0.0031847133757961785, "count": 1, "pos": [42]}, "sexual": {"prob": 0.0031847133757961785, "count": 1, "pos": [44]}, "satisfi": {"prob": 0.0031847133757961785, "count": 1, "pos": [45]}, "women": {"prob": 0.0031847133757961785, "count": 1, "pos": [46]}, "when": {"prob": 0.006369426751592357, "count": 2, "pos": [47, 289]}, "on": {"prob": 0.006369426751592357, "count": 2, "pos": [48, 140]}, "an": {"prob": 0.009554140127388535, "count": 3, "pos": [49, 152, 256]}, "assign": {"prob": 0.0031847133757961785, "count": 1, "pos": [50]}, "for": {"prob": 0.009554140127388535, "count": 3, "pos": [51, 238, 285]}, "primari": {"prob": 0.006369426751592357, "count": 2, "pos": [53, 130]}, "procuress": {"prob": 0.0031847133757961785, "count": 1, "pos": [54]}, "ann": {"prob": 0.0031847133757961785, "count": 1, "pos": [55]}, "meet": {"prob": 0.0031847133757961785, "count": 1, "pos": [57]}, "michel": {"prob": 0.012738853503184714, "count": 4, "pos": [58, 109, 167, 293]}, "stratton": {"prob": 0.0031847133757961785, "count": 1, "pos": [59]}, "the": {"prob": 0.041401273885350316, "count": 13, "pos": [60, 79, 113, 141, 144, 146, 171, 232, 242, 250, 263, 286, 306]}, "unhappi": {"prob": 0.0031847133757961785, "count": 1, "pos": [61]}, "wife": {"prob": 0.012738853503184714, "count": 4, "pos": [62, 97, 115, 245]}, "of": {"prob": 0.01910828025477707, "count": 6, "pos": [63, 81, 143, 170, 231, 299]}, "local": {"prob": 0.0031847133757961785, "count": 1, "pos": [65]}, "politician": {"prob": 0.0031847133757961785, "count": 1, "pos": [66]}, "who": {"prob": 0.012738853503184714, "count": 4, "pos": [67, 86, 227, 236]}, "becom": {"prob": 0.006369426751592357, "count": 2, "pos": [68, 202]}, "interest": {"prob": 0.0031847133757961785, "count": 1, "pos": [69]}, "him": {"prob": 0.01910828025477707, "count": 6, "pos": [71, 77, 175, 239, 277, 311]}, "other": {"prob": 0.006369426751592357, "count": 2, "pos": [73, 233]}, "pimp": {"prob": 0.0031847133757961785, "count": 1, "pos": [74]}, "leon": {"prob": 0.012738853503184714, "count": 4, "pos": [75, 226, 247, 261]}, "send": {"prob": 0.0031847133757961785, "count": 1, "pos": [76]}, "hous": {"prob": 0.0031847133757961785, "count": 1, "pos": [80]}, "financ": {"prob": 0.006369426751592357, "count": 2, "pos": [83, 114]}, "mr": {"prob": 0.006369426751592357, "count": 2, "pos": [84, 116]}, "rheiman": {"prob": 0.006369426751592357, "count": 2, "pos": [85, 117]}, "ask": {"prob": 0.0031847133757961785, "count": 1, "pos": [87]}, "physic": {"prob": 0.0031847133757961785, "count": 1, "pos": [90]}, "abus": {"prob": 0.0031847133757961785, "count": 1, "pos": [91]}, "have": {"prob": 0.0031847133757961785, "count": 1, "pos": [93]}, "sex": {"prob": 0.0031847133757961785, "count": 1, "pos": [94]}, "with": {"prob": 0.01910828025477707, "count": 6, "pos": [95, 135, 166, 222, 272, 305]}, "while": {"prob": 0.0031847133757961785, "count": 1, "pos": [98]}, "watch": {"prob": 0.0031847133757961785, "count": 1, "pos": [100]}, "them": {"prob": 0.0031847133757961785, "count": 1, "pos": [101]}, "as": {"prob": 0.012738853503184714, "count": 4, "pos": [102, 128, 163, 199]}, "begin": {"prob": 0.0031847133757961785, "count": 1, "pos": [104]}, "get": {"prob": 0.0031847133757961785, "count": 1, "pos": [106]}, "know": {"prob": 0.0031847133757961785, "count": 1, "pos": [108]}, "learn": {"prob": 0.0031847133757961785, "count": 1, "pos": [111]}, "that": {"prob": 0.01592356687898089, "count": 5, "pos": [112, 179, 229, 298, 308]}, "wa": {"prob": 0.006369426751592357, "count": 2, "pos": [118, 134]}, "murder": {"prob": 0.012738853503184714, "count": 4, "pos": [119, 145, 172, 287]}, "polic": {"prob": 0.0031847133757961785, "count": 1, "pos": [122]}, "depart": {"prob": 0.0031847133757961785, "count": 1, "pos": [123]}, "detect": {"prob": 0.0031847133757961785, "count": 1, "pos": [124]}, "sunday": {"prob": 0.0031847133757961785, "count": 1, "pos": [125]}, "investig": {"prob": 0.0031847133757961785, "count": 1, "pos": [126]}, "suspect": {"prob": 0.0031847133757961785, "count": 1, "pos": [131]}, "though": {"prob": 0.0031847133757961785, "count": 1, "pos": [132]}, "client": {"prob": 0.006369426751592357, "count": 2, "pos": [137, 147]}, "lisa": {"prob": 0.0031847133757961785, "count": 1, "pos": [138]}, "william": {"prob": 0.0031847133757961785, "count": 1, "pos": [139]}, "night": {"prob": 0.0031847133757961785, "count": 1, "pos": [142]}, "refus": {"prob": 0.0031847133757961785, "count": 1, "pos": [148]}, "give": {"prob": 0.0031847133757961785, "count": 1, "pos": [150]}, "alibi": {"prob": 0.006369426751592357, "count": 2, "pos": [153, 307]}, "order": {"prob": 0.0031847133757961785, "count": 1, "pos": [155]}, "protect": {"prob": 0.0031847133757961785, "count": 1, "pos": [157]}, "her": {"prob": 0.012738853503184714, "count": 4, "pos": [158, 160, 295, 300]}, "husband": {"prob": 0.006369426751592357, "count": 2, "pos": [161, 301]}, "reput": {"prob": 0.006369426751592357, "count": 2, "pos": [162, 296]}, "relationship": {"prob": 0.0031847133757961785, "count": 1, "pos": [165]}, "deepen": {"prob": 0.0031847133757961785, "count": 1, "pos": [168]}, "suspicion": {"prob": 0.0031847133757961785, "count": 1, "pos": [169]}, "mount": {"prob": 0.006369426751592357, "count": 2, "pos": [173, 189]},