{"__total__": 532, "__name__": "doc_1089_Pandoras_Box_1929.txt", "lulu": {"prob": 0.03571428571428571, "count": 19, "pos": [0, 49, 67, 88, 104, 162, 202, 214, 238, 262, 281, 333, 343, 382, 392, 415, 435, 456, 521]}, "is": {"prob": 0.022556390977443608, "count": 12, "pos": [1, 18, 52, 121, 207, 210, 242, 275, 282, 344, 411, 497]}, "the": {"prob": 0.04887218045112782, "count": 26, "pos": [2, 41, 46, 59, 62, 65, 80, 101, 131, 152, 159, 204, 222, 230, 233, 256, 264, 269, 302, 310, 325, 335, 341, 458, 465, 512]}, "mistress": {"prob": 0.0018796992481203006, "count": 1, "pos": [3]}, "of": {"prob": 0.013157894736842105, "count": 7, "pos": [4, 61, 64, 154, 168, 460, 520]}, "a": {"prob": 0.018796992481203006, "count": 10, "pos": [5, 176, 194, 294, 364, 367, 427, 446, 462, 527]}, "respect": {"prob": 0.0018796992481203006, "count": 1, "pos": [6]}, "middl": {"prob": 0.0018796992481203006, "count": 1, "pos": [7]}, "age": {"prob": 0.0018796992481203006, "count": 1, "pos": [8]}, "newspap": {"prob": 0.0018796992481203006, "count": 1, "pos": [9]}, "publish": {"prob": 0.0018796992481203006, "count": 1, "pos": [10]}, "dr": {"prob": 0.0018796992481203006, "count": 1, "pos": [11]}, "ludwig": {"prob": 0.0018796992481203006, "count": 1, "pos": [12]}, "sch\u00e3": {"prob": 0.020676691729323307, "count": 11, "pos": [13, 32, 43, 116, 119, 149, 171, 196, 249, 273, 311]}, "n": {"prob": 0.020676691729323307, "count": 11, "pos": [14, 33, 44, 117, 120, 150, 172, 197, 250, 274, 312]}, "one": {"prob": 0.0018796992481203006, "count": 1, "pos": [15]}, "day": {"prob": 0.0037593984962406013, "count": 2, "pos": [16, 103]}, "she": {"prob": 0.009398496240601503, "count": 5, "pos": [17, 36, 186, 430, 478]}, "delight": {"prob": 0.0018796992481203006, "count": 1, "pos": [19]}, "when": {"prob": 0.011278195488721804, "count": 6, "pos": [20, 31, 77, 161, 261, 304]}, "an": {"prob": 0.005639097744360902, "count": 3, "pos": [21, 371, 384]}, "old": {"prob": 0.0018796992481203006, "count": 1, "pos": [22]}, "patron": {"prob": 0.0018796992481203006, "count": 1, "pos": [23]}, "schigolch": {"prob": 0.016917293233082706, "count": 9, "pos": [24, 38, 83, 86, 218, 290, 418, 434, 488]}, "show": {"prob": 0.0018796992481203006, "count": 1, "pos": [25]}, "up": {"prob": 0.005639097744360902, "count": 3, "pos": [26, 129, 441]}, "at": {"prob": 0.007518796992481203, "count": 4, "pos": [27, 277, 408, 413]}, "her": {"prob": 0.03383458646616541, "count": 18, "pos": [28, 94, 108, 126, 135, 144, 169, 174, 183, 243, 278, 299, 307, 319, 338, 468, 485, 525]}, "door": {"prob": 0.0018796992481203006, "count": 1, "pos": [29]}, "howev": {"prob": 0.009398496240601503, "count": 5, "pos": [30, 148, 289, 378, 506]}, "also": {"prob": 0.0037593984962406013, "count": 2, "pos": [34, 362]}, "arriv": {"prob": 0.0018796992481203006, "count": 1, "pos": [35]}, "ha": {"prob": 0.007518796992481203, "count": 4, "pos": [37, 422, 457, 475]}, "hide": {"prob": 0.0037593984962406013, "count": 2, "pos": [39, 365]}, "on": {"prob": 0.007518796992481203, "count": 4, "pos": [40, 340, 450, 511]}, "terrac": {"prob": 0.0018796992481203006, "count": 1, "pos": [42]}, "break": {"prob": 0.0018796992481203006, "count": 1, "pos": [45]}, "news": {"prob": 0.0018796992481203006, "count": 1, "pos": [47]}, "to": {"prob": 0.04887218045112782, "count": 26, "pos": [48, 54, 69, 72, 89, 95, 106, 114, 124, 133, 142, 157, 164, 179, 181, 200, 212, 284, 323, 354, 383, 402, 417, 426, 454, 484]}, "that": {"prob": 0.0037593984962406013, "count": 2, "pos": [50, 240]}, "he": {"prob": 0.022556390977443608, "count": 12, "pos": [51, 78, 84, 209, 224, 314, 352, 361, 421, 472, 474, 507]}, "go": {"prob": 0.0018796992481203006, "count": 1, "pos": [53]}, "marri": {"prob": 0.0037593984962406013, "count": 2, "pos": [55, 201]}, "charlott": {"prob": 0.005639097744360902, "count": 3, "pos": [56, 156, 190]}, "von": {"prob": 0.0018796992481203006, "count": 1, "pos": [57]}, "zarnikow": {"prob": 0.0018796992481203006, "count": 1, "pos": [58]}, "daughter": {"prob": 0.0018796992481203006, "count": 1, "pos": [60]}, "minist": {"prob": 0.0018796992481203006, "count": 1, "pos": [63]}, "interior": {"prob": 0.0018796992481203006, "count": 1, "pos": [66]}, "tri": {"prob": 0.0037593984962406013, "count": 2, "pos": [68, 180]}, "get": {"prob": 0.005639097744360902, "count": 3, "pos": [70, 143, 225]}, "him": {"prob": 0.009398496240601503, "count": 5, "pos": [71, 188, 432, 480, 483]}, "chang": {"prob": 0.0018796992481203006, "count": 1, "pos": [73]}, "hi": {"prob": 0.020676691729323307, "count": 11, "pos": [74, 97, 138, 146, 226, 252, 316, 387, 396, 503, 517]}, "mind": {"prob": 0.0018796992481203006, "count": 1, "pos": [75]}, "but": {"prob": 0.007518796992481203, "count": 4, "pos": [76, 127, 185, 410]}, "discov": {"prob": 0.0018796992481203006, "count": 1, "pos": [79]}, "disreput": {"prob": 0.0018796992481203006, "count": 1, "pos": [81]}, "look": {"prob": 0.0018796992481203006, "count": 1, "pos": [82]}, "leav": {"prob": 0.0037593984962406013, "count": 2, "pos": [85, 236]}, "introduc": {"prob": 0.0018796992481203006, "count": 1, "pos": [87]}, "rodrigo": {"prob": 0.0018796992481203006, "count": 1, "pos": [90]}, "quast": {"prob": 0.009398496240601503, "count": 5, "pos": [91, 220, 292, 390, 425]}, "who": {"prob": 0.0037593984962406013, "count": 2, "pos": [92, 112]}, "want": {"prob": 0.0018796992481203006, "count": 1, "pos": [93]}, "join": {"prob": 0.0037593984962406013, "count": 2, "pos": [96, 526]}, "new": {"prob": 0.005639097744360902, "count": 3, "pos": [98, 253, 397]}, "trapez": {"prob": 0.0018796992481203006, "count": 1, "pos": [99]}, "act": {"prob": 0.0037593984962406013, "count": 2, "pos": [100, 398]}, "next": {"prob": 0.0018796992481203006, "count": 1, "pos": [102]}, "goe": {"prob": 0.0037593984962406013, "count": 2, "pos": [105, 266]}, "see": {"prob": 0.005639097744360902, "count": 3, "pos": [107, 125, 158]}, "best": {"prob": 0.0018796992481203006, "count": 1, "pos": [109]}, "friend": {"prob": 0.0018796992481203006, "count": 1, "pos": [110]}, "alwa": {"prob": 0.011278195488721804, "count": 6, "pos": [111, 305, 406, 437, 490, 523]}, "happen": {"prob": 0.0018796992481203006, "count": 1, "pos": [113]}, "be": {"prob": 0.0018796992481203006, "count": 1, "pos": [115]}, "son": {"prob": 0.0037593984962406013, "count": 2, "pos": [118, 139]}, "great": {"prob": 0.0018796992481203006, "count": 1, "pos": [122]}, "displea": {"prob": 0.0018796992481203006, "count": 1, "pos": [123]}, "come": {"prob": 0.0018796992481203006, "count": 1, "pos": [128]}, "with": {"prob": 0.005639097744360902, "count": 3, "pos": [130, 217, 332]}, "idea": {"prob": 0.0018796992481203006, "count": 1, "pos": [132]}, "have": {"prob": 0.0018796992481203006, "count": 1, "pos": [134]}, "star": {"prob": 0.0018796992481203006, "count": 1, "pos": [136]}, "in": {"prob": 0.016917293233082706, "count": 9, "pos": [137, 166, 221, 268, 301, 309, 357, 443, 445]}, "music": {"prob": 0.0018796992481203006, "count": 1, "pos": [140]}, "product": {"prob": 0.0018796992481203006, "count": 1, "pos": [141]}, "off": {"prob": 0.005639097744360902, "count": 3, "pos": [145, 267, 405]}, "hand": {"prob": 0.0018796992481203006, "count": 1, "pos": [147]}, "make": {"prob": 0.0018796992481203006, "count": 1, "pos": [151]}, "mistak": {"prob": 0.0018796992481203006, "count": 1, "pos": [153]}, "bring": {"prob": 0.0018796992481203006, "count": 1, "pos": [155]}, "revu": {"prob": 0.0018796992481203006, "count": 1, "pos": [160]}, "refus": {"prob": 0.0037593984962406013, "count": 2, "pos": [163, 263]}, "perform": {"prob": 0.0018796992481203006, "count": 1, "pos": [165]}, "front": {"prob": 0.0018796992481203006, "count": 1, "pos": [167]}, "rival": {"prob": 0.0018796992481203006, "count": 1, "pos": [170]}, "take": {"prob": 0.0037593984962406013, "count": 2, "pos": [173, 255]}, "into": {"prob": 0.0018796992481203006, "count": 1, "pos": [175]}, "storag": {"prob": 0.0018796992481203006, "count": 1, "pos": [177]}, "room": {"prob": 0.0018796992481203006, "count": 1, "pos": [178]},