{"__total__": 505, "__name__": "doc_1092_Papillon.txt", "henri": {"prob": 0.0019801980198019802, "count": 1, "pos": [0]}, "papillon": {"prob": 0.033663366336633666, "count": 17, "pos": [1, 61, 79, 92, 102, 134, 173, 254, 293, 302, 321, 349, 369, 391, 422, 464, 482]}, "charri\u00e3": {"prob": 0.0019801980198019802, "count": 1, "pos": [2]}, "re": {"prob": 0.0019801980198019802, "count": 1, "pos": [3]}, "a": {"prob": 0.04554455445544554, "count": 23, "pos": [4, 40, 45, 70, 76, 175, 193, 199, 206, 232, 256, 265, 276, 305, 309, 318, 323, 334, 347, 387, 419, 431, 478]}, "petti": {"prob": 0.0019801980198019802, "count": 1, "pos": [5]}, "crimin": {"prob": 0.0019801980198019802, "count": 1, "pos": [6]}, "is": {"prob": 0.027722772277227723, "count": 14, "pos": [7, 16, 50, 80, 97, 141, 230, 236, 338, 345, 380, 439, 473, 497]}, "unjust": {"prob": 0.0019801980198019802, "count": 1, "pos": [8]}, "convict": {"prob": 0.0039603960396039604, "count": 2, "pos": [9, 42]}, "of": {"prob": 0.009900990099009901, "count": 5, "pos": [10, 33, 119, 278, 486]}, "murder": {"prob": 0.0039603960396039604, "count": 2, "pos": [11, 348]}, "in": {"prob": 0.019801980198019802, "count": 10, "pos": [12, 21, 85, 105, 152, 170, 373, 383, 403, 489]}, "1930": {"prob": 0.0019801980198019802, "count": 1, "pos": [13]}, "franc": {"prob": 0.0019801980198019802, "count": 1, "pos": [14]}, "he": {"prob": 0.011881188118811881, "count": 6, "pos": [15, 38, 337, 344, 406, 451]}, "sentenc": {"prob": 0.0039603960396039604, "count": 2, "pos": [17, 81]}, "to": {"prob": 0.039603960396039604, "count": 20, "pos": [18, 82, 91, 115, 129, 132, 136, 188, 203, 255, 296, 314, 325, 333, 361, 385, 442, 446, 454, 457]}, "life": {"prob": 0.0039603960396039604, "count": 2, "pos": [19, 488]}, "imprison": {"prob": 0.0019801980198019802, "count": 1, "pos": [20]}, "the": {"prob": 0.05148514851485148, "count": 26, "pos": [22, 31, 66, 94, 108, 117, 171, 196, 214, 218, 223, 228, 239, 250, 269, 271, 280, 300, 351, 362, 436, 467, 476, 484, 493, 495]}, "notori": {"prob": 0.0019801980198019802, "count": 1, "pos": [23]}, "french": {"prob": 0.0039603960396039604, "count": 2, "pos": [24, 34]}, "penal": {"prob": 0.0019801980198019802, "count": 1, "pos": [25]}, "coloni": {"prob": 0.0039603960396039604, "count": 2, "pos": [26, 259]}, "on": {"prob": 0.007920792079207921, "count": 4, "pos": [27, 138, 156, 183]}, "devil": {"prob": 0.0019801980198019802, "count": 1, "pos": [28]}, "island": {"prob": 0.0019801980198019802, "count": 1, "pos": [29]}, "off": {"prob": 0.0019801980198019802, "count": 1, "pos": [30]}, "coast": {"prob": 0.0019801980198019802, "count": 1, "pos": [32]}, "guiana": {"prob": 0.0019801980198019802, "count": 1, "pos": [35]}, "en": {"prob": 0.0019801980198019802, "count": 1, "pos": [36]}, "rout": {"prob": 0.0019801980198019802, "count": 1, "pos": [37]}, "meet": {"prob": 0.0039603960396039604, "count": 2, "pos": [39, 174]}, "fellow": {"prob": 0.0019801980198019802, "count": 1, "pos": [41]}, "loui": {"prob": 0.0019801980198019802, "count": 1, "pos": [43]}, "dega": {"prob": 0.02178217821782178, "count": 11, "pos": [44, 59, 74, 87, 139, 161, 209, 285, 398, 456, 463]}, "forger": {"prob": 0.0019801980198019802, "count": 1, "pos": [46]}, "and": {"prob": 0.033663366336633666, "count": 17, "pos": [47, 124, 127, 140, 155, 220, 252, 264, 284, 294, 329, 376, 413, 438, 469, 491, 500]}, "embezzl": {"prob": 0.0019801980198019802, "count": 1, "pos": [48]}, "who": {"prob": 0.007920792079207921, "count": 4, "pos": [49, 181, 201, 235]}, "convinc": {"prob": 0.0019801980198019802, "count": 1, "pos": [51]}, "that": {"prob": 0.015841584158415842, "count": 8, "pos": [52, 110, 227, 238, 343, 424, 428, 481]}, "hi": {"prob": 0.023762376237623763, "count": 12, "pos": [53, 57, 63, 120, 211, 289, 367, 396, 408, 415, 471, 487]}, "wife": {"prob": 0.0039603960396039604, "count": 2, "pos": [54, 409]}, "will": {"prob": 0.0039603960396039604, "count": 2, "pos": [55, 112]}, "secur": {"prob": 0.0019801980198019802, "count": 1, "pos": [56]}, "relea": {"prob": 0.005940594059405941, "count": 3, "pos": [58, 142, 381]}, "hire": {"prob": 0.0019801980198019802, "count": 1, "pos": [60]}, "as": {"prob": 0.0039603960396039604, "count": 2, "pos": [62, 364]}, "bodyguard": {"prob": 0.0019801980198019802, "count": 1, "pos": [64]}, "but": {"prob": 0.007920792079207921, "count": 4, "pos": [65, 208, 341, 356]}, "two": {"prob": 0.005940594059405941, "count": 3, "pos": [67, 147, 449]}, "eventu": {"prob": 0.0019801980198019802, "count": 1, "pos": [68]}, "develop": {"prob": 0.0019801980198019802, "count": 1, "pos": [69]}, "friendship": {"prob": 0.0019801980198019802, "count": 1, "pos": [71]}, "after": {"prob": 0.013861386138613862, "count": 7, "pos": [72, 146, 216, 245, 267, 298, 461]}, "defend": {"prob": 0.0019801980198019802, "count": 1, "pos": [73]}, "against": {"prob": 0.0019801980198019802, "count": 1, "pos": [75]}, "sadist": {"prob": 0.0019801980198019802, "count": 1, "pos": [77]}, "guard": {"prob": 0.013861386138613862, "count": 7, "pos": [78, 100, 195, 200, 219, 240, 251]}, "solitari": {"prob": 0.005940594059405941, "count": 3, "pos": [83, 144, 374]}, "confin": {"prob": 0.005940594059405941, "count": 3, "pos": [84, 145, 375]}, "gratitud": {"prob": 0.0019801980198019802, "count": 1, "pos": [86]}, "smuggl": {"prob": 0.0039603960396039604, "count": 2, "pos": [88, 96]}, "extra": {"prob": 0.0019801980198019802, "count": 1, "pos": [89]}, "food": {"prob": 0.005940594059405941, "count": 3, "pos": [90, 95, 103]}, "when": {"prob": 0.0019801980198019802, "count": 1, "pos": [93]}, "discov": {"prob": 0.0039603960396039604, "count": 2, "pos": [98, 226]}, "prison": {"prob": 0.009900990099009901, "count": 5, "pos": [99, 197, 244, 494, 496]}, "cut": {"prob": 0.0019801980198019802, "count": 1, "pos": [101]}, "ration": {"prob": 0.0039603960396039604, "count": 2, "pos": [104, 158]}, "half": {"prob": 0.005940594059405941, "count": 3, "pos": [106, 125, 157]}, "with": {"prob": 0.009900990099009901, "count": 5, "pos": [107, 160, 308, 331, 459]}, "expect": {"prob": 0.0019801980198019802, "count": 1, "pos": [109]}, "hunger": {"prob": 0.0019801980198019802, "count": 1, "pos": [111]}, "forc": {"prob": 0.0019801980198019802, "count": 1, "pos": [113]}, "him": {"prob": 0.009900990099009901, "count": 5, "pos": [114, 359, 412, 444, 460]}, "reveal": {"prob": 0.0019801980198019802, "count": 1, "pos": [116]}, "name": {"prob": 0.0039603960396039604, "count": 2, "pos": [118, 178]}, "benefactor": {"prob": 0.0019801980198019802, "count": 1, "pos": [121]}, "though": {"prob": 0.0019801980198019802, "count": 1, "pos": [122]}, "emaci": {"prob": 0.0019801980198019802, "count": 1, "pos": [123]}, "insan": {"prob": 0.0019801980198019802, "count": 1, "pos": [126]}, "reduc": {"prob": 0.0019801980198019802, "count": 1, "pos": [128]}, "eat": {"prob": 0.0019801980198019802, "count": 1, "pos": [130]}, "insect": {"prob": 0.0019801980198019802, "count": 1, "pos": [131]}, "surviv": {"prob": 0.0019801980198019802, "count": 1, "pos": [133]}, "refus": {"prob": 0.0019801980198019802, "count": 1, "pos": [135]}, "snitch": {"prob": 0.0019801980198019802, "count": 1, "pos": [137]}, "from": {"prob": 0.007920792079207921, "count": 4, "pos": [143, 418, 435, 466]}, "year": {"prob": 0.0039603960396039604, "count": 2, "pos": [148, 372]}, "includ": {"prob": 0.0019801980198019802, "count": 1, "pos": [149]}, "six": {"prob": 0.0019801980198019802, "count": 1, "pos": [150]}, "month": {"prob": 0.0019801980198019802, "count": 1, "pos": [151]}, "total": {"prob": 0.0019801980198019802, "count": 1, "pos": [153]}, "dark": {"prob": 0.0019801980198019802, "count": 1, "pos": [154]}, "reunit": {"prob": 0.0019801980198019802, "count": 1, "pos": [159]}, "they": {"prob": 0.005940594059405941, "count": 3, "pos": [162, 225, 261]}, "soon": {"prob": 0.0019801980198019802, "count": 1, "pos": [163]}, "begin": {"prob": 0.0019801980198019802, "count": 1, "pos": [164]}, "plan": {"prob": 0.0019801980198019802, "count": 1, "pos": [165]},