{"__total__": 528, "__name__": "doc_1097_Pather_Panchali.txt", "set": {"prob": 0.001893939393939394, "count": 1, "pos": [0]}, "in": {"prob": 0.022727272727272728, "count": 12, "pos": [1, 29, 34, 67, 88, 109, 138, 247, 264, 310, 335, 392]}, "rural": {"prob": 0.001893939393939394, "count": 1, "pos": [2]}, "bengal": {"prob": 0.001893939393939394, "count": 1, "pos": [3]}, "of": {"prob": 0.028409090909090908, "count": 15, "pos": [4, 13, 18, 51, 58, 91, 98, 141, 226, 262, 272, 287, 306, 420, 453]}, "the": {"prob": 0.06439393939393939, "count": 34, "pos": [5, 11, 15, 19, 30, 35, 75, 139, 176, 188, 200, 223, 237, 243, 265, 270, 288, 290, 302, 307, 311, 318, 336, 367, 380, 393, 436, 442, 451, 468, 473, 485, 500, 526]}, "1920": {"prob": 0.001893939393939394, "count": 1, "pos": [6]}, "pather": {"prob": 0.001893939393939394, "count": 1, "pos": [7]}, "panchali": {"prob": 0.001893939393939394, "count": 1, "pos": [8]}, "focus": {"prob": 0.001893939393939394, "count": 1, "pos": [9]}, "on": {"prob": 0.003787878787878788, "count": 2, "pos": [10, 417]}, "live": {"prob": 0.005681818181818182, "count": 3, "pos": [12, 28, 45]}, "apu": {"prob": 0.015151515151515152, "count": 8, "pos": [14, 25, 38, 104, 207, 293, 483, 504]}, "young": {"prob": 0.001893939393939394, "count": 1, "pos": [16]}, "protagonist": {"prob": 0.001893939393939394, "count": 1, "pos": [17]}, "film": {"prob": 0.005681818181818182, "count": 3, "pos": [20, 312, 501]}, "and": {"prob": 0.03409090909090909, "count": 18, "pos": [21, 49, 61, 103, 105, 130, 162, 255, 294, 378, 383, 403, 415, 423, 431, 456, 475, 505]}, "hi": {"prob": 0.013257575757575758, "count": 7, "pos": [22, 68, 79, 85, 365, 466, 506]}, "famili": {"prob": 0.00946969696969697, "count": 5, "pos": [23, 27, 86, 368, 469]}, "member": {"prob": 0.001893939393939394, "count": 1, "pos": [24]}, "impoverish": {"prob": 0.001893939393939394, "count": 1, "pos": [26]}, "dilapid": {"prob": 0.001893939393939394, "count": 1, "pos": [31]}, "ancestr": {"prob": 0.003787878787878788, "count": 2, "pos": [32, 477]}, "home": {"prob": 0.011363636363636364, "count": 6, "pos": [33, 122, 140, 282, 430, 478]}, "villag": {"prob": 0.007575757575757576, "count": 4, "pos": [36, 244, 337, 474]}, "nischindipur": {"prob": 0.001893939393939394, "count": 1, "pos": [37]}, "father": {"prob": 0.001893939393939394, "count": 1, "pos": [39]}, "harihar": {"prob": 0.00946969696969697, "count": 5, "pos": [40, 93, 328, 428, 457]}, "ray": {"prob": 0.001893939393939394, "count": 1, "pos": [41]}, "earn": {"prob": 0.003787878787878788, "count": 2, "pos": [42, 334]}, "a": {"prob": 0.03787878787878788, "count": 20, "pos": [43, 47, 52, 131, 159, 183, 233, 248, 252, 257, 260, 285, 332, 347, 396, 405, 418, 498, 509, 522]}, "meager": {"prob": 0.001893939393939394, "count": 1, "pos": [44]}, "as": {"prob": 0.011363636363636364, "count": 6, "pos": [46, 55, 199, 229, 459, 479]}, "priest": {"prob": 0.001893939393939394, "count": 1, "pos": [48]}, "dream": {"prob": 0.001893939393939394, "count": 1, "pos": [50]}, "better": {"prob": 0.003787878787878788, "count": 2, "pos": [53, 348]}, "career": {"prob": 0.001893939393939394, "count": 1, "pos": [54]}, "an": {"prob": 0.001893939393939394, "count": 1, "pos": [56]}, "author": {"prob": 0.001893939393939394, "count": 1, "pos": [57]}, "scholar": {"prob": 0.001893939393939394, "count": 1, "pos": [59]}, "play": {"prob": 0.003787878787878788, "count": 2, "pos": [60, 391]}, "poem": {"prob": 0.001893939393939394, "count": 1, "pos": [62]}, "he": {"prob": 0.015151515151515152, "count": 8, "pos": [63, 71, 350, 354, 438, 460, 463, 494]}, "is": {"prob": 0.007575757575757576, "count": 4, "pos": [64, 87, 126, 304]}, "easili": {"prob": 0.001893939393939394, "count": 1, "pos": [65]}, "exploit": {"prob": 0.001893939393939394, "count": 1, "pos": [66]}, "work": {"prob": 0.001893939393939394, "count": 1, "pos": [69]}, "\u00e2": {"prob": 0.001893939393939394, "count": 1, "pos": [70]}, "cannot": {"prob": 0.001893939393939394, "count": 1, "pos": [72]}, "even": {"prob": 0.005681818181818182, "count": 3, "pos": [73, 266, 370]}, "muster": {"prob": 0.001893939393939394, "count": 1, "pos": [74]}, "courag": {"prob": 0.001893939393939394, "count": 1, "pos": [76]}, "to": {"prob": 0.026515151515151516, "count": 14, "pos": [77, 119, 196, 218, 283, 300, 330, 339, 341, 344, 359, 433, 471, 513]}, "ask": {"prob": 0.001893939393939394, "count": 1, "pos": [78]}, "employ": {"prob": 0.001893939393939394, "count": 1, "pos": [80]}, "for": {"prob": 0.011363636363636364, "count": 6, "pos": [81, 181, 193, 204, 346, 395]}, "overdu": {"prob": 0.001893939393939394, "count": 1, "pos": [82]}, "wage": {"prob": 0.001893939393939394, "count": 1, "pos": [83]}, "although": {"prob": 0.003787878787878788, "count": 2, "pos": [84, 211]}, "dire": {"prob": 0.001893939393939394, "count": 1, "pos": [89]}, "need": {"prob": 0.001893939393939394, "count": 1, "pos": [90]}, "money": {"prob": 0.003787878787878788, "count": 2, "pos": [92, 358]}, "wife": {"prob": 0.001893939393939394, "count": 1, "pos": [94]}, "sarbajaya": {"prob": 0.015151515151515152, "count": 8, "pos": [95, 116, 145, 186, 352, 374, 435, 444]}, "take": {"prob": 0.003787878787878788, "count": 2, "pos": [96, 136]}, "care": {"prob": 0.005681818181818182, "count": 3, "pos": [97, 203, 410]}, "their": {"prob": 0.011363636363636364, "count": 6, "pos": [99, 322, 361, 476, 514, 520]}, "two": {"prob": 0.001893939393939394, "count": 1, "pos": [100]}, "children": {"prob": 0.001893939393939394, "count": 1, "pos": [101]}, "durga": {"prob": 0.013257575757575758, "count": 7, "pos": [102, 154, 180, 198, 295, 389, 488]}, "her": {"prob": 0.013257575757575758, "count": 7, "pos": [106, 121, 148, 192, 205, 412, 454]}, "elder": {"prob": 0.003787878787878788, "count": 2, "pos": [107, 201]}, "aunt": {"prob": 0.005681818181818182, "count": 3, "pos": [108, 166, 323]}, "law": {"prob": 0.001893939393939394, "count": 1, "pos": [110]}, "indir": {"prob": 0.00946969696969697, "count": 5, "pos": [111, 124, 125, 167, 324]}, "thakrun": {"prob": 0.001893939393939394, "count": 1, "pos": [112]}, "with": {"prob": 0.015151515151515152, "count": 8, "pos": [113, 123, 165, 168, 208, 357, 407, 503]}, "limit": {"prob": 0.001893939393939394, "count": 1, "pos": [114]}, "resourc": {"prob": 0.001893939393939394, "count": 1, "pos": [115]}, "resent": {"prob": 0.001893939393939394, "count": 1, "pos": [117]}, "have": {"prob": 0.003787878787878788, "count": 2, "pos": [118, 492]}, "share": {"prob": 0.005681818181818182, "count": 3, "pos": [120, 163, 222]}, "veri": {"prob": 0.001893939393939394, "count": 1, "pos": [127]}, "old": {"prob": 0.001893939393939394, "count": 1, "pos": [128]}, "toothless": {"prob": 0.001893939393939394, "count": 1, "pos": [129]}, "hunchback": {"prob": 0.001893939393939394, "count": 1, "pos": [132]}, "crippl": {"prob": 0.001893939393939394, "count": 1, "pos": [133]}, "occas": {"prob": 0.001893939393939394, "count": 1, "pos": [134]}, "she": {"prob": 0.00946969696969697, "count": 5, "pos": [135, 170, 212, 400, 426]}, "refug": {"prob": 0.001893939393939394, "count": 1, "pos": [137]}, "anoth": {"prob": 0.001893939393939394, "count": 1, "pos": [142]}, "rel": {"prob": 0.001893939393939394, "count": 1, "pos": [143]}, "when": {"prob": 0.001893939393939394, "count": 1, "pos": [144]}, "either": {"prob": 0.001893939393939394, "count": 1, "pos": [146]}, "forc": {"prob": 0.001893939393939394, "count": 1, "pos": [147]}, "out": {"prob": 0.001893939393939394, "count": 1, "pos": [149]}, "or": {"prob": 0.001893939393939394, "count": 1, "pos": [150]}, "becom": {"prob": 0.001893939393939394, "count": 1, "pos": [151]}, "over": {"prob": 0.001893939393939394, "count": 1, "pos": [152]}, "offen": {"prob": 0.001893939393939394, "count": 1, "pos": [153]}, "often": {"prob": 0.001893939393939394, "count": 1, "pos": [155]}, "steal": {"prob": 0.005681818181818182, "count": 3, "pos": [156, 182, 197]}, "fruit": {"prob": 0.001893939393939394, "count": 1, "pos": [157]}, "from": {"prob": 0.007575757575757576, "count": 4,