{"__total__": 161, "__name__": "doc_1114_Pieces_of_April.txt", "april": {"prob": 0.012422360248447204, "count": 2, "pos": [0, 119]}, "burn": {"prob": 0.006211180124223602, "count": 1, "pos": [1]}, "the": {"prob": 0.055900621118012424, "count": 9, "pos": [2, 17, 41, 51, 57, 122, 135, 149, 159]}, "eldest": {"prob": 0.006211180124223602, "count": 1, "pos": [3]}, "daughter": {"prob": 0.006211180124223602, "count": 1, "pos": [4]}, "in": {"prob": 0.018633540372670808, "count": 3, "pos": [5, 11, 158]}, "a": {"prob": 0.049689440993788817, "count": 8, "pos": [6, 12, 79, 82, 88, 105, 111, 124]}, "high": {"prob": 0.006211180124223602, "count": 1, "pos": [7]}, "dysfunct": {"prob": 0.006211180124223602, "count": 1, "pos": [8]}, "famili": {"prob": 0.024844720496894408, "count": 4, "pos": [9, 31, 58, 152]}, "live": {"prob": 0.006211180124223602, "count": 1, "pos": [10]}, "small": {"prob": 0.006211180124223602, "count": 1, "pos": [13]}, "tenement": {"prob": 0.006211180124223602, "count": 1, "pos": [14]}, "apart": {"prob": 0.006211180124223602, "count": 1, "pos": [15]}, "on": {"prob": 0.018633540372670808, "count": 3, "pos": [16, 54, 114]}, "lower": {"prob": 0.006211180124223602, "count": 1, "pos": [18]}, "east": {"prob": 0.006211180124223602, "count": 1, "pos": [19]}, "side": {"prob": 0.006211180124223602, "count": 1, "pos": [20]}, "of": {"prob": 0.018633540372670808, "count": 3, "pos": [21, 137, 151]}, "manhattan": {"prob": 0.006211180124223602, "count": 1, "pos": [22]}, "with": {"prob": 0.012422360248447204, "count": 2, "pos": [23, 134]}, "her": {"prob": 0.031055900621118012, "count": 5, "pos": [24, 30, 44, 86, 130]}, "boyfriend": {"prob": 0.006211180124223602, "count": 1, "pos": [25]}, "bobbi": {"prob": 0.012422360248447204, "count": 2, "pos": [26, 101]}, "although": {"prob": 0.006211180124223602, "count": 1, "pos": [27]}, "estrang": {"prob": 0.006211180124223602, "count": 1, "pos": [28]}, "from": {"prob": 0.012422360248447204, "count": 2, "pos": [29, 61]}, "she": {"prob": 0.018633540372670808, "count": 3, "pos": [32, 128, 140]}, "opt": {"prob": 0.006211180124223602, "count": 1, "pos": [33]}, "to": {"prob": 0.037267080745341616, "count": 6, "pos": [34, 63, 84, 103, 142, 147]}, "invit": {"prob": 0.006211180124223602, "count": 1, "pos": [35]}, "them": {"prob": 0.006211180124223602, "count": 1, "pos": [36]}, "for": {"prob": 0.037267080745341616, "count": 6, "pos": [37, 43, 70, 78, 91, 121]}, "thanksgiv": {"prob": 0.006211180124223602, "count": 1, "pos": [38]}, "dinner": {"prob": 0.012422360248447204, "count": 2, "pos": [39, 144]}, "probabl": {"prob": 0.006211180124223602, "count": 1, "pos": [40]}, "last": {"prob": 0.006211180124223602, "count": 1, "pos": [42]}, "mother": {"prob": 0.006211180124223602, "count": 1, "pos": [45]}, "joy": {"prob": 0.012422360248447204, "count": 2, "pos": [46, 75]}, "who": {"prob": 0.006211180124223602, "count": 1, "pos": [47]}, "ha": {"prob": 0.006211180124223602, "count": 1, "pos": [48]}, "breast": {"prob": 0.006211180124223602, "count": 1, "pos": [49]}, "cancer": {"prob": 0.006211180124223602, "count": 1, "pos": [50]}, "film": {"prob": 0.006211180124223602, "count": 1, "pos": [52]}, "focus": {"prob": 0.006211180124223602, "count": 1, "pos": [53]}, "three": {"prob": 0.006211180124223602, "count": 1, "pos": [55]}, "journey": {"prob": 0.006211180124223602, "count": 1, "pos": [56]}, "arduou": {"prob": 0.006211180124223602, "count": 1, "pos": [59]}, "trek": {"prob": 0.006211180124223602, "count": 1, "pos": [60]}, "suburbia": {"prob": 0.006211180124223602, "count": 1, "pos": [62]}, "new": {"prob": 0.012422360248447204, "count": 2, "pos": [64, 156]}, "york": {"prob": 0.006211180124223602, "count": 1, "pos": [65]}, "citi": {"prob": 0.006211180124223602, "count": 1, "pos": [66]}, "punctuat": {"prob": 0.006211180124223602, "count": 1, "pos": [67]}, "by": {"prob": 0.006211180124223602, "count": 1, "pos": [68]}, "stop": {"prob": 0.006211180124223602, "count": 1, "pos": [69]}, "krispi": {"prob": 0.006211180124223602, "count": 1, "pos": [71]}, "kreme": {"prob": 0.006211180124223602, "count": 1, "pos": [72]}, "doughnut": {"prob": 0.006211180124223602, "count": 1, "pos": [73]}, "bagel": {"prob": 0.006211180124223602, "count": 1, "pos": [74]}, "frequent": {"prob": 0.006211180124223602, "count": 1, "pos": [76]}, "need": {"prob": 0.006211180124223602, "count": 1, "pos": [77]}, "restroom": {"prob": 0.006211180124223602, "count": 1, "pos": [80]}, "or": {"prob": 0.006211180124223602, "count": 1, "pos": [81]}, "joint": {"prob": 0.006211180124223602, "count": 1, "pos": [83]}, "ea": {"prob": 0.006211180124223602, "count": 1, "pos": [85]}, "pain": {"prob": 0.006211180124223602, "count": 1, "pos": [87]}, "burial": {"prob": 0.006211180124223602, "count": 1, "pos": [89]}, "servic": {"prob": 0.006211180124223602, "count": 1, "pos": [90]}, "an": {"prob": 0.006211180124223602, "count": 1, "pos": [92]}, "anim": {"prob": 0.006211180124223602, "count": 1, "pos": [93]}, "they": {"prob": 0.006211180124223602, "count": 1, "pos": [94]}, "hit": {"prob": 0.006211180124223602, "count": 1, "pos": [95]}, "and": {"prob": 0.024844720496894408, "count": 4, "pos": [96, 99, 118, 153]}, "variou": {"prob": 0.012422360248447204, "count": 2, "pos": [97, 138]}, "argument": {"prob": 0.006211180124223602, "count": 1, "pos": [98]}, "recrimin": {"prob": 0.006211180124223602, "count": 1, "pos": [100]}, "effort": {"prob": 0.006211180124223602, "count": 1, "pos": [102]}, "find": {"prob": 0.006211180124223602, "count": 1, "pos": [104]}, "suit": {"prob": 0.006211180124223602, "count": 1, "pos": [106]}, "so": {"prob": 0.006211180124223602, "count": 1, "pos": [107]}, "he": {"prob": 0.006211180124223602, "count": 1, "pos": [108]}, "can": {"prob": 0.006211180124223602, "count": 1, "pos": [109]}, "make": {"prob": 0.012422360248447204, "count": 2, "pos": [110, 154]}, "good": {"prob": 0.006211180124223602, "count": 1, "pos": [112]}, "impress": {"prob": 0.006211180124223602, "count": 1, "pos": [113]}, "hi": {"prob": 0.006211180124223602, "count": 1, "pos": [115]}, "girlfriend": {"prob": 0.006211180124223602, "count": 1, "pos": [116]}, "rel": {"prob": 0.006211180124223602, "count": 1, "pos": [117]}, "prepar": {"prob": 0.006211180124223602, "count": 1, "pos": [120]}, "meal": {"prob": 0.006211180124223602, "count": 1, "pos": [123]}, "near": {"prob": 0.006211180124223602, "count": 1, "pos": [125]}, "disast": {"prob": 0.006211180124223602, "count": 1, "pos": [126]}, "when": {"prob": 0.006211180124223602, "count": 1, "pos": [127]}, "discov": {"prob": 0.006211180124223602, "count": 1, "pos": [129]}, "oven": {"prob": 0.006211180124223602, "count": 1, "pos": [131]}, "is": {"prob": 0.006211180124223602, "count": 1, "pos": [132]}, "broken": {"prob": 0.006211180124223602, "count": 1, "pos": [133]}, "help": {"prob": 0.006211180124223602, "count": 1, "pos": [136]}, "neighbor": {"prob": 0.006211180124223602, "count": 1, "pos": [139]}, "manag": {"prob": 0.006211180124223602, "count": 1, "pos": [141]}, "assembl": {"prob": 0.006211180124223602, "count": 1, "pos": [143]}, "while": {"prob": 0.006211180124223602, "count": 1, "pos": [145]}, "learn": {"prob": 0.006211180124223602, "count": 1, "pos": [146]}, "appreci": {"prob": 0.006211180124223602, "count": 1, "pos": [148]}, "import": {"prob": 0.006211180124223602, "count": 1, "pos": [150]}, "some": {"prob": 0.006211180124223602, "count": 1, "pos": [155]}, "friend": {"prob": 0.006211180124223602, "count": 1, "pos": [157]}, "process": {"prob": 0.006211180124223602, "count": 1, "pos": [160]}}