{"__total__": 504, "__name__": "doc_1136_Prince_of_Darkness.txt", "a": {"prob": 0.027777777777777776, "count": 14, "pos": [0, 7, 32, 36, 47, 93, 127, 190, 194, 285, 303, 307, 325, 469]}, "priest": {"prob": 0.005952380952380952, "count": 3, "pos": [1, 152, 377]}, "invit": {"prob": 0.001984126984126984, "count": 1, "pos": [2]}, "professor": {"prob": 0.001984126984126984, "count": 1, "pos": [3]}, "howard": {"prob": 0.001984126984126984, "count": 1, "pos": [4]}, "birack": {"prob": 0.003968253968253968, "count": 2, "pos": [5, 149]}, "and": {"prob": 0.023809523809523808, "count": 12, "pos": [6, 11, 105, 143, 150, 245, 261, 293, 329, 386, 424, 481]}, "group": {"prob": 0.007936507936507936, "count": 4, "pos": [8, 108, 148, 342]}, "of": {"prob": 0.04563492063492063, "count": 23, "pos": [9, 19, 70, 95, 100, 129, 146, 164, 170, 181, 201, 218, 227, 251, 270, 273, 281, 291, 320, 340, 369, 400, 439]}, "academ": {"prob": 0.001984126984126984, "count": 1, "pos": [10]}, "student": {"prob": 0.005952380952380952, "count": 3, "pos": [12, 48, 275]}, "to": {"prob": 0.03373015873015873, "count": 17, "pos": [13, 57, 88, 112, 120, 178, 212, 253, 297, 331, 361, 371, 405, 463, 467, 485, 495]}, "join": {"prob": 0.001984126984126984, "count": 1, "pos": [14]}, "him": {"prob": 0.003968253968253968, "count": 2, "pos": [15, 477]}, "in": {"prob": 0.011904761904761904, "count": 6, "pos": [16, 30, 49, 388, 413, 474]}, "the": {"prob": 0.12896825396825398, "count": 65, "pos": [17, 53, 58, 64, 67, 71, 74, 103, 107, 116, 122, 135, 138, 141, 147, 151, 155, 158, 162, 172, 179, 184, 199, 202, 204, 208, 219, 225, 228, 233, 243, 249, 258, 262, 268, 274, 278, 282, 299, 312, 318, 321, 333, 341, 348, 357, 374, 376, 379, 383, 389, 397, 401, 406, 416, 419, 425, 431, 437, 440, 444, 455, 459, 492, 502]}, "basement": {"prob": 0.001984126984126984, "count": 1, "pos": [18]}, "an": {"prob": 0.007936507936507936, "count": 4, "pos": [20, 165, 239, 450]}, "abandon": {"prob": 0.001984126984126984, "count": 1, "pos": [21]}, "lo": {"prob": 0.001984126984126984, "count": 1, "pos": [22]}, "angel": {"prob": 0.001984126984126984, "count": 1, "pos": [23]}, "church": {"prob": 0.003968253968253968, "count": 2, "pos": [24, 203]}, "where": {"prob": 0.001984126984126984, "count": 1, "pos": [25]}, "he": {"prob": 0.001984126984126984, "count": 1, "pos": [26]}, "request": {"prob": 0.001984126984126984, "count": 1, "pos": [27]}, "their": {"prob": 0.001984126984126984, "count": 1, "pos": [28]}, "assist": {"prob": 0.001984126984126984, "count": 1, "pos": [29]}, "investig": {"prob": 0.001984126984126984, "count": 1, "pos": [31]}, "mysteri": {"prob": 0.001984126984126984, "count": 1, "pos": [33]}, "cylind": {"prob": 0.00992063492063492, "count": 5, "pos": [34, 59, 104, 159, 259]}, "contain": {"prob": 0.001984126984126984, "count": 1, "pos": [35]}, "constant": {"prob": 0.001984126984126984, "count": 1, "pos": [37]}, "swirl": {"prob": 0.001984126984126984, "count": 1, "pos": [38]}, "green": {"prob": 0.001984126984126984, "count": 1, "pos": [39]}, "liquid": {"prob": 0.00992063492063492, "count": 5, "pos": [40, 65, 75, 101, 264]}, "among": {"prob": 0.001984126984126984, "count": 1, "pos": [41]}, "those": {"prob": 0.001984126984126984, "count": 1, "pos": [42]}, "present": {"prob": 0.001984126984126984, "count": 1, "pos": [43]}, "is": {"prob": 0.021825396825396824, "count": 11, "pos": [44, 61, 66, 83, 160, 176, 265, 314, 356, 393, 454]}, "brian": {"prob": 0.001984126984126984, "count": 1, "pos": [45]}, "marsh": {"prob": 0.00992063492063492, "count": 5, "pos": [46, 352, 442, 461, 478]}, "metaphi": {"prob": 0.001984126984126984, "count": 1, "pos": [50]}, "after": {"prob": 0.001984126984126984, "count": 1, "pos": [51]}, "research": {"prob": 0.001984126984126984, "count": 1, "pos": [52]}, "text": {"prob": 0.001984126984126984, "count": 1, "pos": [54]}, "found": {"prob": 0.001984126984126984, "count": 1, "pos": [55]}, "next": {"prob": 0.001984126984126984, "count": 1, "pos": [56]}, "it": {"prob": 0.005952380952380952, "count": 3, "pos": [60, 337, 409]}, "discov": {"prob": 0.001984126984126984, "count": 1, "pos": [62]}, "that": {"prob": 0.00992063492063492, "count": 5, "pos": [63, 82, 154, 235, 430]}, "corpor": {"prob": 0.001984126984126984, "count": 1, "pos": [68]}, "embodi": {"prob": 0.001984126984126984, "count": 1, "pos": [69]}, "anti": {"prob": 0.011904761904761904, "count": 6, "pos": [72, 173, 182, 283, 300, 384]}, "christ": {"prob": 0.003968253968253968, "count": 2, "pos": [73, 284]}, "appear": {"prob": 0.003968253968253968, "count": 2, "pos": [76, 462]}, "sentient": {"prob": 0.001984126984126984, "count": 1, "pos": [77]}, "produc": {"prob": 0.001984126984126984, "count": 1, "pos": [78]}, "increasing": {"prob": 0.001984126984126984, "count": 1, "pos": [79]}, "complex": {"prob": 0.001984126984126984, "count": 1, "pos": [80]}, "data": {"prob": 0.001984126984126984, "count": 1, "pos": [81]}, "reveal": {"prob": 0.003968253968253968, "count": 2, "pos": [84, 221]}, "by": {"prob": 0.007936507936507936, "count": 4, "pos": [85, 110, 126, 345]}, "comput": {"prob": 0.001984126984126984, "count": 1, "pos": [86]}, "decod": {"prob": 0.001984126984126984, "count": 1, "pos": [87]}, "includ": {"prob": 0.001984126984126984, "count": 1, "pos": [89]}, "differenti": {"prob": 0.001984126984126984, "count": 1, "pos": [90]}, "equat": {"prob": 0.001984126984126984, "count": 1, "pos": [91]}, "over": {"prob": 0.003968253968253968, "count": 2, "pos": [92, 466]}, "period": {"prob": 0.001984126984126984, "count": 1, "pos": [94]}, "two": {"prob": 0.003968253968253968, "count": 2, "pos": [96, 145]}, "day": {"prob": 0.001984126984126984, "count": 1, "pos": [97]}, "small": {"prob": 0.003968253968253968, "count": 2, "pos": [98, 316]}, "jet": {"prob": 0.001984126984126984, "count": 1, "pos": [99]}, "escap": {"prob": 0.003968253968253968, "count": 2, "pos": [102, 121]}, "possess": {"prob": 0.00992063492063492, "count": 5, "pos": [106, 130, 350, 417, 452]}, "one": {"prob": 0.007936507936507936, "count": 4, "pos": [109, 111, 272, 359]}, "use": {"prob": 0.003968253968253968, "count": 2, "pos": [113, 306]}, "them": {"prob": 0.003968253968253968, "count": 2, "pos": [114, 370]}, "against": {"prob": 0.001984126984126984, "count": 1, "pos": [115]}, "remain": {"prob": 0.003968253968253968, "count": 2, "pos": [117, 263]}, "survivor": {"prob": 0.005952380952380952, "count": 3, "pos": [118, 185, 426]}, "attempt": {"prob": 0.003968253968253968, "count": 2, "pos": [119, 296]}, "build": {"prob": 0.005952380952380952, "count": 3, "pos": [123, 136, 460]}, "are": {"prob": 0.007936507936507936, "count": 4, "pos": [124, 237, 343, 427]}, "thwart": {"prob": 0.003968253968253968, "count": 2, "pos": [125, 435]}, "mass": {"prob": 0.001984126984126984, "count": 1, "pos": [128]}, "street": {"prob": 0.003968253968253968, "count": 2, "pos": [131, 420]}, "peopl": {"prob": 0.003968253968253968, "count": 2, "pos": [132, 421]}, "who": {"prob": 0.007936507936507936, "count": 4, "pos": [133, 175, 276, 295]}, "surround": {"prob": 0.001984126984126984, "count": 1, "pos": [134]}, "barricad": {"prob": 0.001984126984126984, "count": 1, "pos": [137]}, "door": {"prob": 0.001984126984126984, "count": 1, "pos": [139]}, "from": {"prob": 0.007936507936507936, "count": 4, "pos": [140, 198, 242, 458]}, "outsid": {"prob": 0.001984126984126984, "count": 1, "pos": [142]}, "kill": {"prob": 0.001984126984126984, "count": 1, "pos": [144]}, "theoriz": {"prob": 0.001984126984126984, "count": 1, "pos": [153]}, "be": {"prob": 0.003968253968253968, "count": 2, "pos": [156, 288]}, "within": {"prob": 0.001984126984126984, "count": 1, "pos": [157]}, "actual": {"prob": 0.003968253968253968, "count": 2, "pos": [161, 240]}, "son": {"prob": 0.001984126984126984, "count": 1, "pos": [163]}, "even": {"prob": 0.001984126984126984, "count": 1, "pos": [166]}, "more": {"prob": 0.003968253968253968, "count": 2, "pos": [167, 223]}, "power": {"prob": 0.003968253968253968, "count": 2, "pos": [168, 290]}, "forc": {"prob": 0.001984126984126984,