{"__total__": 233, "__name__": "doc_1152_Rachel_Rachel.txt", "rachel": {"prob": 0.02575107296137339, "count": 6, "pos": [0, 40, 77, 98, 107, 166]}, "cameron": {"prob": 0.004291845493562232, "count": 1, "pos": [1]}, "is": {"prob": 0.02575107296137339, "count": 6, "pos": [2, 34, 84, 100, 164, 195]}, "a": {"prob": 0.034334763948497854, "count": 8, "pos": [3, 28, 61, 68, 140, 157, 199, 229]}, "shi": {"prob": 0.004291845493562232, "count": 1, "pos": [4]}, "35": {"prob": 0.004291845493562232, "count": 1, "pos": [5]}, "year": {"prob": 0.004291845493562232, "count": 1, "pos": [6]}, "old": {"prob": 0.004291845493562232, "count": 1, "pos": [7]}, "spinster": {"prob": 0.004291845493562232, "count": 1, "pos": [8]}, "schoolteach": {"prob": 0.004291845493562232, "count": 1, "pos": [9]}, "live": {"prob": 0.004291845493562232, "count": 1, "pos": [10]}, "with": {"prob": 0.017167381974248927, "count": 4, "pos": [11, 142, 175, 216]}, "her": {"prob": 0.05150214592274678, "count": 12, "pos": [12, 25, 52, 65, 80, 88, 94, 104, 128, 146, 191, 217]}, "widow": {"prob": 0.004291845493562232, "count": 1, "pos": [13]}, "mother": {"prob": 0.008583690987124463, "count": 2, "pos": [14, 218]}, "in": {"prob": 0.02145922746781116, "count": 5, "pos": [15, 27, 31, 183, 219]}, "an": {"prob": 0.004291845493562232, "count": 1, "pos": [16]}, "apart": {"prob": 0.004291845493562232, "count": 1, "pos": [17]}, "abov": {"prob": 0.004291845493562232, "count": 1, "pos": [18]}, "the": {"prob": 0.017167381974248927, "count": 4, "pos": [19, 74, 173, 196]}, "funer": {"prob": 0.004291845493562232, "count": 1, "pos": [20]}, "home": {"prob": 0.004291845493562232, "count": 1, "pos": [21]}, "onc": {"prob": 0.008583690987124463, "count": 2, "pos": [22, 147]}, "own": {"prob": 0.004291845493562232, "count": 1, "pos": [23]}, "by": {"prob": 0.008583690987124463, "count": 2, "pos": [24, 103]}, "father": {"prob": 0.004291845493562232, "count": 1, "pos": [26]}, "small": {"prob": 0.004291845493562232, "count": 1, "pos": [29]}, "town": {"prob": 0.012875536480686695, "count": 3, "pos": [30, 116, 170]}, "connecticut": {"prob": 0.004291845493562232, "count": 1, "pos": [32]}, "school": {"prob": 0.008583690987124463, "count": 2, "pos": [33, 110]}, "out": {"prob": 0.008583690987124463, "count": 2, "pos": [35, 222]}, "for": {"prob": 0.017167381974248927, "count": 4, "pos": [36, 51, 134, 223]}, "summer": {"prob": 0.008583690987124463, "count": 2, "pos": [37, 50]}, "vacat": {"prob": 0.004291845493562232, "count": 1, "pos": [38]}, "and": {"prob": 0.030042918454935622, "count": 7, "pos": [39, 48, 56, 126, 159, 171, 215]}, "figur": {"prob": 0.004291845493562232, "count": 1, "pos": [41]}, "it": {"prob": 0.008583690987124463, "count": 2, "pos": [42, 207]}, "will": {"prob": 0.008583690987124463, "count": 2, "pos": [43, 227]}, "just": {"prob": 0.004291845493562232, "count": 1, "pos": [44]}, "be": {"prob": 0.008583690987124463, "count": 2, "pos": [45, 228]}, "anoth": {"prob": 0.008583690987124463, "count": 2, "pos": [46, 180]}, "lone": {"prob": 0.004291845493562232, "count": 1, "pos": [47]}, "bore": {"prob": 0.004291845493562232, "count": 1, "pos": [49]}, "fellow": {"prob": 0.004291845493562232, "count": 1, "pos": [53]}, "unmarri": {"prob": 0.004291845493562232, "count": 1, "pos": [54]}, "teacher": {"prob": 0.004291845493562232, "count": 1, "pos": [55]}, "best": {"prob": 0.004291845493562232, "count": 1, "pos": [57]}, "friend": {"prob": 0.008583690987124463, "count": 2, "pos": [58, 105]}, "calla": {"prob": 0.012875536480686695, "count": 3, "pos": [59, 82, 176]}, "macki": {"prob": 0.004291845493562232, "count": 1, "pos": [60]}, "closet": {"prob": 0.004291845493562232, "count": 1, "pos": [62]}, "lesbian": {"prob": 0.004291845493562232, "count": 1, "pos": [63]}, "persuad": {"prob": 0.004291845493562232, "count": 1, "pos": [64]}, "to": {"prob": 0.04721030042918455, "count": 11, "pos": [66, 78, 86, 97, 115, 117, 123, 138, 168, 205, 211]}, "attend": {"prob": 0.004291845493562232, "count": 1, "pos": [67]}, "reviv": {"prob": 0.004291845493562232, "count": 1, "pos": [69]}, "meet": {"prob": 0.004291845493562232, "count": 1, "pos": [70]}, "where": {"prob": 0.004291845493562232, "count": 1, "pos": [71]}, "one": {"prob": 0.004291845493562232, "count": 1, "pos": [72]}, "of": {"prob": 0.008583690987124463, "count": 2, "pos": [73, 198]}, "preacher": {"prob": 0.004291845493562232, "count": 1, "pos": [75]}, "encourag": {"prob": 0.004291845493562232, "count": 1, "pos": [76]}, "express": {"prob": 0.004291845493562232, "count": 1, "pos": [79]}, "feel": {"prob": 0.004291845493562232, "count": 1, "pos": [81]}, "also": {"prob": 0.004291845493562232, "count": 1, "pos": [83]}, "inspir": {"prob": 0.004291845493562232, "count": 1, "pos": [85]}, "explor": {"prob": 0.004291845493562232, "count": 1, "pos": [87]}, "emot": {"prob": 0.004291845493562232, "count": 1, "pos": [89]}, "but": {"prob": 0.008583690987124463, "count": 2, "pos": [90, 185]}, "when": {"prob": 0.008583690987124463, "count": 2, "pos": [91, 106]}, "she": {"prob": 0.04721030042918455, "count": 11, "pos": [92, 99, 121, 136, 150, 163, 178, 187, 189, 209, 225]}, "reveal": {"prob": 0.004291845493562232, "count": 1, "pos": [93]}, "physic": {"prob": 0.004291845493562232, "count": 1, "pos": [95]}, "attract": {"prob": 0.004291845493562232, "count": 1, "pos": [96]}, "kind": {"prob": 0.004291845493562232, "count": 1, "pos": [101]}, "rebuf": {"prob": 0.004291845493562232, "count": 1, "pos": [102]}, "former": {"prob": 0.004291845493562232, "count": 1, "pos": [108]}, "high": {"prob": 0.004291845493562232, "count": 1, "pos": [109]}, "classmat": {"prob": 0.004291845493562232, "count": 1, "pos": [111]}, "nick": {"prob": 0.008583690987124463, "count": 2, "pos": [112, 143]}, "kazlik": {"prob": 0.004291845493562232, "count": 1, "pos": [113]}, "come": {"prob": 0.004291845493562232, "count": 1, "pos": [114]}, "visit": {"prob": 0.004291845493562232, "count": 1, "pos": [118]}, "hi": {"prob": 0.008583690987124463, "count": 2, "pos": [119, 124]}, "parent": {"prob": 0.004291845493562232, "count": 1, "pos": [120]}, "succumb": {"prob": 0.004291845493562232, "count": 1, "pos": [122]}, "charm": {"prob": 0.004291845493562232, "count": 1, "pos": [125]}, "ha": {"prob": 0.004291845493562232, "count": 1, "pos": [127]}, "first": {"prob": 0.004291845493562232, "count": 1, "pos": [129]}, "sexual": {"prob": 0.004291845493562232, "count": 1, "pos": [130]}, "experi": {"prob": 0.004291845493562232, "count": 1, "pos": [131]}, "mistak": {"prob": 0.004291845493562232, "count": 1, "pos": [132]}, "lust": {"prob": 0.004291845493562232, "count": 1, "pos": [133]}, "love": {"prob": 0.004291845493562232, "count": 1, "pos": [135]}, "begin": {"prob": 0.004291845493562232, "count": 1, "pos": [137]}, "plan": {"prob": 0.012875536480686695, "count": 3, "pos": [139, 167, 214]}, "futur": {"prob": 0.008583690987124463, "count": 2, "pos": [141, 232]}, "who": {"prob": 0.004291845493562232, "count": 1, "pos": [144]}, "reject": {"prob": 0.004291845493562232, "count": 1, "pos": [145]}, "he": {"prob": 0.004291845493562232, "count": 1, "pos": [148]}, "realiz": {"prob": 0.004291845493562232, "count": 1, "pos": [149]}, "view": {"prob": 0.004291845493562232, "count": 1, "pos": [151]}, "their": {"prob": 0.004291845493562232, "count": 1, "pos": [152]}, "relationship": {"prob": 0.004291845493562232, "count": 1, "pos": [153]}, "as": {"prob": 0.008583690987124463, "count": 2, "pos": [154, 213]}, "more": {"prob": 0.008583690987124463, "count": 2, "pos": [155, 230]}, "than": {"prob": 0.004291845493562232, "count": 1, "pos": [156]}, "casual": {"prob": 0.004291845493562232, "count": 1, "pos": [158]}, "temporari": {"prob": 0.004291845493562232, "count": 1, "pos": [160]}, "affair": {"prob": 0.004291845493562232, "count": 1, "pos": [161]}, "believ": {"prob": 0.004291845493562232, "count": 1, "pos": [162]}, "pregnant": {"prob": 0.004291845493562232, "count": 1, "pos": [165]}, "leav": {"prob": 0.004291845493562232, "count": 1, "pos": [169]}, "rai": {"prob": 0.004291845493562232,