{"__total__": 534, "__name__": "doc_116_An_American_Tail.txt", "in": {"prob": 0.016853932584269662, "count": 9, "pos": [0, 51, 57, 70, 188, 325, 365, 494, 531]}, "1885": {"prob": 0.0018726591760299626, "count": 1, "pos": [1]}, "shostka": {"prob": 0.0018726591760299626, "count": 1, "pos": [2]}, "russia": {"prob": 0.0018726591760299626, "count": 1, "pos": [3]}, "the": {"prob": 0.06367041198501873, "count": 34, "pos": [4, 17, 29, 35, 38, 46, 147, 155, 160, 185, 194, 231, 239, 245, 256, 288, 304, 330, 333, 360, 363, 371, 375, 384, 392, 398, 401, 405, 422, 495, 504, 509, 522, 527]}, "mousekewitzes\u00e2": {"prob": 0.0018726591760299626, "count": 1, "pos": [5]}, "a": {"prob": 0.04307116104868914, "count": 23, "pos": [6, 52, 71, 75, 79, 86, 109, 115, 141, 152, 163, 179, 219, 248, 284, 323, 339, 348, 378, 407, 438, 450, 487]}, "russian": {"prob": 0.0018726591760299626, "count": 1, "pos": [7]}, "jewish": {"prob": 0.0018726591760299626, "count": 1, "pos": [8]}, "famili": {"prob": 0.00749063670411985, "count": 4, "pos": [9, 39, 91, 508]}, "of": {"prob": 0.020599250936329586, "count": 11, "pos": [10, 23, 143, 162, 306, 332, 391, 395, 440, 506, 524]}, "mice": {"prob": 0.013108614232209739, "count": 7, "pos": [11, 134, 157, 187, 246, 289, 372]}, "\u00e2": {"prob": 0.0018726591760299626, "count": 1, "pos": [12]}, "decid": {"prob": 0.003745318352059925, "count": 2, "pos": [13, 251]}, "to": {"prob": 0.04119850187265917, "count": 22, "pos": [14, 16, 28, 68, 88, 108, 130, 135, 138, 175, 200, 250, 253, 277, 286, 350, 359, 373, 389, 462, 490, 516]}, "immigr": {"prob": 0.003745318352059925, "count": 2, "pos": [15, 156]}, "unit": {"prob": 0.0018726591760299626, "count": 1, "pos": [18]}, "state": {"prob": 0.0018726591760299626, "count": 1, "pos": [19]}, "after": {"prob": 0.003745318352059925, "count": 2, "pos": [20, 74]}, "an": {"prob": 0.0056179775280898875, "count": 3, "pos": [21, 126, 292]}, "armi": {"prob": 0.0018726591760299626, "count": 1, "pos": [22]}, "cruel": {"prob": 0.0018726591760299626, "count": 1, "pos": [24]}, "cat": {"prob": 0.016853932584269662, "count": 9, "pos": [25, 139, 145, 165, 257, 324, 344, 364, 399]}, "that": {"prob": 0.0149812734082397, "count": 8, "pos": [26, 159, 221, 230, 267, 319, 444, 467]}, "belong": {"prob": 0.0018726591760299626, "count": 1, "pos": [27]}, "cossack": {"prob": 0.0018726591760299626, "count": 1, "pos": [30]}, "destroy": {"prob": 0.0018726591760299626, "count": 1, "pos": [31]}, "their": {"prob": 0.0056179775280898875, "count": 3, "pos": [32, 63, 301]}, "villag": {"prob": 0.0018726591760299626, "count": 1, "pos": [33]}, "dure": {"prob": 0.003745318352059925, "count": 2, "pos": [34, 421]}, "trip": {"prob": 0.0018726591760299626, "count": 1, "pos": [36]}, "oversea": {"prob": 0.0018726591760299626, "count": 1, "pos": [37]}, "young": {"prob": 0.0018726591760299626, "count": 1, "pos": [40]}, "son": {"prob": 0.0056179775280898875, "count": 3, "pos": [41, 64, 481]}, "fievel": {"prob": 0.024344569288389514, "count": 13, "pos": [42, 65, 172, 206, 282, 308, 337, 356, 390, 424, 463, 472, 501]}, "get": {"prob": 0.003745318352059925, "count": 2, "pos": [43, 309]}, "separ": {"prob": 0.003745318352059925, "count": 2, "pos": [44, 428]}, "from": {"prob": 0.0056179775280898875, "count": 3, "pos": [45, 78, 429]}, "other": {"prob": 0.0018726591760299626, "count": 1, "pos": [47]}, "and": {"prob": 0.0299625468164794, "count": 16, "pos": [48, 73, 104, 120, 173, 241, 298, 311, 327, 352, 403, 417, 433, 458, 493, 526]}, "wash": {"prob": 0.0018726591760299626, "count": 1, "pos": [49]}, "overboard": {"prob": 0.0018726591760299626, "count": 1, "pos": [50]}, "storm": {"prob": 0.0018726591760299626, "count": 1, "pos": [53]}, "they": {"prob": 0.011235955056179775, "count": 6, "pos": [54, 60, 121, 227, 335, 483]}, "arriv": {"prob": 0.0018726591760299626, "count": 1, "pos": [55]}, "sad": {"prob": 0.0018726591760299626, "count": 1, "pos": [56]}, "america": {"prob": 0.0056179775280898875, "count": 3, "pos": [58, 69, 532]}, "believ": {"prob": 0.0018726591760299626, "count": 1, "pos": [59]}, "ve": {"prob": 0.0018726591760299626, "count": 1, "pos": [61]}, "lost": {"prob": 0.003745318352059925, "count": 2, "pos": [62, 310]}, "howev": {"prob": 0.0018726591760299626, "count": 1, "pos": [66]}, "float": {"prob": 0.0018726591760299626, "count": 1, "pos": [67]}, "bottl": {"prob": 0.0018726591760299626, "count": 1, "pos": [72]}, "pep": {"prob": 0.0018726591760299626, "count": 1, "pos": [76]}, "talk": {"prob": 0.0018726591760299626, "count": 1, "pos": [77]}, "french": {"prob": 0.0018726591760299626, "count": 1, "pos": [80]}, "pigeon": {"prob": 0.0018726591760299626, "count": 1, "pos": [81]}, "name": {"prob": 0.003745318352059925, "count": 2, "pos": [82, 345]}, "henri": {"prob": 0.003745318352059925, "count": 2, "pos": [83, 513]}, "embark": {"prob": 0.0018726591760299626, "count": 1, "pos": [84]}, "on": {"prob": 0.0056179775280898875, "count": 3, "pos": [85, 295, 303]}, "quest": {"prob": 0.0018726591760299626, "count": 1, "pos": [87]}, "find": {"prob": 0.0056179775280898875, "count": 3, "pos": [89, 207, 491]}, "hi": {"prob": 0.011235955056179775, "count": 6, "pos": [90, 102, 210, 480, 507, 518]}, "he": {"prob": 0.018726591760299626, "count": 10, "pos": [92, 111, 202, 222, 268, 317, 320, 431, 445, 475]}, "is": {"prob": 0.0149812734082397, "count": 8, "pos": [93, 167, 223, 261, 321, 328, 425, 465]}, "waylaid": {"prob": 0.0018726591760299626, "count": 1, "pos": [94]}, "by": {"prob": 0.0056179775280898875, "count": 3, "pos": [95, 238, 383]}, "conman": {"prob": 0.0018726591760299626, "count": 1, "pos": [96]}, "warren": {"prob": 0.0056179775280898875, "count": 3, "pos": [97, 258, 314]}, "t": {"prob": 0.00749063670411985, "count": 4, "pos": [98, 204, 259, 315]}, "rat": {"prob": 0.003745318352059925, "count": 2, "pos": [99, 260]}, "who": {"prob": 0.003745318352059925, "count": 2, "pos": [100, 182]}, "gain": {"prob": 0.0018726591760299626, "count": 1, "pos": [101]}, "trust": {"prob": 0.0018726591760299626, "count": 1, "pos": [103]}, "then": {"prob": 0.0018726591760299626, "count": 1, "pos": [105]}, "sell": {"prob": 0.0018726591760299626, "count": 1, "pos": [106]}, "him": {"prob": 0.009363295880149813, "count": 5, "pos": [107, 351, 354, 443, 492]}, "sweatshop": {"prob": 0.0018726591760299626, "count": 1, "pos": [110]}, "escap": {"prob": 0.0018726591760299626, "count": 1, "pos": [112]}, "with": {"prob": 0.00749063670411985, "count": 4, "pos": [113, 124, 362, 512]}, "toni": {"prob": 0.0056179775280898875, "count": 3, "pos": [114, 174, 459]}, "street": {"prob": 0.003745318352059925, "count": 2, "pos": [116, 149]}, "smart": {"prob": 0.0018726591760299626, "count": 1, "pos": [117]}, "italian": {"prob": 0.0018726591760299626, "count": 1, "pos": [118]}, "mous": {"prob": 0.009363295880149813, "count": 5, "pos": [119, 128, 153, 381, 394]}, "join": {"prob": 0.0018726591760299626, "count": 1, "pos": [122]}, "up": {"prob": 0.011235955056179775, "count": 6, "pos": [123, 137, 416, 449, 479, 485]}, "bridget": {"prob": 0.0056179775280898875, "count": 3, "pos": [125, 170, 457]}, "irish": {"prob": 0.0018726591760299626, "count": 1, "pos": [127]}, "tri": {"prob": 0.0018726591760299626, "count": 1, "pos": [129]}, "rous": {"prob": 0.0018726591760299626, "count": 1, "pos": [131]}, "her": {"prob": 0.0056179775280898875, "count": 3, "pos": [132, 214, 229]}, "fellow": {"prob": 0.0018726591760299626, "count": 1, "pos": [133]}, "stand": {"prob": 0.0018726591760299626, "count": 1, "pos": [136]}, "when": {"prob": 0.0056179775280898875, "count": 3, "pos": [140, 368, 437]}, "gang": {"prob": 0.0018726591760299626, "count": 1, "pos": [142]}, "some": {"prob": 0.0018726591760299626, "count": 1, "pos": [144]}, "call": {"prob": 0.003745318352059925, "count": 2, "pos": [146, 460]}, "mott": {"prob": 0.0018726591760299626, "count": 1, "pos": [148]}, "mauler": {"prob": 0.003745318352059925, "count": 2, "pos": [150, 334]}, "attack": {"prob": 0.0018726591760299626, "count": 1, "pos": [151]},