{"__total__": 167, "__name__": "doc_1160_Raising_Helen.txt", "expand": {"prob": 0.005988023952095809, "count": 1, "pos": [0]}, "section": {"prob": 0.005988023952095809, "count": 1, "pos": [1]}, "helen": {"prob": 0.041916167664670656, "count": 7, "pos": [2, 24, 42, 57, 90, 111, 143]}, "harri": {"prob": 0.005988023952095809, "count": 1, "pos": [3]}, "is": {"prob": 0.011976047904191617, "count": 2, "pos": [4, 153]}, "veri": {"prob": 0.005988023952095809, "count": 1, "pos": [5]}, "success": {"prob": 0.005988023952095809, "count": 1, "pos": [6]}, "in": {"prob": 0.029940119760479042, "count": 5, "pos": [7, 34, 38, 49, 58]}, "the": {"prob": 0.029940119760479042, "count": 5, "pos": [8, 81, 113, 134, 149]}, "fashion": {"prob": 0.011976047904191617, "count": 2, "pos": [9, 160]}, "industri": {"prob": 0.005988023952095809, "count": 1, "pos": [10]}, "and": {"prob": 0.0658682634730539, "count": 11, "pos": [11, 22, 32, 43, 72, 83, 96, 101, 138, 152, 165]}, "ha": {"prob": 0.005988023952095809, "count": 1, "pos": [12]}, "a": {"prob": 0.023952095808383235, "count": 4, "pos": [13, 39, 117, 156]}, "nice": {"prob": 0.005988023952095809, "count": 1, "pos": [14]}, "manhattan": {"prob": 0.005988023952095809, "count": 1, "pos": [15]}, "lifestyl": {"prob": 0.005988023952095809, "count": 1, "pos": [16]}, "which": {"prob": 0.005988023952095809, "count": 1, "pos": [17]}, "keep": {"prob": 0.005988023952095809, "count": 1, "pos": [18]}, "her": {"prob": 0.05389221556886228, "count": 9, "pos": [19, 29, 44, 85, 99, 107, 121, 159, 163]}, "extrem": {"prob": 0.005988023952095809, "count": 1, "pos": [20]}, "occupi": {"prob": 0.005988023952095809, "count": 1, "pos": [21]}, "content": {"prob": 0.005988023952095809, "count": 1, "pos": [23]}, "world": {"prob": 0.005988023952095809, "count": 1, "pos": [25]}, "sudden": {"prob": 0.005988023952095809, "count": 1, "pos": [26]}, "chang": {"prob": 0.005988023952095809, "count": 1, "pos": [27]}, "when": {"prob": 0.011976047904191617, "count": 2, "pos": [28, 51]}, "sister": {"prob": 0.011976047904191617, "count": 2, "pos": [30, 46]}, "lindsay": {"prob": 0.011976047904191617, "count": 2, "pos": [31, 54]}, "brother": {"prob": 0.005988023952095809, "count": 1, "pos": [33]}, "law": {"prob": 0.005988023952095809, "count": 1, "pos": [35]}, "paul": {"prob": 0.011976047904191617, "count": 2, "pos": [36, 55]}, "die": {"prob": 0.005988023952095809, "count": 1, "pos": [37]}, "car": {"prob": 0.005988023952095809, "count": 1, "pos": [40]}, "accid": {"prob": 0.005988023952095809, "count": 1, "pos": [41]}, "other": {"prob": 0.005988023952095809, "count": 1, "pos": [45]}, "jenni": {"prob": 0.011976047904191617, "count": 2, "pos": [47, 102]}, "are": {"prob": 0.005988023952095809, "count": 1, "pos": [48]}, "shock": {"prob": 0.005988023952095809, "count": 1, "pos": [50]}, "they": {"prob": 0.005988023952095809, "count": 1, "pos": [52]}, "hear": {"prob": 0.005988023952095809, "count": 1, "pos": [53]}, "left": {"prob": 0.005988023952095809, "count": 1, "pos": [56]}, "charg": {"prob": 0.005988023952095809, "count": 1, "pos": [59]}, "of": {"prob": 0.011976047904191617, "count": 2, "pos": [60, 104]}, "their": {"prob": 0.005988023952095809, "count": 1, "pos": [61]}, "three": {"prob": 0.005988023952095809, "count": 1, "pos": [62]}, "kid": {"prob": 0.017964071856287425, "count": 3, "pos": [63, 82, 135]}, "15": {"prob": 0.005988023952095809, "count": 1, "pos": [64]}, "year": {"prob": 0.017964071856287425, "count": 3, "pos": [65, 69, 74]}, "old": {"prob": 0.017964071856287425, "count": 3, "pos": [66, 70, 75]}, "audrey": {"prob": 0.005988023952095809, "count": 1, "pos": [67]}, "10": {"prob": 0.005988023952095809, "count": 1, "pos": [68]}, "henri": {"prob": 0.005988023952095809, "count": 1, "pos": [71]}, "five": {"prob": 0.005988023952095809, "count": 1, "pos": [73]}, "sarah": {"prob": 0.005988023952095809, "count": 1, "pos": [76]}, "convinc": {"prob": 0.005988023952095809, "count": 1, "pos": [77]}, "she": {"prob": 0.011976047904191617, "count": 2, "pos": [78, 145]}, "can": {"prob": 0.011976047904191617, "count": 2, "pos": [79, 146]}, "rai": {"prob": 0.005988023952095809, "count": 1, "pos": [80]}, "maintain": {"prob": 0.005988023952095809, "count": 1, "pos": [84]}, "alreadi": {"prob": 0.011976047904191617, "count": 2, "pos": [86, 108]}, "fast": {"prob": 0.005988023952095809, "count": 1, "pos": [87]}, "pace": {"prob": 0.005988023952095809, "count": 1, "pos": [88]}, "schedul": {"prob": 0.011976047904191617, "count": 2, "pos": [89, 110]}, "quick": {"prob": 0.005988023952095809, "count": 1, "pos": [91]}, "find": {"prob": 0.011976047904191617, "count": 2, "pos": [92, 112]}, "herself": {"prob": 0.005988023952095809, "count": 1, "pos": [93]}, "burnt": {"prob": 0.005988023952095809, "count": 1, "pos": [94]}, "out": {"prob": 0.005988023952095809, "count": 1, "pos": [95]}, "dishearten": {"prob": 0.005988023952095809, "count": 1, "pos": [97]}, "by": {"prob": 0.005988023952095809, "count": 1, "pos": [98]}, "respon": {"prob": 0.005988023952095809, "count": 1, "pos": [100]}, "lack": {"prob": 0.005988023952095809, "count": 1, "pos": [103]}, "faith": {"prob": 0.005988023952095809, "count": 1, "pos": [105]}, "despit": {"prob": 0.005988023952095809, "count": 1, "pos": [106]}, "hectic": {"prob": 0.005988023952095809, "count": 1, "pos": [109]}, "time": {"prob": 0.005988023952095809, "count": 1, "pos": [114]}, "to": {"prob": 0.011976047904191617, "count": 2, "pos": [115, 131]}, "develop": {"prob": 0.005988023952095809, "count": 1, "pos": [116]}, "genuin": {"prob": 0.011976047904191617, "count": 2, "pos": [118, 129]}, "affect": {"prob": 0.005988023952095809, "count": 1, "pos": [119]}, "for": {"prob": 0.005988023952095809, "count": 1, "pos": [120]}, "new": {"prob": 0.005988023952095809, "count": 1, "pos": [122]}, "depend": {"prob": 0.005988023952095809, "count": 1, "pos": [123]}, "as": {"prob": 0.011976047904191617, "count": 2, "pos": [124, 126]}, "well": {"prob": 0.005988023952095809, "count": 1, "pos": [125]}, "an": {"prob": 0.005988023952095809, "count": 1, "pos": [127]}, "equal": {"prob": 0.005988023952095809, "count": 1, "pos": [128]}, "attract": {"prob": 0.005988023952095809, "count": 1, "pos": [130]}, "dan": {"prob": 0.005988023952095809, "count": 1, "pos": [132]}, "parker": {"prob": 0.005988023952095809, "count": 1, "pos": [133]}, "school": {"prob": 0.005988023952095809, "count": 1, "pos": [136]}, "princip": {"prob": 0.005988023952095809, "count": 1, "pos": [137]}, "local": {"prob": 0.005988023952095809, "count": 1, "pos": [139]}, "lutheran": {"prob": 0.005988023952095809, "count": 1, "pos": [140]}, "pastor": {"prob": 0.005988023952095809, "count": 1, "pos": [141]}, "eventu": {"prob": 0.005988023952095809, "count": 1, "pos": [142]}, "realiz": {"prob": 0.005988023952095809, "count": 1, "pos": [144]}, "t": {"prob": 0.005988023952095809, "count": 1, "pos": [147]}, "balanc": {"prob": 0.005988023952095809, "count": 1, "pos": [148]}, "two": {"prob": 0.005988023952095809, "count": 1, "pos": [150]}, "live": {"prob": 0.005988023952095809, "count": 1, "pos": [151]}, "face": {"prob": 0.005988023952095809, "count": 1, "pos": [154]}, "with": {"prob": 0.005988023952095809, "count": 1, "pos": [155]}, "difficult": {"prob": 0.005988023952095809, "count": 1, "pos": [157]}, "deci": {"prob": 0.005988023952095809, "count": 1, "pos": [158]}, "career": {"prob": 0.005988023952095809, "count": 1, "pos": [161]}, "or": {"prob": 0.005988023952095809, "count": 1, "pos": [162]}, "niec": {"prob": 0.005988023952095809, "count": 1, "pos": [164]}, "nephew": {"prob": 0.005988023952095809, "count": 1, "pos": [166]}}