{"__total__": 450, "__name__": "doc_1168_Reality_Bites.txt", "the": {"prob": 0.03111111111111111, "count": 14, "pos": [0, 52, 60, 72, 124, 208, 286, 304, 336, 393, 421, 430, 437, 441]}, "film": {"prob": 0.0044444444444444444, "count": 2, "pos": [1, 61]}, "focus": {"prob": 0.0022222222222222222, "count": 1, "pos": [2]}, "on": {"prob": 0.015555555555555555, "count": 7, "pos": [3, 33, 71, 154, 160, 309, 447]}, "four": {"prob": 0.0022222222222222222, "count": 1, "pos": [4]}, "friend": {"prob": 0.0044444444444444444, "count": 2, "pos": [5, 224]}, "and": {"prob": 0.03777777777777778, "count": 17, "pos": [6, 18, 80, 101, 145, 173, 210, 216, 278, 285, 327, 332, 342, 368, 371, 404, 412]}, "recent": {"prob": 0.0022222222222222222, "count": 1, "pos": [7]}, "colleg": {"prob": 0.0022222222222222222, "count": 1, "pos": [8]}, "graduat": {"prob": 0.0022222222222222222, "count": 1, "pos": [9]}, "live": {"prob": 0.0044444444444444444, "count": 2, "pos": [10, 292]}, "in": {"prob": 0.008888888888888889, "count": 4, "pos": [11, 59, 139, 381]}, "houston": {"prob": 0.0022222222222222222, "count": 1, "pos": [12]}, "coff": {"prob": 0.0022222222222222222, "count": 1, "pos": [13]}, "hous": {"prob": 0.0022222222222222222, "count": 1, "pos": [14]}, "guitarist": {"prob": 0.0022222222222222222, "count": 1, "pos": [15]}, "troy": {"prob": 0.015555555555555555, "count": 7, "pos": [16, 42, 328, 350, 367, 375, 413]}, "dyer": {"prob": 0.0022222222222222222, "count": 1, "pos": [17]}, "bud": {"prob": 0.0022222222222222222, "count": 1, "pos": [19]}, "filmmak": {"prob": 0.0022222222222222222, "count": 1, "pos": [20]}, "lelaina": {"prob": 0.022222222222222223, "count": 10, "pos": [21, 70, 105, 163, 260, 294, 326, 366, 369, 411]}, "pierc": {"prob": 0.0022222222222222222, "count": 1, "pos": [22]}, "are": {"prob": 0.0044444444444444444, "count": 2, "pos": [23, 407]}, "attract": {"prob": 0.0022222222222222222, "count": 1, "pos": [24]}, "to": {"prob": 0.04, "count": 18, "pos": [25, 83, 90, 98, 119, 128, 156, 184, 214, 247, 250, 282, 289, 306, 310, 356, 361, 390]}, "each": {"prob": 0.0022222222222222222, "count": 1, "pos": [26]}, "other": {"prob": 0.0044444444444444444, "count": 2, "pos": [27, 73]}, "although": {"prob": 0.0044444444444444444, "count": 2, "pos": [28, 87]}, "they": {"prob": 0.0022222222222222222, "count": 1, "pos": [29]}, "have": {"prob": 0.008888888888888889, "count": 4, "pos": [30, 45, 89, 414]}, "not": {"prob": 0.006666666666666667, "count": 3, "pos": [31, 232, 386]}, "act": {"prob": 0.0044444444444444444, "count": 2, "pos": [32, 257]}, "their": {"prob": 0.008888888888888889, "count": 4, "pos": [34, 291, 334, 418]}, "feel": {"prob": 0.0044444444444444444, "count": 2, "pos": [35, 321]}, "save": {"prob": 0.0022222222222222222, "count": 1, "pos": [36]}, "for": {"prob": 0.011111111111111112, "count": 5, "pos": [37, 62, 92, 199, 207]}, "one": {"prob": 0.0044444444444444444, "count": 2, "pos": [38, 170]}, "brief": {"prob": 0.0022222222222222222, "count": 1, "pos": [39]}, "drunken": {"prob": 0.0022222222222222222, "count": 1, "pos": [40]}, "encount": {"prob": 0.0022222222222222222, "count": 1, "pos": [41]}, "is": {"prob": 0.011111111111111112, "count": 5, "pos": [43, 211, 227, 396, 427]}, "flounder": {"prob": 0.0022222222222222222, "count": 1, "pos": [44]}, "lost": {"prob": 0.0022222222222222222, "count": 1, "pos": [46]}, "sever": {"prob": 0.0022222222222222222, "count": 1, "pos": [47]}, "minimum": {"prob": 0.0022222222222222222, "count": 1, "pos": [48]}, "wage": {"prob": 0.0022222222222222222, "count": 1, "pos": [49]}, "job": {"prob": 0.006666666666666667, "count": 3, "pos": [50, 222, 263]}, "\u00e2": {"prob": 0.0022222222222222222, "count": 1, "pos": [51]}, "last": {"prob": 0.0022222222222222222, "count": 1, "pos": [53]}, "of": {"prob": 0.022222222222222223, "count": 10, "pos": [54, 77, 169, 178, 190, 234, 237, 258, 410, 443]}, "which": {"prob": 0.0044444444444444444, "count": 2, "pos": [55, 264]}, "he": {"prob": 0.015555555555555555, "count": 7, "pos": [56, 130, 229, 300, 339, 353, 434]}, "lose": {"prob": 0.0044444444444444444, "count": 2, "pos": [57, 261]}, "ear": {"prob": 0.0022222222222222222, "count": 1, "pos": [58]}, "steal": {"prob": 0.0022222222222222222, "count": 1, "pos": [63]}, "a": {"prob": 0.035555555555555556, "count": 16, "pos": [64, 85, 93, 99, 112, 149, 167, 186, 194, 204, 235, 242, 316, 344, 363, 444]}, "candi": {"prob": 0.0022222222222222222, "count": 1, "pos": [65]}, "bar": {"prob": 0.0022222222222222222, "count": 1, "pos": [66]}, "from": {"prob": 0.0044444444444444444, "count": 2, "pos": [67, 377]}, "hi": {"prob": 0.02, "count": 9, "pos": [68, 115, 161, 251, 283, 307, 358, 378, 448]}, "employ": {"prob": 0.0022222222222222222, "count": 1, "pos": [69]}, "hand": {"prob": 0.0022222222222222222, "count": 1, "pos": [74]}, "wa": {"prob": 0.0022222222222222222, "count": 1, "pos": [75]}, "valedictorian": {"prob": 0.0022222222222222222, "count": 1, "pos": [76]}, "her": {"prob": 0.024444444444444446, "count": 11, "pos": [78, 122, 180, 183, 220, 223, 262, 269, 302, 323, 341]}, "univ": {"prob": 0.0022222222222222222, "count": 1, "pos": [79]}, "ha": {"prob": 0.006666666666666667, "count": 3, "pos": [81, 166, 435]}, "aspir": {"prob": 0.0022222222222222222, "count": 1, "pos": [82]}, "becom": {"prob": 0.0022222222222222222, "count": 1, "pos": [84]}, "documentarian": {"prob": 0.0022222222222222222, "count": 1, "pos": [86]}, "initi": {"prob": 0.0022222222222222222, "count": 1, "pos": [88]}, "settl": {"prob": 0.0022222222222222222, "count": 1, "pos": [91]}, "posit": {"prob": 0.0044444444444444444, "count": 2, "pos": [94, 198]}, "as": {"prob": 0.011111111111111112, "count": 5, "pos": [95, 142, 203, 420, 429]}, "product": {"prob": 0.0022222222222222222, "count": 1, "pos": [96]}, "assist": {"prob": 0.0022222222222222222, "count": 1, "pos": [97]}, "rude": {"prob": 0.0022222222222222222, "count": 1, "pos": [100]}, "obnoxi": {"prob": 0.0022222222222222222, "count": 1, "pos": [102]}, "tv": {"prob": 0.0022222222222222222, "count": 1, "pos": [103]}, "host": {"prob": 0.0022222222222222222, "count": 1, "pos": [104]}, "meet": {"prob": 0.0022222222222222222, "count": 1, "pos": [106]}, "michael": {"prob": 0.008888888888888889, "count": 4, "pos": [107, 297, 391, 425]}, "grate": {"prob": 0.0022222222222222222, "count": 1, "pos": [108]}, "when": {"prob": 0.0022222222222222222, "count": 1, "pos": [109]}, "she": {"prob": 0.006666666666666667, "count": 3, "pos": [110, 151, 320]}, "throw": {"prob": 0.0022222222222222222, "count": 1, "pos": [111]}, "cigarett": {"prob": 0.0022222222222222222, "count": 1, "pos": [113]}, "into": {"prob": 0.008888888888888889, "count": 4, "pos": [114, 121, 315, 440]}, "convert": {"prob": 0.0022222222222222222, "count": 1, "pos": [116]}, "caus": {"prob": 0.0044444444444444444, "count": 2, "pos": [117, 265]}, "him": {"prob": 0.0044444444444444444, "count": 2, "pos": [118, 246]}, "crash": {"prob": 0.0022222222222222222, "count": 1, "pos": [120]}, "car": {"prob": 0.0022222222222222222, "count": 1, "pos": [123]}, "two": {"prob": 0.006666666666666667, "count": 3, "pos": [125, 287, 401]}, "soon": {"prob": 0.0022222222222222222, "count": 1, "pos": [126]}, "begin": {"prob": 0.0022222222222222222, "count": 1, "pos": [127]}, "date": {"prob": 0.0022222222222222222, "count": 1, "pos": [129]}, "work": {"prob": 0.006666666666666667, "count": 3, "pos": [131, 153, 202]}, "at": {"prob": 0.0022222222222222222, "count": 1, "pos": [132]}, "an": {"prob": 0.011111111111111112, "count": 5, "pos": [133, 143, 255, 397, 415]}, "mtv": {"prob": 0.0022222222222222222, "count": 1, "pos": [134]}, "like": {"prob": 0.0022222222222222222, "count": 1, "pos": [135]}, "cabl": {"prob": 0.0022222222222222222, "count": 1, "pos": [136]}, "channel": {"prob": 0.0022222222222222222, "count": 1, "pos": [137]}, "call": {"prob": 0.0022222222222222222, "count": 1, "pos": [138]}, "your": {"prob": 0.0022222222222222222, "count": 1, "pos": [140]}, "face": {"prob": 0.0022222222222222222, "count": 1, "pos": [141]},