{"__total__": 268, "__name__": "doc_1175_Repo_Man.txt", "otto": {"prob": 0.029850746268656716, "count": 8, "pos": [0, 47, 72, 97, 106, 154, 182, 204]}, "maddox": {"prob": 0.0037313432835820895, "count": 1, "pos": [1]}, "a": {"prob": 0.041044776119402986, "count": 11, "pos": [2, 17, 41, 57, 102, 118, 156, 164, 194, 206, 237]}, "young": {"prob": 0.0037313432835820895, "count": 1, "pos": [3]}, "punk": {"prob": 0.0037313432835820895, "count": 1, "pos": [4]}, "rocker": {"prob": 0.0037313432835820895, "count": 1, "pos": [5]}, "live": {"prob": 0.0037313432835820895, "count": 1, "pos": [6]}, "in": {"prob": 0.014925373134328358, "count": 4, "pos": [7, 54, 91, 179]}, "lo": {"prob": 0.011194029850746268, "count": 3, "pos": [8, 234, 245]}, "angel": {"prob": 0.007462686567164179, "count": 2, "pos": [9, 235]}, "get": {"prob": 0.0037313432835820895, "count": 1, "pos": [10]}, "fire": {"prob": 0.0037313432835820895, "count": 1, "pos": [11]}, "from": {"prob": 0.011194029850746268, "count": 3, "pos": [12, 168, 244]}, "hi": {"prob": 0.022388059701492536, "count": 6, "pos": [13, 24, 82, 94, 147, 255]}, "bore": {"prob": 0.007462686567164179, "count": 2, "pos": [14, 151]}, "job": {"prob": 0.007462686567164179, "count": 2, "pos": [15, 96]}, "as": {"prob": 0.011194029850746268, "count": 3, "pos": [16, 101, 110]}, "supermarket": {"prob": 0.0037313432835820895, "count": 1, "pos": [18]}, "stock": {"prob": 0.0037313432835820895, "count": 1, "pos": [19]}, "clerk": {"prob": 0.0037313432835820895, "count": 1, "pos": [20]}, "he": {"prob": 0.018656716417910446, "count": 5, "pos": [21, 52, 87, 124, 191]}, "learn": {"prob": 0.007462686567164179, "count": 2, "pos": [22, 108]}, "that": {"prob": 0.014925373134328358, "count": 4, "pos": [23, 109, 163, 193]}, "pot": {"prob": 0.0037313432835820895, "count": 1, "pos": [25]}, "smoke": {"prob": 0.0037313432835820895, "count": 1, "pos": [26]}, "ex": {"prob": 0.0037313432835820895, "count": 1, "pos": [27]}, "hippi": {"prob": 0.0037313432835820895, "count": 1, "pos": [28]}, "parent": {"prob": 0.0037313432835820895, "count": 1, "pos": [29]}, "have": {"prob": 0.0037313432835820895, "count": 1, "pos": [30]}, "donat": {"prob": 0.0037313432835820895, "count": 1, "pos": [31]}, "the": {"prob": 0.0708955223880597, "count": 19, "pos": [32, 49, 66, 77, 99, 115, 126, 130, 133, 138, 144, 188, 202, 215, 227, 242, 258, 262, 266]}, "money": {"prob": 0.0037313432835820895, "count": 1, "pos": [33]}, "they": {"prob": 0.0037313432835820895, "count": 1, "pos": [34]}, "promi": {"prob": 0.0037313432835820895, "count": 1, "pos": [35]}, "him": {"prob": 0.011194029850746268, "count": 3, "pos": [36, 114, 162]}, "for": {"prob": 0.014925373134328358, "count": 4, "pos": [37, 65, 93, 201]}, "finish": {"prob": 0.0037313432835820895, "count": 1, "pos": [38]}, "school": {"prob": 0.0037313432835820895, "count": 1, "pos": [39]}, "to": {"prob": 0.014925373134328358, "count": 4, "pos": [40, 223, 251, 261]}, "crook": {"prob": 0.0037313432835820895, "count": 1, "pos": [42]}, "televangelist": {"prob": 0.0037313432835820895, "count": 1, "pos": [43]}, "depress": {"prob": 0.0037313432835820895, "count": 1, "pos": [44]}, "and": {"prob": 0.018656716417910446, "count": 5, "pos": [45, 143, 210, 225, 249]}, "broke": {"prob": 0.0037313432835820895, "count": 1, "pos": [46]}, "wander": {"prob": 0.0037313432835820895, "count": 1, "pos": [48]}, "street": {"prob": 0.0037313432835820895, "count": 1, "pos": [50]}, "until": {"prob": 0.0037313432835820895, "count": 1, "pos": [51]}, "fall": {"prob": 0.0037313432835820895, "count": 1, "pos": [53]}, "with": {"prob": 0.007462686567164179, "count": 2, "pos": [55, 220]}, "bud": {"prob": 0.007462686567164179, "count": 2, "pos": [56, 111]}, "season": {"prob": 0.0037313432835820895, "count": 1, "pos": [58]}, "repossess": {"prob": 0.007462686567164179, "count": 2, "pos": [59, 80]}, "agent": {"prob": 0.007462686567164179, "count": 2, "pos": [60, 209]}, "or": {"prob": 0.0037313432835820895, "count": 1, "pos": [61]}, "repo": {"prob": 0.014925373134328358, "count": 4, "pos": [62, 103, 119, 213]}, "man": {"prob": 0.011194029850746268, "count": 3, "pos": [63, 104, 120]}, "work": {"prob": 0.0037313432835820895, "count": 1, "pos": [64]}, "help": {"prob": 0.0037313432835820895, "count": 1, "pos": [67]}, "hand": {"prob": 0.0037313432835820895, "count": 1, "pos": [68]}, "accept": {"prob": 0.0037313432835820895, "count": 1, "pos": [69]}, "corpor": {"prob": 0.0037313432835820895, "count": 1, "pos": [70]}, "although": {"prob": 0.0037313432835820895, "count": 1, "pos": [71]}, "is": {"prob": 0.018656716417910446, "count": 5, "pos": [73, 88, 121, 199, 230]}, "initi": {"prob": 0.0037313432835820895, "count": 1, "pos": [74]}, "disgust": {"prob": 0.0037313432835820895, "count": 1, "pos": [75]}, "by": {"prob": 0.014925373134328358, "count": 4, "pos": [76, 152, 236, 265]}, "concept": {"prob": 0.0037313432835820895, "count": 1, "pos": [78]}, "of": {"prob": 0.014925373134328358, "count": 4, "pos": [79, 117, 140, 196]}, "car": {"prob": 0.011194029850746268, "count": 3, "pos": [81, 136, 142]}, "opinion": {"prob": 0.0037313432835820895, "count": 1, "pos": [83]}, "chang": {"prob": 0.0037313432835820895, "count": 1, "pos": [84]}, "rapid": {"prob": 0.0037313432835820895, "count": 1, "pos": [85]}, "when": {"prob": 0.0037313432835820895, "count": 1, "pos": [86]}, "quick": {"prob": 0.0037313432835820895, "count": 1, "pos": [89]}, "paid": {"prob": 0.0037313432835820895, "count": 1, "pos": [90]}, "cash": {"prob": 0.0037313432835820895, "count": 1, "pos": [92]}, "first": {"prob": 0.0037313432835820895, "count": 1, "pos": [95]}, "join": {"prob": 0.0037313432835820895, "count": 1, "pos": [98]}, "agenc": {"prob": 0.0037313432835820895, "count": 1, "pos": [100]}, "himself": {"prob": 0.0037313432835820895, "count": 1, "pos": [105]}, "soon": {"prob": 0.0037313432835820895, "count": 1, "pos": [107]}, "had": {"prob": 0.0037313432835820895, "count": 1, "pos": [112]}, "told": {"prob": 0.0037313432835820895, "count": 1, "pos": [113]}, "life": {"prob": 0.011194029850746268, "count": 3, "pos": [116, 128, 135]}, "alway": {"prob": 0.0037313432835820895, "count": 1, "pos": [122]}, "inten": {"prob": 0.0037313432835820895, "count": 1, "pos": [123]}, "enjoy": {"prob": 0.0037313432835820895, "count": 1, "pos": [125]}, "fast": {"prob": 0.0037313432835820895, "count": 1, "pos": [127]}, "style": {"prob": 0.0037313432835820895, "count": 1, "pos": [129]}, "drug": {"prob": 0.0037313432835820895, "count": 1, "pos": [131]}, "use": {"prob": 0.0037313432835820895, "count": 1, "pos": [132]}, "real": {"prob": 0.0037313432835820895, "count": 1, "pos": [134]}, "chase": {"prob": 0.0037313432835820895, "count": 1, "pos": [137]}, "thrill": {"prob": 0.0037313432835820895, "count": 1, "pos": [139]}, "hotwir": {"prob": 0.0037313432835820895, "count": 1, "pos": [141]}, "good": {"prob": 0.0037313432835820895, "count": 1, "pos": [145]}, "pay": {"prob": 0.0037313432835820895, "count": 1, "pos": [146]}, "old": {"prob": 0.0037313432835820895, "count": 1, "pos": [148]}, "lifestyl": {"prob": 0.0037313432835820895, "count": 1, "pos": [149]}, "seem": {"prob": 0.0037313432835820895, "count": 1, "pos": [150]}, "comparison": {"prob": 0.0037313432835820895, "count": 1, "pos": [153]}, "meet": {"prob": 0.0037313432835820895, "count": 1, "pos": [155]}, "girl": {"prob": 0.0037313432835820895, "count": 1, "pos": [157]}, "name": {"prob": 0.0037313432835820895, "count": 1, "pos": [158]}, "leila": {"prob": 0.007462686567164179, "count": 2, "pos": [159, 205]}, "who": {"prob": 0.007462686567164179, "count": 2, "pos": [160, 239]}, "tell": {"prob": 0.0037313432835820895, "count": 1, "pos": [161]}, "1964": {"prob": 0.0037313432835820895, "count": 1, "pos": [165]}, "chevrolet": {"prob": 0.0037313432835820895, "count": 1, "pos": [166]}, "malibu": {"prob": 0.011194029850746268, "count": 3, "pos": [167, 203, 228]}, "new": {"prob": 0.0037313432835820895, "count": 1, "pos": [169]}, "mexico": {"prob": 0.0037313432835820895, "count": 1, "pos": [170]},