{"__total__": 378, "__name__": "doc_1176_Repulsion.txt", "carol": {"prob": 0.018518518518518517, "count": 7, "pos": [0, 18, 76, 187, 272, 291, 310]}, "ledoux": {"prob": 0.0026455026455026454, "count": 1, "pos": [1]}, "a": {"prob": 0.037037037037037035, "count": 14, "pos": [2, 29, 70, 91, 107, 160, 215, 252, 278, 303, 312, 316, 323, 341]}, "belgian": {"prob": 0.0026455026455026454, "count": 1, "pos": [3]}, "manicurist": {"prob": 0.0026455026455026454, "count": 1, "pos": [4]}, "who": {"prob": 0.005291005291005291, "count": 2, "pos": [5, 374]}, "bite": {"prob": 0.0026455026455026454, "count": 1, "pos": [6]}, "her": {"prob": 0.06084656084656084, "count": 23, "pos": [7, 14, 22, 37, 49, 52, 55, 62, 113, 122, 127, 150, 214, 223, 225, 231, 235, 243, 296, 333, 339, 350, 376]}, "nail": {"prob": 0.005291005291005291, "count": 2, "pos": [8, 170]}, "live": {"prob": 0.0026455026455026454, "count": 1, "pos": [9]}, "in": {"prob": 0.021164021164021163, "count": 8, "pos": [10, 51, 87, 110, 180, 224, 277, 319]}, "kensington": {"prob": 0.0026455026455026454, "count": 1, "pos": [11]}, "london": {"prob": 0.0026455026455026454, "count": 1, "pos": [12]}, "with": {"prob": 0.021164021164021163, "count": 8, "pos": [13, 27, 61, 74, 149, 159, 251, 322]}, "older": {"prob": 0.0026455026455026454, "count": 1, "pos": [15]}, "sister": {"prob": 0.007936507936507936, "count": 3, "pos": [16, 56, 377]}, "helen": {"prob": 0.010582010582010581, "count": 4, "pos": [17, 67, 256, 269]}, "practic": {"prob": 0.0026455026455026454, "count": 1, "pos": [19]}, "sleepwalk": {"prob": 0.0026455026455026454, "count": 1, "pos": [20]}, "through": {"prob": 0.0026455026455026454, "count": 1, "pos": [21]}, "day": {"prob": 0.0026455026455026454, "count": 1, "pos": [23]}, "and": {"prob": 0.042328042328042326, "count": 16, "pos": [24, 39, 98, 111, 120, 136, 169, 190, 207, 245, 257, 285, 289, 301, 343, 352]}, "interact": {"prob": 0.0026455026455026454, "count": 1, "pos": [25]}, "awkward": {"prob": 0.0026455026455026454, "count": 1, "pos": [26]}, "men": {"prob": 0.0026455026455026454, "count": 1, "pos": [28]}, "would": {"prob": 0.0026455026455026454, "count": 1, "pos": [30]}, "be": {"prob": 0.007936507936507936, "count": 3, "pos": [31, 148, 358]}, "suitor": {"prob": 0.0026455026455026454, "count": 1, "pos": [32]}, "colin": {"prob": 0.005291005291005291, "count": 2, "pos": [33, 124]}, "is": {"prob": 0.005291005291005291, "count": 2, "pos": [34, 346]}, "flummox": {"prob": 0.0026455026455026454, "count": 1, "pos": [35]}, "by": {"prob": 0.007936507936507936, "count": 3, "pos": [36, 45, 212]}, "behaviour": {"prob": 0.0026455026455026454, "count": 1, "pos": [38]}, "she": {"prob": 0.018518518518518517, "count": 7, "pos": [40, 47, 130, 154, 236, 246, 368]}, "rebuff": {"prob": 0.0026455026455026454, "count": 1, "pos": [41]}, "hi": {"prob": 0.007936507936507936, "count": 3, "pos": [42, 134, 140]}, "advanc": {"prob": 0.0026455026455026454, "count": 1, "pos": [43]}, "disgust": {"prob": 0.0026455026455026454, "count": 1, "pos": [44]}, "them": {"prob": 0.0026455026455026454, "count": 1, "pos": [46]}, "hide": {"prob": 0.005291005291005291, "count": 2, "pos": [48, 273]}, "head": {"prob": 0.0026455026455026454, "count": 1, "pos": [50]}, "pillow": {"prob": 0.0026455026455026454, "count": 1, "pos": [53]}, "against": {"prob": 0.0026455026455026454, "count": 1, "pos": [54]}, "cri": {"prob": 0.0026455026455026454, "count": 1, "pos": [57]}, "of": {"prob": 0.010582010582010581, "count": 4, "pos": [58, 204, 217, 349]}, "sexual": {"prob": 0.007936507936507936, "count": 3, "pos": [59, 233, 337]}, "pleasur": {"prob": 0.0026455026455026454, "count": 1, "pos": [60]}, "marri": {"prob": 0.0026455026455026454, "count": 1, "pos": [63]}, "boyfriend": {"prob": 0.0026455026455026454, "count": 1, "pos": [64]}, "michael": {"prob": 0.013227513227513227, "count": 5, "pos": [65, 75, 258, 265, 287]}, "when": {"prob": 0.015873015873015872, "count": 6, "pos": [66, 123, 129, 142, 227, 255]}, "leav": {"prob": 0.005291005291005291, "count": 2, "pos": [68, 90]}, "on": {"prob": 0.010582010582010581, "count": 4, "pos": [69, 192, 200, 306]}, "holiday": {"prob": 0.0026455026455026454, "count": 1, "pos": [71]}, "to": {"prob": 0.023809523809523808, "count": 9, "pos": [72, 96, 100, 118, 132, 147, 157, 209, 249]}, "itali": {"prob": 0.0026455026455026454, "count": 1, "pos": [73]}, "appear": {"prob": 0.0026455026455026454, "count": 1, "pos": [77]}, "even": {"prob": 0.0026455026455026454, "count": 1, "pos": [78]}, "more": {"prob": 0.0026455026455026454, "count": 1, "pos": [79]}, "distract": {"prob": 0.0026455026455026454, "count": 1, "pos": [80]}, "at": {"prob": 0.010582010582010581, "count": 4, "pos": [81, 222, 242, 295]}, "work": {"prob": 0.0026455026455026454, "count": 1, "pos": [82]}, "get": {"prob": 0.005291005291005291, "count": 2, "pos": [83, 237]}, "sent": {"prob": 0.0026455026455026454, "count": 1, "pos": [84]}, "home": {"prob": 0.0026455026455026454, "count": 1, "pos": [85]}, "stay": {"prob": 0.0026455026455026454, "count": 1, "pos": [86]}, "the": {"prob": 0.047619047619047616, "count": 18, "pos": [88, 104, 152, 163, 166, 171, 176, 183, 193, 201, 205, 262, 275, 307, 320, 328, 347, 366]}, "apart": {"prob": 0.007936507936507936, "count": 3, "pos": [89, 128, 206]}, "raw": {"prob": 0.0026455026455026454, "count": 1, "pos": [92]}, "skin": {"prob": 0.0026455026455026454, "count": 1, "pos": [93]}, "rabbit": {"prob": 0.0026455026455026454, "count": 1, "pos": [94]}, "out": {"prob": 0.007936507936507936, "count": 3, "pos": [95, 117, 292]}, "rot": {"prob": 0.0026455026455026454, "count": 1, "pos": [97]}, "begin": {"prob": 0.0026455026455026454, "count": 1, "pos": [99]}, "hallucin": {"prob": 0.0026455026455026454, "count": 1, "pos": [101]}, "first": {"prob": 0.005291005291005291, "count": 2, "pos": [102, 229]}, "see": {"prob": 0.0026455026455026454, "count": 1, "pos": [103]}, "wall": {"prob": 0.0026455026455026454, "count": 1, "pos": [105]}, "crack": {"prob": 0.0026455026455026454, "count": 1, "pos": [106]}, "man": {"prob": 0.005291005291005291, "count": 2, "pos": [108, 373]}, "break": {"prob": 0.007936507936507936, "count": 3, "pos": [109, 125, 179]}, "molest": {"prob": 0.0026455026455026454, "count": 1, "pos": [112]}, "then": {"prob": 0.005291005291005291, "count": 2, "pos": [114, 232]}, "hand": {"prob": 0.0026455026455026454, "count": 1, "pos": [115]}, "reach": {"prob": 0.0026455026455026454, "count": 1, "pos": [116]}, "grab": {"prob": 0.0026455026455026454, "count": 1, "pos": [119]}, "attack": {"prob": 0.0026455026455026454, "count": 1, "pos": [121]}, "into": {"prob": 0.007936507936507936, "count": 3, "pos": [126, 165, 196]}, "refus": {"prob": 0.0026455026455026454, "count": 1, "pos": [131]}, "acknowledg": {"prob": 0.0026455026455026454, "count": 1, "pos": [133]}, "ador": {"prob": 0.0026455026455026454, "count": 1, "pos": [135]}, "he": {"prob": 0.018518518518518517, "count": 7, "pos": [137, 143, 145, 198, 220, 228, 240]}, "apolog": {"prob": 0.0026455026455026454, "count": 1, "pos": [138]}, "for": {"prob": 0.007936507936507936, "count": 3, "pos": [139, 182, 267]}, "transgress": {"prob": 0.0026455026455026454, "count": 1, "pos": [141]}, "say": {"prob": 0.0026455026455026454, "count": 1, "pos": [144]}, "want": {"prob": 0.0026455026455026454, "count": 1, "pos": [146]}, "all": {"prob": 0.0026455026455026454, "count": 1, "pos": [151]}, "time": {"prob": 0.0026455026455026454, "count": 1, "pos": [153]}, "bludgeon": {"prob": 0.0026455026455026454, "count": 1, "pos": [155]}, "him": {"prob": 0.007936507936507936, "count": 3, "pos": [156, 189, 248]}, "death": {"prob": 0.005291005291005291, "count": 2, "pos": [158, 250]}, "candlestick": {"prob": 0.0026455026455026454, "count": 1, "pos": [161]}, "dump": {"prob": 0.0026455026455026454, "count": 1, "pos": [162]}, "bodi": {"prob": 0.007936507936507936, "count": 3, "pos": [164, 264, 302]}, "overflow": {"prob": 0.0026455026455026454, "count": 1, "pos": [167]}, "bathtub": {"prob": 0.0026455026455026454, "count": 1, "pos": [168]},