{"__total__": 537, "__name__": "doc_118_An_American_Werewolf_in_Paris.txt", "andi": {"prob": 0.05027932960893855, "count": 27, "pos": [0, 26, 44, 73, 115, 146, 155, 166, 169, 175, 210, 224, 235, 245, 270, 280, 286, 332, 349, 370, 393, 439, 445, 455, 478, 501, 525]}, "mcdermott": {"prob": 0.00186219739292365, "count": 1, "pos": [1]}, "is": {"prob": 0.0148975791433892, "count": 8, "pos": [2, 27, 52, 90, 140, 147, 246, 449]}, "a": {"prob": 0.03165735567970205, "count": 17, "pos": [3, 34, 78, 95, 103, 122, 143, 150, 160, 227, 292, 367, 408, 416, 427, 507, 527]}, "tourist": {"prob": 0.0037243947858473, "count": 2, "pos": [4, 216]}, "see": {"prob": 0.0037243947858473, "count": 2, "pos": [5, 253]}, "the": {"prob": 0.0595903165735568, "count": 32, "pos": [6, 21, 41, 53, 61, 68, 86, 92, 100, 124, 135, 152, 183, 186, 200, 239, 300, 313, 325, 345, 353, 363, 414, 436, 450, 464, 472, 483, 493, 513, 518, 535]}, "sight": {"prob": 0.00186219739292365, "count": 1, "pos": [7]}, "of": {"prob": 0.0186219739292365, "count": 10, "pos": [8, 55, 94, 185, 334, 391, 435, 485, 509, 515]}, "pari": {"prob": 0.00186219739292365, "count": 1, "pos": [9]}, "with": {"prob": 0.0074487895716946, "count": 4, "pos": [10, 213, 378, 475]}, "hi": {"prob": 0.0111731843575419, "count": 6, "pos": [11, 204, 267, 278, 405, 461]}, "friend": {"prob": 0.00186219739292365, "count": 1, "pos": [12]}, "brad": {"prob": 0.01303538175046555, "count": 7, "pos": [13, 76, 139, 162, 194, 357, 361]}, "and": {"prob": 0.040968342644320296, "count": 22, "pos": [14, 47, 58, 75, 119, 132, 145, 167, 221, 258, 266, 312, 321, 331, 340, 348, 366, 371, 400, 459, 477, 524]}, "chri": {"prob": 0.0074487895716946, "count": 4, "pos": [15, 74, 137, 283]}, "when": {"prob": 0.0037243947858473, "count": 2, "pos": [16, 387]}, "serafin": {"prob": 0.0223463687150838, "count": 12, "pos": [17, 112, 284, 318, 330, 372, 379, 402, 470, 476, 505, 523]}, "pigot": {"prob": 0.00186219739292365, "count": 1, "pos": [18]}, "leap": {"prob": 0.00186219739292365, "count": 1, "pos": [19]}, "off": {"prob": 0.0037243947858473, "count": 2, "pos": [20, 490]}, "eiffel": {"prob": 0.00186219739292365, "count": 1, "pos": [22]}, "tower": {"prob": 0.00186219739292365, "count": 1, "pos": [23]}, "just": {"prob": 0.00186219739292365, "count": 1, "pos": [24]}, "befor": {"prob": 0.00186219739292365, "count": 1, "pos": [25]}, "about": {"prob": 0.00186219739292365, "count": 1, "pos": [28]}, "to": {"prob": 0.040968342644320296, "count": 22, "pos": [29, 105, 109, 116, 165, 176, 196, 252, 262, 271, 276, 294, 304, 327, 351, 374, 381, 385, 423, 426, 431, 532]}, "bung": {"prob": 0.0037243947858473, "count": 2, "pos": [30, 488]}, "jump": {"prob": 0.0037243947858473, "count": 2, "pos": [31, 489]}, "he": {"prob": 0.0074487895716946, "count": 4, "pos": [32, 180, 250, 429]}, "execut": {"prob": 0.00186219739292365, "count": 1, "pos": [33]}, "mid": {"prob": 0.00186219739292365, "count": 1, "pos": [35]}, "air": {"prob": 0.00186219739292365, "count": 1, "pos": [36]}, "rescu": {"prob": 0.0037243947858473, "count": 2, "pos": [37, 285]}, "she": {"prob": 0.00931098696461825, "count": 5, "pos": [38, 51, 259, 388, 397]}, "vanish": {"prob": 0.00186219739292365, "count": 1, "pos": [39]}, "into": {"prob": 0.0111731843575419, "count": 6, "pos": [40, 121, 128, 159, 307, 419]}, "night": {"prob": 0.00558659217877095, "count": 3, "pos": [42, 72, 79]}, "leav": {"prob": 0.00186219739292365, "count": 1, "pos": [43]}, "intrigu": {"prob": 0.00186219739292365, "count": 1, "pos": [45]}, "\u00e2": {"prob": 0.00186219739292365, "count": 1, "pos": [46]}, "also": {"prob": 0.0037243947858473, "count": 2, "pos": [48, 225]}, "unawar": {"prob": 0.00186219739292365, "count": 1, "pos": [49]}, "that": {"prob": 0.01675977653631285, "count": 9, "pos": [50, 71, 98, 188, 202, 288, 355, 447, 452]}, "daughter": {"prob": 0.00186219739292365, "count": 1, "pos": [54]}, "david": {"prob": 0.00186219739292365, "count": 1, "pos": [56]}, "kessler": {"prob": 0.00186219739292365, "count": 1, "pos": [57]}, "alex": {"prob": 0.00186219739292365, "count": 1, "pos": [59]}, "price": {"prob": 0.00186219739292365, "count": 1, "pos": [60]}, "coupl": {"prob": 0.00186219739292365, "count": 1, "pos": [62]}, "seen": {"prob": 0.00186219739292365, "count": 1, "pos": [63]}, "16": {"prob": 0.00186219739292365, "count": 1, "pos": [64]}, "year": {"prob": 0.00186219739292365, "count": 1, "pos": [65]}, "earlier": {"prob": 0.00186219739292365, "count": 1, "pos": [66]}, "in": {"prob": 0.01303538175046555, "count": 7, "pos": [67, 108, 172, 191, 238, 496, 512]}, "first": {"prob": 0.00186219739292365, "count": 1, "pos": [69]}, "film": {"prob": 0.0037243947858473, "count": 2, "pos": [70, 473]}, "attend": {"prob": 0.00186219739292365, "count": 1, "pos": [77]}, "club": {"prob": 0.0111731843575419, "count": 6, "pos": [80, 82, 87, 101, 125, 240]}, "call": {"prob": 0.00186219739292365, "count": 1, "pos": [81]}, "de": {"prob": 0.0037243947858473, "count": 2, "pos": [83, 241]}, "la": {"prob": 0.0037243947858473, "count": 2, "pos": [84, 242]}, "lune": {"prob": 0.0037243947858473, "count": 2, "pos": [85, 243]}, "owner": {"prob": 0.0037243947858473, "count": 2, "pos": [88, 126]}, "claud": {"prob": 0.01303538175046555, "count": 7, "pos": [89, 265, 311, 337, 403, 448, 503]}, "actual": {"prob": 0.00186219739292365, "count": 1, "pos": [91]}, "leader": {"prob": 0.00186219739292365, "count": 1, "pos": [93]}, "werewolf": {"prob": 0.0223463687150838, "count": 12, "pos": [96, 123, 144, 151, 161, 170, 187, 201, 296, 354, 451, 465]}, "societi": {"prob": 0.0037243947858473, "count": 2, "pos": [97, 274]}, "use": {"prob": 0.00186219739292365, "count": 1, "pos": [99]}, "as": {"prob": 0.00931098696461825, "count": 5, "pos": [102, 130, 256, 442, 492]}, "way": {"prob": 0.0037243947858473, "count": 2, "pos": [104, 406]}, "lure": {"prob": 0.00186219739292365, "count": 1, "pos": [106]}, "peopl": {"prob": 0.00186219739292365, "count": 1, "pos": [107]}, "be": {"prob": 0.00558659217877095, "count": 3, "pos": [110, 197, 207]}, "kill": {"prob": 0.0186219739292365, "count": 10, "pos": [111, 208, 222, 226, 263, 282, 322, 352, 375, 457]}, "arriv": {"prob": 0.0037243947858473, "count": 2, "pos": [113, 365]}, "tell": {"prob": 0.00186219739292365, "count": 1, "pos": [114]}, "run": {"prob": 0.0037243947858473, "count": 2, "pos": [117, 389]}, "away": {"prob": 0.00186219739292365, "count": 1, "pos": [118]}, "transform": {"prob": 0.01675977653631285, "count": 9, "pos": [120, 127, 158, 220, 297, 306, 328, 399, 424]}, "werewolv": {"prob": 0.00931098696461825, "count": 5, "pos": [129, 303, 315, 377, 536]}, "well": {"prob": 0.0037243947858473, "count": 2, "pos": [131, 257]}, "butcher": {"prob": 0.00186219739292365, "count": 1, "pos": [133]}, "all": {"prob": 0.00186219739292365, "count": 1, "pos": [134]}, "guest": {"prob": 0.00186219739292365, "count": 1, "pos": [136]}, "escap": {"prob": 0.00558659217877095, "count": 3, "pos": [138, 249, 347]}, "eaten": {"prob": 0.00186219739292365, "count": 1, "pos": [141]}, "by": {"prob": 0.00558659217877095, "count": 3, "pos": [142, 149, 467]}, "bitten": {"prob": 0.00186219739292365, "count": 1, "pos": [148]}, "next": {"prob": 0.00186219739292365, "count": 1, "pos": [153]}, "day": {"prob": 0.00186219739292365, "count": 1, "pos": [154]}, "discov": {"prob": 0.0037243947858473, "count": 2, "pos": [156, 446]}, "himself": {"prob": 0.00186219739292365, "count": 1, "pos": [157]}, "ghost": {"prob": 0.00558659217877095, "count": 3, "pos": [163, 195, 255]}, "appear": {"prob": 0.00186219739292365, "count": 1, "pos": [164]}, "explain": {"prob": 0.0037243947858473, "count": 2, "pos": [168, 287]}, "condit": {"prob": 0.00186219739292365, "count": 1, "pos": [171]}, "order": {"prob": 0.0037243947858473, "count": 2, "pos": [173, 192]}, "for": {"prob": 0.0037243947858473, "count": 2, "pos": [174, 193]}, "becom": {"prob": 0.00186219739292365, "count": 1, "pos": [177]}, "normal": {"prob": 0.00186219739292365, "count": 1, "pos": [178]}, "again": {"prob": 0.00186219739292365,