{"__total__": 450, "__name__": "doc_12_2_Fast_2_Furious.txt", "after": {"prob": 0.011111111111111112, "count": 5, "pos": [0, 69, 170, 187, 198]}, "allow": {"prob": 0.0044444444444444444, "count": 2, "pos": [1, 375]}, "fugit": {"prob": 0.0022222222222222222, "count": 1, "pos": [2]}, "domin": {"prob": 0.0022222222222222222, "count": 1, "pos": [3]}, "toretto": {"prob": 0.0044444444444444444, "count": 2, "pos": [4, 60]}, "to": {"prob": 0.02666666666666667, "count": 12, "pos": [5, 28, 103, 142, 154, 164, 235, 254, 269, 354, 380, 392]}, "evad": {"prob": 0.0022222222222222222, "count": 1, "pos": [6]}, "arrest": {"prob": 0.006666666666666667, "count": 3, "pos": [7, 217, 426]}, "former": {"prob": 0.0044444444444444444, "count": 2, "pos": [8, 220]}, "lapd": {"prob": 0.0044444444444444444, "count": 2, "pos": [9, 20]}, "offic": {"prob": 0.0022222222222222222, "count": 1, "pos": [10]}, "brian": {"prob": 0.0044444444444444444, "count": 2, "pos": [11, 136]}, "o": {"prob": 0.02, "count": 9, "pos": [12, 248, 258, 304, 321, 347, 376, 411, 446]}, "conner": {"prob": 0.0022222222222222222, "count": 1, "pos": [13]}, "find": {"prob": 0.0022222222222222222, "count": 1, "pos": [14]}, "himself": {"prob": 0.0022222222222222222, "count": 1, "pos": [15]}, "on": {"prob": 0.0044444444444444444, "count": 2, "pos": [16, 326]}, "the": {"prob": 0.03333333333333333, "count": 15, "pos": [17, 36, 40, 51, 67, 101, 165, 176, 180, 204, 327, 352, 359, 422, 428]}, "run": {"prob": 0.0044444444444444444, "count": 2, "pos": [18, 319]}, "from": {"prob": 0.0044444444444444444, "count": 2, "pos": [19, 288]}, "and": {"prob": 0.05555555555555555, "count": 25, "pos": [21, 23, 50, 91, 99, 107, 126, 150, 169, 218, 250, 264, 303, 310, 323, 336, 349, 364, 366, 378, 386, 413, 420, 427, 448]}, "fbi": {"prob": 0.0044444444444444444, "count": 2, "pos": [22, 222]}, "leav": {"prob": 0.0022222222222222222, "count": 1, "pos": [24]}, "lo": {"prob": 0.0022222222222222222, "count": 1, "pos": [25]}, "angel": {"prob": 0.0022222222222222222, "count": 1, "pos": [26]}, "california": {"prob": 0.0044444444444444444, "count": 2, "pos": [27, 256]}, "start": {"prob": 0.0022222222222222222, "count": 1, "pos": [29]}, "a": {"prob": 0.03333333333333333, "count": 15, "pos": [30, 43, 57, 95, 109, 123, 130, 157, 171, 189, 226, 239, 316, 355, 372]}, "new": {"prob": 0.0044444444444444444, "count": 2, "pos": [31, 82]}, "life": {"prob": 0.0022222222222222222, "count": 1, "pos": [32]}, "he": {"prob": 0.024444444444444446, "count": 11, "pos": [33, 54, 74, 80, 145, 160, 173, 191, 215, 233, 402]}, "travel": {"prob": 0.006666666666666667, "count": 3, "pos": [34, 70, 253]}, "along": {"prob": 0.0044444444444444444, "count": 2, "pos": [35, 342]}, "u": {"prob": 0.008888888888888889, "count": 4, "pos": [37, 211, 293, 408]}, "race": {"prob": 0.008888888888888889, "count": 4, "pos": [38, 97, 190, 309]}, "against": {"prob": 0.0022222222222222222, "count": 1, "pos": [39]}, "local": {"prob": 0.0022222222222222222, "count": 1, "pos": [41]}, "use": {"prob": 0.0022222222222222222, "count": 1, "pos": [42]}, "silver": {"prob": 0.0022222222222222222, "count": 1, "pos": [44]}, "nissan": {"prob": 0.0022222222222222222, "count": 1, "pos": [45]}, "skylin": {"prob": 0.006666666666666667, "count": 3, "pos": [46, 141, 163]}, "gt": {"prob": 0.0022222222222222222, "count": 1, "pos": [47]}, "r": {"prob": 0.0022222222222222222, "count": 1, "pos": [48]}, "r34": {"prob": 0.0022222222222222222, "count": 1, "pos": [49]}, "drive": {"prob": 0.0022222222222222222, "count": 1, "pos": [52]}, "skill": {"prob": 0.0022222222222222222, "count": 1, "pos": [53]}, "learn": {"prob": 0.0022222222222222222, "count": 1, "pos": [55]}, "as": {"prob": 0.008888888888888889, "count": 4, "pos": [56, 118, 120, 277]}, "member": {"prob": 0.0022222222222222222, "count": 1, "pos": [58]}, "of": {"prob": 0.011111111111111112, "count": 5, "pos": [59, 167, 178, 338, 417]}, "now": {"prob": 0.006666666666666667, "count": 3, "pos": [61, 127, 138]}, "disband": {"prob": 0.0022222222222222222, "count": 1, "pos": [62]}, "crew": {"prob": 0.0022222222222222222, "count": 1, "pos": [63]}, "earn": {"prob": 0.0022222222222222222, "count": 1, "pos": [64]}, "money": {"prob": 0.008888888888888889, "count": 4, "pos": [65, 317, 331, 434]}, "for": {"prob": 0.011111111111111112, "count": 5, "pos": [66, 71, 280, 313, 438]}, "trip": {"prob": 0.0022222222222222222, "count": 1, "pos": [68]}, "few": {"prob": 0.0022222222222222222, "count": 1, "pos": [72]}, "day": {"prob": 0.0022222222222222222, "count": 1, "pos": [73]}, "arriv": {"prob": 0.0022222222222222222, "count": 1, "pos": [75]}, "in": {"prob": 0.015555555555555555, "count": 7, "pos": [76, 105, 129, 238, 332, 346, 383]}, "miami": {"prob": 0.006666666666666667, "count": 3, "pos": [77, 106, 168]}, "florida": {"prob": 0.0022222222222222222, "count": 1, "pos": [78]}, "there": {"prob": 0.0044444444444444444, "count": 2, "pos": [79, 183]}, "make": {"prob": 0.0044444444444444444, "count": 2, "pos": [81, 225]}, "friend": {"prob": 0.0044444444444444444, "count": 2, "pos": [83, 263]}, "with": {"prob": 0.013333333333333334, "count": 6, "pos": [84, 116, 228, 286, 329, 397]}, "tej": {"prob": 0.006666666666666667, "count": 3, "pos": [85, 117, 362]}, "parker": {"prob": 0.0022222222222222222, "count": 1, "pos": [86]}, "an": {"prob": 0.011111111111111112, "count": 5, "pos": [87, 291, 307, 406, 439]}, "ex": {"prob": 0.0044444444444444444, "count": 2, "pos": [88, 265]}, "street": {"prob": 0.011111111111111112, "count": 5, "pos": [89, 124, 166, 278, 369]}, "racer": {"prob": 0.011111111111111112, "count": 5, "pos": [90, 125, 182, 279, 370]}, "organ": {"prob": 0.0022222222222222222, "count": 1, "pos": [92]}, "who": {"prob": 0.006666666666666667, "count": 3, "pos": [93, 114, 296]}, "lead": {"prob": 0.0044444444444444444, "count": 2, "pos": [94, 351]}, "top": {"prob": 0.0044444444444444444, "count": 2, "pos": [96, 143]}, "garag": {"prob": 0.0044444444444444444, "count": 2, "pos": [98, 135]}, "is": {"prob": 0.015555555555555555, "count": 7, "pos": [100, 174, 184, 192, 201, 216, 425]}, "man": {"prob": 0.0022222222222222222, "count": 1, "pos": [102]}, "know": {"prob": 0.0022222222222222222, "count": 1, "pos": [104]}, "jimmi": {"prob": 0.0044444444444444444, "count": 2, "pos": [108, 363]}, "well": {"prob": 0.0044444444444444444, "count": 2, "pos": [110, 119]}, "known": {"prob": 0.0022222222222222222, "count": 1, "pos": [111]}, "car": {"prob": 0.008888888888888889, "count": 4, "pos": [112, 200, 334, 385]}, "tuner": {"prob": 0.0022222222222222222, "count": 1, "pos": [113]}, "work": {"prob": 0.0044444444444444444, "count": 2, "pos": [115, 275]}, "suki": {"prob": 0.0044444444444444444, "count": 2, "pos": [121, 365]}, "also": {"prob": 0.0044444444444444444, "count": 2, "pos": [122, 147]}, "live": {"prob": 0.0022222222222222222, "count": 1, "pos": [128]}, "small": {"prob": 0.0022222222222222222, "count": 1, "pos": [131]}, "cot": {"prob": 0.0022222222222222222, "count": 1, "pos": [132]}, "near": {"prob": 0.0022222222222222222, "count": 1, "pos": [133]}, "hi": {"prob": 0.02, "count": 9, "pos": [134, 140, 162, 199, 219, 241, 261, 395, 432]}, "ha": {"prob": 0.006666666666666667, "count": 3, "pos": [137, 146, 297]}, "modifi": {"prob": 0.0022222222222222222, "count": 1, "pos": [139]}, "grade": {"prob": 0.0022222222222222222, "count": 1, "pos": [144]}, "ad": {"prob": 0.0022222222222222222, "count": 1, "pos": [148]}, "detail": {"prob": 0.0022222222222222222, "count": 1, "pos": [149]}, "under": {"prob": 0.0022222222222222222, "count": 1, "pos": [151]}, "glow": {"prob": 0.0022222222222222222, "count": 1, "pos": [152]}, "light": {"prob": 0.0022222222222222222, "count": 1, "pos": [153]}, "give": {"prob": 0.0022222222222222222, "count": 1, "pos": [155]}, "it": {"prob": 0.0022222222222222222, "count": 1, "pos": [156]}, "stun": {"prob": 0.0022222222222222222, "count": 1, "pos": [158]}, "look": {"prob": 0.0022222222222222222, "count": 1, "pos": [159]}, "take": {"prob": 0.0044444444444444444, "count": 2,