{"__total__": 545, "__name__": "doc_1202_Romancing_the_Stone.txt", "joan": {"prob": 0.044036697247706424, "count": 24, "pos": [0, 31, 64, 81, 110, 118, 167, 186, 215, 232, 252, 265, 275, 286, 309, 330, 354, 365, 400, 430, 434, 468, 476, 531]}, "wilder": {"prob": 0.001834862385321101, "count": 1, "pos": [1]}, "is": {"prob": 0.01834862385321101, "count": 10, "pos": [2, 55, 65, 88, 94, 162, 301, 431, 449, 477]}, "a": {"prob": 0.029357798165137616, "count": 16, "pos": [3, 13, 138, 143, 147, 156, 163, 177, 256, 261, 374, 388, 457, 484, 506, 517]}, "lone": {"prob": 0.001834862385321101, "count": 1, "pos": [4]}, "romanc": {"prob": 0.001834862385321101, "count": 1, "pos": [5]}, "novelist": {"prob": 0.001834862385321101, "count": 1, "pos": [6]}, "in": {"prob": 0.014678899082568808, "count": 8, "pos": [7, 24, 84, 146, 307, 432, 479, 505]}, "new": {"prob": 0.005504587155963303, "count": 3, "pos": [8, 480, 485]}, "york": {"prob": 0.003669724770642202, "count": 2, "pos": [9, 481]}, "citi": {"prob": 0.003669724770642202, "count": 2, "pos": [10, 482]}, "who": {"prob": 0.014678899082568808, "count": 8, "pos": [11, 77, 121, 128, 161, 170, 224, 344]}, "receiv": {"prob": 0.001834862385321101, "count": 1, "pos": [12]}, "treasur": {"prob": 0.009174311926605505, "count": 5, "pos": [14, 124, 191, 204, 245]}, "map": {"prob": 0.007339449541284404, "count": 4, "pos": [15, 54, 196, 278]}, "mail": {"prob": 0.001834862385321101, "count": 1, "pos": [16]}, "to": {"prob": 0.031192660550458717, "count": 17, "pos": [17, 35, 37, 56, 62, 108, 112, 185, 212, 226, 287, 304, 334, 363, 371, 416, 540]}, "her": {"prob": 0.01834862385321101, "count": 10, "pos": [18, 20, 26, 34, 107, 294, 471, 489, 492, 504]}, "by": {"prob": 0.014678899082568808, "count": 8, "pos": [19, 45, 72, 91, 96, 222, 339, 410]}, "recent": {"prob": 0.001834862385321101, "count": 1, "pos": [21]}, "murder": {"prob": 0.001834862385321101, "count": 1, "pos": [22]}, "brother": {"prob": 0.001834862385321101, "count": 1, "pos": [23]}, "law": {"prob": 0.001834862385321101, "count": 1, "pos": [25]}, "widow": {"prob": 0.001834862385321101, "count": 1, "pos": [27]}, "sister": {"prob": 0.003669724770642202, "count": 2, "pos": [28, 472]}, "elain": {"prob": 0.009174311926605505, "count": 5, "pos": [29, 41, 79, 332, 402]}, "call": {"prob": 0.003669724770642202, "count": 2, "pos": [30, 208]}, "and": {"prob": 0.05137614678899083, "count": 28, "pos": [32, 50, 52, 87, 117, 127, 169, 181, 201, 214, 230, 249, 251, 258, 264, 320, 325, 331, 341, 352, 380, 397, 401, 441, 443, 491, 512, 524]}, "beg": {"prob": 0.001834862385321101, "count": 1, "pos": [33]}, "come": {"prob": 0.001834862385321101, "count": 1, "pos": [36]}, "cartagena": {"prob": 0.007339449541284404, "count": 4, "pos": [38, 109, 288, 308]}, "colombia": {"prob": 0.003669724770642202, "count": 2, "pos": [39, 63]}, "becaus": {"prob": 0.001834862385321101, "count": 1, "pos": [40]}, "ha": {"prob": 0.007339449541284404, "count": 4, "pos": [42, 218, 276, 281]}, "been": {"prob": 0.003669724770642202, "count": 2, "pos": [43, 219]}, "kidnap": {"prob": 0.001834862385321101, "count": 1, "pos": [44]}, "bumbl": {"prob": 0.001834862385321101, "count": 1, "pos": [46]}, "antiqu": {"prob": 0.001834862385321101, "count": 1, "pos": [47]}, "smuggler": {"prob": 0.003669724770642202, "count": 2, "pos": [48, 150]}, "ira": {"prob": 0.011009174311926606, "count": 6, "pos": [49, 311, 319, 359, 398, 442]}, "ralph": {"prob": 0.012844036697247707, "count": 7, "pos": [51, 71, 223, 241, 305, 321, 448]}, "the": {"prob": 0.060550458715596334, "count": 33, "pos": [53, 58, 68, 75, 85, 97, 123, 190, 195, 199, 203, 228, 238, 244, 272, 277, 282, 297, 327, 350, 356, 368, 385, 411, 418, 438, 453, 462, 465, 510, 522, 526, 543]}, "be": {"prob": 0.001834862385321101, "count": 1, "pos": [57]}, "ransom": {"prob": 0.001834862385321101, "count": 1, "pos": [59]}, "hastili": {"prob": 0.001834862385321101, "count": 1, "pos": [60]}, "fli": {"prob": 0.001834862385321101, "count": 1, "pos": [61]}, "detour": {"prob": 0.001834862385321101, "count": 1, "pos": [66]}, "from": {"prob": 0.005504587155963303, "count": 3, "pos": [67, 174, 420]}, "rendezv": {"prob": 0.001834862385321101, "count": 1, "pos": [69]}, "with": {"prob": 0.012844036697247707, "count": 7, "pos": [70, 131, 296, 318, 355, 384, 470]}, "colonel": {"prob": 0.001834862385321101, "count": 1, "pos": [73]}, "zolo": {"prob": 0.022018348623853212, "count": 12, "pos": [74, 92, 120, 175, 247, 340, 348, 372, 378, 395, 413, 436]}, "man": {"prob": 0.001834862385321101, "count": 1, "pos": [76]}, "kill": {"prob": 0.003669724770642202, "count": 2, "pos": [78, 90]}, "husband": {"prob": 0.001834862385321101, "count": 1, "pos": [80]}, "end": {"prob": 0.003669724770642202, "count": 2, "pos": [82, 266]}, "up": {"prob": 0.005504587155963303, "count": 3, "pos": [83, 221, 267]}, "jungl": {"prob": 0.001834862385321101, "count": 1, "pos": [86]}, "almost": {"prob": 0.001834862385321101, "count": 1, "pos": [89]}, "but": {"prob": 0.01651376146788991, "count": 9, "pos": [93, 240, 279, 299, 312, 373, 406, 422, 447]}, "save": {"prob": 0.003669724770642202, "count": 2, "pos": [95, 364]}, "swashbuckl": {"prob": 0.001834862385321101, "count": 1, "pos": [98]}, "american": {"prob": 0.001834862385321101, "count": 1, "pos": [99]}, "bird": {"prob": 0.001834862385321101, "count": 1, "pos": [100]}, "export": {"prob": 0.001834862385321101, "count": 1, "pos": [101]}, "jack": {"prob": 0.029357798165137616, "count": 16, "pos": [102, 114, 116, 183, 213, 234, 250, 263, 280, 284, 315, 347, 366, 414, 459, 501]}, "t": {"prob": 0.001834862385321101, "count": 1, "pos": [103]}, "colton": {"prob": 0.001834862385321101, "count": 1, "pos": [104]}, "for": {"prob": 0.007339449541284404, "count": 4, "pos": [105, 125, 404, 503]}, "get": {"prob": 0.001834862385321101, "count": 1, "pos": [106]}, "promi": {"prob": 0.003669724770642202, "count": 2, "pos": [111, 289]}, "pay": {"prob": 0.001834862385321101, "count": 1, "pos": [113]}, "$375,": {"prob": 0.001834862385321101, "count": 1, "pos": [115]}, "elud": {"prob": 0.001834862385321101, "count": 1, "pos": [119]}, "want": {"prob": 0.001834862385321101, "count": 1, "pos": [122]}, "himself": {"prob": 0.001834862385321101, "count": 1, "pos": [126]}, "chase": {"prob": 0.003669724770642202, "count": 2, "pos": [129, 254]}, "them": {"prob": 0.003669724770642202, "count": 2, "pos": [130, 172]}, "militari": {"prob": 0.001834862385321101, "count": 1, "pos": [132]}, "polic": {"prob": 0.001834862385321101, "count": 1, "pos": [133]}, "which": {"prob": 0.001834862385321101, "count": 1, "pos": [134]}, "he": {"prob": 0.009174311926605505, "count": 5, "pos": [135, 291, 427, 508, 528]}, "command": {"prob": 0.001834862385321101, "count": 1, "pos": [136]}, "as": {"prob": 0.009174311926605505, "count": 5, "pos": [137, 329, 361, 387, 452]}, "privat": {"prob": 0.001834862385321101, "count": 1, "pos": [139]}, "armi": {"prob": 0.001834862385321101, "count": 1, "pos": [140]}, "after": {"prob": 0.007339449541284404, "count": 4, "pos": [141, 176, 456, 464]}, "spend": {"prob": 0.001834862385321101, "count": 1, "pos": [142]}, "night": {"prob": 0.003669724770642202, "count": 2, "pos": [144, 178]}, "hide": {"prob": 0.001834862385321101, "count": 1, "pos": [145]}, "crash": {"prob": 0.001834862385321101, "count": 1, "pos": [148]}, "marijuana": {"prob": 0.001834862385321101, "count": 1, "pos": [149]}, "c": {"prob": 0.001834862385321101, "count": 1, "pos": [151]}, "47": {"prob": 0.001834862385321101, "count": 1, "pos": [152]}, "airplan": {"prob": 0.001834862385321101, "count": 1, "pos": [153]}, "they": {"prob": 0.011009174311926606, "count": 6, "pos": [154, 188, 197, 336, 407, 535]}, "encount": {"prob": 0.001834862385321101, "count": 1, "pos": [155]}, "drug": {"prob": 0.001834862385321101, "count": 1, "pos": [157]}, "lord": {"prob": 0.001834862385321101, "count": 1, "pos": [158]}, "name": {"prob": 0.001834862385321101, "count": 1, "pos": [159]}, "juan": {"prob": 0.001834862385321101, "count": 1, "pos": [160]},