{"__total__": 184, "__name__": "doc_1208_Room_at_the_Top.txt", "in": {"prob": 0.03260869565217391, "count": 6, "pos": [0, 22, 32, 86, 144, 179]}, "late": {"prob": 0.005434782608695652, "count": 1, "pos": [1]}, "1940": {"prob": 0.005434782608695652, "count": 1, "pos": [2]}, "yorkshir": {"prob": 0.005434782608695652, "count": 1, "pos": [3]}, "england": {"prob": 0.005434782608695652, "count": 1, "pos": [4]}, "ambiti": {"prob": 0.005434782608695652, "count": 1, "pos": [5]}, "young": {"prob": 0.005434782608695652, "count": 1, "pos": [6]}, "man": {"prob": 0.005434782608695652, "count": 1, "pos": [7]}, "joe": {"prob": 0.02717391304347826, "count": 5, "pos": [8, 72, 102, 122, 150]}, "lampton": {"prob": 0.005434782608695652, "count": 1, "pos": [9]}, "who": {"prob": 0.010869565217391304, "count": 2, "pos": [10, 84]}, "ha": {"prob": 0.005434782608695652, "count": 1, "pos": [11]}, "just": {"prob": 0.005434782608695652, "count": 1, "pos": [12]}, "move": {"prob": 0.005434782608695652, "count": 1, "pos": [13]}, "from": {"prob": 0.010869565217391304, "count": 2, "pos": [14, 93]}, "the": {"prob": 0.02717391304347826, "count": 5, "pos": [15, 33, 42, 56, 98]}, "dreari": {"prob": 0.005434782608695652, "count": 1, "pos": [16]}, "factori": {"prob": 0.005434782608695652, "count": 1, "pos": [17]}, "town": {"prob": 0.005434782608695652, "count": 1, "pos": [18]}, "of": {"prob": 0.02717391304347826, "count": 5, "pos": [19, 44, 55, 160, 169]}, "dufton": {"prob": 0.005434782608695652, "count": 1, "pos": [20]}, "arriv": {"prob": 0.005434782608695652, "count": 1, "pos": [21]}, "warley": {"prob": 0.005434782608695652, "count": 1, "pos": [23]}, "to": {"prob": 0.043478260869565216, "count": 8, "pos": [24, 38, 51, 76, 108, 119, 125, 181]}, "assum": {"prob": 0.005434782608695652, "count": 1, "pos": [25]}, "a": {"prob": 0.02717391304347826, "count": 5, "pos": [26, 45, 139, 158, 164]}, "secur": {"prob": 0.005434782608695652, "count": 1, "pos": [27]}, "but": {"prob": 0.005434782608695652, "count": 1, "pos": [28]}, "poor": {"prob": 0.005434782608695652, "count": 1, "pos": [29]}, "paid": {"prob": 0.005434782608695652, "count": 1, "pos": [30]}, "post": {"prob": 0.005434782608695652, "count": 1, "pos": [31]}, "borough": {"prob": 0.005434782608695652, "count": 1, "pos": [34]}, "treasur": {"prob": 0.005434782608695652, "count": 1, "pos": [35]}, "depart": {"prob": 0.005434782608695652, "count": 1, "pos": [36]}, "determin": {"prob": 0.005434782608695652, "count": 1, "pos": [37]}, "succeed": {"prob": 0.005434782608695652, "count": 1, "pos": [39]}, "and": {"prob": 0.02717391304347826, "count": 5, "pos": [40, 105, 129, 134, 152]}, "ignor": {"prob": 0.005434782608695652, "count": 1, "pos": [41]}, "warn": {"prob": 0.005434782608695652, "count": 1, "pos": [43]}, "colleagu": {"prob": 0.010869565217391304, "count": 2, "pos": [46, 177]}, "soam": {"prob": 0.010869565217391304, "count": 2, "pos": [47, 178]}, "he": {"prob": 0.016304347826086956, "count": 3, "pos": [48, 62, 172]}, "is": {"prob": 0.016304347826086956, "count": 3, "pos": [49, 113, 173]}, "drawn": {"prob": 0.005434782608695652, "count": 1, "pos": [50]}, "susan": {"prob": 0.03260869565217391, "count": 6, "pos": [52, 70, 91, 104, 112, 183]}, "brown": {"prob": 0.016304347826086956, "count": 3, "pos": [53, 61, 116]}, "daughter": {"prob": 0.010869565217391304, "count": 2, "pos": [54, 132]}, "local": {"prob": 0.005434782608695652, "count": 1, "pos": [57]}, "industri": {"prob": 0.005434782608695652, "count": 1, "pos": [58]}, "magnat": {"prob": 0.005434782608695652, "count": 1, "pos": [59]}, "mr": {"prob": 0.010869565217391304, "count": 2, "pos": [60, 115]}, "deal": {"prob": 0.005434782608695652, "count": 1, "pos": [63]}, "with": {"prob": 0.010869565217391304, "count": 2, "pos": [64, 88]}, "joe\u00e2": {"prob": 0.005434782608695652, "count": 1, "pos": [65]}, "social": {"prob": 0.005434782608695652, "count": 1, "pos": [66]}, "climb": {"prob": 0.005434782608695652, "count": 1, "pos": [67]}, "by": {"prob": 0.016304347826086956, "count": 3, "pos": [68, 157, 175]}, "send": {"prob": 0.005434782608695652, "count": 1, "pos": [69]}, "abroad": {"prob": 0.005434782608695652, "count": 1, "pos": [71]}, "turn": {"prob": 0.005434782608695652, "count": 1, "pos": [73]}, "for": {"prob": 0.010869565217391304, "count": 2, "pos": [74, 162]}, "solac": {"prob": 0.005434782608695652, "count": 1, "pos": [75]}, "alic": {"prob": 0.021739130434782608, "count": 4, "pos": [77, 109, 128, 136]}, "aisgil": {"prob": 0.005434782608695652, "count": 1, "pos": [78]}, "an": {"prob": 0.005434782608695652, "count": 1, "pos": [79]}, "unhappili": {"prob": 0.005434782608695652, "count": 1, "pos": [80]}, "marri": {"prob": 0.010869565217391304, "count": 2, "pos": [81, 130]}, "older": {"prob": 0.005434782608695652, "count": 1, "pos": [82]}, "woman": {"prob": 0.005434782608695652, "count": 1, "pos": [83]}, "fall": {"prob": 0.005434782608695652, "count": 1, "pos": [85]}, "love": {"prob": 0.005434782608695652, "count": 1, "pos": [87]}, "him": {"prob": 0.010869565217391304, "count": 2, "pos": [89, 124]}, "when": {"prob": 0.005434782608695652, "count": 1, "pos": [90]}, "return": {"prob": 0.010869565217391304, "count": 2, "pos": [92, 107]}, "her": {"prob": 0.010869565217391304, "count": 2, "pos": [94, 145]}, "holiday": {"prob": 0.005434782608695652, "count": 1, "pos": [95]}, "short": {"prob": 0.005434782608695652, "count": 1, "pos": [96]}, "after": {"prob": 0.016304347826086956, "count": 3, "pos": [97, 117, 153]}, "lover": {"prob": 0.005434782608695652, "count": 1, "pos": [99]}, "have": {"prob": 0.005434782608695652, "count": 1, "pos": [100]}, "quarrel": {"prob": 0.005434782608695652, "count": 1, "pos": [101]}, "seduc": {"prob": 0.005434782608695652, "count": 1, "pos": [103]}, "then": {"prob": 0.005434782608695652, "count": 1, "pos": [106]}, "discov": {"prob": 0.005434782608695652, "count": 1, "pos": [110]}, "that": {"prob": 0.010869565217391304, "count": 2, "pos": [111, 142]}, "pregnant": {"prob": 0.005434782608695652, "count": 1, "pos": [114]}, "fail": {"prob": 0.005434782608695652, "count": 1, "pos": [118]}, "buy": {"prob": 0.005434782608695652, "count": 1, "pos": [120]}, "off": {"prob": 0.005434782608695652, "count": 1, "pos": [121]}, "coerc": {"prob": 0.005434782608695652, "count": 1, "pos": [123]}, "give": {"prob": 0.005434782608695652, "count": 1, "pos": [126]}, "up": {"prob": 0.005434782608695652, "count": 1, "pos": [127]}, "hi": {"prob": 0.010869565217391304, "count": 2, "pos": [131, 176]}, "desert": {"prob": 0.005434782608695652, "count": 1, "pos": [133]}, "heartbroken": {"prob": 0.005434782608695652, "count": 1, "pos": [135]}, "launch": {"prob": 0.005434782608695652, "count": 1, "pos": [137]}, "on": {"prob": 0.005434782608695652, "count": 1, "pos": [138]}, "drink": {"prob": 0.005434782608695652, "count": 1, "pos": [140]}, "bout": {"prob": 0.005434782608695652, "count": 1, "pos": [141]}, "culmin": {"prob": 0.005434782608695652, "count": 1, "pos": [143]}, "car": {"prob": 0.005434782608695652, "count": 1, "pos": [146]}, "accid": {"prob": 0.005434782608695652, "count": 1, "pos": [147]}, "death": {"prob": 0.005434782608695652, "count": 1, "pos": [148]}, "distraught": {"prob": 0.005434782608695652, "count": 1, "pos": [149]}, "disappear": {"prob": 0.005434782608695652, "count": 1, "pos": [151]}, "be": {"prob": 0.005434782608695652, "count": 1, "pos": [154]}, "beaten": {"prob": 0.005434782608695652, "count": 1, "pos": [155]}, "unconsci": {"prob": 0.005434782608695652, "count": 1, "pos": [156]}, "gang": {"prob": 0.005434782608695652, "count": 1, "pos": [159]}, "thug": {"prob": 0.005434782608695652, "count": 1, "pos": [161]}, "make": {"prob": 0.005434782608695652, "count": 1, "pos": [163]}, "drunken": {"prob": 0.005434782608695652, "count": 1, "pos": [165]}, "pass": {"prob": 0.005434782608695652, "count": 1, "pos": [166]}, "at": {"prob": 0.005434782608695652, "count": 1, "pos": [167]}, "one": {"prob": 0.005434782608695652, "count": 1, "pos": [168]}, "their": {"prob": 0.005434782608695652, "count": 1,