{"__total__": 401, "__name__": "doc_1209_Rounders.txt", "gift": {"prob": 0.0024937655860349127, "count": 1, "pos": [0]}, "poker": {"prob": 0.00997506234413965, "count": 4, "pos": [1, 27, 200, 398]}, "player": {"prob": 0.004987531172069825, "count": 2, "pos": [2, 107]}, "mike": {"prob": 0.034912718204488775, "count": 14, "pos": [3, 30, 74, 120, 153, 203, 221, 232, 248, 258, 267, 310, 335, 375]}, "mcdermott": {"prob": 0.0024937655860349127, "count": 1, "pos": [4]}, "lose": {"prob": 0.004987531172069825, "count": 2, "pos": [5, 189]}, "hi": {"prob": 0.03740648379052369, "count": 15, "pos": [6, 39, 78, 92, 115, 128, 132, 151, 234, 251, 280, 312, 319, 357, 364]}, "entir": {"prob": 0.004987531172069825, "count": 2, "pos": [7, 191]}, "bankrol": {"prob": 0.00997506234413965, "count": 4, "pos": [8, 192, 254, 366]}, "in": {"prob": 0.022443890274314215, "count": 9, "pos": [9, 156, 166, 170, 292, 300, 339, 345, 393]}, "a": {"prob": 0.02743142144638404, "count": 11, "pos": [10, 19, 59, 64, 105, 144, 157, 199, 277, 293, 301]}, "hand": {"prob": 0.0024937655860349127, "count": 1, "pos": [11]}, "of": {"prob": 0.017456359102244388, "count": 7, "pos": [12, 250, 276, 332, 367, 379, 397]}, "texa": {"prob": 0.004987531172069825, "count": 2, "pos": [13, 296]}, "hold": {"prob": 0.004987531172069825, "count": 2, "pos": [14, 297]}, "em": {"prob": 0.004987531172069825, "count": 2, "pos": [15, 298]}, "against": {"prob": 0.007481296758104738, "count": 3, "pos": [16, 303, 324]}, "teddi": {"prob": 0.0024937655860349127, "count": 1, "pos": [17]}, "kgb": {"prob": 0.00997506234413965, "count": 4, "pos": [18, 239, 289, 338]}, "russian": {"prob": 0.004987531172069825, "count": 2, "pos": [20, 243]}, "mobster": {"prob": 0.004987531172069825, "count": 2, "pos": [21, 244]}, "who": {"prob": 0.012468827930174564, "count": 5, "pos": [22, 108, 136, 245, 327]}, "run": {"prob": 0.0024937655860349127, "count": 1, "pos": [23]}, "an": {"prob": 0.004987531172069825, "count": 2, "pos": [24, 110]}, "illeg": {"prob": 0.0024937655860349127, "count": 1, "pos": [25]}, "underground": {"prob": 0.0024937655860349127, "count": 1, "pos": [26]}, "room": {"prob": 0.0024937655860349127, "count": 1, "pos": [28]}, "shaken": {"prob": 0.0024937655860349127, "count": 1, "pos": [29]}, "decid": {"prob": 0.004987531172069825, "count": 2, "pos": [31, 214]}, "to": {"prob": 0.04738154613466334, "count": 19, "pos": [32, 46, 67, 77, 148, 160, 180, 215, 222, 231, 238, 269, 287, 305, 351, 359, 384, 388, 391]}, "concentr": {"prob": 0.0024937655860349127, "count": 1, "pos": [33]}, "on": {"prob": 0.00997506234413965, "count": 4, "pos": [34, 87, 205, 321]}, "law": {"prob": 0.00997506234413965, "count": 4, "pos": [35, 43, 281, 380]}, "school": {"prob": 0.00997506234413965, "count": 4, "pos": [36, 88, 282, 381]}, "while": {"prob": 0.0024937655860349127, "count": 1, "pos": [37]}, "promi": {"prob": 0.004987531172069825, "count": 2, "pos": [38, 79]}, "girlfriend": {"prob": 0.0024937655860349127, "count": 1, "pos": [40]}, "and": {"prob": 0.029925187032418952, "count": 12, "pos": [41, 53, 73, 85, 89, 130, 171, 219, 264, 271, 362, 386]}, "fellow": {"prob": 0.004987531172069825, "count": 2, "pos": [42, 54]}, "student": {"prob": 0.0024937655860349127, "count": 1, "pos": [44]}, "jo": {"prob": 0.007481296758104738, "count": 3, "pos": [45, 135, 385]}, "not": {"prob": 0.004987531172069825, "count": 2, "pos": [47, 82]}, "play": {"prob": 0.014962593516209476, "count": 6, "pos": [48, 83, 165, 206, 288, 392]}, "the": {"prob": 0.03740648379052369, "count": 15, "pos": [49, 162, 176, 182, 207, 217, 224, 240, 274, 322, 325, 333, 360, 371, 394]}, "game": {"prob": 0.014962593516209476, "count": 6, "pos": [50, 169, 201, 208, 299, 334]}, "anymor": {"prob": 0.0024937655860349127, "count": 1, "pos": [51]}, "mentor": {"prob": 0.0024937655860349127, "count": 1, "pos": [52]}, "rounder": {"prob": 0.0024937655860349127, "count": 1, "pos": [55]}, "knish": {"prob": 0.0024937655860349127, "count": 1, "pos": [56]}, "offer": {"prob": 0.0024937655860349127, "count": 1, "pos": [57]}, "him": {"prob": 0.00997506234413965, "count": 4, "pos": [58, 139, 155, 330]}, "part": {"prob": 0.0024937655860349127, "count": 1, "pos": [60]}, "time": {"prob": 0.007481296758104738, "count": 3, "pos": [61, 71, 304]}, "job": {"prob": 0.0024937655860349127, "count": 1, "pos": [62]}, "drive": {"prob": 0.0024937655860349127, "count": 1, "pos": [63]}, "deliveri": {"prob": 0.0024937655860349127, "count": 1, "pos": [65]}, "truck": {"prob": 0.0024937655860349127, "count": 1, "pos": [66]}, "make": {"prob": 0.004987531172069825, "count": 2, "pos": [68, 181]}, "end": {"prob": 0.007481296758104738, "count": 3, "pos": [69, 187, 373]}, "meet": {"prob": 0.0024937655860349127, "count": 1, "pos": [70]}, "pass": {"prob": 0.0024937655860349127, "count": 1, "pos": [72]}, "is": {"prob": 0.017456359102244388, "count": 7, "pos": [75, 98, 103, 121, 142, 227, 236]}, "true": {"prob": 0.0024937655860349127, "count": 1, "pos": [76]}, "he": {"prob": 0.00997506234413965, "count": 4, "pos": [80, 229, 317, 347]}, "doe": {"prob": 0.0024937655860349127, "count": 1, "pos": [81]}, "card": {"prob": 0.007481296758104738, "count": 3, "pos": [84, 106, 168]}, "focus": {"prob": 0.0024937655860349127, "count": 1, "pos": [86]}, "work": {"prob": 0.0024937655860349127, "count": 1, "pos": [90]}, "until": {"prob": 0.0024937655860349127, "count": 1, "pos": [91]}, "childhood": {"prob": 0.0024937655860349127, "count": 1, "pos": [93]}, "friend": {"prob": 0.0024937655860349127, "count": 1, "pos": [94]}, "lester": {"prob": 0.0024937655860349127, "count": 1, "pos": [95]}, "worm": {"prob": 0.0199501246882793, "count": 8, "pos": [96, 102, 118, 141, 213, 262, 308, 354]}, "murphi": {"prob": 0.0024937655860349127, "count": 1, "pos": [97]}, "relea": {"prob": 0.0024937655860349127, "count": 1, "pos": [99]}, "from": {"prob": 0.004987531172069825, "count": 2, "pos": [100, 279]}, "prison": {"prob": 0.0024937655860349127, "count": 1, "pos": [101]}, "also": {"prob": 0.0024937655860349127, "count": 1, "pos": [104]}, "owe": {"prob": 0.0024937655860349127, "count": 1, "pos": [109]}, "outstand": {"prob": 0.0024937655860349127, "count": 1, "pos": [111]}, "debt": {"prob": 0.012468827930174564, "count": 5, "pos": [112, 152, 235, 309, 355]}, "accumul": {"prob": 0.0024937655860349127, "count": 1, "pos": [113]}, "befor": {"prob": 0.004987531172069825, "count": 2, "pos": [114, 256]}, "incarc": {"prob": 0.0024937655860349127, "count": 1, "pos": [116]}, "at": {"prob": 0.007481296758104738, "count": 3, "pos": [117, 198, 314]}, "influenc": {"prob": 0.0024937655860349127, "count": 1, "pos": [119]}, "soon": {"prob": 0.0024937655860349127, "count": 1, "pos": [122]}, "round": {"prob": 0.0024937655860349127, "count": 1, "pos": [123]}, "again": {"prob": 0.0024937655860349127, "count": 1, "pos": [124]}, "which": {"prob": 0.004987531172069825, "count": 2, "pos": [125, 346]}, "interf": {"prob": 0.0024937655860349127, "count": 1, "pos": [126]}, "with": {"prob": 0.012468827930174564, "count": 5, "pos": [127, 134, 261, 273, 374]}, "studi": {"prob": 0.0024937655860349127, "count": 1, "pos": [129]}, "hurt": {"prob": 0.0024937655860349127, "count": 1, "pos": [131]}, "relationship": {"prob": 0.0024937655860349127, "count": 1, "pos": [133]}, "eventu": {"prob": 0.004987531172069825, "count": 2, "pos": [137, 336]}, "leav": {"prob": 0.004987531172069825, "count": 2, "pos": [138, 216]}, "when": {"prob": 0.007481296758104738, "count": 3, "pos": [140, 193, 228]}, "given": {"prob": 0.0024937655860349127, "count": 1, "pos": [143]}, "five": {"prob": 0.0024937655860349127, "count": 1, "pos": [145]}, "day": {"prob": 0.0024937655860349127, "count": 1, "pos": [146]}, "deadlin": {"prob": 0.0024937655860349127, "count": 1, "pos": [147]}, "pay": {"prob": 0.007481296758104738, "count": 3, "pos": [149, 306, 352]}, "off": {"prob": 0.007481296758104738, "count": 3, "pos": [150, 307, 353]}, "join": {"prob": 0.0024937655860349127, "count": 1, "pos": [154]}, "furiou": {"prob": 0.0024937655860349127,