{"__total__": 381, "__name__": "doc_1210_Rover_Dangerfield.txt", "rover": {"prob": 0.049868766404199474, "count": 19, "pos": [0, 78, 87, 112, 136, 161, 164, 202, 220, 233, 250, 267, 272, 284, 307, 329, 338, 345, 366]}, "live": {"prob": 0.0026246719160104987, "count": 1, "pos": [1]}, "a": {"prob": 0.01837270341207349, "count": 7, "pos": [2, 29, 32, 89, 115, 304, 357]}, "life": {"prob": 0.005249343832020997, "count": 2, "pos": [3, 169]}, "of": {"prob": 0.013123359580052493, "count": 5, "pos": [4, 34, 141, 177, 294]}, "fun": {"prob": 0.0026246719160104987, "count": 1, "pos": [5]}, "in": {"prob": 0.02099737532808399, "count": 8, "pos": [6, 28, 79, 88, 99, 129, 186, 191]}, "la": {"prob": 0.0026246719160104987, "count": 1, "pos": [7]}, "vega": {"prob": 0.005249343832020997, "count": 2, "pos": [8, 270]}, "gambl": {"prob": 0.0026246719160104987, "count": 1, "pos": [9]}, "and": {"prob": 0.026246719160104987, "count": 10, "pos": [10, 36, 96, 111, 118, 151, 240, 257, 285, 374]}, "chase": {"prob": 0.007874015748031496, "count": 3, "pos": [11, 289, 376]}, "girl": {"prob": 0.0026246719160104987, "count": 1, "pos": [12]}, "with": {"prob": 0.013123359580052493, "count": 5, "pos": [13, 31, 174, 348, 365]}, "hi": {"prob": 0.023622047244094488, "count": 9, "pos": [14, 22, 59, 83, 119, 124, 188, 286, 368]}, "best": {"prob": 0.0026246719160104987, "count": 1, "pos": [15]}, "friend": {"prob": 0.005249343832020997, "count": 2, "pos": [16, 288]}, "eddi": {"prob": 0.005249343832020997, "count": 2, "pos": [17, 256]}, "one": {"prob": 0.007874015748031496, "count": 3, "pos": [18, 133, 139]}, "night": {"prob": 0.0026246719160104987, "count": 1, "pos": [19]}, "he": {"prob": 0.02099737532808399, "count": 8, "pos": [20, 56, 143, 184, 212, 263, 282, 355]}, "see": {"prob": 0.0026246719160104987, "count": 1, "pos": [21]}, "owner": {"prob": 0.0026246719160104987, "count": 1, "pos": [23]}, "conni": {"prob": 0.015748031496062992, "count": 6, "pos": [24, 65, 258, 265, 280, 334]}, "ex": {"prob": 0.0026246719160104987, "count": 1, "pos": [25]}, "boyfriend": {"prob": 0.0026246719160104987, "count": 1, "pos": [26]}, "rocki": {"prob": 0.01837270341207349, "count": 7, "pos": [27, 42, 54, 74, 85, 274, 276]}, "transact": {"prob": 0.0026246719160104987, "count": 1, "pos": [30]}, "pair": {"prob": 0.0026246719160104987, "count": 1, "pos": [33]}, "gangster": {"prob": 0.007874015748031496, "count": 3, "pos": [35, 51, 296]}, "accid": {"prob": 0.005249343832020997, "count": 2, "pos": [37, 277]}, "disrupt": {"prob": 0.0026246719160104987, "count": 1, "pos": [38]}, "it": {"prob": 0.005249343832020997, "count": 2, "pos": [39, 214]}, "think": {"prob": 0.0026246719160104987, "count": 1, "pos": [40]}, "that": {"prob": 0.013123359580052493, "count": 5, "pos": [41, 55, 299, 315, 354]}, "is": {"prob": 0.01837270341207349, "count": 7, "pos": [43, 104, 228, 264, 303, 346, 356]}, "an": {"prob": 0.007874015748031496, "count": 3, "pos": [44, 148, 192]}, "undercov": {"prob": 0.0026246719160104987, "count": 1, "pos": [45]}, "cop": {"prob": 0.0026246719160104987, "count": 1, "pos": [46]}, "set": {"prob": 0.0026246719160104987, "count": 1, "pos": [47]}, "them": {"prob": 0.0026246719160104987, "count": 1, "pos": [48]}, "up": {"prob": 0.005249343832020997, "count": 2, "pos": [49, 204]}, "the": {"prob": 0.06036745406824147, "count": 23, "pos": [50, 62, 68, 100, 102, 156, 171, 175, 179, 196, 206, 215, 222, 231, 237, 242, 253, 292, 295, 310, 341, 362, 379]}, "flee": {"prob": 0.0026246719160104987, "count": 1, "pos": [52]}, "tell": {"prob": 0.0026246719160104987, "count": 1, "pos": [53]}, "ha": {"prob": 0.005249343832020997, "count": 2, "pos": [57, 165]}, "blown": {"prob": 0.0026246719160104987, "count": 1, "pos": [58]}, "last": {"prob": 0.0026246719160104987, "count": 1, "pos": [60]}, "chanc": {"prob": 0.0026246719160104987, "count": 1, "pos": [61]}, "next": {"prob": 0.007874015748031496, "count": 3, "pos": [63, 182, 216]}, "day": {"prob": 0.0026246719160104987, "count": 1, "pos": [64]}, "goe": {"prob": 0.0026246719160104987, "count": 1, "pos": [66]}, "on": {"prob": 0.007874015748031496, "count": 3, "pos": [67, 132, 170]}, "road": {"prob": 0.0026246719160104987, "count": 1, "pos": [69]}, "for": {"prob": 0.005249343832020997, "count": 2, "pos": [70, 81]}, "two": {"prob": 0.005249343832020997, "count": 2, "pos": [71, 108]}, "week": {"prob": 0.0026246719160104987, "count": 1, "pos": [72]}, "leav": {"prob": 0.0026246719160104987, "count": 1, "pos": [73]}, "to": {"prob": 0.049868766404199474, "count": 19, "pos": [75, 93, 126, 147, 162, 168, 194, 224, 235, 246, 259, 269, 279, 313, 318, 340, 343, 352, 371]}, "look": {"prob": 0.005249343832020997, "count": 2, "pos": [76, 209]}, "after": {"prob": 0.007874015748031496, "count": 3, "pos": [77, 275, 328]}, "reveng": {"prob": 0.0026246719160104987, "count": 1, "pos": [80]}, "ruin": {"prob": 0.0026246719160104987, "count": 1, "pos": [82]}, "deal": {"prob": 0.0026246719160104987, "count": 1, "pos": [84]}, "put": {"prob": 0.005249343832020997, "count": 2, "pos": [86, 160]}, "bag": {"prob": 0.005249343832020997, "count": 2, "pos": [90, 103]}, "drive": {"prob": 0.0026246719160104987, "count": 1, "pos": [91]}, "him": {"prob": 0.026246719160104987, "count": 10, "pos": [92, 98, 128, 155, 226, 290, 301, 320, 323, 353]}, "hoover": {"prob": 0.005249343832020997, "count": 2, "pos": [94, 325]}, "dam": {"prob": 0.005249343832020997, "count": 2, "pos": [95, 326]}, "throw": {"prob": 0.005249343832020997, "count": 2, "pos": [97, 322]}, "water": {"prob": 0.0026246719160104987, "count": 1, "pos": [101]}, "pull": {"prob": 0.0026246719160104987, "count": 1, "pos": [105]}, "out": {"prob": 0.005249343832020997, "count": 2, "pos": [106, 261]}, "by": {"prob": 0.007874015748031496, "count": 3, "pos": [107, 230, 321]}, "pass": {"prob": 0.0026246719160104987, "count": 1, "pos": [109]}, "fishermen": {"prob": 0.0026246719160104987, "count": 1, "pos": [110]}, "run": {"prob": 0.0026246719160104987, "count": 1, "pos": [113]}, "into": {"prob": 0.007874015748031496, "count": 3, "pos": [114, 221, 291]}, "farmer": {"prob": 0.0026246719160104987, "count": 1, "pos": [116]}, "cal": {"prob": 0.010498687664041995, "count": 4, "pos": [117, 130, 218, 248]}, "son": {"prob": 0.0026246719160104987, "count": 1, "pos": [120]}, "danni": {"prob": 0.0026246719160104987, "count": 1, "pos": [121]}, "who": {"prob": 0.007874015748031496, "count": 3, "pos": [122, 297, 350]}, "convinc": {"prob": 0.0026246719160104987, "count": 1, "pos": [123]}, "father": {"prob": 0.005249343832020997, "count": 2, "pos": [125, 358]}, "take": {"prob": 0.007874015748031496, "count": 3, "pos": [127, 219, 337]}, "agr": {"prob": 0.0026246719160104987, "count": 1, "pos": [131]}, "condit": {"prob": 0.0026246719160104987, "count": 1, "pos": [134]}, "if": {"prob": 0.007874015748031496, "count": 3, "pos": [135, 152, 211]}, "doe": {"prob": 0.0026246719160104987, "count": 1, "pos": [137]}, "even": {"prob": 0.0026246719160104987, "count": 1, "pos": [138]}, "sight": {"prob": 0.0026246719160104987, "count": 1, "pos": [140]}, "troubl": {"prob": 0.0026246719160104987, "count": 1, "pos": [142]}, "ll": {"prob": 0.0026246719160104987, "count": 1, "pos": [144]}, "be": {"prob": 0.0026246719160104987, "count": 1, "pos": [145]}, "sent": {"prob": 0.0026246719160104987, "count": 1, "pos": [146]}, "anim": {"prob": 0.005249343832020997, "count": 2, "pos": [149, 157]}, "shelter": {"prob": 0.005249343832020997, "count": 2, "pos": [150, 158]}, "nobodi": {"prob": 0.0026246719160104987, "count": 1, "pos": [153]}, "claim": {"prob": 0.0026246719160104987, "count": 1, "pos": [154]}, "will": {"prob": 0.0026246719160104987, "count": 1, "pos": [159]}, "sleep": {"prob": 0.0026246719160104987, "count": 1, "pos": [163]}, "difficulti": {"prob": 0.0026246719160104987, "count": 1, "pos": [166]}, "adjust": {"prob": 0.0026246719160104987, "count": 1, "pos": [167]}, "farm": {"prob": 0.007874015748031496, "count": 3, "pos": [172, 244, 342]}, "but": {"prob": 0.005249343832020997, "count": 2,