{"__total__": 349, "__name__": "doc_1220_Russian_Ark.txt", "an": {"prob": 0.011461318051575931, "count": 4, "pos": [0, 213, 319, 336]}, "unnam": {"prob": 0.0028653295128939827, "count": 1, "pos": [1]}, "narrat": {"prob": 0.014326647564469915, "count": 5, "pos": [2, 12, 85, 129, 308]}, "wander": {"prob": 0.0028653295128939827, "count": 1, "pos": [3]}, "through": {"prob": 0.011461318051575931, "count": 4, "pos": [4, 27, 141, 313]}, "the": {"prob": 0.10028653295128939, "count": 35, "pos": [5, 11, 28, 45, 55, 59, 64, 71, 84, 88, 93, 125, 128, 136, 145, 157, 167, 182, 186, 203, 208, 215, 224, 228, 231, 235, 241, 255, 260, 301, 305, 307, 311, 329, 345]}, "winter": {"prob": 0.008595988538681949, "count": 3, "pos": [6, 105, 126]}, "palac": {"prob": 0.017191977077363897, "count": 6, "pos": [7, 29, 127, 146, 229, 306]}, "in": {"prob": 0.025787965616045846, "count": 9, "pos": [8, 18, 30, 44, 161, 181, 192, 280, 344]}, "saint": {"prob": 0.0028653295128939827, "count": 1, "pos": [9]}, "petersburg": {"prob": 0.0028653295128939827, "count": 1, "pos": [10]}, "impli": {"prob": 0.0028653295128939827, "count": 1, "pos": [13]}, "that": {"prob": 0.0028653295128939827, "count": 1, "pos": [14]}, "he": {"prob": 0.008595988538681949, "count": 3, "pos": [15, 33, 51]}, "ha": {"prob": 0.0028653295128939827, "count": 1, "pos": [16]}, "die": {"prob": 0.0028653295128939827, "count": 1, "pos": [17]}, "some": {"prob": 0.0028653295128939827, "count": 1, "pos": [19]}, "horribl": {"prob": 0.0028653295128939827, "count": 1, "pos": [20]}, "accid": {"prob": 0.0028653295128939827, "count": 1, "pos": [21]}, "and": {"prob": 0.02865329512893983, "count": 10, "pos": [22, 37, 79, 87, 112, 138, 179, 246, 284, 317]}, "is": {"prob": 0.008595988538681949, "count": 3, "pos": [23, 52, 197]}, "a": {"prob": 0.04011461318051576, "count": 14, "pos": [24, 104, 107, 120, 150, 174, 188, 199, 247, 266, 285, 293, 298, 314]}, "ghost": {"prob": 0.0028653295128939827, "count": 1, "pos": [25]}, "drift": {"prob": 0.0028653295128939827, "count": 1, "pos": [26]}, "each": {"prob": 0.0057306590257879654, "count": 2, "pos": [31, 147]}, "room": {"prob": 0.008595988538681949, "count": 3, "pos": [32, 143, 148]}, "encount": {"prob": 0.0028653295128939827, "count": 1, "pos": [34]}, "variou": {"prob": 0.0057306590257879654, "count": 2, "pos": [35, 41]}, "real": {"prob": 0.0028653295128939827, "count": 1, "pos": [36]}, "fiction": {"prob": 0.0028653295128939827, "count": 1, "pos": [38]}, "peopl": {"prob": 0.0028653295128939827, "count": 1, "pos": [39]}, "from": {"prob": 0.0028653295128939827, "count": 1, "pos": [40]}, "time": {"prob": 0.011461318051575931, "count": 4, "pos": [42, 83, 98, 348]}, "period": {"prob": 0.011461318051575931, "count": 4, "pos": [43, 152, 158, 282]}, "citi": {"prob": 0.0057306590257879654, "count": 2, "pos": [46, 261]}, "three": {"prob": 0.0028653295128939827, "count": 1, "pos": [47]}, "hundr": {"prob": 0.0057306590257879654, "count": 2, "pos": [48, 277]}, "year": {"prob": 0.0028653295128939827, "count": 1, "pos": [49]}, "histori": {"prob": 0.0057306590257879654, "count": 2, "pos": [50, 155]}, "accompani": {"prob": 0.0028653295128939827, "count": 1, "pos": [53]}, "by": {"prob": 0.014326647564469915, "count": 5, "pos": [54, 115, 202, 272, 289]}, "european": {"prob": 0.0057306590257879654, "count": 2, "pos": [56, 137]}, "who": {"prob": 0.0028653295128939827, "count": 1, "pos": [57]}, "repr": {"prob": 0.0028653295128939827, "count": 1, "pos": [58]}, "nineteenth": {"prob": 0.0028653295128939827, "count": 1, "pos": [60]}, "centuri": {"prob": 0.0028653295128939827, "count": 1, "pos": [61]}, "french": {"prob": 0.0028653295128939827, "count": 1, "pos": [62]}, "travel": {"prob": 0.0028653295128939827, "count": 1, "pos": [63]}, "marqui": {"prob": 0.0028653295128939827, "count": 1, "pos": [65]}, "de": {"prob": 0.0028653295128939827, "count": 1, "pos": [66]}, "custin": {"prob": 0.0028653295128939827, "count": 1, "pos": [67]}, "russian": {"prob": 0.008595988538681949, "count": 3, "pos": [68, 154, 339]}, "ark": {"prob": 0.0057306590257879654, "count": 2, "pos": [69, 337]}, "use": {"prob": 0.0028653295128939827, "count": 1, "pos": [70]}, "fourth": {"prob": 0.0028653295128939827, "count": 1, "pos": [72]}, "wall": {"prob": 0.0028653295128939827, "count": 1, "pos": [73]}, "devic": {"prob": 0.0028653295128939827, "count": 1, "pos": [74]}, "exten": {"prob": 0.0028653295128939827, "count": 1, "pos": [75]}, "but": {"prob": 0.008595988538681949, "count": 3, "pos": [76, 133, 322]}, "repeated": {"prob": 0.0028653295128939827, "count": 1, "pos": [77]}, "broken": {"prob": 0.0028653295128939827, "count": 1, "pos": [78]}, "re": {"prob": 0.0028653295128939827, "count": 1, "pos": [80]}, "erect": {"prob": 0.0028653295128939827, "count": 1, "pos": [81]}, "at": {"prob": 0.0057306590257879654, "count": 2, "pos": [82, 96]}, "director": {"prob": 0.0057306590257879654, "count": 2, "pos": [86, 233]}, "companion": {"prob": 0.0028653295128939827, "count": 1, "pos": [89]}, "interact": {"prob": 0.0028653295128939827, "count": 1, "pos": [90]}, "freeli": {"prob": 0.0028653295128939827, "count": 1, "pos": [91]}, "with": {"prob": 0.008595988538681949, "count": 3, "pos": [92, 275, 297]}, "other": {"prob": 0.0057306590257879654, "count": 2, "pos": [94, 97]}, "perform": {"prob": 0.0028653295128939827, "count": 1, "pos": [95]}, "they": {"prob": 0.0028653295128939827, "count": 1, "pos": [99]}, "go": {"prob": 0.0028653295128939827, "count": 1, "pos": [100]}, "complet": {"prob": 0.0028653295128939827, "count": 1, "pos": [101]}, "unnot": {"prob": 0.0028653295128939827, "count": 1, "pos": [102]}, "on": {"prob": 0.0028653295128939827, "count": 1, "pos": [103]}, "day": {"prob": 0.0057306590257879654, "count": 2, "pos": [106, 257]}, "small": {"prob": 0.0028653295128939827, "count": 1, "pos": [108]}, "parti": {"prob": 0.0028653295128939827, "count": 1, "pos": [109]}, "of": {"prob": 0.045845272206303724, "count": 16, "pos": [110, 124, 144, 153, 171, 177, 184, 205, 210, 219, 227, 243, 259, 278, 304, 347]}, "men": {"prob": 0.0028653295128939827, "count": 1, "pos": [111]}, "women": {"prob": 0.0028653295128939827, "count": 1, "pos": [113]}, "arriv": {"prob": 0.0028653295128939827, "count": 1, "pos": [114]}, "hor": {"prob": 0.0028653295128939827, "count": 1, "pos": [116]}, "drawn": {"prob": 0.0028653295128939827, "count": 1, "pos": [117]}, "carriag": {"prob": 0.0028653295128939827, "count": 1, "pos": [118]}, "to": {"prob": 0.0057306590257879654, "count": 2, "pos": [119, 237]}, "minor": {"prob": 0.0028653295128939827, "count": 1, "pos": [121]}, "side": {"prob": 0.0057306590257879654, "count": 2, "pos": [122, 315]}, "entranc": {"prob": 0.0028653295128939827, "count": 1, "pos": [123]}, "meet": {"prob": 0.0028653295128939827, "count": 1, "pos": [130]}, "anoth": {"prob": 0.0028653295128939827, "count": 1, "pos": [131]}, "spectral": {"prob": 0.0028653295128939827, "count": 1, "pos": [132]}, "visibl": {"prob": 0.0028653295128939827, "count": 1, "pos": [134]}, "outsid": {"prob": 0.0028653295128939827, "count": 1, "pos": [135]}, "follow": {"prob": 0.0057306590257879654, "count": 2, "pos": [139, 269]}, "him": {"prob": 0.0028653295128939827, "count": 1, "pos": [140]}, "numer": {"prob": 0.0028653295128939827, "count": 1, "pos": [142]}, "manifest": {"prob": 0.0028653295128939827, "count": 1, "pos": [149]}, "differ": {"prob": 0.0028653295128939827, "count": 1, "pos": [151]}, "howev": {"prob": 0.0028653295128939827, "count": 1, "pos": [156]}, "are": {"prob": 0.0057306590257879654, "count": 2, "pos": [159, 165]}, "not": {"prob": 0.0057306590257879654, "count": 2, "pos": [160, 324]}, "chronolog": {"prob": 0.0028653295128939827, "count": 1, "pos": [162]}, "order": {"prob": 0.0028653295128939827, "count": 1, "pos": [163]}, "featur": {"prob": 0.0057306590257879654, "count": 2, "pos": [164, 270]}, "peter": {"prob": 0.0028653295128939827, "count": 1, "pos": [166]}, "great": {"prob": 0.0057306590257879654, "count": 2, "pos": [168, 187]}, "harass": {"prob": 0.0028653295128939827,