{"__total__": 533, "__name__": "doc_1229_Safety_Last.txt", "the": {"prob": 0.06566604127579738, "count": 35, "pos": [0, 26, 48, 66, 70, 91, 106, 124, 162, 177, 185, 191, 204, 212, 218, 227, 242, 305, 326, 343, 351, 358, 379, 389, 396, 402, 404, 412, 417, 439, 462, 470, 481, 499, 506]}, "film": {"prob": 0.001876172607879925, "count": 1, "pos": [1]}, "open": {"prob": 0.001876172607879925, "count": 1, "pos": [2]}, "in": {"prob": 0.009380863039399626, "count": 5, "pos": [3, 90, 230, 296, 310]}, "1922": {"prob": 0.001876172607879925, "count": 1, "pos": [4]}, "with": {"prob": 0.0150093808630394, "count": 8, "pos": [5, 123, 135, 176, 286, 450, 479, 511]}, "harold": {"prob": 0.0150093808630394, "count": 8, "pos": [6, 144, 256, 421, 437, 459, 474, 504]}, "lloyd": {"prob": 0.001876172607879925, "count": 1, "pos": [7]}, "behind": {"prob": 0.001876172607879925, "count": 1, "pos": [8]}, "bar": {"prob": 0.00375234521575985, "count": 2, "pos": [9, 67]}, "hi": {"prob": 0.028142589118198873, "count": 15, "pos": [10, 13, 78, 136, 146, 154, 174, 260, 266, 287, 297, 446, 492, 509, 520]}, "mother": {"prob": 0.00375234521575985, "count": 2, "pos": [11, 288]}, "and": {"prob": 0.024390243902439025, "count": 13, "pos": [12, 22, 47, 65, 285, 349, 384, 443, 448, 466, 484, 514, 518]}, "girlfriend": {"prob": 0.005628517823639775, "count": 3, "pos": [14, 79, 267]}, "mildr": {"prob": 0.001876172607879925, "count": 1, "pos": [15]}, "consol": {"prob": 0.001876172607879925, "count": 1, "pos": [16]}, "him": {"prob": 0.0150093808630394, "count": 8, "pos": [17, 189, 295, 312, 377, 426, 468, 497]}, "as": {"prob": 0.00375234521575985, "count": 2, "pos": [18, 102]}, "a": {"prob": 0.03377110694183865, "count": 18, "pos": [19, 35, 44, 52, 100, 103, 132, 140, 159, 195, 216, 283, 291, 355, 385, 393, 398, 512]}, "somber": {"prob": 0.001876172607879925, "count": 1, "pos": [20]}, "offici": {"prob": 0.001876172607879925, "count": 1, "pos": [21]}, "priest": {"prob": 0.001876172607879925, "count": 1, "pos": [23]}, "show": {"prob": 0.005628517823639775, "count": 3, "pos": [24, 168, 395]}, "up": {"prob": 0.009380863039399626, "count": 5, "pos": [25, 169, 211, 461, 502]}, "three": {"prob": 0.001876172607879925, "count": 1, "pos": [27]}, "of": {"prob": 0.01125703564727955, "count": 6, "pos": [28, 121, 215, 262, 353, 530]}, "them": {"prob": 0.001876172607879925, "count": 1, "pos": [29]}, "walk": {"prob": 0.00375234521575985, "count": 2, "pos": [30, 161]}, "toward": {"prob": 0.001876172607879925, "count": 1, "pos": [31]}, "what": {"prob": 0.001876172607879925, "count": 1, "pos": [32]}, "look": {"prob": 0.001876172607879925, "count": 1, "pos": [33]}, "like": {"prob": 0.001876172607879925, "count": 1, "pos": [34]}, "noo": {"prob": 0.00375234521575985, "count": 2, "pos": [36, 49]}, "it": {"prob": 0.00375234521575985, "count": 2, "pos": [37, 374]}, "then": {"prob": 0.005628517823639775, "count": 3, "pos": [38, 94, 444]}, "becom": {"prob": 0.001876172607879925, "count": 1, "pos": [39]}, "obviou": {"prob": 0.001876172607879925, "count": 1, "pos": [40]}, "they": {"prob": 0.00375234521575985, "count": 2, "pos": [41, 81]}, "are": {"prob": 0.00375234521575985, "count": 2, "pos": [42, 68]}, "at": {"prob": 0.009380863039399626, "count": 5, "pos": [43, 105, 234, 316, 416]}, "train": {"prob": 0.005628517823639775, "count": 3, "pos": [45, 58, 292]}, "station": {"prob": 0.001876172607879925, "count": 1, "pos": [46]}, "is": {"prob": 0.013133208255159476, "count": 7, "pos": [50, 96, 157, 193, 278, 381, 408]}, "actual": {"prob": 0.001876172607879925, "count": 1, "pos": [51]}, "tracksid": {"prob": 0.001876172607879925, "count": 1, "pos": [53]}, "pickup": {"prob": 0.001876172607879925, "count": 1, "pos": [54]}, "hoop": {"prob": 0.001876172607879925, "count": 1, "pos": [55]}, "use": {"prob": 0.00375234521575985, "count": 2, "pos": [56, 194]}, "by": {"prob": 0.005628517823639775, "count": 3, "pos": [57, 264, 375]}, "crew": {"prob": 0.001876172607879925, "count": 1, "pos": [59]}, "to": {"prob": 0.0450281425891182, "count": 24, "pos": [60, 75, 114, 118, 171, 183, 207, 221, 281, 293, 301, 303, 313, 320, 336, 342, 370, 372, 410, 424, 427, 431, 476, 524]}, "receiv": {"prob": 0.001876172607879925, "count": 1, "pos": [61]}, "order": {"prob": 0.001876172607879925, "count": 1, "pos": [62]}, "without": {"prob": 0.001876172607879925, "count": 1, "pos": [63]}, "stop": {"prob": 0.001876172607879925, "count": 1, "pos": [64]}, "mere": {"prob": 0.001876172607879925, "count": 1, "pos": [69]}, "ticket": {"prob": 0.001876172607879925, "count": 1, "pos": [71]}, "barrier": {"prob": 0.001876172607879925, "count": 1, "pos": [72]}, "he": {"prob": 0.04127579737335835, "count": 22, "pos": [73, 86, 95, 98, 112, 130, 148, 165, 180, 201, 209, 232, 270, 277, 299, 324, 331, 345, 367, 414, 494, 527]}, "promi": {"prob": 0.001876172607879925, "count": 1, "pos": [74]}, "send": {"prob": 0.00375234521575985, "count": 2, "pos": [76, 265]}, "for": {"prob": 0.00375234521575985, "count": 2, "pos": [77, 240]}, "so": {"prob": 0.00375234521575985, "count": 2, "pos": [80, 200]}, "can": {"prob": 0.001876172607879925, "count": 1, "pos": [82]}, "get": {"prob": 0.013133208255159476, "count": 7, "pos": [83, 99, 119, 225, 314, 368, 425]}, "marri": {"prob": 0.001876172607879925, "count": 1, "pos": [84]}, "onc": {"prob": 0.001876172607879925, "count": 1, "pos": [85]}, "ha": {"prob": 0.0075046904315197, "count": 4, "pos": [87, 113, 257, 300]}, "made": {"prob": 0.001876172607879925, "count": 1, "pos": [88]}, "good": {"prob": 0.001876172607879925, "count": 1, "pos": [89]}, "big": {"prob": 0.001876172607879925, "count": 1, "pos": [92]}, "citi": {"prob": 0.001876172607879925, "count": 1, "pos": [93]}, "off": {"prob": 0.001876172607879925, "count": 1, "pos": [97]}, "job": {"prob": 0.001876172607879925, "count": 1, "pos": [101]}, "salesclerk": {"prob": 0.001876172607879925, "count": 1, "pos": [104]}, "de": {"prob": 0.005628517823639775, "count": 3, "pos": [107, 364, 531]}, "vore": {"prob": 0.005628517823639775, "count": 3, "pos": [108, 365, 532]}, "depart": {"prob": 0.00375234521575985, "count": 2, "pos": [109, 179]}, "store": {"prob": 0.00375234521575985, "count": 2, "pos": [110, 344]}, "where": {"prob": 0.001876172607879925, "count": 1, "pos": [111]}, "pull": {"prob": 0.001876172607879925, "count": 1, "pos": [115]}, "variou": {"prob": 0.001876172607879925, "count": 1, "pos": [116]}, "stunt": {"prob": 0.00375234521575985, "count": 2, "pos": [117, 380]}, "out": {"prob": 0.001876172607879925, "count": 1, "pos": [120]}, "troubl": {"prob": 0.00375234521575985, "count": 2, "pos": [122, 510]}, "picki": {"prob": 0.001876172607879925, "count": 1, "pos": [125]}, "head": {"prob": 0.001876172607879925, "count": 1, "pos": [126]}, "floorwalk": {"prob": 0.001876172607879925, "count": 1, "pos": [127]}, "mr": {"prob": 0.001876172607879925, "count": 1, "pos": [128]}, "stubb": {"prob": 0.00375234521575985, "count": 2, "pos": [129, 317]}, "share": {"prob": 0.001876172607879925, "count": 1, "pos": [131]}, "rent": {"prob": 0.001876172607879925, "count": 1, "pos": [133]}, "room": {"prob": 0.001876172607879925, "count": 1, "pos": [134]}, "pal": {"prob": 0.001876172607879925, "count": 1, "pos": [137]}, "limpi": {"prob": 0.001876172607879925, "count": 1, "pos": [138]}, "bill": {"prob": 0.028142589118198873, "count": 15, "pos": [139, 167, 172, 182, 198, 235, 347, 369, 407, 435, 451, 465, 480, 486, 490]}, "construct": {"prob": 0.001876172607879925, "count": 1, "pos": [141]}, "worker": {"prob": 0.001876172607879925, "count": 1, "pos": [142]}, "when": {"prob": 0.005628517823639775, "count": 3, "pos": [143, 197, 392]}, "finish": {"prob": 0.001876172607879925, "count": 1, "pos": [145]}, "shift": {"prob": 0.001876172607879925, "count": 1, "pos": [147]}, "see": {"prob": 0.001876172607879925, "count": 1, "pos": [149]}, "an": {"prob": 0.001876172607879925, "count": 1, "pos": [150]}, "old": {"prob": 0.001876172607879925, "count": 1, "pos": [151]}, "friend": {"prob": 0.00375234521575985, "count": 2, "pos": [152, 493]},