{"__total__": 348, "__name__": "doc_1230_Sal_or_the_120_Days_of_Sodom.txt", "the": {"prob": 0.10632183908045977, "count": 37, "pos": [0, 5, 9, 21, 23, 25, 28, 37, 45, 86, 98, 103, 107, 111, 127, 130, 136, 142, 147, 154, 157, 168, 172, 193, 196, 199, 210, 222, 225, 231, 238, 244, 281, 293, 295, 323, 340]}, "stori": {"prob": 0.011494252873563218, "count": 4, "pos": [1, 84, 99, 155]}, "is": {"prob": 0.011494252873563218, "count": 4, "pos": [2, 233, 258, 327]}, "set": {"prob": 0.0028735632183908046, "count": 1, "pos": [3]}, "in": {"prob": 0.028735632183908046, "count": 10, "pos": [4, 15, 40, 91, 126, 156, 167, 175, 246, 337]}, "republ": {"prob": 0.0028735632183908046, "count": 1, "pos": [6]}, "of": {"prob": 0.05172413793103448, "count": 18, "pos": [7, 13, 19, 47, 88, 102, 114, 132, 149, 153, 160, 170, 195, 207, 212, 227, 328, 339]}, "sal\u00e3\u00b2": {"prob": 0.0028735632183908046, "count": 1, "pos": [8]}, "fascist": {"prob": 0.0028735632183908046, "count": 1, "pos": [10]}, "occupi": {"prob": 0.0028735632183908046, "count": 1, "pos": [11]}, "portion": {"prob": 0.0028735632183908046, "count": 1, "pos": [12]}, "itali": {"prob": 0.0028735632183908046, "count": 1, "pos": [14]}, "1944": {"prob": 0.0028735632183908046, "count": 1, "pos": [16]}, "four": {"prob": 0.011494252873563218, "count": 4, "pos": [17, 70, 112, 143]}, "men": {"prob": 0.017241379310344827, "count": 6, "pos": [18, 51, 56, 87, 113, 226]}, "power": {"prob": 0.011494252873563218, "count": 4, "pos": [20, 89, 115, 228]}, "duke": {"prob": 0.005747126436781609, "count": 2, "pos": [22, 197]}, "bishop": {"prob": 0.008620689655172414, "count": 3, "pos": [24, 232, 239]}, "magistr": {"prob": 0.0028735632183908046, "count": 1, "pos": [26]}, "and": {"prob": 0.031609195402298854, "count": 11, "pos": [27, 57, 59, 120, 140, 224, 276, 280, 305, 309, 335]}, "presid": {"prob": 0.0028735632183908046, "count": 1, "pos": [29]}, "agr": {"prob": 0.0028735632183908046, "count": 1, "pos": [30]}, "to": {"prob": 0.02586206896551724, "count": 9, "pos": [31, 62, 80, 182, 191, 242, 260, 269, 319]}, "marri": {"prob": 0.0028735632183908046, "count": 1, "pos": [32]}, "each": {"prob": 0.008620689655172414, "count": 3, "pos": [33, 254, 314]}, "other": {"prob": 0.008620689655172414, "count": 3, "pos": [34, 200, 255]}, "daughter": {"prob": 0.0028735632183908046, "count": 1, "pos": [35]}, "as": {"prob": 0.008620689655172414, "count": 3, "pos": [36, 313, 321]}, "first": {"prob": 0.005747126436781609, "count": 2, "pos": [38, 158]}, "step": {"prob": 0.0028735632183908046, "count": 1, "pos": [39]}, "a": {"prob": 0.02586206896551724, "count": 9, "pos": [41, 63, 187, 204, 216, 263, 272, 278, 344]}, "debauch": {"prob": 0.0028735632183908046, "count": 1, "pos": [42]}, "ritual": {"prob": 0.0028735632183908046, "count": 1, "pos": [43]}, "with": {"prob": 0.005747126436781609, "count": 2, "pos": [44, 215]}, "aid": {"prob": 0.0028735632183908046, "count": 1, "pos": [46]}, "sever": {"prob": 0.0028735632183908046, "count": 1, "pos": [48]}, "collabor": {"prob": 0.014367816091954023, "count": 5, "pos": [49, 75, 137, 279, 336]}, "young": {"prob": 0.011494252873563218, "count": 4, "pos": [50, 55, 188, 330]}, "they": {"prob": 0.005747126436781609, "count": 2, "pos": [52, 250]}, "kidnap": {"prob": 0.0028735632183908046, "count": 1, "pos": [53]}, "eighteen": {"prob": 0.0028735632183908046, "count": 1, "pos": [54]}, "women": {"prob": 0.0028735632183908046, "count": 1, "pos": [58]}, "take": {"prob": 0.005747126436781609, "count": 2, "pos": [60, 316]}, "them": {"prob": 0.008620689655172414, "count": 3, "pos": [61, 68, 146]}, "palac": {"prob": 0.005747126436781609, "count": 2, "pos": [64, 108]}, "near": {"prob": 0.0028735632183908046, "count": 1, "pos": [65]}, "marzabotto": {"prob": 0.0028735632183908046, "count": 1, "pos": [66]}, "accompani": {"prob": 0.0028735632183908046, "count": 1, "pos": [67]}, "are": {"prob": 0.017241379310344827, "count": 6, "pos": [69, 138, 202, 267, 284, 298]}, "middl": {"prob": 0.0028735632183908046, "count": 1, "pos": [71]}, "age": {"prob": 0.0028735632183908046, "count": 1, "pos": [72]}, "prostitut": {"prob": 0.0028735632183908046, "count": 1, "pos": [73]}, "also": {"prob": 0.0028735632183908046, "count": 1, "pos": [74]}, "whose": {"prob": 0.0028735632183908046, "count": 1, "pos": [76]}, "function": {"prob": 0.0028735632183908046, "count": 1, "pos": [77]}, "will": {"prob": 0.005747126436781609, "count": 2, "pos": [78, 93]}, "be": {"prob": 0.011494252873563218, "count": 4, "pos": [79, 261, 270, 288]}, "recount": {"prob": 0.0028735632183908046, "count": 1, "pos": [81]}, "erot": {"prob": 0.0028735632183908046, "count": 1, "pos": [82]}, "arous": {"prob": 0.0028735632183908046, "count": 1, "pos": [83]}, "for": {"prob": 0.005747126436781609, "count": 2, "pos": [85, 122]}, "who": {"prob": 0.005747126436781609, "count": 2, "pos": [90, 332]}, "turn": {"prob": 0.005747126436781609, "count": 2, "pos": [92, 318]}, "sadist": {"prob": 0.0028735632183908046, "count": 1, "pos": [94]}, "exploit": {"prob": 0.0028735632183908046, "count": 1, "pos": [95]}, "their": {"prob": 0.011494252873563218, "count": 4, "pos": [96, 123, 247, 307]}, "victim": {"prob": 0.011494252873563218, "count": 4, "pos": [97, 134, 201, 297]}, "depict": {"prob": 0.0028735632183908046, "count": 1, "pos": [100]}, "some": {"prob": 0.008620689655172414, "count": 3, "pos": [101, 133, 152]}, "mani": {"prob": 0.0028735632183908046, "count": 1, "pos": [104]}, "day": {"prob": 0.0028735632183908046, "count": 1, "pos": [105]}, "at": {"prob": 0.0028735632183908046, "count": 1, "pos": [106]}, "dure": {"prob": 0.0028735632183908046, "count": 1, "pos": [109]}, "which": {"prob": 0.005747126436781609, "count": 2, "pos": [110, 230]}, "devi": {"prob": 0.0028735632183908046, "count": 1, "pos": [116]}, "increasing": {"prob": 0.0028735632183908046, "count": 1, "pos": [117]}, "abhorr": {"prob": 0.0028735632183908046, "count": 1, "pos": [118]}, "tortur": {"prob": 0.0028735632183908046, "count": 1, "pos": [119]}, "humili": {"prob": 0.0028735632183908046, "count": 1, "pos": [121]}, "own": {"prob": 0.0028735632183908046, "count": 1, "pos": [124]}, "pleasur": {"prob": 0.0028735632183908046, "count": 1, "pos": [125]}, "anteinferno": {"prob": 0.0028735632183908046, "count": 1, "pos": [128]}, "segment": {"prob": 0.0028735632183908046, "count": 1, "pos": [129]}, "captur": {"prob": 0.0028735632183908046, "count": 1, "pos": [131]}, "by": {"prob": 0.008620689655172414, "count": 3, "pos": [135, 164, 235]}, "shown": {"prob": 0.005747126436781609, "count": 2, "pos": [139, 268]}, "later": {"prob": 0.005747126436781609, "count": 2, "pos": [141, 198]}, "lord": {"prob": 0.0028735632183908046, "count": 1, "pos": [144]}, "examin": {"prob": 0.005747126436781609, "count": 2, "pos": [145, 243]}, "circl": {"prob": 0.008620689655172414, "count": 3, "pos": [148, 169, 211]}, "mania": {"prob": 0.0028735632183908046, "count": 1, "pos": [150]}, "present": {"prob": 0.005747126436781609, "count": 2, "pos": [151, 203]}, "part": {"prob": 0.0028735632183908046, "count": 1, "pos": [159]}, "sade": {"prob": 0.0028735632183908046, "count": 1, "pos": [161]}, "book": {"prob": 0.0028735632183908046, "count": 1, "pos": [162]}, "told": {"prob": 0.0028735632183908046, "count": 1, "pos": [163]}, "mr": {"prob": 0.0028735632183908046, "count": 1, "pos": [165]}, "vaccari": {"prob": 0.0028735632183908046, "count": 1, "pos": [166]}, "shit": {"prob": 0.0028735632183908046, "count": 1, "pos": [171]}, "passion": {"prob": 0.0028735632183908046, "count": 1, "pos": [173]}, "escal": {"prob": 0.0028735632183908046, "count": 1, "pos": [174]}, "inten": {"prob": 0.0028735632183908046, "count": 1, "pos": [176]}, "from": {"prob": 0.0028735632183908046, "count": 1, "pos": [177]}, "main": {"prob": 0.0028735632183908046, "count": 1, "pos": [178]}, "non": {"prob": 0.0028735632183908046, "count": 1, "pos": [179]}, "penetr": {"prob": 0.0028735632183908046, "count": 1, "pos": [180]}, "sex": {"prob": 0.005747126436781609, "count": 2, "pos": [181, 291]},