{"__total__": 373, "__name__": "doc_1233_Samson_and_Delilah_1949.txt", "samson": {"prob": 0.04289544235924933, "count": 16, "pos": [0, 23, 58, 87, 101, 113, 136, 137, 178, 186, 195, 231, 270, 299, 342, 371]}, "a": {"prob": 0.0160857908847185, "count": 6, "pos": [1, 15, 25, 60, 122, 290]}, "hebrew": {"prob": 0.005361930294906166, "count": 2, "pos": [2, 365]}, "place": {"prob": 0.002680965147453083, "count": 1, "pos": [3]}, "under": {"prob": 0.002680965147453083, "count": 1, "pos": [4]}, "nazirit": {"prob": 0.002680965147453083, "count": 1, "pos": [5]}, "vow": {"prob": 0.002680965147453083, "count": 1, "pos": [6]}, "from": {"prob": 0.002680965147453083, "count": 1, "pos": [7]}, "birth": {"prob": 0.002680965147453083, "count": 1, "pos": [8]}, "by": {"prob": 0.013404825737265416, "count": 5, "pos": [9, 89, 116, 234, 325]}, "hi": {"prob": 0.03485254691689008, "count": 13, "pos": [10, 28, 43, 47, 65, 90, 140, 203, 216, 223, 235, 272, 362]}, "mother": {"prob": 0.002680965147453083, "count": 1, "pos": [11]}, "is": {"prob": 0.013404825737265416, "count": 5, "pos": [12, 52, 114, 232, 242]}, "engag": {"prob": 0.005361930294906166, "count": 2, "pos": [13, 22]}, "to": {"prob": 0.05093833780160858, "count": 19, "pos": [14, 35, 41, 102, 106, 130, 134, 146, 161, 166, 184, 227, 238, 245, 294, 302, 305, 319, 369]}, "philistin": {"prob": 0.024128686327077747, "count": 9, "pos": [16, 34, 71, 104, 125, 149, 164, 255, 347]}, "woman": {"prob": 0.002680965147453083, "count": 1, "pos": [17]}, "name": {"prob": 0.002680965147453083, "count": 1, "pos": [18]}, "semadar": {"prob": 0.00804289544235925, "count": 3, "pos": [19, 51, 111]}, "at": {"prob": 0.005361930294906166, "count": 2, "pos": [20, 174]}, "their": {"prob": 0.00804289544235925, "count": 3, "pos": [21, 39, 55]}, "lose": {"prob": 0.002680965147453083, "count": 1, "pos": [24]}, "bet": {"prob": 0.005361930294906166, "count": 2, "pos": [26, 44]}, "with": {"prob": 0.010723860589812333, "count": 4, "pos": [27, 82, 190, 269]}, "wed": {"prob": 0.005361930294906166, "count": 2, "pos": [29, 56]}, "guest": {"prob": 0.002680965147453083, "count": 1, "pos": [30]}, "and": {"prob": 0.04289544235924933, "count": 16, "pos": [31, 63, 96, 121, 142, 144, 154, 205, 241, 256, 271, 274, 337, 344, 358, 360]}, "attack": {"prob": 0.002680965147453083, "count": 1, "pos": [32]}, "thirti": {"prob": 0.002680965147453083, "count": 1, "pos": [33]}, "strip": {"prob": 0.002680965147453083, "count": 1, "pos": [36]}, "them": {"prob": 0.005361930294906166, "count": 2, "pos": [37, 315]}, "of": {"prob": 0.03753351206434316, "count": 14, "pos": [38, 74, 85, 109, 124, 158, 169, 172, 177, 193, 202, 248, 253, 257]}, "cloak": {"prob": 0.002680965147453083, "count": 1, "pos": [40]}, "pay": {"prob": 0.002680965147453083, "count": 1, "pos": [42]}, "debt": {"prob": 0.002680965147453083, "count": 1, "pos": [45]}, "when": {"prob": 0.002680965147453083, "count": 1, "pos": [46]}, "deed": {"prob": 0.002680965147453083, "count": 1, "pos": [48]}, "becom": {"prob": 0.005361930294906166, "count": 2, "pos": [49, 59]}, "known": {"prob": 0.002680965147453083, "count": 1, "pos": [50]}, "kill": {"prob": 0.002680965147453083, "count": 1, "pos": [53]}, "dure": {"prob": 0.002680965147453083, "count": 1, "pos": [54]}, "feast": {"prob": 0.002680965147453083, "count": 1, "pos": [57]}, "hunt": {"prob": 0.002680965147453083, "count": 1, "pos": [61]}, "man": {"prob": 0.002680965147453083, "count": 1, "pos": [62]}, "in": {"prob": 0.01876675603217158, "count": 7, "pos": [64, 225, 260, 267, 292, 350, 356]}, "furi": {"prob": 0.002680965147453083, "count": 1, "pos": [66]}, "he": {"prob": 0.013404825737265416, "count": 5, "pos": [67, 219, 312, 316, 328]}, "begin": {"prob": 0.005361930294906166, "count": 2, "pos": [68, 145]}, "fight": {"prob": 0.002680965147453083, "count": 1, "pos": [69]}, "the": {"prob": 0.06970509383378017, "count": 26, "pos": [70, 72, 80, 83, 103, 107, 117, 148, 156, 163, 170, 175, 191, 200, 246, 251, 254, 261, 286, 306, 330, 333, 338, 346, 351, 353]}, "saran": {"prob": 0.013404825737265416, "count": 5, "pos": [73, 93, 180, 181, 258]}, "gaza": {"prob": 0.005361930294906166, "count": 2, "pos": [75, 131]}, "impo": {"prob": 0.002680965147453083, "count": 1, "pos": [76]}, "heavi": {"prob": 0.002680965147453083, "count": 1, "pos": [77]}, "tax": {"prob": 0.002680965147453083, "count": 1, "pos": [78]}, "on": {"prob": 0.002680965147453083, "count": 1, "pos": [79]}, "dannit": {"prob": 0.005361930294906166, "count": 2, "pos": [81, 98]}, "purpo": {"prob": 0.002680965147453083, "count": 1, "pos": [84]}, "have": {"prob": 0.005361930294906166, "count": 2, "pos": [86, 197]}, "betray": {"prob": 0.005361930294906166, "count": 2, "pos": [88, 283]}, "own": {"prob": 0.002680965147453083, "count": 1, "pos": [91]}, "peopl": {"prob": 0.002680965147453083, "count": 1, "pos": [92]}, "plan": {"prob": 0.005361930294906166, "count": 2, "pos": [94, 212]}, "work": {"prob": 0.00804289544235925, "count": 3, "pos": [95, 213, 240]}, "frustrat": {"prob": 0.002680965147453083, "count": 1, "pos": [97]}, "hand": {"prob": 0.005361930294906166, "count": 2, "pos": [99, 176]}, "over": {"prob": 0.005361930294906166, "count": 2, "pos": [100, 281]}, "much": {"prob": 0.002680965147453083, "count": 1, "pos": [105]}, "joy": {"prob": 0.002680965147453083, "count": 1, "pos": [108]}, "delilah": {"prob": 0.013404825737265416, "count": 5, "pos": [110, 187, 263, 318, 343]}, "sister": {"prob": 0.002680965147453083, "count": 1, "pos": [112]}, "taken": {"prob": 0.002680965147453083, "count": 1, "pos": [115]}, "high": {"prob": 0.002680965147453083, "count": 1, "pos": [118]}, "gener": {"prob": 0.002680965147453083, "count": 1, "pos": [119]}, "ahtur": {"prob": 0.010723860589812333, "count": 4, "pos": [120, 132, 151, 173]}, "regiment": {"prob": 0.002680965147453083, "count": 1, "pos": [123]}, "troop": {"prob": 0.002680965147453083, "count": 1, "pos": [126]}, "en": {"prob": 0.002680965147453083, "count": 1, "pos": [127]}, "rout": {"prob": 0.002680965147453083, "count": 1, "pos": [128]}, "back": {"prob": 0.002680965147453083, "count": 1, "pos": [129]}, "decid": {"prob": 0.002680965147453083, "count": 1, "pos": [133]}, "taunt": {"prob": 0.002680965147453083, "count": 1, "pos": [135]}, "rip": {"prob": 0.002680965147453083, "count": 1, "pos": [138]}, "apart": {"prob": 0.005361930294906166, "count": 2, "pos": [139, 332]}, "chain": {"prob": 0.002680965147453083, "count": 1, "pos": [141]}, "rope": {"prob": 0.002680965147453083, "count": 1, "pos": [143]}, "combat": {"prob": 0.002680965147453083, "count": 1, "pos": [147]}, "toppl": {"prob": 0.002680965147453083, "count": 1, "pos": [150]}, "war": {"prob": 0.002680965147453083, "count": 1, "pos": [152]}, "chariot": {"prob": 0.002680965147453083, "count": 1, "pos": [153]}, "use": {"prob": 0.002680965147453083, "count": 1, "pos": [155]}, "jawbon": {"prob": 0.002680965147453083, "count": 1, "pos": [157]}, "an": {"prob": 0.002680965147453083, "count": 1, "pos": [159]}, "ass": {"prob": 0.002680965147453083, "count": 1, "pos": [160]}, "club": {"prob": 0.002680965147453083, "count": 1, "pos": [162]}, "soldier": {"prob": 0.002680965147453083, "count": 1, "pos": [165]}, "death": {"prob": 0.002680965147453083, "count": 1, "pos": [167]}, "news": {"prob": 0.002680965147453083, "count": 1, "pos": [168]}, "defeat": {"prob": 0.005361930294906166, "count": 2, "pos": [171, 185]}, "reach": {"prob": 0.002680965147453083, "count": 1, "pos": [179]}, "ponder": {"prob": 0.002680965147453083, "count": 1, "pos": [182]}, "how": {"prob": 0.002680965147453083, "count": 1, "pos": [183]}, "come": {"prob": 0.002680965147453083, "count": 1, "pos": [188]}, "up": {"prob": 0.002680965147453083, "count": 1, "pos": [189]}, "idea": {"prob": 0.002680965147453083, "count": 1, "pos": [192]}, "seduc": {"prob": 0.002680965147453083, "count": 1, "pos": [194]}, "thu": {"prob": 0.002680965147453083, "count": 1, "pos": [196]}, "him": {"prob": 0.0160857908847185, "count": 6, "pos": [198, 208, 222, 230, 296, 326]},