{"__total__": 255, "__name__": "doc_1243_Sayonara.txt", "lloyd": {"prob": 0.00392156862745098, "count": 1, "pos": [0]}, "ace": {"prob": 0.00392156862745098, "count": 1, "pos": [1]}, "gruver": {"prob": 0.03137254901960784, "count": 8, "pos": [2, 80, 85, 93, 102, 183, 222, 243]}, "a": {"prob": 0.03529411764705882, "count": 9, "pos": [3, 9, 28, 33, 36, 56, 95, 123, 194]}, "major": {"prob": 0.011764705882352941, "count": 3, "pos": [4, 182, 221]}, "and": {"prob": 0.027450980392156862, "count": 7, "pos": [5, 86, 130, 138, 175, 196, 250]}, "the": {"prob": 0.06274509803921569, "count": 16, "pos": [6, 63, 66, 74, 76, 83, 113, 120, 132, 150, 205, 212, 229, 232, 239, 253]}, "son": {"prob": 0.00392156862745098, "count": 1, "pos": [7]}, "of": {"prob": 0.023529411764705882, "count": 6, "pos": [8, 62, 65, 122, 215, 238]}, "u": {"prob": 0.00392156862745098, "count": 1, "pos": [10]}, "armi": {"prob": 0.00392156862745098, "count": 1, "pos": [11]}, "gener": {"prob": 0.00392156862745098, "count": 1, "pos": [12]}, "is": {"prob": 0.0196078431372549, "count": 5, "pos": [13, 32, 52, 81, 164]}, "station": {"prob": 0.00392156862745098, "count": 1, "pos": [14]}, "at": {"prob": 0.011764705882352941, "count": 3, "pos": [15, 112, 119]}, "itami": {"prob": 0.00392156862745098, "count": 1, "pos": [16]}, "air": {"prob": 0.00784313725490196, "count": 2, "pos": [17, 77]}, "forc": {"prob": 0.00784313725490196, "count": 2, "pos": [18, 78]}, "base": {"prob": 0.00392156862745098, "count": 1, "pos": [19]}, "near": {"prob": 0.00392156862745098, "count": 1, "pos": [20]}, "kobe": {"prob": 0.00392156862745098, "count": 1, "pos": [21]}, "japan": {"prob": 0.027450980392156862, "count": 7, "pos": [22, 29, 57, 145, 189, 213, 248]}, "he": {"prob": 0.0196078431372549, "count": 5, "pos": [23, 42, 137, 154, 201]}, "fall": {"prob": 0.00392156862745098, "count": 1, "pos": [24]}, "in": {"prob": 0.01568627450980392, "count": 4, "pos": [25, 60, 231, 241]}, "love": {"prob": 0.00392156862745098, "count": 1, "pos": [26]}, "with": {"prob": 0.00392156862745098, "count": 1, "pos": [27]}, "entertain": {"prob": 0.00392156862745098, "count": 1, "pos": [30]}, "who": {"prob": 0.011764705882352941, "count": 3, "pos": [31, 141, 163]}, "perform": {"prob": 0.00392156862745098, "count": 1, "pos": [34]}, "for": {"prob": 0.00392156862745098, "count": 1, "pos": [35]}, "takarazuka": {"prob": 0.00392156862745098, "count": 1, "pos": [37]}, "like": {"prob": 0.00392156862745098, "count": 1, "pos": [38]}, "theater": {"prob": 0.00392156862745098, "count": 1, "pos": [39]}, "compani": {"prob": 0.00392156862745098, "count": 1, "pos": [40]}, "whom": {"prob": 0.00392156862745098, "count": 1, "pos": [41]}, "meet": {"prob": 0.00392156862745098, "count": 1, "pos": [43]}, "through": {"prob": 0.00392156862745098, "count": 1, "pos": [44]}, "hi": {"prob": 0.01568627450980392, "count": 4, "pos": [45, 161, 187, 247]}, "enlist": {"prob": 0.00392156862745098, "count": 1, "pos": [46]}, "crew": {"prob": 0.00392156862745098, "count": 1, "pos": [47]}, "chief": {"prob": 0.00392156862745098, "count": 1, "pos": [48]}, "airman": {"prob": 0.00392156862745098, "count": 1, "pos": [49]}, "kelli": {"prob": 0.03137254901960784, "count": 8, "pos": [50, 51, 87, 100, 109, 115, 152, 174]}, "about": {"prob": 0.00392156862745098, "count": 1, "pos": [53]}, "to": {"prob": 0.047058823529411764, "count": 12, "pos": [54, 98, 107, 144, 149, 159, 171, 185, 203, 211, 246, 252]}, "wed": {"prob": 0.00784313725490196, "count": 2, "pos": [55, 114]}, "woman": {"prob": 0.00392156862745098, "count": 1, "pos": [58]}, "katsumi": {"prob": 0.00784313725490196, "count": 2, "pos": [59, 176]}, "spite": {"prob": 0.00392156862745098, "count": 1, "pos": [61]}, "disapprov": {"prob": 0.00392156862745098, "count": 1, "pos": [64]}, "unit": {"prob": 0.00392156862745098, "count": 1, "pos": [67]}, "state": {"prob": 0.011764705882352941, "count": 3, "pos": [68, 151, 254]}, "militari": {"prob": 0.00392156862745098, "count": 1, "pos": [69]}, "which": {"prob": 0.01568627450980392, "count": 4, "pos": [70, 92, 216, 242]}, "will": {"prob": 0.01568627450980392, "count": 4, "pos": [71, 155, 200, 217]}, "not": {"prob": 0.00784313725490196, "count": 2, "pos": [72, 156]}, "recogn": {"prob": 0.00392156862745098, "count": 1, "pos": [73]}, "marriag": {"prob": 0.00784313725490196, "count": 2, "pos": [75, 84]}, "includ": {"prob": 0.00392156862745098, "count": 1, "pos": [79]}, "against": {"prob": 0.00392156862745098, "count": 1, "pos": [82]}, "have": {"prob": 0.00392156862745098, "count": 1, "pos": [88]}, "an": {"prob": 0.00392156862745098, "count": 1, "pos": [89]}, "argument": {"prob": 0.00392156862745098, "count": 1, "pos": [90]}, "dure": {"prob": 0.00392156862745098, "count": 1, "pos": [91]}, "use": {"prob": 0.00392156862745098, "count": 1, "pos": [94]}, "racial": {"prob": 0.00392156862745098, "count": 1, "pos": [96]}, "slur": {"prob": 0.00392156862745098, "count": 1, "pos": [97]}, "describ": {"prob": 0.00392156862745098, "count": 1, "pos": [99]}, "fianc": {"prob": 0.00392156862745098, "count": 1, "pos": [101]}, "eventu": {"prob": 0.00392156862745098, "count": 1, "pos": [103]}, "apolog": {"prob": 0.00392156862745098, "count": 1, "pos": [104]}, "then": {"prob": 0.00392156862745098, "count": 1, "pos": [105]}, "agr": {"prob": 0.00392156862745098, "count": 1, "pos": [106]}, "be": {"prob": 0.01568627450980392, "count": 4, "pos": [108, 157, 172, 218]}, "best": {"prob": 0.00392156862745098, "count": 1, "pos": [110]}, "man": {"prob": 0.00392156862745098, "count": 1, "pos": [111]}, "suffer": {"prob": 0.00392156862745098, "count": 1, "pos": [116]}, "further": {"prob": 0.00392156862745098, "count": 1, "pos": [117]}, "prejud": {"prob": 0.00392156862745098, "count": 1, "pos": [118]}, "hand": {"prob": 0.00392156862745098, "count": 1, "pos": [121]}, "particular": {"prob": 0.00784313725490196, "count": 2, "pos": [124, 219]}, "nasti": {"prob": 0.00392156862745098, "count": 1, "pos": [125]}, "colonel": {"prob": 0.00392156862745098, "count": 1, "pos": [126]}, "pull": {"prob": 0.00392156862745098, "count": 1, "pos": [127]}, "extra": {"prob": 0.00392156862745098, "count": 1, "pos": [128]}, "duti": {"prob": 0.00392156862745098, "count": 1, "pos": [129]}, "all": {"prob": 0.00392156862745098, "count": 1, "pos": [131]}, "less": {"prob": 0.00392156862745098, "count": 1, "pos": [133]}, "attract": {"prob": 0.00392156862745098, "count": 1, "pos": [134]}, "assign": {"prob": 0.00392156862745098, "count": 1, "pos": [135]}, "when": {"prob": 0.00784313725490196, "count": 2, "pos": [136, 191]}, "mani": {"prob": 0.00392156862745098, "count": 1, "pos": [139]}, "other": {"prob": 0.00784313725490196, "count": 2, "pos": [140, 169]}, "are": {"prob": 0.00784313725490196, "count": 2, "pos": [142, 146]}, "marri": {"prob": 0.00784313725490196, "count": 2, "pos": [143, 186]}, "order": {"prob": 0.00392156862745098, "count": 1, "pos": [147]}, "back": {"prob": 0.00392156862745098, "count": 1, "pos": [148]}, "realiz": {"prob": 0.00392156862745098, "count": 1, "pos": [153]}, "abl": {"prob": 0.00392156862745098, "count": 1, "pos": [158]}, "take": {"prob": 0.00392156862745098, "count": 1, "pos": [160]}, "wife": {"prob": 0.00392156862745098, "count": 1, "pos": [162]}, "now": {"prob": 0.00392156862745098, "count": 1, "pos": [165]}, "pregnant": {"prob": 0.00392156862745098, "count": 1, "pos": [166]}, "find": {"prob": 0.00392156862745098, "count": 1, "pos": [167]}, "no": {"prob": 0.00392156862745098, "count": 1, "pos": [168]}, "way": {"prob": 0.00392156862745098, "count": 1, "pos": [170]}, "togeth": {"prob": 0.00392156862745098, "count": 1, "pos": [173]}, "commit": {"prob": 0.00392156862745098, "count": 1, "pos": [177]}, "doubl": {"prob": 0.00392156862745098, "count": 1, "pos": [178]}, "suicid": {"prob": 0.00392156862745098, "count": 1, "pos": [179]}, "thi": {"prob": 0.00392156862745098, "count": 1, "pos": [180]}, "strengthen": {"prob": 0.00392156862745098, "count": 1, "pos": [181]}, "resolv": {"prob": 0.00392156862745098, "count": 1, "pos": [184]},