{"__total__": 502, "__name__": "doc_1252_Scooby_Doo.txt", "after": {"prob": 0.00398406374501992, "count": 2, "pos": [0, 299]}, "solv": {"prob": 0.00597609561752988, "count": 3, "pos": [1, 33, 500]}, "the": {"prob": 0.10159362549800798, "count": 51, "pos": [2, 9, 15, 34, 37, 55, 64, 66, 71, 112, 121, 123, 126, 139, 158, 162, 168, 180, 196, 202, 204, 219, 248, 257, 260, 264, 272, 286, 291, 297, 308, 313, 316, 323, 327, 331, 334, 339, 346, 351, 384, 403, 421, 425, 428, 437, 443, 447, 459, 466, 477]}, "luna": {"prob": 0.00199203187250996, "count": 1, "pos": [3]}, "ghost": {"prob": 0.00398406374501992, "count": 2, "pos": [4, 129]}, "mysteri": {"prob": 0.01195219123505976, "count": 6, "pos": [5, 12, 35, 96, 494, 501]}, "constant": {"prob": 0.00199203187250996, "count": 1, "pos": [6]}, "argument": {"prob": 0.00398406374501992, "count": 2, "pos": [7, 223]}, "among": {"prob": 0.00199203187250996, "count": 1, "pos": [8]}, "member": {"prob": 0.00199203187250996, "count": 1, "pos": [10]}, "of": {"prob": 0.013944223107569721, "count": 7, "pos": [11, 36, 54, 221, 251, 259, 315]}, "inc": {"prob": 0.00398406374501992, "count": 2, "pos": [13, 495]}, "caus": {"prob": 0.00199203187250996, "count": 1, "pos": [14]}, "gang": {"prob": 0.021912350597609563, "count": 11, "pos": [16, 67, 124, 159, 261, 265, 298, 309, 352, 404, 422]}, "to": {"prob": 0.027888446215139442, "count": 14, "pos": [17, 32, 59, 153, 161, 239, 267, 343, 361, 409, 419, 449, 471, 498]}, "go": {"prob": 0.00199203187250996, "count": 1, "pos": [18]}, "their": {"prob": 0.00796812749003984, "count": 4, "pos": [19, 268, 300, 354]}, "separ": {"prob": 0.00199203187250996, "count": 1, "pos": [20]}, "way": {"prob": 0.00199203187250996, "count": 1, "pos": [21]}, "two": {"prob": 0.00398406374501992, "count": 2, "pos": [22, 205]}, "year": {"prob": 0.00597609561752988, "count": 3, "pos": [23, 338, 406]}, "later": {"prob": 0.00199203187250996, "count": 1, "pos": [24]}, "shaggi": {"prob": 0.0199203187250996, "count": 10, "pos": [25, 83, 189, 227, 235, 242, 289, 380, 454, 475]}, "roger": {"prob": 0.00199203187250996, "count": 1, "pos": [26]}, "and": {"prob": 0.04183266932270916, "count": 21, "pos": [27, 49, 109, 142, 144, 178, 190, 195, 226, 262, 280, 294, 357, 371, 387, 423, 451, 457, 468, 484, 488]}, "scoobi": {"prob": 0.0199203187250996, "count": 10, "pos": [28, 94, 191, 211, 225, 228, 344, 363, 372, 376]}, "doo": {"prob": 0.00398406374501992, "count": 2, "pos": [29, 401]}, "are": {"prob": 0.013944223107569721, "count": 7, "pos": [30, 57, 80, 165, 198, 274, 491]}, "approach": {"prob": 0.00199203187250996, "count": 1, "pos": [31]}, "popular": {"prob": 0.00199203187250996, "count": 1, "pos": [38]}, "horror": {"prob": 0.00199203187250996, "count": 1, "pos": [39]}, "resort": {"prob": 0.00199203187250996, "count": 1, "pos": [40]}, "spooki": {"prob": 0.00199203187250996, "count": 1, "pos": [41]}, "island": {"prob": 0.01195219123505976, "count": 6, "pos": [42, 65, 122, 127, 169, 438]}, "reunit": {"prob": 0.00597609561752988, "count": 3, "pos": [43, 295, 497]}, "with": {"prob": 0.0099601593625498, "count": 5, "pos": [44, 87, 150, 207, 296]}, "fred": {"prob": 0.01195219123505976, "count": 6, "pos": [45, 145, 176, 193, 281, 386]}, "jone": {"prob": 0.00199203187250996, "count": 1, "pos": [46]}, "velma": {"prob": 0.013944223107569721, "count": 7, "pos": [47, 101, 143, 177, 194, 270, 388]}, "dinkley": {"prob": 0.00199203187250996, "count": 1, "pos": [48]}, "daphn": {"prob": 0.0099601593625498, "count": 5, "pos": [50, 132, 183, 279, 433]}, "blake": {"prob": 0.00199203187250996, "count": 1, "pos": [51]}, "although": {"prob": 0.00199203187250996, "count": 1, "pos": [52]}, "none": {"prob": 0.00398406374501992, "count": 2, "pos": [53, 397]}, "latter": {"prob": 0.00199203187250996, "count": 1, "pos": [56]}, "thrill": {"prob": 0.00199203187250996, "count": 1, "pos": [58]}, "see": {"prob": 0.00199203187250996, "count": 1, "pos": [60]}, "each": {"prob": 0.00199203187250996, "count": 1, "pos": [61]}, "other": {"prob": 0.00398406374501992, "count": 2, "pos": [62, 398]}, "on": {"prob": 0.00199203187250996, "count": 1, "pos": [63]}, "meet": {"prob": 0.00398406374501992, "count": 2, "pos": [68, 102]}, "emil": {"prob": 0.00199203187250996, "count": 1, "pos": [69]}, "mondavari": {"prob": 0.0099601593625498, "count": 5, "pos": [70, 179, 350, 382, 479]}, "park": {"prob": 0.00199203187250996, "count": 1, "pos": [72]}, "owner": {"prob": 0.00199203187250996, "count": 1, "pos": [73]}, "who": {"prob": 0.01195219123505976, "count": 6, "pos": [74, 116, 171, 236, 253, 402]}, "explain": {"prob": 0.00398406374501992, "count": 2, "pos": [75, 117]}, "hi": {"prob": 0.01195219123505976, "count": 6, "pos": [76, 110, 410, 463, 472, 489]}, "theori": {"prob": 0.00199203187250996, "count": 1, "pos": [77]}, "that": {"prob": 0.00597609561752988, "count": 3, "pos": [78, 118, 311]}, "visitor": {"prob": 0.00199203187250996, "count": 1, "pos": [79]}, "be": {"prob": 0.00199203187250996, "count": 1, "pos": [81]}, "cur": {"prob": 0.00199203187250996, "count": 1, "pos": [82]}, "fall": {"prob": 0.00398406374501992, "count": 2, "pos": [84, 229]}, "in": {"prob": 0.013944223107569721, "count": 7, "pos": [85, 218, 238, 276, 285, 383, 481]}, "love": {"prob": 0.00199203187250996, "count": 1, "pos": [86]}, "a": {"prob": 0.021912350597609563, "count": 11, "pos": [88, 103, 134, 147, 231, 245, 319, 366, 393, 417, 482]}, "girl": {"prob": 0.00199203187250996, "count": 1, "pos": [89]}, "name": {"prob": 0.00398406374501992, "count": 2, "pos": [90, 105]}, "mari": {"prob": 0.00398406374501992, "count": 2, "pos": [91, 208]}, "jane": {"prob": 0.00398406374501992, "count": 2, "pos": [92, 209]}, "while": {"prob": 0.0099601593625498, "count": 5, "pos": [93, 188, 278, 345, 493]}, "is": {"prob": 0.01593625498007968, "count": 8, "pos": [95, 184, 214, 349, 374, 377, 391, 496]}, "target": {"prob": 0.00199203187250996, "count": 1, "pos": [97]}, "by": {"prob": 0.013944223107569721, "count": 7, "pos": [98, 167, 186, 201, 234, 379, 396]}, "demon": {"prob": 0.0199203187250996, "count": 10, "pos": [99, 119, 170, 203, 273, 317, 328, 347, 418, 448]}, "creatur": {"prob": 0.00199203187250996, "count": 1, "pos": [100]}, "man": {"prob": 0.00199203187250996, "count": 1, "pos": [104]}, "n": {"prob": 0.00199203187250996, "count": 1, "pos": [106]}, "goo": {"prob": 0.00199203187250996, "count": 1, "pos": [107]}, "tuana": {"prob": 0.00199203187250996, "count": 1, "pos": [108]}, "minion": {"prob": 0.00398406374501992, "count": 2, "pos": [111, 490]}, "famou": {"prob": 0.00199203187250996, "count": 1, "pos": [113]}, "luchador": {"prob": 0.00199203187250996, "count": 1, "pos": [114]}, "zarko": {"prob": 0.00597609561752988, "count": 3, "pos": [115, 187, 435]}, "rule": {"prob": 0.00597609561752988, "count": 3, "pos": [120, 330, 424]}, "visit": {"prob": 0.00199203187250996, "count": 1, "pos": [125]}, "abandon": {"prob": 0.00398406374501992, "count": 2, "pos": [128, 405]}, "castl": {"prob": 0.00199203187250996, "count": 1, "pos": [130]}, "where": {"prob": 0.00199203187250996, "count": 1, "pos": [131]}, "find": {"prob": 0.00597609561752988, "count": 3, "pos": [133, 146, 476]}, "tetrahedron": {"prob": 0.00199203187250996, "count": 1, "pos": [135]}, "shape": {"prob": 0.00199203187250996, "count": 1, "pos": [136]}, "artifact": {"prob": 0.00199203187250996, "count": 1, "pos": [137]}, "call": {"prob": 0.00199203187250996, "count": 1, "pos": [138]}, "daemon": {"prob": 0.00796812749003984, "count": 4, "pos": [140, 292, 324, 460]}, "ritu": {"prob": 0.00796812749003984, "count": 4, "pos": [141, 293, 325, 461]}, "strang": {"prob": 0.00199203187250996, "count": 1, "pos": [148]}, "classroom": {"prob": 0.00199203187250996, "count": 1, "pos": [149]}, "video": {"prob": 0.00199203187250996, "count": 1, "pos": [151]}, "design": {"prob": 0.00199203187250996, "count": 1, "pos": [152]}, "address": {"prob": 0.00199203187250996, "count": 1, "pos": [154]}, "non": {"prob": 0.00199203187250996, "count": 1, "pos": [155]},