{"__total__": 620, "__name__": "doc_1253_Scream.txt", "high": {"prob": 0.0016129032258064516, "count": 1, "pos": [0]}, "school": {"prob": 0.0064516129032258064, "count": 4, "pos": [1, 199, 214, 234]}, "student": {"prob": 0.004838709677419355, "count": 3, "pos": [2, 210, 250]}, "casey": {"prob": 0.0032258064516129032, "count": 2, "pos": [3, 61]}, "becker": {"prob": 0.0016129032258064516, "count": 1, "pos": [4]}, "receiv": {"prob": 0.0032258064516129032, "count": 2, "pos": [5, 127]}, "a": {"prob": 0.016129032258064516, "count": 10, "pos": [6, 51, 74, 83, 96, 128, 229, 291, 312, 600]}, "flirtati": {"prob": 0.0016129032258064516, "count": 1, "pos": [7]}, "phone": {"prob": 0.0064516129032258064, "count": 4, "pos": [8, 130, 156, 198]}, "call": {"prob": 0.0064516129032258064, "count": 4, "pos": [9, 131, 163, 192]}, "from": {"prob": 0.004838709677419355, "count": 3, "pos": [10, 82, 359]}, "an": {"prob": 0.004838709677419355, "count": 3, "pos": [11, 538, 612]}, "unknown": {"prob": 0.0016129032258064516, "count": 1, "pos": [12]}, "person": {"prob": 0.0016129032258064516, "count": 1, "pos": [13]}, "ask": {"prob": 0.0016129032258064516, "count": 1, "pos": [14]}, "her": {"prob": 0.01935483870967742, "count": 12, "pos": [15, 35, 40, 78, 111, 122, 174, 287, 411, 504, 523, 569]}, "what": {"prob": 0.0016129032258064516, "count": 1, "pos": [16]}, "your": {"prob": 0.0016129032258064516, "count": 1, "pos": [17]}, "favorit": {"prob": 0.0016129032258064516, "count": 1, "pos": [18]}, "scari": {"prob": 0.0016129032258064516, "count": 1, "pos": [19]}, "movi": {"prob": 0.0016129032258064516, "count": 1, "pos": [20]}, "the": {"prob": 0.07096774193548387, "count": 44, "pos": [21, 29, 66, 85, 88, 93, 105, 140, 162, 179, 191, 203, 206, 209, 213, 233, 236, 258, 263, 277, 283, 302, 346, 354, 368, 378, 386, 392, 398, 408, 428, 433, 449, 454, 467, 473, 487, 515, 520, 556, 566, 589, 594, 617]}, "situat": {"prob": 0.0032258064516129032, "count": 2, "pos": [22, 259]}, "quick": {"prob": 0.0016129032258064516, "count": 1, "pos": [23]}, "escal": {"prob": 0.0016129032258064516, "count": 1, "pos": [24]}, "out": {"prob": 0.0032258064516129032, "count": 2, "pos": [25, 273]}, "of": {"prob": 0.014516129032258065, "count": 9, "pos": [26, 110, 160, 205, 325, 447, 522, 537, 562]}, "control": {"prob": 0.0016129032258064516, "count": 1, "pos": [27]}, "as": {"prob": 0.0064516129032258064, "count": 4, "pos": [28, 190, 260, 593]}, "caller": {"prob": 0.0032258064516129032, "count": 2, "pos": [30, 67]}, "turn": {"prob": 0.0032258064516129032, "count": 2, "pos": [31, 565]}, "sadist": {"prob": 0.0016129032258064516, "count": 1, "pos": [32]}, "and": {"prob": 0.037096774193548385, "count": 23, "pos": [33, 71, 77, 95, 147, 169, 247, 301, 309, 332, 341, 356, 374, 394, 417, 440, 443, 475, 484, 494, 502, 597, 609]}, "threaten": {"prob": 0.0032258064516129032, "count": 2, "pos": [34, 129]}, "life": {"prob": 0.0016129032258064516, "count": 1, "pos": [36]}, "he": {"prob": 0.008064516129032258, "count": 5, "pos": [37, 152, 362, 469, 528]}, "reveal": {"prob": 0.0032258064516129032, "count": 2, "pos": [38, 575]}, "that": {"prob": 0.0016129032258064516, "count": 1, "pos": [39]}, "boyfriend": {"prob": 0.0032258064516129032, "count": 2, "pos": [41, 143]}, "steve": {"prob": 0.0032258064516129032, "count": 2, "pos": [42, 57]}, "is": {"prob": 0.027419354838709678, "count": 17, "pos": [43, 58, 69, 80, 137, 167, 177, 200, 217, 238, 280, 391, 425, 485, 490, 574, 604]}, "be": {"prob": 0.0064516129032258064, "count": 4, "pos": [44, 448, 519, 577]}, "held": {"prob": 0.0016129032258064516, "count": 1, "pos": [45]}, "hostag": {"prob": 0.0016129032258064516, "count": 1, "pos": [46]}, "after": {"prob": 0.01129032258064516, "count": 7, "pos": [47, 132, 151, 208, 285, 322, 337]}, "fail": {"prob": 0.0016129032258064516, "count": 1, "pos": [48]}, "to": {"prob": 0.035483870967741936, "count": 22, "pos": [49, 63, 173, 185, 196, 219, 231, 256, 265, 296, 298, 381, 385, 397, 400, 406, 419, 499, 518, 531, 564, 576]}, "answer": {"prob": 0.0016129032258064516, "count": 1, "pos": [50]}, "question": {"prob": 0.0016129032258064516, "count": 1, "pos": [52]}, "correct": {"prob": 0.0016129032258064516, "count": 1, "pos": [53]}, "about": {"prob": 0.0032258064516129032, "count": 2, "pos": [54, 616]}, "horror": {"prob": 0.0016129032258064516, "count": 1, "pos": [55]}, "film": {"prob": 0.0016129032258064516, "count": 1, "pos": [56]}, "murder": {"prob": 0.01129032258064516, "count": 7, "pos": [59, 72, 113, 207, 275, 350, 513]}, "when": {"prob": 0.0016129032258064516, "count": 1, "pos": [60]}, "refus": {"prob": 0.0016129032258064516, "count": 1, "pos": [62]}, "cooper": {"prob": 0.0016129032258064516, "count": 1, "pos": [64]}, "with": {"prob": 0.004838709677419355, "count": 3, "pos": [65, 104, 543]}, "she": {"prob": 0.014516129032258065, "count": 9, "pos": [68, 133, 136, 164, 261, 457, 464, 540, 585]}, "attack": {"prob": 0.008064516129032258, "count": 5, "pos": [70, 138, 344, 570, 582]}, "by": {"prob": 0.014516129032258065, "count": 9, "pos": [73, 114, 139, 240, 290, 345, 367, 555, 607]}, "mask": {"prob": 0.0016129032258064516, "count": 1, "pos": [75]}, "killer": {"prob": 0.017741935483870968, "count": 11, "pos": [76, 141, 264, 347, 355, 369, 393, 450, 488, 521, 557]}, "bodi": {"prob": 0.0016129032258064516, "count": 1, "pos": [79]}, "hung": {"prob": 0.0016129032258064516, "count": 1, "pos": [81]}, "tree": {"prob": 0.0016129032258064516, "count": 1, "pos": [84]}, "follow": {"prob": 0.0016129032258064516, "count": 1, "pos": [86]}, "day": {"prob": 0.0032258064516129032, "count": 2, "pos": [87, 181]}, "news": {"prob": 0.004838709677419355, "count": 3, "pos": [89, 324, 614]}, "media": {"prob": 0.0016129032258064516, "count": 1, "pos": [90]}, "descend": {"prob": 0.0016129032258064516, "count": 1, "pos": [91]}, "on": {"prob": 0.004838709677419355, "count": 3, "pos": [92, 534, 568]}, "town": {"prob": 0.0016129032258064516, "count": 1, "pos": [94]}, "polic": {"prob": 0.0032258064516129032, "count": 2, "pos": [97, 598]}, "investig": {"prob": 0.004838709677419355, "count": 3, "pos": [98, 311, 431]}, "begin": {"prob": 0.0016129032258064516, "count": 1, "pos": [99]}, "meanwhil": {"prob": 0.0032258064516129032, "count": 2, "pos": [100, 423]}, "sidney": {"prob": 0.02903225806451613, "count": 18, "pos": [101, 126, 142, 157, 172, 186, 241, 299, 329, 340, 352, 370, 422, 435, 451, 501, 559, 583]}, "prescott": {"prob": 0.004838709677419355, "count": 3, "pos": [102, 189, 383]}, "struggl": {"prob": 0.0016129032258064516, "count": 1, "pos": [103]}, "impend": {"prob": 0.0016129032258064516, "count": 1, "pos": [106]}, "one": {"prob": 0.0016129032258064516, "count": 1, "pos": [107]}, "year": {"prob": 0.0016129032258064516, "count": 1, "pos": [108]}, "anniversari": {"prob": 0.0016129032258064516, "count": 1, "pos": [109]}, "mother": {"prob": 0.004838709677419355, "count": 3, "pos": [112, 524, 550]}, "cotton": {"prob": 0.0016129032258064516, "count": 1, "pos": [115]}, "weari": {"prob": 0.0016129032258064516, "count": 1, "pos": [116]}, "while": {"prob": 0.0032258064516129032, "count": 2, "pos": [117, 430]}, "wait": {"prob": 0.0016129032258064516, "count": 1, "pos": [118]}, "at": {"prob": 0.0032258064516129032, "count": 2, "pos": [119, 276]}, "home": {"prob": 0.0016129032258064516, "count": 1, "pos": [120]}, "for": {"prob": 0.004838709677419355, "count": 3, "pos": [121, 274, 511]}, "friend": {"prob": 0.004838709677419355, "count": 3, "pos": [123, 225, 244]}, "tatum": {"prob": 0.0064516129032258064, "count": 4, "pos": [124, 170, 242, 279]}, "riley": {"prob": 0.0032258064516129032, "count": 2, "pos": [125, 270]}, "hang": {"prob": 0.0016129032258064516, "count": 1, "pos": [134]}, "up": {"prob": 0.0016129032258064516, "count": 1, "pos": [135]}, "billi": {"prob": 0.024193548387096774, "count": 15, "pos": [144, 166, 176, 224, 294, 330, 342, 351, 459, 466, 479, 493, 526, 544, 581]}, "loomi": {"prob": 0.0016129032258064516, "count": 1, "pos": [145]}, "arriv": {"prob": 0.004838709677419355,