{"__total__": 136, "__name__": "doc_1257_Searching_for_Bobby_Fischer.txt", "in": {"prob": 0.029411764705882353, "count": 4, "pos": [0, 82, 91, 112]}, "the": {"prob": 0.07352941176470588, "count": 10, "pos": [1, 31, 42, 45, 51, 56, 86, 105, 109, 113]}, "film": {"prob": 0.022058823529411766, "count": 3, "pos": [2, 46, 114]}, "josh": {"prob": 0.03676470588235294, "count": 5, "pos": [3, 68, 101, 117, 126]}, "waitzkin": {"prob": 0.007352941176470588, "count": 1, "pos": [4]}, "famili": {"prob": 0.007352941176470588, "count": 1, "pos": [5]}, "discov": {"prob": 0.007352941176470588, "count": 1, "pos": [6]}, "that": {"prob": 0.014705882352941176, "count": 2, "pos": [7, 100]}, "he": {"prob": 0.014705882352941176, "count": 2, "pos": [8, 80]}, "possess": {"prob": 0.007352941176470588, "count": 1, "pos": [9]}, "a": {"prob": 0.029411764705882353, "count": 4, "pos": [10, 22, 48, 75]}, "gift": {"prob": 0.007352941176470588, "count": 1, "pos": [11]}, "for": {"prob": 0.007352941176470588, "count": 1, "pos": [12]}, "chess": {"prob": 0.029411764705882353, "count": 4, "pos": [13, 38, 77, 95]}, "and": {"prob": 0.022058823529411766, "count": 3, "pos": [14, 60, 96]}, "they": {"prob": 0.014705882352941176, "count": 2, "pos": [15, 20]}, "seek": {"prob": 0.007352941176470588, "count": 1, "pos": [16]}, "to": {"prob": 0.0661764705882353, "count": 9, "pos": [17, 29, 33, 54, 63, 94, 103, 119, 130]}, "nurtur": {"prob": 0.007352941176470588, "count": 1, "pos": [18]}, "it": {"prob": 0.007352941176470588, "count": 1, "pos": [19]}, "hire": {"prob": 0.007352941176470588, "count": 1, "pos": [21]}, "strict": {"prob": 0.007352941176470588, "count": 1, "pos": [23]}, "instructor": {"prob": 0.007352941176470588, "count": 1, "pos": [24]}, "bruce": {"prob": 0.007352941176470588, "count": 1, "pos": [25]}, "pandolfini": {"prob": 0.014705882352941176, "count": 2, "pos": [26, 97]}, "who": {"prob": 0.007352941176470588, "count": 1, "pos": [27]}, "aim": {"prob": 0.007352941176470588, "count": 1, "pos": [28]}, "teach": {"prob": 0.007352941176470588, "count": 1, "pos": [30]}, "boy": {"prob": 0.007352941176470588, "count": 1, "pos": [32]}, "be": {"prob": 0.007352941176470588, "count": 1, "pos": [34]}, "as": {"prob": 0.014705882352941176, "count": 2, "pos": [35, 37]}, "aggress": {"prob": 0.007352941176470588, "count": 1, "pos": [36]}, "legend": {"prob": 0.007352941176470588, "count": 1, "pos": [39]}, "bobbi": {"prob": 0.007352941176470588, "count": 1, "pos": [40]}, "fischer": {"prob": 0.022058823529411766, "count": 3, "pos": [41, 59, 121]}, "titl": {"prob": 0.007352941176470588, "count": 1, "pos": [43]}, "of": {"prob": 0.029411764705882353, "count": 4, "pos": [44, 58, 107, 124]}, "is": {"prob": 0.022058823529411766, "count": 3, "pos": [47, 69, 98]}, "metaphor": {"prob": 0.007352941176470588, "count": 1, "pos": [49]}, "about": {"prob": 0.007352941176470588, "count": 1, "pos": [50]}, "charact": {"prob": 0.007352941176470588, "count": 1, "pos": [52]}, "quest": {"prob": 0.007352941176470588, "count": 1, "pos": [53]}, "adopt": {"prob": 0.014705882352941176, "count": 2, "pos": [55, 120]}, "ideal": {"prob": 0.007352941176470588, "count": 1, "pos": [57]}, "hi": {"prob": 0.014705882352941176, "count": 2, "pos": [61, 133]}, "determin": {"prob": 0.007352941176470588, "count": 1, "pos": [62]}, "win": {"prob": 0.014705882352941176, "count": 2, "pos": [64, 131]}, "at": {"prob": 0.007352941176470588, "count": 1, "pos": [65]}, "ani": {"prob": 0.007352941176470588, "count": 1, "pos": [66]}, "price": {"prob": 0.007352941176470588, "count": 1, "pos": [67]}, "also": {"prob": 0.007352941176470588, "count": 1, "pos": [70]}, "heavili": {"prob": 0.007352941176470588, "count": 1, "pos": [71]}, "influenc": {"prob": 0.007352941176470588, "count": 1, "pos": [72]}, "by": {"prob": 0.007352941176470588, "count": 1, "pos": [73]}, "vinni": {"prob": 0.014705882352941176, "count": 2, "pos": [74, 108]}, "speed": {"prob": 0.007352941176470588, "count": 1, "pos": [76]}, "hustler": {"prob": 0.007352941176470588, "count": 1, "pos": [78]}, "whom": {"prob": 0.007352941176470588, "count": 1, "pos": [79]}, "met": {"prob": 0.007352941176470588, "count": 1, "pos": [81]}, "washington": {"prob": 0.007352941176470588, "count": 1, "pos": [83]}, "squar": {"prob": 0.007352941176470588, "count": 1, "pos": [84]}, "park": {"prob": 0.007352941176470588, "count": 1, "pos": [85]}, "two": {"prob": 0.007352941176470588, "count": 1, "pos": [87]}, "coach": {"prob": 0.007352941176470588, "count": 1, "pos": [88]}, "differ": {"prob": 0.007352941176470588, "count": 1, "pos": [89]}, "great": {"prob": 0.007352941176470588, "count": 1, "pos": [90]}, "their": {"prob": 0.007352941176470588, "count": 1, "pos": [92]}, "approach": {"prob": 0.007352941176470588, "count": 1, "pos": [93]}, "upset": {"prob": 0.007352941176470588, "count": 1, "pos": [99]}, "continu": {"prob": 0.007352941176470588, "count": 1, "pos": [102]}, "take": {"prob": 0.007352941176470588, "count": 1, "pos": [104]}, "advic": {"prob": 0.007352941176470588, "count": 1, "pos": [106]}, "main": {"prob": 0.007352941176470588, "count": 1, "pos": [110]}, "conflict": {"prob": 0.007352941176470588, "count": 1, "pos": [111]}, "ari": {"prob": 0.007352941176470588, "count": 1, "pos": [115]}, "when": {"prob": 0.007352941176470588, "count": 1, "pos": [116]}, "refus": {"prob": 0.007352941176470588, "count": 1, "pos": [118]}, "misanthrop": {"prob": 0.007352941176470588, "count": 1, "pos": [122]}, "frame": {"prob": 0.007352941176470588, "count": 1, "pos": [123]}, "refer": {"prob": 0.007352941176470588, "count": 1, "pos": [125]}, "then": {"prob": 0.007352941176470588, "count": 1, "pos": [127]}, "goe": {"prob": 0.007352941176470588, "count": 1, "pos": [128]}, "on": {"prob": 0.014705882352941176, "count": 2, "pos": [129, 132]}, "own": {"prob": 0.007352941176470588, "count": 1, "pos": [134]}, "term": {"prob": 0.007352941176470588, "count": 1, "pos": [135]}}