{"__total__": 601, "__name__": "doc_1272_Sex_Lies_and_Videotape.txt", "ann": {"prob": 0.026622296173044926, "count": 16, "pos": [0, 54, 115, 127, 157, 191, 218, 283, 292, 339, 352, 375, 379, 411, 574, 584]}, "live": {"prob": 0.004991680532445923, "count": 3, "pos": [1, 46, 107]}, "in": {"prob": 0.02329450915141431, "count": 14, "pos": [2, 47, 84, 108, 150, 238, 253, 297, 327, 345, 377, 430, 534, 570]}, "baton": {"prob": 0.0066555740432612314, "count": 4, "pos": [3, 48, 109, 433]}, "roug": {"prob": 0.0066555740432612314, "count": 4, "pos": [4, 49, 110, 434]}, "she": {"prob": 0.02329450915141431, "count": 14, "pos": [5, 17, 166, 274, 300, 303, 323, 333, 359, 381, 395, 404, 406, 511]}, "is": {"prob": 0.026622296173044926, "count": 16, "pos": [6, 18, 27, 35, 105, 112, 235, 268, 285, 301, 321, 422, 435, 484, 538, 549]}, "unhappili": {"prob": 0.0016638935108153079, "count": 1, "pos": [7]}, "marri": {"prob": 0.0016638935108153079, "count": 1, "pos": [8]}, "to": {"prob": 0.04159733777038269, "count": 25, "pos": [9, 45, 52, 64, 87, 137, 144, 154, 162, 214, 228, 258, 270, 282, 306, 355, 432, 466, 469, 505, 540, 551, 555, 564, 597]}, "john": {"prob": 0.018302828618968387, "count": 11, "pos": [10, 33, 60, 74, 88, 111, 290, 344, 349, 493, 537]}, "and": {"prob": 0.028286189683860232, "count": 17, "pos": [11, 187, 195, 208, 226, 244, 277, 335, 357, 366, 426, 475, 500, 512, 523, 575, 587]}, "ha": {"prob": 0.011647254575707155, "count": 7, "pos": [12, 56, 61, 353, 382, 407, 463]}, "never": {"prob": 0.0033277870216306157, "count": 2, "pos": [13, 383]}, "experienc": {"prob": 0.0016638935108153079, "count": 1, "pos": [14]}, "an": {"prob": 0.008319467554076539, "count": 5, "pos": [15, 28, 71, 159, 453]}, "orgasm": {"prob": 0.0016638935108153079, "count": 1, "pos": [16]}, "see": {"prob": 0.004991680532445923, "count": 3, "pos": [19, 155, 271]}, "a": {"prob": 0.026622296173044926, "count": 16, "pos": [20, 37, 118, 201, 260, 314, 328, 341, 361, 436, 448, 473, 491, 515, 521, 599]}, "counselor": {"prob": 0.0016638935108153079, "count": 1, "pos": [21]}, "for": {"prob": 0.0016638935108153079, "count": 1, "pos": [22]}, "her": {"prob": 0.008319467554076539, "count": 5, "pos": [23, 263, 298, 319, 442]}, "problem": {"prob": 0.0016638935108153079, "count": 1, "pos": [24]}, "graham": {"prob": 0.04326123128119801, "count": 26, "pos": [25, 50, 63, 77, 92, 101, 163, 177, 206, 213, 222, 255, 307, 316, 336, 356, 365, 392, 410, 417, 418, 478, 495, 513, 518, 589]}, "dalton": {"prob": 0.0016638935108153079, "count": 1, "pos": [26]}, "old": {"prob": 0.0016638935108153079, "count": 1, "pos": [29]}, "colleg": {"prob": 0.0033277870216306157, "count": 2, "pos": [30, 102]}, "friend": {"prob": 0.0016638935108153079, "count": 1, "pos": [31]}, "of": {"prob": 0.021630615640599003, "count": 13, "pos": [32, 91, 169, 241, 312, 331, 370, 387, 398, 409, 439, 526, 559]}, "he": {"prob": 0.02329450915141431, "count": 14, "pos": [34, 69, 122, 129, 180, 234, 246, 363, 421, 443, 446, 459, 462, 548]}, "now": {"prob": 0.0016638935108153079, "count": 1, "pos": [36]}, "seem": {"prob": 0.0016638935108153079, "count": 1, "pos": [38]}, "drifter": {"prob": 0.0016638935108153079, "count": 1, "pos": [39]}, "who": {"prob": 0.0066555740432612314, "count": 4, "pos": [40, 55, 147, 284]}, "after": {"prob": 0.0033277870216306157, "count": 2, "pos": [41, 391]}, "nine": {"prob": 0.0016638935108153079, "count": 1, "pos": [42]}, "year": {"prob": 0.0016638935108153079, "count": 1, "pos": [43]}, "return": {"prob": 0.004991680532445923, "count": 3, "pos": [44, 431, 585]}, "arriv": {"prob": 0.0033277870216306157, "count": 2, "pos": [51, 75]}, "find": {"prob": 0.0033277870216306157, "count": 2, "pos": [53, 70]}, "no": {"prob": 0.0033277870216306157, "count": 2, "pos": [57, 265]}, "idea": {"prob": 0.0016638935108153079, "count": 1, "pos": [58]}, "that": {"prob": 0.02329450915141431, "count": 14, "pos": [59, 100, 179, 233, 245, 264, 351, 358, 420, 427, 445, 461, 486, 547]}, "invit": {"prob": 0.0016638935108153079, "count": 1, "pos": [62]}, "stay": {"prob": 0.0016638935108153079, "count": 1, "pos": [65]}, "with": {"prob": 0.019966722129783693, "count": 12, "pos": [66, 114, 139, 193, 309, 401, 441, 457, 501, 508, 561, 568]}, "them": {"prob": 0.0016638935108153079, "count": 1, "pos": [67]}, "until": {"prob": 0.0016638935108153079, "count": 1, "pos": [68]}, "apart": {"prob": 0.008319467554076539, "count": 5, "pos": [72, 164, 199, 207, 308]}, "when": {"prob": 0.0066555740432612314, "count": 4, "pos": [73, 175, 237, 291]}, "home": {"prob": 0.0033277870216306157, "count": 2, "pos": [76, 586]}, "demeanor": {"prob": 0.0016638935108153079, "count": 1, "pos": [78]}, "becom": {"prob": 0.0016638935108153079, "count": 1, "pos": [79]}, "remark": {"prob": 0.0016638935108153079, "count": 1, "pos": [80]}, "more": {"prob": 0.0016638935108153079, "count": 1, "pos": [81]}, "guard": {"prob": 0.0016638935108153079, "count": 1, "pos": [82]}, "due": {"prob": 0.0033277870216306157, "count": 2, "pos": [83, 554]}, "larg": {"prob": 0.0016638935108153079, "count": 1, "pos": [85]}, "part": {"prob": 0.0016638935108153079, "count": 1, "pos": [86]}, "overt": {"prob": 0.0016638935108153079, "count": 1, "pos": [89]}, "disapprov": {"prob": 0.0016638935108153079, "count": 1, "pos": [90]}, "bohemian": {"prob": 0.0016638935108153079, "count": 1, "pos": [93]}, "persona": {"prob": 0.0016638935108153079, "count": 1, "pos": [94]}, "they": {"prob": 0.0033277870216306157, "count": 2, "pos": [95, 595]}, "also": {"prob": 0.004991680532445923, "count": 3, "pos": [96, 106, 288]}, "discuss": {"prob": 0.0016638935108153079, "count": 1, "pos": [97]}, "the": {"prob": 0.03161397670549085, "count": 19, "pos": [98, 151, 173, 219, 224, 239, 272, 310, 346, 371, 414, 481, 487, 497, 527, 535, 571, 579, 591]}, "fact": {"prob": 0.0016638935108153079, "count": 1, "pos": [99]}, "girlfriend": {"prob": 0.0016638935108153079, "count": 1, "pos": [103]}, "elizabeth": {"prob": 0.0066555740432612314, "count": 4, "pos": [104, 425, 458, 509]}, "sleep": {"prob": 0.0016638935108153079, "count": 1, "pos": [113]}, "sister": {"prob": 0.0016638935108153079, "count": 1, "pos": [116]}, "cynthia": {"prob": 0.019966722129783693, "count": 12, "pos": [117, 140, 203, 211, 229, 257, 279, 287, 294, 569, 576, 581]}, "free": {"prob": 0.0016638935108153079, "count": 1, "pos": [119]}, "spirit": {"prob": 0.0016638935108153079, "count": 1, "pos": [120]}, "bartend": {"prob": 0.0016638935108153079, "count": 1, "pos": [121]}, "ration": {"prob": 0.0016638935108153079, "count": 1, "pos": [123]}, "it": {"prob": 0.0066555740432612314, "count": 4, "pos": [124, 320, 378, 483]}, "by": {"prob": 0.004991680532445923, "count": 3, "pos": [125, 249, 424]}, "blame": {"prob": 0.0016638935108153079, "count": 1, "pos": [126]}, "frigid": {"prob": 0.0016638935108153079, "count": 1, "pos": [128]}, "frequent": {"prob": 0.0033277870216306157, "count": 2, "pos": [130, 557]}, "leav": {"prob": 0.0016638935108153079, "count": 1, "pos": [131]}, "hi": {"prob": 0.013311148086522463, "count": 8, "pos": [132, 142, 198, 230, 428, 532, 541, 556]}, "law": {"prob": 0.0016638935108153079, "count": 1, "pos": [133]}, "offic": {"prob": 0.0033277870216306157, "count": 2, "pos": [134, 543]}, "mid": {"prob": 0.0016638935108153079, "count": 1, "pos": [135]}, "day": {"prob": 0.004991680532445923, "count": 3, "pos": [136, 202, 221]}, "meet": {"prob": 0.0033277870216306157, "count": 2, "pos": [138, 560]}, "instruct": {"prob": 0.0016638935108153079, "count": 1, "pos": [141]}, "secretari": {"prob": 0.0016638935108153079, "count": 1, "pos": [143]}, "reschedul": {"prob": 0.0016638935108153079, "count": 1, "pos": [145]}, "client": {"prob": 0.0033277870216306157, "count": 2, "pos": [146, 563]}, "are": {"prob": 0.0016638935108153079, "count": 1, "pos": [148]}, "alreadi": {"prob": 0.0016638935108153079, "count": 1, "pos": [149]}, "lobbi": {"prob": 0.0016638935108153079, "count": 1, "pos": [152]}, "wait": {"prob": 0.0016638935108153079, "count": 1, "pos": [153]},