{"__total__": 432, "__name__": "doc_1273_Sex_and_Lucia.txt", "the": {"prob": 0.05787037037037037, "count": 25, "pos": [0, 13, 44, 57, 65, 82, 92, 105, 189, 202, 215, 221, 265, 301, 330, 339, 354, 374, 383, 395, 408, 411, 415, 422, 426]}, "film": {"prob": 0.004629629629629629, "count": 2, "pos": [1, 203]}, "begin": {"prob": 0.009259259259259259, "count": 4, "pos": [2, 75, 262, 319]}, "with": {"prob": 0.03009259259259259, "count": 13, "pos": [3, 15, 107, 125, 137, 182, 236, 242, 259, 289, 362, 399, 418]}, "luc\u00e3": {"prob": 0.020833333333333332, "count": 9, "pos": [4, 31, 76, 148, 192, 243, 365, 376, 402]}, "a": {"prob": 0.05092592592592592, "count": 22, "pos": [5, 9, 32, 40, 48, 73, 77, 108, 142, 149, 184, 193, 244, 251, 254, 307, 350, 366, 377, 379, 403, 405]}, "at": {"prob": 0.013888888888888888, "count": 6, "pos": [6, 141, 199, 267, 329, 407]}, "work": {"prob": 0.0023148148148148147, "count": 1, "pos": [7]}, "as": {"prob": 0.018518518518518517, "count": 8, "pos": [8, 153, 220, 253, 281, 326, 338, 410]}, "waitress": {"prob": 0.0023148148148148147, "count": 1, "pos": [10]}, "talk": {"prob": 0.006944444444444444, "count": 3, "pos": [11, 90, 136]}, "on": {"prob": 0.009259259259259259, "count": 4, "pos": [12, 232, 382, 394]}, "phone": {"prob": 0.004629629629629629, "count": 2, "pos": [14, 41]}, "her": {"prob": 0.011574074074074073, "count": 5, "pos": [16, 268, 272, 343, 400]}, "depress": {"prob": 0.004629629629629629, "count": 2, "pos": [17, 352]}, "boyfriend": {"prob": 0.0023148148148148147, "count": 1, "pos": [18]}, "lorenzo": {"prob": 0.032407407407407406, "count": 14, "pos": [19, 70, 87, 99, 135, 186, 200, 218, 227, 246, 276, 290, 304, 344]}, "worri": {"prob": 0.0023148148148148147, "count": 1, "pos": [20]}, "she": {"prob": 0.02546296296296296, "count": 11, "pos": [21, 37, 52, 61, 122, 129, 160, 166, 171, 299, 312]}, "goe": {"prob": 0.0023148148148148147, "count": 1, "pos": [22]}, "home": {"prob": 0.0023148148148148147, "count": 1, "pos": [23]}, "to": {"prob": 0.02546296296296296, "count": 11, "pos": [24, 69, 79, 81, 95, 116, 132, 263, 295, 320, 397]}, "consol": {"prob": 0.0023148148148148147, "count": 1, "pos": [25]}, "him": {"prob": 0.018518518518518517, "count": 8, "pos": [26, 36, 134, 162, 175, 183, 293, 388]}, "find": {"prob": 0.006944444444444444, "count": 3, "pos": [27, 47, 133]}, "an": {"prob": 0.004629629629629629, "count": 2, "pos": [28, 392]}, "empti": {"prob": 0.0023148148148148147, "count": 1, "pos": [29]}, "apart": {"prob": 0.004629629629629629, "count": 2, "pos": [30, 201]}, "frantic": {"prob": 0.0023148148148148147, "count": 1, "pos": [33]}, "look": {"prob": 0.004629629629629629, "count": 2, "pos": [34, 71]}, "for": {"prob": 0.009259259259259259, "count": 4, "pos": [35, 72, 230, 283]}, "final": {"prob": 0.0023148148148148147, "count": 1, "pos": [38]}, "receiv": {"prob": 0.0023148148148148147, "count": 1, "pos": [39]}, "call": {"prob": 0.0023148148148148147, "count": 1, "pos": [42]}, "from": {"prob": 0.004629629629629629, "count": 2, "pos": [43, 157]}, "polic": {"prob": 0.0023148148148148147, "count": 1, "pos": [45]}, "and": {"prob": 0.03009259259259259, "count": 13, "pos": [46, 176, 194, 208, 214, 261, 291, 310, 316, 333, 347, 386, 424]}, "suicid": {"prob": 0.0023148148148148147, "count": 1, "pos": [49]}, "note": {"prob": 0.0023148148148148147, "count": 1, "pos": [50]}, "but": {"prob": 0.0023148148148148147, "count": 1, "pos": [51]}, "is": {"prob": 0.009259259259259259, "count": 4, "pos": [53, 100, 371, 413]}, "so": {"prob": 0.004629629629629629, "count": 2, "pos": [54, 128]}, "afraid": {"prob": 0.0023148148148148147, "count": 1, "pos": [55]}, "of": {"prob": 0.006944444444444444, "count": 3, "pos": [56, 256, 428]}, "bad": {"prob": 0.0023148148148148147, "count": 1, "pos": [58]}, "news": {"prob": 0.0023148148148148147, "count": 1, "pos": [59]}, "that": {"prob": 0.009259259259259259, "count": 4, "pos": [60, 86, 163, 248]}, "hang": {"prob": 0.0023148148148148147, "count": 1, "pos": [62]}, "up": {"prob": 0.004629629629629629, "count": 2, "pos": [63, 156]}, "assum": {"prob": 0.0023148148148148147, "count": 1, "pos": [64]}, "worst": {"prob": 0.0023148148148148147, "count": 1, "pos": [66]}, "ha": {"prob": 0.009259259259259259, "count": 4, "pos": [67, 172, 177, 250]}, "happen": {"prob": 0.0023148148148148147, "count": 1, "pos": [68]}, "new": {"prob": 0.009259259259259259, "count": 4, "pos": [74, 234, 279, 360]}, "decid": {"prob": 0.0023148148148148147, "count": 1, "pos": [78]}, "travel": {"prob": 0.0023148148148148147, "count": 1, "pos": [80]}, "mysteri": {"prob": 0.0023148148148148147, "count": 1, "pos": [83]}, "balear": {"prob": 0.0023148148148148147, "count": 1, "pos": [84]}, "island": {"prob": 0.006944444444444444, "count": 3, "pos": [85, 384, 396]}, "had": {"prob": 0.0023148148148148147, "count": 1, "pos": [88]}, "alway": {"prob": 0.0023148148148148147, "count": 1, "pos": [89]}, "about": {"prob": 0.004629629629629629, "count": 2, "pos": [91, 358]}, "plot": {"prob": 0.0023148148148148147, "count": 1, "pos": [93]}, "break": {"prob": 0.0023148148148148147, "count": 1, "pos": [94]}, "six": {"prob": 0.0023148148148148147, "count": 1, "pos": [96]}, "year": {"prob": 0.0023148148148148147, "count": 1, "pos": [97]}, "earlier": {"prob": 0.0023148148148148147, "count": 1, "pos": [98]}, "have": {"prob": 0.0023148148148148147, "count": 1, "pos": [101]}, "casual": {"prob": 0.0023148148148148147, "count": 1, "pos": [102]}, "sex": {"prob": 0.0023148148148148147, "count": 1, "pos": [103]}, "in": {"prob": 0.018518518518518517, "count": 8, "pos": [104, 180, 197, 211, 217, 336, 373, 421]}, "ocean": {"prob": 0.0023148148148148147, "count": 1, "pos": [106]}, "woman": {"prob": 0.0023148148148148147, "count": 1, "pos": [109]}, "name": {"prob": 0.0023148148148148147, "count": 1, "pos": [110]}, "elena": {"prob": 0.009259259259259259, "count": 4, "pos": [111, 260, 296, 389]}, "they": {"prob": 0.009259259259259259, "count": 4, "pos": [112, 195, 323, 334]}, "part": {"prob": 0.0023148148148148147, "count": 1, "pos": [113]}, "way": {"prob": 0.0023148148148148147, "count": 1, "pos": [114]}, "expect": {"prob": 0.0023148148148148147, "count": 1, "pos": [115]}, "never": {"prob": 0.0023148148148148147, "count": 1, "pos": [117]}, "see": {"prob": 0.004629629629629629, "count": 2, "pos": [118, 226]}, "each": {"prob": 0.0023148148148148147, "count": 1, "pos": [119]}, "other": {"prob": 0.0023148148148148147, "count": 1, "pos": [120]}, "again": {"prob": 0.0023148148148148147, "count": 1, "pos": [121]}, "becom": {"prob": 0.0023148148148148147, "count": 1, "pos": [123]}, "pregnant": {"prob": 0.0023148148148148147, "count": 1, "pos": [124]}, "hi": {"prob": 0.03009259259259259, "count": 13, "pos": [126, 138, 145, 151, 158, 168, 233, 237, 240, 257, 278, 284, 359]}, "babi": {"prob": 0.0023148148148148147, "count": 1, "pos": [127]}, "ventur": {"prob": 0.0023148148148148147, "count": 1, "pos": [130]}, "off": {"prob": 0.0023148148148148147, "count": 1, "pos": [131]}, "literari": {"prob": 0.0023148148148148147, "count": 1, "pos": [139]}, "agent": {"prob": 0.0023148148148148147, "count": 1, "pos": [140]}, "restaur": {"prob": 0.0023148148148148147, "count": 1, "pos": [143]}, "discuss": {"prob": 0.0023148148148148147, "count": 1, "pos": [144]}, "writer": {"prob": 0.0023148148148148147, "count": 1, "pos": [146]}, "block": {"prob": 0.0023148148148148147, "count": 1, "pos": [147]}, "catch": {"prob": 0.0023148148148148147, "count": 1, "pos": [150]}, "attent": {"prob": 0.0023148148148148147, "count": 1, "pos": [152]}, "he": {"prob": 0.009259259259259259, "count": 4, "pos": [154, 249, 315, 356]}, "get": {"prob": 0.0023148148148148147, "count": 1, "pos": [155]}, "tabl": {"prob": 0.0023148148148148147, "count": 1, "pos": [159]}, "tell": {"prob": 0.004629629629629629, "count": 2, "pos": [161, 305]}, "ever": {"prob": 0.0023148148148148147, "count": 1, "pos": [164]}, "sinc": {"prob": 0.0023148148148148147, "count": 1, "pos": [165]}, "read": {"prob": 0.004629629629629629, "count": 2,