{"__total__": 498, "__name__": "doc_1275_Sexy_Beast.txt", "ex": {"prob": 0.004016064257028112, "count": 2, "pos": [0, 25]}, "con": {"prob": 0.002008032128514056, "count": 1, "pos": [1]}, "and": {"prob": 0.020080321285140562, "count": 10, "pos": [2, 15, 39, 233, 262, 275, 311, 374, 376, 465]}, "expert": {"prob": 0.002008032128514056, "count": 1, "pos": [3]}, "safe": {"prob": 0.004016064257028112, "count": 2, "pos": [4, 322]}, "cracker": {"prob": 0.002008032128514056, "count": 1, "pos": [5]}, "gari": {"prob": 0.002008032128514056, "count": 1, "pos": [6]}, "gal": {"prob": 0.008032128514056224, "count": 4, "pos": [7, 64, 418, 431]}, "dove": {"prob": 0.024096385542168676, "count": 12, "pos": [8, 101, 192, 244, 259, 276, 325, 343, 353, 379, 383, 457]}, "ha": {"prob": 0.006024096385542169, "count": 3, "pos": [9, 32, 83]}, "serv": {"prob": 0.002008032128514056, "count": 1, "pos": [10]}, "hi": {"prob": 0.01606425702811245, "count": 8, "pos": [11, 23, 40, 184, 203, 236, 424, 463]}, "time": {"prob": 0.004016064257028112, "count": 2, "pos": [12, 151]}, "behind": {"prob": 0.002008032128514056, "count": 1, "pos": [13]}, "bar": {"prob": 0.002008032128514056, "count": 1, "pos": [14]}, "bliss": {"prob": 0.002008032128514056, "count": 1, "pos": [16]}, "retir": {"prob": 0.002008032128514056, "count": 1, "pos": [17]}, "to": {"prob": 0.028112449799196786, "count": 14, "pos": [18, 109, 172, 175, 181, 191, 222, 239, 246, 248, 289, 318, 356, 403]}, "a": {"prob": 0.030120481927710843, "count": 15, "pos": [19, 66, 78, 98, 121, 156, 165, 169, 198, 211, 296, 299, 328, 354, 439]}, "spanish": {"prob": 0.002008032128514056, "count": 1, "pos": [20]}, "villa": {"prob": 0.002008032128514056, "count": 1, "pos": [21]}, "with": {"prob": 0.014056224899598393, "count": 7, "pos": [22, 124, 134, 187, 194, 210, 335]}, "belov": {"prob": 0.002008032128514056, "count": 1, "pos": [24]}, "porn": {"prob": 0.002008032128514056, "count": 1, "pos": [26]}, "star": {"prob": 0.002008032128514056, "count": 1, "pos": [27]}, "wife": {"prob": 0.004016064257028112, "count": 2, "pos": [28, 41]}, "deed": {"prob": 0.006024096385542169, "count": 3, "pos": [29, 207, 467]}, "he": {"prob": 0.010040160642570281, "count": 5, "pos": [30, 95, 399, 416, 477]}, "also": {"prob": 0.006024096385542169, "count": 3, "pos": [31, 127, 481]}, "the": {"prob": 0.04819277108433735, "count": 24, "pos": [33, 49, 73, 86, 91, 111, 145, 149, 215, 250, 280, 303, 306, 309, 320, 338, 357, 361, 395, 447, 451, 472, 488, 493]}, "compani": {"prob": 0.002008032128514056, "count": 1, "pos": [34]}, "of": {"prob": 0.01606425702811245, "count": 8, "pos": [35, 51, 142, 158, 330, 345, 446, 495]}, "longtim": {"prob": 0.002008032128514056, "count": 1, "pos": [36]}, "friend": {"prob": 0.008032128514056224, "count": 4, "pos": [37, 205, 217, 464]}, "aitch": {"prob": 0.002008032128514056, "count": 1, "pos": [38]}, "jacki": {"prob": 0.004016064257028112, "count": 2, "pos": [42, 125]}, "their": {"prob": 0.008032128514056224, "count": 4, "pos": [43, 159, 220, 496]}, "idyl": {"prob": 0.002008032128514056, "count": 1, "pos": [44]}, "life": {"prob": 0.002008032128514056, "count": 1, "pos": [45]}, "is": {"prob": 0.01606425702811245, "count": 8, "pos": [46, 60, 75, 272, 340, 458, 469, 480]}, "shatter": {"prob": 0.002008032128514056, "count": 1, "pos": [47]}, "by": {"prob": 0.010040160642570281, "count": 5, "pos": [48, 254, 364, 462, 466]}, "arriv": {"prob": 0.002008032128514056, "count": 1, "pos": [50]}, "an": {"prob": 0.002008032128514056, "count": 1, "pos": [52]}, "old": {"prob": 0.002008032128514056, "count": 1, "pos": [53]}, "crimin": {"prob": 0.002008032128514056, "count": 1, "pos": [54]}, "associ": {"prob": 0.002008032128514056, "count": 1, "pos": [55]}, "sociopath": {"prob": 0.002008032128514056, "count": 1, "pos": [56]}, "don": {"prob": 0.006024096385542169, "count": 3, "pos": [57, 209, 443]}, "logan": {"prob": 0.02610441767068273, "count": 13, "pos": [58, 106, 114, 126, 136, 167, 189, 242, 257, 264, 382, 404, 484]}, "who": {"prob": 0.006024096385542169, "count": 3, "pos": [59, 82, 468]}, "intent": {"prob": 0.004016064257028112, "count": 2, "pos": [61, 196]}, "on": {"prob": 0.004016064257028112, "count": 2, "pos": [62, 174]}, "enlist": {"prob": 0.002008032128514056, "count": 1, "pos": [63]}, "in": {"prob": 0.02208835341365462, "count": 11, "pos": [65, 70, 164, 219, 298, 371, 394, 411, 421, 450, 455]}, "bank": {"prob": 0.008032128514056224, "count": 4, "pos": [67, 87, 92, 293]}, "heist": {"prob": 0.008032128514056224, "count": 4, "pos": [68, 74, 112, 281]}, "back": {"prob": 0.010040160642570281, "count": 5, "pos": [69, 117, 171, 393, 454]}, "london": {"prob": 0.006024096385542169, "count": 3, "pos": [71, 173, 247]}, "organ": {"prob": 0.002008032128514056, "count": 1, "pos": [72]}, "teddi": {"prob": 0.002008032128514056, "count": 1, "pos": [76]}, "bass": {"prob": 0.01606425702811245, "count": 8, "pos": [77, 255, 271, 282, 349, 351, 368, 397]}, "power": {"prob": 0.002008032128514056, "count": 1, "pos": [79]}, "crime": {"prob": 0.002008032128514056, "count": 1, "pos": [80]}, "lord": {"prob": 0.002008032128514056, "count": 1, "pos": [81]}, "learn": {"prob": 0.002008032128514056, "count": 1, "pos": [84]}, "about": {"prob": 0.008032128514056224, "count": 4, "pos": [85, 256, 381, 442]}, "vault": {"prob": 0.008032128514056224, "count": 4, "pos": [88, 294, 310, 321]}, "from": {"prob": 0.008032128514056224, "count": 4, "pos": [89, 268, 295, 305]}, "harri": {"prob": 0.008032128514056224, "count": 4, "pos": [90, 292, 365, 370]}, "ceo": {"prob": 0.002008032128514056, "count": 1, "pos": [93]}, "whom": {"prob": 0.002008032128514056, "count": 1, "pos": [94]}, "met": {"prob": 0.002008032128514056, "count": 1, "pos": [96]}, "at": {"prob": 0.010040160642570281, "count": 5, "pos": [97, 132, 144, 148, 492]}, "sex": {"prob": 0.002008032128514056, "count": 1, "pos": [99]}, "orgi": {"prob": 0.002008032128514056, "count": 1, "pos": [100]}, "polit": {"prob": 0.002008032128514056, "count": 1, "pos": [102]}, "but": {"prob": 0.006024096385542169, "count": 3, "pos": [103, 113, 359]}, "firm": {"prob": 0.002008032128514056, "count": 1, "pos": [104]}, "declin": {"prob": 0.002008032128514056, "count": 1, "pos": [105]}, "mani": {"prob": 0.002008032128514056, "count": 1, "pos": [107]}, "demand": {"prob": 0.002008032128514056, "count": 1, "pos": [108]}, "join": {"prob": 0.004016064257028112, "count": 2, "pos": [110, 218]}, "will": {"prob": 0.002008032128514056, "count": 1, "pos": [115]}, "not": {"prob": 0.004016064257028112, "count": 2, "pos": [116, 388]}, "down": {"prob": 0.002008032128514056, "count": 1, "pos": [118]}, "after": {"prob": 0.006024096385542169, "count": 3, "pos": [119, 161, 337]}, "reveal": {"prob": 0.004016064257028112, "count": 2, "pos": [120, 482]}, "linger": {"prob": 0.002008032128514056, "count": 1, "pos": [122]}, "infatu": {"prob": 0.002008032128514056, "count": 1, "pos": [123]}, "make": {"prob": 0.002008032128514056, "count": 1, "pos": [128]}, "sever": {"prob": 0.002008032128514056, "count": 1, "pos": [129]}, "unwelcom": {"prob": 0.002008032128514056, "count": 1, "pos": [130]}, "attempt": {"prob": 0.002008032128514056, "count": 1, "pos": [131]}, "reconnect": {"prob": 0.002008032128514056, "count": 1, "pos": [133]}, "her": {"prob": 0.002008032128514056, "count": 1, "pos": [135]}, "eventu": {"prob": 0.002008032128514056, "count": 1, "pos": [137]}, "grow": {"prob": 0.002008032128514056, "count": 1, "pos": [138]}, "angri": {"prob": 0.002008032128514056, "count": 1, "pos": [139]}, "hurl": {"prob": 0.002008032128514056, "count": 1, "pos": [140]}, "torrent": {"prob": 0.002008032128514056, "count": 1, "pos": [141]}, "abus": {"prob": 0.002008032128514056, "count": 1, "pos": [143]}, "group": {"prob": 0.002008032128514056, "count": 1, "pos": [146]}, "while": {"prob": 0.004016064257028112, "count": 2, "pos": [147, 316]}, "same": {"prob": 0.002008032128514056, "count": 1, "pos": [150]}, "spite": {"prob": 0.002008032128514056, "count": 1, "pos": [152]},