{"__total__": 86, "__name__": "doc_1281_Shallow_Grave.txt", "david": {"prob": 0.011627906976744186, "count": 1, "pos": [0]}, "a": {"prob": 0.10465116279069768, "count": 9, "pos": [1, 5, 9, 16, 22, 27, 51, 59, 66]}, "charter": {"prob": 0.011627906976744186, "count": 1, "pos": [2]}, "account": {"prob": 0.011627906976744186, "count": 1, "pos": [3]}, "juliet": {"prob": 0.011627906976744186, "count": 1, "pos": [4]}, "doctor": {"prob": 0.011627906976744186, "count": 1, "pos": [6]}, "and": {"prob": 0.03488372093023256, "count": 3, "pos": [7, 25, 75]}, "alex": {"prob": 0.011627906976744186, "count": 1, "pos": [8]}, "journalist": {"prob": 0.011627906976744186, "count": 1, "pos": [10]}, "are": {"prob": 0.023255813953488372, "count": 2, "pos": [11, 35]}, "three": {"prob": 0.023255813953488372, "count": 2, "pos": [12, 69]}, "friend": {"prob": 0.011627906976744186, "count": 1, "pos": [13]}, "who": {"prob": 0.011627906976744186, "count": 1, "pos": [14]}, "share": {"prob": 0.011627906976744186, "count": 1, "pos": [15]}, "flat": {"prob": 0.011627906976744186, "count": 1, "pos": [17]}, "in": {"prob": 0.05813953488372093, "count": 5, "pos": [18, 31, 42, 65, 81]}, "edinburgh": {"prob": 0.011627906976744186, "count": 1, "pos": [19]}, "they": {"prob": 0.03488372093023256, "count": 3, "pos": [20, 40, 54]}, "need": {"prob": 0.011627906976744186, "count": 1, "pos": [21]}, "new": {"prob": 0.011627906976744186, "count": 1, "pos": [23]}, "flatmat": {"prob": 0.011627906976744186, "count": 1, "pos": [24]}, "after": {"prob": 0.011627906976744186, "count": 1, "pos": [26]}, "sequenc": {"prob": 0.011627906976744186, "count": 1, "pos": [28]}, "of": {"prob": 0.046511627906976744, "count": 4, "pos": [29, 50, 63, 78]}, "interview": {"prob": 0.011627906976744186, "count": 1, "pos": [30]}, "which": {"prob": 0.011627906976744186, "count": 1, "pos": [32]}, "unwant": {"prob": 0.011627906976744186, "count": 1, "pos": [33]}, "applic": {"prob": 0.011627906976744186, "count": 1, "pos": [34]}, "reject": {"prob": 0.011627906976744186, "count": 1, "pos": [36]}, "with": {"prob": 0.011627906976744186, "count": 1, "pos": [37]}, "calcul": {"prob": 0.011627906976744186, "count": 1, "pos": [38]}, "cruelti": {"prob": 0.011627906976744186, "count": 1, "pos": [39]}, "take": {"prob": 0.011627906976744186, "count": 1, "pos": [41]}, "the": {"prob": 0.046511627906976744, "count": 4, "pos": [43, 68, 73, 82]}, "mysteri": {"prob": 0.011627906976744186, "count": 1, "pos": [44]}, "hugo": {"prob": 0.03488372093023256, "count": 3, "pos": [45, 47, 79]}, "when": {"prob": 0.011627906976744186, "count": 1, "pos": [46]}, "sudden": {"prob": 0.011627906976744186, "count": 1, "pos": [48]}, "die": {"prob": 0.011627906976744186, "count": 1, "pos": [49]}, "drug": {"prob": 0.011627906976744186, "count": 1, "pos": [52]}, "overdo": {"prob": 0.011627906976744186, "count": 1, "pos": [53]}, "discov": {"prob": 0.011627906976744186, "count": 1, "pos": [55]}, "that": {"prob": 0.011627906976744186, "count": 1, "pos": [56]}, "he": {"prob": 0.011627906976744186, "count": 1, "pos": [57]}, "ha": {"prob": 0.011627906976744186, "count": 1, "pos": [58]}, "veri": {"prob": 0.011627906976744186, "count": 1, "pos": [60]}, "larg": {"prob": 0.011627906976744186, "count": 1, "pos": [61]}, "amount": {"prob": 0.011627906976744186, "count": 1, "pos": [62]}, "cash": {"prob": 0.011627906976744186, "count": 1, "pos": [64]}, "suitca": {"prob": 0.011627906976744186, "count": 1, "pos": [67]}, "decid": {"prob": 0.011627906976744186, "count": 1, "pos": [70]}, "to": {"prob": 0.023255813953488372, "count": 2, "pos": [71, 76]}, "keep": {"prob": 0.011627906976744186, "count": 1, "pos": [72]}, "money": {"prob": 0.011627906976744186, "count": 1, "pos": [74]}, "dispo": {"prob": 0.011627906976744186, "count": 1, "pos": [77]}, "corp": {"prob": 0.011627906976744186, "count": 1, "pos": [80]}, "titular": {"prob": 0.011627906976744186, "count": 1, "pos": [83]}, "shallow": {"prob": 0.011627906976744186, "count": 1, "pos": [84]}, "grave": {"prob": 0.011627906976744186, "count": 1, "pos": [85]}}