{"__total__": 143, "__name__": "doc_129_Angels_Revenge.txt", "the": {"prob": 0.0979020979020979, "count": 14, "pos": [0, 10, 15, 32, 34, 45, 54, 61, 98, 113, 118, 128, 133, 139]}, "movi": {"prob": 0.006993006993006993, "count": 1, "pos": [1]}, "focus": {"prob": 0.006993006993006993, "count": 1, "pos": [2]}, "on": {"prob": 0.027972027972027972, "count": 4, "pos": [3, 42, 96, 116]}, "seven": {"prob": 0.006993006993006993, "count": 1, "pos": [4]}, "women": {"prob": 0.02097902097902098, "count": 3, "pos": [5, 70, 134]}, "who": {"prob": 0.006993006993006993, "count": 1, "pos": [6]}, "decid": {"prob": 0.006993006993006993, "count": 1, "pos": [7]}, "to": {"prob": 0.04895104895104895, "count": 7, "pos": [8, 31, 39, 59, 76, 102, 124]}, "fight": {"prob": 0.006993006993006993, "count": 1, "pos": [9]}, "local": {"prob": 0.02097902097902098, "count": 3, "pos": [11, 62, 140]}, "drug": {"prob": 0.027972027972027972, "count": 4, "pos": [12, 44, 63, 141]}, "cartel": {"prob": 0.013986013986013986, "count": 2, "pos": [13, 142]}, "after": {"prob": 0.006993006993006993, "count": 1, "pos": [14]}, "brother": {"prob": 0.013986013986013986, "count": 2, "pos": [16, 51]}, "of": {"prob": 0.013986013986013986, "count": 2, "pos": [17, 127]}, "michel": {"prob": 0.006993006993006993, "count": 1, "pos": [18]}, "wilson": {"prob": 0.006993006993006993, "count": 1, "pos": [19]}, "a": {"prob": 0.02097902097902098, "count": 3, "pos": [20, 57, 131]}, "la": {"prob": 0.006993006993006993, "count": 1, "pos": [21]}, "vega": {"prob": 0.006993006993006993, "count": 1, "pos": [22]}, "pop": {"prob": 0.006993006993006993, "count": 1, "pos": [23]}, "singer": {"prob": 0.013986013986013986, "count": 2, "pos": [24, 46]}, "is": {"prob": 0.013986013986013986, "count": 2, "pos": [25, 37]}, "found": {"prob": 0.013986013986013986, "count": 2, "pos": [26, 38]}, "sever": {"prob": 0.006993006993006993, "count": 1, "pos": [27]}, "beaten": {"prob": 0.006993006993006993, "count": 1, "pos": [28]}, "when": {"prob": 0.006993006993006993, "count": 1, "pos": [29]}, "taken": {"prob": 0.006993006993006993, "count": 1, "pos": [30]}, "hospit": {"prob": 0.006993006993006993, "count": 1, "pos": [33]}, "young": {"prob": 0.006993006993006993, "count": 1, "pos": [35]}, "man": {"prob": 0.006993006993006993, "count": 1, "pos": [36]}, "have": {"prob": 0.006993006993006993, "count": 1, "pos": [40]}, "been": {"prob": 0.006993006993006993, "count": 1, "pos": [41]}, "illeg": {"prob": 0.006993006993006993, "count": 1, "pos": [43]}, "meet": {"prob": 0.006993006993006993, "count": 1, "pos": [47]}, "with": {"prob": 0.013986013986013986, "count": 2, "pos": [48, 71]}, "april": {"prob": 0.006993006993006993, "count": 1, "pos": [49]}, "her": {"prob": 0.013986013986013986, "count": 2, "pos": [50, 108]}, "teacher": {"prob": 0.006993006993006993, "count": 1, "pos": [52]}, "and": {"prob": 0.013986013986013986, "count": 2, "pos": [53, 74]}, "two": {"prob": 0.006993006993006993, "count": 1, "pos": [55]}, "hatch": {"prob": 0.006993006993006993, "count": 1, "pos": [56]}, "plan": {"prob": 0.013986013986013986, "count": 2, "pos": [58, 86]}, "destroy": {"prob": 0.013986013986013986, "count": 2, "pos": [60, 117]}, "process": {"prob": 0.013986013986013986, "count": 2, "pos": [64, 119]}, "plant": {"prob": 0.013986013986013986, "count": 2, "pos": [65, 120]}, "they": {"prob": 0.02097902097902098, "count": 3, "pos": [66, 85, 90]}, "recruit": {"prob": 0.006993006993006993, "count": 1, "pos": [67]}, "four": {"prob": 0.006993006993006993, "count": 1, "pos": [68]}, "more": {"prob": 0.006993006993006993, "count": 1, "pos": [69]}, "special": {"prob": 0.006993006993006993, "count": 1, "pos": [72]}, "skill": {"prob": 0.006993006993006993, "count": 1, "pos": [73]}, "connect": {"prob": 0.006993006993006993, "count": 1, "pos": [75]}, "help": {"prob": 0.006993006993006993, "count": 1, "pos": [77]}, "them": {"prob": 0.013986013986013986, "count": 2, "pos": [78, 97]}, "carri": {"prob": 0.006993006993006993, "count": 1, "pos": [79]}, "out": {"prob": 0.006993006993006993, "count": 1, "pos": [80]}, "their": {"prob": 0.02097902097902098, "count": 3, "pos": [81, 87, 111]}, "audaci": {"prob": 0.006993006993006993, "count": 1, "pos": [82]}, "goal": {"prob": 0.006993006993006993, "count": 1, "pos": [83]}, "as": {"prob": 0.013986013986013986, "count": 2, "pos": [84, 130]}, "first": {"prob": 0.006993006993006993, "count": 1, "pos": [88]}, "strike": {"prob": 0.006993006993006993, "count": 1, "pos": [89]}, "discov": {"prob": 0.006993006993006993, "count": 1, "pos": [91]}, "high": {"prob": 0.006993006993006993, "count": 1, "pos": [92]}, "schooler": {"prob": 0.006993006993006993, "count": 1, "pos": [93]}, "trish": {"prob": 0.006993006993006993, "count": 1, "pos": [94]}, "spi": {"prob": 0.006993006993006993, "count": 1, "pos": [95]}, "student": {"prob": 0.006993006993006993, "count": 1, "pos": [99]}, "get": {"prob": 0.006993006993006993, "count": 1, "pos": [100]}, "releg": {"prob": 0.006993006993006993, "count": 1, "pos": [101]}, "phone": {"prob": 0.006993006993006993, "count": 1, "pos": [103]}, "duti": {"prob": 0.006993006993006993, "count": 1, "pos": [104]}, "but": {"prob": 0.013986013986013986, "count": 2, "pos": [105, 121]}, "eventu": {"prob": 0.006993006993006993, "count": 1, "pos": [106]}, "worm": {"prob": 0.006993006993006993, "count": 1, "pos": [107]}, "way": {"prob": 0.006993006993006993, "count": 1, "pos": [109]}, "into": {"prob": 0.006993006993006993, "count": 1, "pos": [110]}, "escapad": {"prob": 0.006993006993006993, "count": 1, "pos": [112]}, "angel": {"prob": 0.006993006993006993, "count": 1, "pos": [114]}, "not": {"prob": 0.006993006993006993, "count": 1, "pos": [115]}, "also": {"prob": 0.006993006993006993, "count": 1, "pos": [122]}, "manag": {"prob": 0.006993006993006993, "count": 1, "pos": [123]}, "intercept": {"prob": 0.006993006993006993, "count": 1, "pos": [125]}, "one": {"prob": 0.006993006993006993, "count": 1, "pos": [126]}, "shipment": {"prob": 0.006993006993006993, "count": 1, "pos": [129]}, "result": {"prob": 0.006993006993006993, "count": 1, "pos": [132]}, "receiv": {"prob": 0.006993006993006993, "count": 1, "pos": [135]}, "unwelcom": {"prob": 0.006993006993006993, "count": 1, "pos": [136]}, "attent": {"prob": 0.006993006993006993, "count": 1, "pos": [137]}, "from": {"prob": 0.006993006993006993, "count": 1, "pos": [138]}}