{"__total__": 479, "__name__": "doc_1293_Shine.txt", "a": {"prob": 0.03966597077244259, "count": 19, "pos": [0, 4, 11, 47, 76, 82, 96, 115, 131, 206, 235, 245, 253, 277, 284, 319, 323, 328, 468]}, "man": {"prob": 0.006263048016701462, "count": 3, "pos": [1, 97, 325]}, "wander": {"prob": 0.006263048016701462, "count": 3, "pos": [2, 385, 391]}, "through": {"prob": 0.0041753653444676405, "count": 2, "pos": [3, 433]}, "heavi": {"prob": 0.0020876826722338203, "count": 1, "pos": [5]}, "rainstorm": {"prob": 0.0020876826722338203, "count": 1, "pos": [6]}, "find": {"prob": 0.0020876826722338203, "count": 1, "pos": [7]}, "hi": {"prob": 0.029227557411273485, "count": 14, "pos": [8, 24, 36, 58, 64, 93, 157, 258, 269, 311, 338, 410, 462, 474]}, "way": {"prob": 0.0020876826722338203, "count": 1, "pos": [9]}, "into": {"prob": 0.0020876826722338203, "count": 1, "pos": [10]}, "restaur": {"prob": 0.010438413361169102, "count": 5, "pos": [12, 14, 395, 403, 432]}, "the": {"prob": 0.04592901878914405, "count": 22, "pos": [13, 54, 135, 176, 191, 209, 225, 273, 296, 331, 367, 372, 381, 388, 393, 396, 402, 405, 414, 418, 431, 434]}, "owner": {"prob": 0.006263048016701462, "count": 3, "pos": [15, 419, 435]}, "tri": {"prob": 0.0020876826722338203, "count": 1, "pos": [16]}, "to": {"prob": 0.06263048016701461, "count": 30, "pos": [17, 31, 53, 60, 90, 142, 150, 153, 166, 181, 208, 221, 239, 250, 256, 283, 295, 302, 304, 318, 351, 378, 392, 401, 412, 439, 457, 459, 466, 476]}, "determin": {"prob": 0.0020876826722338203, "count": 1, "pos": [18]}, "if": {"prob": 0.0020876826722338203, "count": 1, "pos": [19]}, "he": {"prob": 0.016701461377870562, "count": 8, "pos": [20, 43, 203, 247, 264, 288, 299, 348]}, "need": {"prob": 0.0041753653444676405, "count": 2, "pos": [21, 356]}, "help": {"prob": 0.0041753653444676405, "count": 2, "pos": [22, 451]}, "despit": {"prob": 0.0041753653444676405, "count": 2, "pos": [23, 57]}, "manic": {"prob": 0.0041753653444676405, "count": 2, "pos": [25, 267]}, "mode": {"prob": 0.0020876826722338203, "count": 1, "pos": [26]}, "of": {"prob": 0.016701461377870562, "count": 8, "pos": [27, 69, 190, 194, 212, 227, 337, 417]}, "speech": {"prob": 0.0020876826722338203, "count": 1, "pos": [28]}, "be": {"prob": 0.0020876826722338203, "count": 1, "pos": [29]}, "difficult": {"prob": 0.006263048016701462, "count": 3, "pos": [30, 242, 350]}, "understand": {"prob": 0.0020876826722338203, "count": 1, "pos": [32]}, "she": {"prob": 0.012526096033402923, "count": 6, "pos": [33, 50, 73, 341, 360, 363]}, "learn": {"prob": 0.0041753653444676405, "count": 2, "pos": [34, 251]}, "that": {"prob": 0.006263048016701462, "count": 3, "pos": [35, 42, 347]}, "name": {"prob": 0.0020876826722338203, "count": 1, "pos": [37]}, "is": {"prob": 0.029227557411273485, "count": 14, "pos": [38, 44, 79, 110, 140, 159, 204, 281, 300, 307, 316, 349, 437, 455]}, "david": {"prob": 0.054279749478079335, "count": 26, "pos": [39, 78, 109, 127, 133, 155, 165, 172, 179, 199, 216, 229, 233, 262, 271, 293, 313, 334, 374, 390, 399, 421, 428, 436, 441, 454]}, "helfgott": {"prob": 0.0041753653444676405, "count": 2, "pos": [40, 86]}, "and": {"prob": 0.03966597077244259, "count": 19, "pos": [41, 56, 67, 139, 156, 168, 183, 187, 280, 315, 335, 355, 383, 404, 422, 442, 447, 452, 465]}, "stay": {"prob": 0.0020876826722338203, "count": 1, "pos": [45]}, "at": {"prob": 0.008350730688935281, "count": 4, "pos": [46, 330, 366, 430]}, "local": {"prob": 0.008350730688935281, "count": 4, "pos": [48, 83, 116, 185]}, "hotel": {"prob": 0.008350730688935281, "count": 4, "pos": [49, 55, 368, 389]}, "return": {"prob": 0.010438413361169102, "count": 5, "pos": [51, 303, 400, 427, 475]}, "him": {"prob": 0.012526096033402923, "count": 6, "pos": [52, 170, 220, 343, 365, 425]}, "attempt": {"prob": 0.0041753653444676405, "count": 2, "pos": [59, 249]}, "engag": {"prob": 0.0020876826722338203, "count": 1, "pos": [61]}, "her": {"prob": 0.0020876826722338203, "count": 1, "pos": [62]}, "with": {"prob": 0.012526096033402923, "count": 6, "pos": [63, 99, 123, 224, 449, 461]}, "music": {"prob": 0.016701461377870562, "count": 8, "pos": [65, 71, 84, 128, 137, 213, 339, 478]}, "knowledg": {"prob": 0.0020876826722338203, "count": 1, "pos": [66]}, "ownership": {"prob": 0.0020876826722338203, "count": 1, "pos": [68]}, "variou": {"prob": 0.0020876826722338203, "count": 1, "pos": [70]}, "score": {"prob": 0.0020876826722338203, "count": 1, "pos": [72]}, "leav": {"prob": 0.010438413361169102, "count": 5, "pos": [74, 167, 173, 230, 364]}, "as": {"prob": 0.010438413361169102, "count": 5, "pos": [75, 130, 252, 261, 322]}, "child": {"prob": 0.0041753653444676405, "count": 2, "pos": [77, 255]}, "compet": {"prob": 0.0020876826722338203, "count": 1, "pos": [80]}, "in": {"prob": 0.016701461377870562, "count": 8, "pos": [81, 144, 214, 231, 268, 371, 426, 445]}, "competit": {"prob": 0.006263048016701462, "count": 3, "pos": [85, 237, 274]}, "ha": {"prob": 0.006263048016701462, "count": 3, "pos": [87, 102, 375]}, "been": {"prob": 0.0020876826722338203, "count": 1, "pos": [88]}, "taught": {"prob": 0.0020876826722338203, "count": 1, "pos": [89]}, "play": {"prob": 0.008350730688935281, "count": 4, "pos": [91, 240, 413, 429]}, "by": {"prob": 0.008350730688935281, "count": 4, "pos": [92, 112, 310, 409]}, "father": {"prob": 0.010438413361169102, "count": 5, "pos": [94, 217, 259, 312, 463]}, "peter": {"prob": 0.006263048016701462, "count": 3, "pos": [95, 124, 162]}, "obsess": {"prob": 0.0020876826722338203, "count": 1, "pos": [98]}, "win": {"prob": 0.006263048016701462, "count": 3, "pos": [100, 134, 272]}, "who": {"prob": 0.0041753653444676405, "count": 2, "pos": [101, 118]}, "no": {"prob": 0.0020876826722338203, "count": 1, "pos": [103]}, "toler": {"prob": 0.0020876826722338203, "count": 1, "pos": [104]}, "for": {"prob": 0.0020876826722338203, "count": 1, "pos": [105]}, "failur": {"prob": 0.0020876826722338203, "count": 1, "pos": [106]}, "or": {"prob": 0.0020876826722338203, "count": 1, "pos": [107]}, "disobedi": {"prob": 0.0020876826722338203, "count": 1, "pos": [108]}, "notic": {"prob": 0.0020876826722338203, "count": 1, "pos": [111]}, "mr": {"prob": 0.0020876826722338203, "count": 1, "pos": [113]}, "rosen": {"prob": 0.0020876826722338203, "count": 1, "pos": [114]}, "pianist": {"prob": 0.0020876826722338203, "count": 1, "pos": [117]}, "after": {"prob": 0.0041753653444676405, "count": 2, "pos": [119, 424]}, "an": {"prob": 0.0020876826722338203, "count": 1, "pos": [120]}, "initi": {"prob": 0.0041753653444676405, "count": 2, "pos": [121, 160]}, "conflict": {"prob": 0.0020876826722338203, "count": 1, "pos": [122]}, "take": {"prob": 0.0041753653444676405, "count": 2, "pos": [125, 342]}, "over": {"prob": 0.0020876826722338203, "count": 1, "pos": [126]}, "instruct": {"prob": 0.0020876826722338203, "count": 1, "pos": [129]}, "teen": {"prob": 0.0020876826722338203, "count": 1, "pos": [132]}, "state": {"prob": 0.0020876826722338203, "count": 1, "pos": [136]}, "championship": {"prob": 0.0020876826722338203, "count": 1, "pos": [138]}, "invit": {"prob": 0.0020876826722338203, "count": 1, "pos": [141]}, "studi": {"prob": 0.0041753653444676405, "count": 2, "pos": [143, 182]}, "america": {"prob": 0.0020876826722338203, "count": 1, "pos": [145]}, "although": {"prob": 0.0020876826722338203, "count": 1, "pos": [146]}, "plan": {"prob": 0.0020876826722338203, "count": 1, "pos": [147]}, "are": {"prob": 0.0041753653444676405, "count": 2, "pos": [148, 407]}, "made": {"prob": 0.0020876826722338203, "count": 1, "pos": [149]}, "rai": {"prob": 0.0020876826722338203, "count": 1, "pos": [151]}, "money": {"prob": 0.0020876826722338203, "count": 1, "pos": [152]}, "send": {"prob": 0.0020876826722338203, "count": 1, "pos": [154]}, "famili": {"prob": 0.0041753653444676405, "count": 2, "pos": [158, 177]}, "support": {"prob": 0.0041753653444676405, "count": 2, "pos": [161, 453]}, "eventu": {"prob": 0.0020876826722338203, "count": 1, "pos": [163]}, "forbid": {"prob": 0.0041753653444676405, "count": 2,