{"__total__": 338, "__name__": "doc_1294_Ship_of_Fools.txt", "a": {"prob": 0.05325443786982249, "count": 18, "pos": [0, 5, 13, 33, 46, 55, 75, 81, 96, 138, 140, 179, 192, 207, 228, 248, 257, 268]}, "pastich": {"prob": 0.0029585798816568047, "count": 1, "pos": [1]}, "of": {"prob": 0.023668639053254437, "count": 8, "pos": [2, 38, 102, 115, 178, 244, 299, 309]}, "charact": {"prob": 0.0029585798816568047, "count": 1, "pos": [3]}, "board": {"prob": 0.0029585798816568047, "count": 1, "pos": [4]}, "german": {"prob": 0.008875739644970414, "count": 3, "pos": [6, 97, 180]}, "ocean": {"prob": 0.0029585798816568047, "count": 1, "pos": [7]}, "liner": {"prob": 0.0029585798816568047, "count": 1, "pos": [8]}, "in": {"prob": 0.020710059171597635, "count": 7, "pos": [9, 23, 78, 124, 263, 273, 304]}, "veracruz": {"prob": 0.0029585798816568047, "count": 1, "pos": [10]}, "mexico": {"prob": 0.0029585798816568047, "count": 1, "pos": [11]}, "for": {"prob": 0.014792899408284023, "count": 5, "pos": [12, 40, 54, 147, 196]}, "voyag": {"prob": 0.005917159763313609, "count": 2, "pos": [14, 43]}, "to": {"prob": 0.04142011834319527, "count": 14, "pos": [15, 30, 51, 66, 89, 95, 111, 158, 190, 213, 259, 295, 305, 328]}, "bremerhaven": {"prob": 0.0029585798816568047, "count": 1, "pos": [16]}, "germani": {"prob": 0.005917159763313609, "count": 2, "pos": [17, 58]}, "along": {"prob": 0.0029585798816568047, "count": 1, "pos": [18]}, "with": {"prob": 0.008875739644970414, "count": 3, "pos": [19, 246, 320]}, "600": {"prob": 0.0029585798816568047, "count": 1, "pos": [20]}, "displac": {"prob": 0.0029585798816568047, "count": 1, "pos": [21]}, "worker": {"prob": 0.0029585798816568047, "count": 1, "pos": [22]}, "steerag": {"prob": 0.005917159763313609, "count": 2, "pos": [24, 125]}, "be": {"prob": 0.014792899408284023, "count": 5, "pos": [25, 52, 93, 126, 130]}, "deport": {"prob": 0.0029585798816568047, "count": 1, "pos": [26]}, "from": {"prob": 0.005917159763313609, "count": 2, "pos": [27, 83]}, "cuba": {"prob": 0.0029585798816568047, "count": 1, "pos": [28]}, "back": {"prob": 0.0029585798816568047, "count": 1, "pos": [29]}, "spain": {"prob": 0.005917159763313609, "count": 2, "pos": [31, 84]}, "and": {"prob": 0.029585798816568046, "count": 10, "pos": [32, 91, 144, 170, 199, 233, 254, 288, 311, 332]}, "not": {"prob": 0.0029585798816568047, "count": 1, "pos": [34]}, "so": {"prob": 0.0029585798816568047, "count": 1, "pos": [35]}, "exot": {"prob": 0.0029585798816568047, "count": 1, "pos": [36]}, "band": {"prob": 0.0029585798816568047, "count": 1, "pos": [37]}, "entertain": {"prob": 0.0029585798816568047, "count": 1, "pos": [39]}, "whom": {"prob": 0.0029585798816568047, "count": 1, "pos": [41]}, "the": {"prob": 0.05621301775147929, "count": 19, "pos": [42, 70, 108, 113, 122, 134, 148, 163, 174, 184, 200, 274, 286, 289, 297, 306, 313, 322, 333]}, "is": {"prob": 0.020710059171597635, "count": 7, "pos": [44, 92, 105, 187, 223, 239, 267]}, "just": {"prob": 0.0029585798816568047, "count": 1, "pos": [45]}, "job": {"prob": 0.0029585798816568047, "count": 1, "pos": [47]}, "some": {"prob": 0.008875739644970414, "count": 3, "pos": [48, 59, 167]}, "are": {"prob": 0.01775147928994083, "count": 6, "pos": [49, 60, 156, 168, 283, 317]}, "happi": {"prob": 0.0029585798816568047, "count": 1, "pos": [50]}, "bound": {"prob": 0.0029585798816568047, "count": 1, "pos": [53]}, "rise": {"prob": 0.0029585798816568047, "count": 1, "pos": [56]}, "nazi": {"prob": 0.0029585798816568047, "count": 1, "pos": [57]}, "apprehen": {"prob": 0.0029585798816568047, "count": 1, "pos": [61]}, "while": {"prob": 0.0029585798816568047, "count": 1, "pos": [62]}, "other": {"prob": 0.008875739644970414, "count": 3, "pos": [63, 171, 225]}, "appear": {"prob": 0.0029585798816568047, "count": 1, "pos": [64]}, "oblivi": {"prob": 0.0029585798816568047, "count": 1, "pos": [65]}, "it": {"prob": 0.0029585798816568047, "count": 1, "pos": [67]}, "potenti": {"prob": 0.0029585798816568047, "count": 1, "pos": [68]}, "danger": {"prob": 0.0029585798816568047, "count": 1, "pos": [69]}, "ship": {"prob": 0.005917159763313609, "count": 2, "pos": [71, 94]}, "doctor": {"prob": 0.011834319526627219, "count": 4, "pos": [72, 109, 135, 334]}, "schumann": {"prob": 0.0029585798816568047, "count": 1, "pos": [73]}, "take": {"prob": 0.0029585798816568047, "count": 1, "pos": [74]}, "special": {"prob": 0.0029585798816568047, "count": 1, "pos": [76]}, "interest": {"prob": 0.0029585798816568047, "count": 1, "pos": [77]}, "la": {"prob": 0.0029585798816568047, "count": 1, "pos": [79]}, "condesa": {"prob": 0.0029585798816568047, "count": 1, "pos": [80]}, "countess": {"prob": 0.008875739644970414, "count": 3, "pos": [82, 149, 323]}, "who": {"prob": 0.011834319526627219, "count": 4, "pos": [85, 235, 324, 335]}, "ha": {"prob": 0.011834319526627219, "count": 4, "pos": [86, 137, 325, 336]}, "an": {"prob": 0.005917159763313609, "count": 2, "pos": [87, 329]}, "addict": {"prob": 0.0029585798816568047, "count": 1, "pos": [88]}, "drug": {"prob": 0.0029585798816568047, "count": 1, "pos": [90]}, "run": {"prob": 0.0029585798816568047, "count": 1, "pos": [98]}, "prison": {"prob": 0.005917159763313609, "count": 2, "pos": [99, 331]}, "her": {"prob": 0.005917159763313609, "count": 2, "pos": [100, 261]}, "sen": {"prob": 0.0029585798816568047, "count": 1, "pos": [101]}, "certain": {"prob": 0.0029585798816568047, "count": 1, "pos": [103]}, "doom": {"prob": 0.0029585798816568047, "count": 1, "pos": [104]}, "contrast": {"prob": 0.0029585798816568047, "count": 1, "pos": [106]}, "by": {"prob": 0.011834319526627219, "count": 4, "pos": [107, 118, 173, 285]}, "determin": {"prob": 0.0029585798816568047, "count": 1, "pos": [110]}, "fight": {"prob": 0.0029585798816568047, "count": 1, "pos": [112]}, "forc": {"prob": 0.0029585798816568047, "count": 1, "pos": [114]}, "oppress": {"prob": 0.0029585798816568047, "count": 1, "pos": [116]}, "embodi": {"prob": 0.0029585798816568047, "count": 1, "pos": [117]}, "hi": {"prob": 0.01775147928994083, "count": 6, "pos": [119, 145, 197, 221, 242, 276]}, "insist": {"prob": 0.0029585798816568047, "count": 1, "pos": [120]}, "that": {"prob": 0.005917159763313609, "count": 2, "pos": [121, 220]}, "peopl": {"prob": 0.0029585798816568047, "count": 1, "pos": [123]}, "treat": {"prob": 0.0029585798816568047, "count": 1, "pos": [127]}, "like": {"prob": 0.0029585798816568047, "count": 1, "pos": [128]}, "human": {"prob": 0.0029585798816568047, "count": 1, "pos": [129]}, "rather": {"prob": 0.0029585798816568047, "count": 1, "pos": [131]}, "than": {"prob": 0.0029585798816568047, "count": 1, "pos": [132]}, "anim": {"prob": 0.0029585798816568047, "count": 1, "pos": [133]}, "himself": {"prob": 0.005917159763313609, "count": 2, "pos": [136, 215]}, "secret": {"prob": 0.0029585798816568047, "count": 1, "pos": [139]}, "termin": {"prob": 0.0029585798816568047, "count": 1, "pos": [141]}, "heart": {"prob": 0.0029585798816568047, "count": 1, "pos": [142]}, "condit": {"prob": 0.0029585798816568047, "count": 1, "pos": [143]}, "sympathi": {"prob": 0.0029585798816568047, "count": 1, "pos": [146]}, "soon": {"prob": 0.0029585798816568047, "count": 1, "pos": [150]}, "evolv": {"prob": 0.0029585798816568047, "count": 1, "pos": [151]}, "into": {"prob": 0.0029585798816568047, "count": 1, "pos": [152]}, "love": {"prob": 0.0029585798816568047, "count": 1, "pos": [153]}, "sever": {"prob": 0.0029585798816568047, "count": 1, "pos": [154]}, "passeng": {"prob": 0.008875739644970414, "count": 3, "pos": [155, 208, 314]}, "invit": {"prob": 0.005917159763313609, "count": 2, "pos": [157, 188]}, "dine": {"prob": 0.0029585798816568047, "count": 1, "pos": [159]}, "each": {"prob": 0.0029585798816568047, "count": 1, "pos": [160]}, "night": {"prob": 0.0029585798816568047, "count": 1, "pos": [161]}, "at": {"prob": 0.005917159763313609, "count": 2, "pos": [162, 241]}, "captain": {"prob": 0.0029585798816568047, "count": 1, "pos": [164]}, "tabl": {"prob": 0.0029585798816568047, "count": 1, "pos": [165]},