{"__total__": 593, "__name__": "doc_1299_Show_Me_Love.txt", "the": {"prob": 0.03709949409780776, "count": 22, "pos": [0, 3, 15, 163, 167, 217, 238, 265, 303, 307, 386, 396, 403, 406, 413, 460, 495, 498, 517, 520, 573, 575]}, "film": {"prob": 0.006745362563237774, "count": 4, "pos": [1, 499, 521, 576]}, "tell": {"prob": 0.003372681281618887, "count": 2, "pos": [2, 114]}, "stori": {"prob": 0.0016863406408094434, "count": 1, "pos": [4]}, "of": {"prob": 0.011804384485666104, "count": 7, "pos": [5, 18, 111, 332, 405, 497, 585]}, "two": {"prob": 0.003372681281618887, "count": 2, "pos": [6, 407]}, "girl": {"prob": 0.003372681281618887, "count": 2, "pos": [7, 98]}, "agn": {"prob": 0.03541315345699832, "count": 21, "pos": [8, 36, 47, 61, 78, 89, 105, 128, 160, 172, 207, 233, 271, 286, 297, 323, 351, 422, 433, 468, 526]}, "and": {"prob": 0.04384485666104553, "count": 26, "pos": [9, 27, 34, 43, 69, 88, 104, 132, 138, 159, 219, 244, 253, 264, 280, 321, 328, 343, 400, 434, 449, 478, 525, 534, 559, 562]}, "elin": {"prob": 0.03204047217537943, "count": 19, "pos": [10, 24, 52, 169, 195, 215, 241, 261, 284, 309, 349, 415, 440, 469, 489, 524, 529, 535, 579]}, "who": {"prob": 0.01011804384485666, "count": 6, "pos": [11, 199, 208, 366, 376, 455]}, "attend": {"prob": 0.0016863406408094434, "count": 1, "pos": [12]}, "school": {"prob": 0.00505902192242833, "count": 3, "pos": [13, 507, 519]}, "in": {"prob": 0.02023608768971332, "count": 12, "pos": [14, 22, 99, 109, 281, 317, 385, 447, 465, 474, 505, 528]}, "small": {"prob": 0.0016863406408094434, "count": 1, "pos": [16]}, "town": {"prob": 0.0016863406408094434, "count": 1, "pos": [17]}, "\u00e3": {"prob": 0.00505902192242833, "count": 3, "pos": [19, 318, 340]}, "m\u00e3": {"prob": 0.00505902192242833, "count": 3, "pos": [20, 319, 341]}, "l": {"prob": 0.00505902192242833, "count": 3, "pos": [21, 320, 342]}, "sweden": {"prob": 0.0016863406408094434, "count": 1, "pos": [23]}, "is": {"prob": 0.01854974704890388, "count": 11, "pos": [25, 44, 90, 209, 382, 419, 424, 446, 457, 464, 547]}, "outgo": {"prob": 0.0016863406408094434, "count": 1, "pos": [26]}, "popular": {"prob": 0.0016863406408094434, "count": 1, "pos": [28]}, "but": {"prob": 0.006745362563237774, "count": 4, "pos": [29, 53, 423, 588]}, "find": {"prob": 0.00505902192242833, "count": 3, "pos": [30, 55, 363]}, "her": {"prob": 0.03709949409780776, "count": 22, "pos": [31, 74, 87, 108, 112, 115, 136, 141, 151, 156, 202, 204, 252, 260, 301, 311, 439, 451, 480, 492, 545, 564]}, "life": {"prob": 0.003372681281618887, "count": 2, "pos": [32, 68]}, "unsatisfi": {"prob": 0.0016863406408094434, "count": 1, "pos": [33]}, "dull": {"prob": 0.0016863406408094434, "count": 1, "pos": [35]}, "by": {"prob": 0.003372681281618887, "count": 2, "pos": [37, 338]}, "contrast": {"prob": 0.0016863406408094434, "count": 1, "pos": [38]}, "ha": {"prob": 0.003372681281618887, "count": 2, "pos": [39, 48]}, "no": {"prob": 0.00505902192242833, "count": 3, "pos": [40, 92, 121]}, "real": {"prob": 0.00505902192242833, "count": 3, "pos": [41, 312, 395]}, "friend": {"prob": 0.003372681281618887, "count": 2, "pos": [42, 118]}, "constant": {"prob": 0.0016863406408094434, "count": 1, "pos": [45]}, "depress": {"prob": 0.003372681281618887, "count": 2, "pos": [46, 133]}, "a": {"prob": 0.023608768971332208, "count": 14, "pos": [49, 82, 97, 100, 182, 189, 213, 326, 356, 364, 483, 502, 506, 583]}, "crush": {"prob": 0.0016863406408094434, "count": 1, "pos": [50]}, "on": {"prob": 0.01011804384485666, "count": 6, "pos": [51, 119, 225, 267, 306, 347]}, "cannot": {"prob": 0.0016863406408094434, "count": 1, "pos": [54]}, "ani": {"prob": 0.0016863406408094434, "count": 1, "pos": [56]}, "way": {"prob": 0.003372681281618887, "count": 2, "pos": [57, 308]}, "to": {"prob": 0.06239460370994941, "count": 37, "pos": [58, 71, 80, 126, 135, 154, 178, 181, 193, 205, 211, 226, 250, 259, 268, 270, 273, 289, 295, 298, 302, 345, 352, 354, 368, 373, 411, 421, 426, 431, 436, 438, 452, 458, 472, 512, 516]}, "express": {"prob": 0.0016863406408094434, "count": 1, "pos": [59]}, "it": {"prob": 0.01011804384485666, "count": 6, "pos": [60, 381, 428, 456, 561, 581]}, "parent": {"prob": 0.003372681281618887, "count": 2, "pos": [62, 113]}, "worri": {"prob": 0.0016863406408094434, "count": 1, "pos": [63]}, "about": {"prob": 0.00505902192242833, "count": 3, "pos": [64, 314, 324]}, "their": {"prob": 0.006745362563237774, "count": 4, "pos": [65, 333, 379, 514]}, "daughter": {"prob": 0.0016863406408094434, "count": 1, "pos": [66]}, "reclus": {"prob": 0.0016863406408094434, "count": 1, "pos": [67]}, "tri": {"prob": 0.00505902192242833, "count": 3, "pos": [70, 153, 249]}, "be": {"prob": 0.013490725126475547, "count": 8, "pos": [72, 188, 212, 315, 325, 336, 374, 473]}, "reassur": {"prob": 0.0016863406408094434, "count": 1, "pos": [73]}, "mother": {"prob": 0.0016863406408094434, "count": 1, "pos": [75]}, "decid": {"prob": 0.0016863406408094434, "count": 1, "pos": [76]}, "against": {"prob": 0.0016863406408094434, "count": 1, "pos": [77]}, "will": {"prob": 0.006745362563237774, "count": 4, "pos": [79, 94, 124, 187]}, "throw": {"prob": 0.003372681281618887, "count": 2, "pos": [81, 245]}, "16th": {"prob": 0.0016863406408094434, "count": 1, "pos": [83]}, "birthday": {"prob": 0.0016863406408094434, "count": 1, "pos": [84]}, "parti": {"prob": 0.01011804384485666, "count": 6, "pos": [85, 168, 184, 240, 266, 305]}, "for": {"prob": 0.008431703204047217, "count": 5, "pos": [86, 166, 230, 275, 394]}, "afraid": {"prob": 0.003372681281618887, "count": 2, "pos": [91, 425]}, "one": {"prob": 0.003372681281618887, "count": 2, "pos": [93, 122]}, "come": {"prob": 0.003372681281618887, "count": 2, "pos": [95, 200]}, "viktoria": {"prob": 0.003372681281618887, "count": 2, "pos": [96, 157]}, "wheelchair": {"prob": 0.0016863406408094434, "count": 1, "pos": [101]}, "show": {"prob": 0.0016863406408094434, "count": 1, "pos": [102]}, "up": {"prob": 0.00505902192242833, "count": 3, "pos": [103, 246, 255]}, "shout": {"prob": 0.003372681281618887, "count": 2, "pos": [106, 143]}, "at": {"prob": 0.008431703204047217, "count": 5, "pos": [107, 171, 237, 402, 494]}, "front": {"prob": 0.0016863406408094434, "count": 1, "pos": [110]}, "they": {"prob": 0.006745362563237774, "count": 4, "pos": [116, 362, 391, 509]}, "are": {"prob": 0.00505902192242833, "count": 3, "pos": [117, 377, 510]}, "becaus": {"prob": 0.0016863406408094434, "count": 1, "pos": [120]}, "el": {"prob": 0.0016863406408094434, "count": 1, "pos": [123]}, "talk": {"prob": 0.003372681281618887, "count": 2, "pos": [125, 437]}, "them": {"prob": 0.008431703204047217, "count": 5, "pos": [127, 370, 372, 399, 410]}, "overcom": {"prob": 0.0016863406408094434, "count": 1, "pos": [129]}, "with": {"prob": 0.016863406408094434, "count": 10, "pos": [130, 201, 223, 300, 467, 476, 487, 523, 557, 578]}, "anger": {"prob": 0.0016863406408094434, "count": 1, "pos": [131]}, "goe": {"prob": 0.0016863406408094434, "count": 1, "pos": [134]}, "room": {"prob": 0.0016863406408094434, "count": 1, "pos": [137]}, "cri": {"prob": 0.0016863406408094434, "count": 1, "pos": [139]}, "into": {"prob": 0.0016863406408094434, "count": 1, "pos": [140]}, "pillow": {"prob": 0.0016863406408094434, "count": 1, "pos": [142]}, "that": {"prob": 0.016863406408094434, "count": 10, "pos": [144, 330, 390, 417, 444, 462, 537, 563, 570, 589]}, "she": {"prob": 0.02023608768971332, "count": 12, "pos": [145, 147, 191, 277, 292, 418, 429, 445, 463, 538, 552, 571]}, "wish": {"prob": 0.0016863406408094434, "count": 1, "pos": [146]}, "wa": {"prob": 0.0016863406408094434, "count": 1, "pos": [148]}, "dead": {"prob": 0.0016863406408094434, "count": 1, "pos": [149]}, "while": {"prob": 0.00505902192242833, "count": 3, "pos": [150, 247, 383]}, "father": {"prob": 0.0016863406408094434, "count": 1, "pos": [152]}, "sooth": {"prob": 0.0016863406408094434, "count": 1, "pos": [155]}, "leav": {"prob": 0.006745362563237774, "count": 4, "pos": [158, 262, 339, 412]},