{"__total__": 343, "__name__": "doc_130_Angels_with_Dirty_Faces.txt", "rocki": {"prob": 0.037900874635568516, "count": 13, "pos": [0, 15, 41, 55, 75, 111, 124, 145, 170, 178, 205, 217, 265]}, "sullivan": {"prob": 0.0029154518950437317, "count": 1, "pos": [1]}, "and": {"prob": 0.04956268221574344, "count": 17, "pos": [2, 87, 108, 112, 132, 137, 168, 182, 188, 198, 209, 228, 239, 267, 276, 299, 314]}, "jerri": {"prob": 0.029154518950437316, "count": 10, "pos": [3, 17, 49, 70, 82, 113, 163, 183, 232, 322]}, "connolli": {"prob": 0.0029154518950437317, "count": 1, "pos": [4]}, "are": {"prob": 0.0029154518950437317, "count": 1, "pos": [5]}, "childhood": {"prob": 0.0058309037900874635, "count": 2, "pos": [6, 215]}, "friend": {"prob": 0.008746355685131196, "count": 3, "pos": [7, 119, 216]}, "who": {"prob": 0.008746355685131196, "count": 3, "pos": [8, 50, 334]}, "rob": {"prob": 0.0029154518950437317, "count": 1, "pos": [9]}, "a": {"prob": 0.03498542274052478, "count": 12, "pos": [10, 30, 66, 73, 95, 129, 134, 226, 253, 318, 327, 332]}, "railroad": {"prob": 0.0029154518950437317, "count": 1, "pos": [11]}, "car": {"prob": 0.0029154518950437317, "count": 1, "pos": [12]}, "as": {"prob": 0.008746355685131196, "count": 3, "pos": [13, 338, 340]}, "kid": {"prob": 0.0029154518950437317, "count": 1, "pos": [14]}, "save": {"prob": 0.0029154518950437317, "count": 1, "pos": [16]}, "life": {"prob": 0.0058309037900874635, "count": 2, "pos": [18, 96]}, "dure": {"prob": 0.0029154518950437317, "count": 1, "pos": [19]}, "the": {"prob": 0.04664723032069971, "count": 16, "pos": [20, 27, 36, 46, 84, 149, 158, 176, 185, 193, 260, 274, 280, 289, 305, 308]}, "chase": {"prob": 0.0029154518950437317, "count": 1, "pos": [21]}, "by": {"prob": 0.0058309037900874635, "count": 2, "pos": [22, 45]}, "pull": {"prob": 0.0029154518950437317, "count": 1, "pos": [23]}, "him": {"prob": 0.02040816326530612, "count": 7, "pos": [24, 204, 234, 241, 244, 264, 330]}, "out": {"prob": 0.0029154518950437317, "count": 1, "pos": [25]}, "of": {"prob": 0.023323615160349854, "count": 8, "pos": [26, 29, 97, 100, 144, 165, 192, 263]}, "way": {"prob": 0.0029154518950437317, "count": 1, "pos": [28]}, "steam": {"prob": 0.0029154518950437317, "count": 1, "pos": [31]}, "train": {"prob": 0.0029154518950437317, "count": 1, "pos": [32]}, "while": {"prob": 0.0058309037900874635, "count": 2, "pos": [33, 69]}, "run": {"prob": 0.008746355685131196, "count": 3, "pos": [34, 52, 337]}, "from": {"prob": 0.008746355685131196, "count": 3, "pos": [35, 94, 120]}, "guard": {"prob": 0.0029154518950437317, "count": 1, "pos": [37]}, "that": {"prob": 0.0058309037900874635, "count": 2, "pos": [38, 152]}, "saw": {"prob": 0.0029154518950437317, "count": 1, "pos": [39]}, "them": {"prob": 0.014577259475218658, "count": 5, "pos": [40, 122, 190, 211, 324]}, "wa": {"prob": 0.0058309037900874635, "count": 2, "pos": [42, 317]}, "then": {"prob": 0.008746355685131196, "count": 3, "pos": [43, 219, 320]}, "caught": {"prob": 0.0029154518950437317, "count": 1, "pos": [44]}, "polic": {"prob": 0.0029154518950437317, "count": 1, "pos": [47]}, "but": {"prob": 0.0058309037900874635, "count": 2, "pos": [48, 146]}, "could": {"prob": 0.0058309037900874635, "count": 2, "pos": [51, 342]}, "faster": {"prob": 0.0029154518950437317, "count": 1, "pos": [53]}, "escap": {"prob": 0.0029154518950437317, "count": 1, "pos": [54]}, "after": {"prob": 0.0029154518950437317, "count": 1, "pos": [56]}, "be": {"prob": 0.011661807580174927, "count": 4, "pos": [57, 252, 271, 302]}, "sent": {"prob": 0.0029154518950437317, "count": 1, "pos": [58]}, "to": {"prob": 0.05830903790087463, "count": 20, "pos": [59, 64, 77, 89, 115, 142, 160, 171, 200, 202, 212, 230, 242, 248, 251, 273, 295, 301, 304, 325]}, "reform": {"prob": 0.0029154518950437317, "count": 1, "pos": [60]}, "school": {"prob": 0.0029154518950437317, "count": 1, "pos": [61]}, "grow": {"prob": 0.0029154518950437317, "count": 1, "pos": [62]}, "up": {"prob": 0.0058309037900874635, "count": 2, "pos": [63, 279]}, "becom": {"prob": 0.0058309037900874635, "count": 2, "pos": [65, 72]}, "notori": {"prob": 0.0029154518950437317, "count": 1, "pos": [67]}, "gangster": {"prob": 0.0029154518950437317, "count": 1, "pos": [68]}, "ha": {"prob": 0.008746355685131196, "count": 3, "pos": [71, 284, 300]}, "priest": {"prob": 0.0058309037900874635, "count": 2, "pos": [74, 86]}, "return": {"prob": 0.0029154518950437317, "count": 1, "pos": [76]}, "hi": {"prob": 0.02040816326530612, "count": 7, "pos": [78, 117, 180, 214, 237, 286, 297]}, "old": {"prob": 0.0029154518950437317, "count": 1, "pos": [79]}, "neighborhood": {"prob": 0.0029154518950437317, "count": 1, "pos": [80]}, "where": {"prob": 0.0058309037900874635, "count": 2, "pos": [81, 155]}, "is": {"prob": 0.0058309037900874635, "count": 2, "pos": [83, 218]}, "parish": {"prob": 0.0029154518950437317, "count": 1, "pos": [85]}, "intend": {"prob": 0.0029154518950437317, "count": 1, "pos": [88]}, "keep": {"prob": 0.008746355685131196, "count": 3, "pos": [90, 116, 154]}, "young": {"prob": 0.0029154518950437317, "count": 1, "pos": [91]}, "boy": {"prob": 0.014577259475218658, "count": 5, "pos": [92, 102, 261, 309, 333]}, "away": {"prob": 0.0029154518950437317, "count": 1, "pos": [93]}, "crime": {"prob": 0.0029154518950437317, "count": 1, "pos": [98]}, "six": {"prob": 0.0029154518950437317, "count": 1, "pos": [99]}, "those": {"prob": 0.0029154518950437317, "count": 1, "pos": [101]}, "soapi": {"prob": 0.0029154518950437317, "count": 1, "pos": [103]}, "swing": {"prob": 0.0029154518950437317, "count": 1, "pos": [104]}, "bim": {"prob": 0.0029154518950437317, "count": 1, "pos": [105]}, "patsi": {"prob": 0.0029154518950437317, "count": 1, "pos": [106]}, "crabfac": {"prob": 0.0029154518950437317, "count": 1, "pos": [107]}, "hunki": {"prob": 0.0029154518950437317, "count": 1, "pos": [109]}, "idol": {"prob": 0.0058309037900874635, "count": 2, "pos": [110, 262]}, "attempt": {"prob": 0.0029154518950437317, "count": 1, "pos": [114]}, "former": {"prob": 0.0029154518950437317, "count": 1, "pos": [118]}, "corrupt": {"prob": 0.0029154518950437317, "count": 1, "pos": [121]}, "meanwhil": {"prob": 0.0029154518950437317, "count": 1, "pos": [123]}, "get": {"prob": 0.0058309037900874635, "count": 2, "pos": [125, 184]}, "involv": {"prob": 0.0029154518950437317, "count": 1, "pos": [126]}, "with": {"prob": 0.0058309037900874635, "count": 2, "pos": [127, 329]}, "frazier": {"prob": 0.0058309037900874635, "count": 2, "pos": [128, 197]}, "crook": {"prob": 0.0058309037900874635, "count": 2, "pos": [130, 194]}, "lawyer": {"prob": 0.0029154518950437317, "count": 1, "pos": [131]}, "keefer": {"prob": 0.0058309037900874635, "count": 2, "pos": [133, 199]}, "shadi": {"prob": 0.0029154518950437317, "count": 1, "pos": [135]}, "businessman": {"prob": 0.0029154518950437317, "count": 1, "pos": [136]}, "municip": {"prob": 0.0029154518950437317, "count": 1, "pos": [138]}, "contractor": {"prob": 0.0029154518950437317, "count": 1, "pos": [139]}, "they": {"prob": 0.008746355685131196, "count": 3, "pos": [140, 153, 156]}, "tri": {"prob": 0.0029154518950437317, "count": 1, "pos": [141]}, "dispo": {"prob": 0.0029154518950437317, "count": 1, "pos": [143]}, "he": {"prob": 0.01749271137026239, "count": 6, "pos": [147, 174, 269, 283, 293, 316]}, "find": {"prob": 0.0029154518950437317, "count": 1, "pos": [148]}, "record": {"prob": 0.0029154518950437317, "count": 1, "pos": [150]}, "book": {"prob": 0.0029154518950437317, "count": 1, "pos": [151]}, "list": {"prob": 0.0029154518950437317, "count": 1, "pos": [157]}, "bribe": {"prob": 0.0029154518950437317, "count": 1, "pos": [159]}, "citi": {"prob": 0.0029154518950437317, "count": 1, "pos": [161]}, "offici": {"prob": 0.0029154518950437317, "count": 1, "pos": [162]}, "learn": {"prob": 0.0029154518950437317, "count": 1, "pos": [164]}, "these": {"prob": 0.0029154518950437317, "count": 1, "pos": [166]}, "event": {"prob": 0.0029154518950437317, "count": 1, "pos": [167]}, "warn": {"prob": 0.0029154518950437317,