{"__total__": 349, "__name__": "doc_1303_Shrooms.txt", "american": {"prob": 0.0028653295128939827, "count": 1, "pos": [0]}, "student": {"prob": 0.0028653295128939827, "count": 1, "pos": [1]}, "tara": {"prob": 0.022922636103151862, "count": 8, "pos": [2, 35, 66, 107, 217, 235, 286, 304]}, "and": {"prob": 0.05157593123209169, "count": 18, "pos": [3, 14, 17, 40, 82, 120, 130, 142, 196, 205, 207, 229, 232, 243, 268, 289, 314, 334]}, "her": {"prob": 0.02005730659025788, "count": 7, "pos": [4, 69, 115, 245, 325, 342, 347]}, "colleg": {"prob": 0.0028653295128939827, "count": 1, "pos": [5]}, "friend": {"prob": 0.011461318051575931, "count": 4, "pos": [6, 15, 116, 348]}, "visit": {"prob": 0.0028653295128939827, "count": 1, "pos": [7]}, "ireland": {"prob": 0.0028653295128939827, "count": 1, "pos": [8]}, "to": {"prob": 0.017191977077363897, "count": 6, "pos": [9, 108, 179, 246, 254, 343]}, "meet": {"prob": 0.0057306590257879654, "count": 2, "pos": [10, 247]}, "with": {"prob": 0.014326647564469915, "count": 5, "pos": [11, 65, 127, 216, 225]}, "local": {"prob": 0.0057306590257879654, "count": 2, "pos": [12, 226]}, "resid": {"prob": 0.0028653295128939827, "count": 1, "pos": [13]}, "jake": {"prob": 0.011461318051575931, "count": 4, "pos": [16, 71, 231, 269]}, "go": {"prob": 0.0028653295128939827, "count": 1, "pos": [18]}, "camp": {"prob": 0.008595988538681949, "count": 3, "pos": [19, 63, 313]}, "in": {"prob": 0.02005730659025788, "count": 7, "pos": [20, 51, 68, 148, 185, 214, 249]}, "woodland": {"prob": 0.0028653295128939827, "count": 1, "pos": [21]}, "surround": {"prob": 0.0028653295128939827, "count": 1, "pos": [22]}, "a": {"prob": 0.03151862464183381, "count": 11, "pos": [23, 37, 42, 73, 84, 124, 144, 241, 277, 307, 331]}, "long": {"prob": 0.0028653295128939827, "count": 1, "pos": [24]}, "disus": {"prob": 0.0028653295128939827, "count": 1, "pos": [25]}, "children": {"prob": 0.011461318051575931, "count": 4, "pos": [26, 79, 161, 252]}, "home": {"prob": 0.011461318051575931, "count": 4, "pos": [27, 80, 162, 253]}, "whilst": {"prob": 0.008595988538681949, "count": 3, "pos": [28, 188, 297]}, "collect": {"prob": 0.0028653295128939827, "count": 1, "pos": [29]}, "psilocybin": {"prob": 0.0028653295128939827, "count": 1, "pos": [30]}, "mushroom": {"prob": 0.011461318051575931, "count": 4, "pos": [31, 39, 176, 340]}, "for": {"prob": 0.0057306590257879654, "count": 2, "pos": [32, 99]}, "later": {"prob": 0.0028653295128939827, "count": 1, "pos": [33]}, "consumpt": {"prob": 0.0028653295128939827, "count": 1, "pos": [34]}, "ingest": {"prob": 0.0028653295128939827, "count": 1, "pos": [36]}, "deathcap": {"prob": 0.0057306590257879654, "count": 2, "pos": [38, 339]}, "suffer": {"prob": 0.0028653295128939827, "count": 1, "pos": [41]}, "seizur": {"prob": 0.0028653295128939827, "count": 1, "pos": [43]}, "after": {"prob": 0.008595988538681949, "count": 3, "pos": [44, 123, 222]}, "which": {"prob": 0.008595988538681949, "count": 3, "pos": [45, 52, 146]}, "she": {"prob": 0.008595988538681949, "count": 3, "pos": [46, 53, 329]}, "experi": {"prob": 0.008595988538681949, "count": 3, "pos": [47, 143, 330]}, "dream": {"prob": 0.0028653295128939827, "count": 1, "pos": [48]}, "like": {"prob": 0.0028653295128939827, "count": 1, "pos": [49]}, "tranc": {"prob": 0.0028653295128939827, "count": 1, "pos": [50]}, "begin": {"prob": 0.0028653295128939827, "count": 1, "pos": [54]}, "have": {"prob": 0.0057306590257879654, "count": 2, "pos": [55, 109]}, "premonit": {"prob": 0.0057306590257879654, "count": 2, "pos": [56, 110]}, "of": {"prob": 0.02865329512893983, "count": 10, "pos": [57, 76, 83, 94, 111, 114, 138, 155, 240, 346]}, "futur": {"prob": 0.0028653295128939827, "count": 1, "pos": [58]}, "event": {"prob": 0.0028653295128939827, "count": 1, "pos": [59]}, "around": {"prob": 0.0028653295128939827, "count": 1, "pos": [60]}, "the": {"prob": 0.06303724928366762, "count": 22, "pos": [61, 77, 112, 131, 139, 153, 156, 160, 163, 172, 175, 186, 192, 237, 250, 259, 266, 290, 293, 312, 321, 337]}, "even": {"prob": 0.0028653295128939827, "count": 1, "pos": [62]}, "fire": {"prob": 0.0028653295128939827, "count": 1, "pos": [64]}, "rest": {"prob": 0.0057306590257879654, "count": 2, "pos": [67, 298]}, "tent": {"prob": 0.0028653295128939827, "count": 1, "pos": [70]}, "tell": {"prob": 0.0028653295128939827, "count": 1, "pos": [72]}, "ghost": {"prob": 0.0028653295128939827, "count": 1, "pos": [74]}, "stori": {"prob": 0.0028653295128939827, "count": 1, "pos": [75]}, "empti": {"prob": 0.0028653295128939827, "count": 1, "pos": [78]}, "nearbi": {"prob": 0.0028653295128939827, "count": 1, "pos": [81]}, "violent": {"prob": 0.0057306590257879654, "count": 2, "pos": [85, 210]}, "sadist": {"prob": 0.0028653295128939827, "count": 1, "pos": [86]}, "monk": {"prob": 0.008595988538681949, "count": 3, "pos": [87, 158, 267]}, "who": {"prob": 0.0028653295128939827, "count": 1, "pos": [88]}, "surviv": {"prob": 0.0028653295128939827, "count": 1, "pos": [89]}, "an": {"prob": 0.008595988538681949, "count": 3, "pos": [90, 223, 318]}, "assault": {"prob": 0.0028653295128939827, "count": 1, "pos": [91]}, "by": {"prob": 0.014326647564469915, "count": 5, "pos": [92, 118, 167, 265, 274]}, "one": {"prob": 0.011461318051575931, "count": 4, "pos": [93, 117, 119, 183]}, "hi": {"prob": 0.02005730659025788, "count": 7, "pos": [95, 101, 128, 149, 272, 281, 299]}, "charg": {"prob": 0.0028653295128939827, "count": 1, "pos": [96]}, "as": {"prob": 0.014326647564469915, "count": 5, "pos": [97, 283, 306, 320, 324]}, "reveng": {"prob": 0.0028653295128939827, "count": 1, "pos": [98]}, "kill": {"prob": 0.0057306590257879654, "count": 2, "pos": [100, 264]}, "twin": {"prob": 0.0028653295128939827, "count": 1, "pos": [102]}, "brother": {"prob": 0.0028653295128939827, "count": 1, "pos": [103]}, "overhear": {"prob": 0.0028653295128939827, "count": 1, "pos": [104]}, "thi": {"prob": 0.0028653295128939827, "count": 1, "pos": [105]}, "caus": {"prob": 0.0057306590257879654, "count": 2, "pos": [106, 341]}, "murder": {"prob": 0.014326647564469915, "count": 5, "pos": [113, 150, 211, 303, 344]}, "ultim": {"prob": 0.0028653295128939827, "count": 1, "pos": [121]}, "herself": {"prob": 0.0028653295128939827, "count": 1, "pos": [122]}, "nocturn": {"prob": 0.0028653295128939827, "count": 1, "pos": [125]}, "row": {"prob": 0.0028653295128939827, "count": 1, "pos": [126]}, "girlfriend": {"prob": 0.0028653295128939827, "count": 1, "pos": [129]}, "other": {"prob": 0.0057306590257879654, "count": 2, "pos": [132, 173]}, "aggress": {"prob": 0.0028653295128939827, "count": 1, "pos": [133]}, "jock": {"prob": 0.0028653295128939827, "count": 1, "pos": [134]}, "bluto": {"prob": 0.0057306590257879654, "count": 2, "pos": [135, 168]}, "drink": {"prob": 0.0028653295128939827, "count": 1, "pos": [136]}, "some": {"prob": 0.0028653295128939827, "count": 1, "pos": [137]}, "hallucinogen": {"prob": 0.0057306590257879654, "count": 2, "pos": [140, 338]}, "tea": {"prob": 0.0057306590257879654, "count": 2, "pos": [141, 177]}, "trip": {"prob": 0.0028653295128939827, "count": 1, "pos": [145]}, "culmin": {"prob": 0.0028653295128939827, "count": 1, "pos": [147]}, "seeming": {"prob": 0.0028653295128939827, "count": 1, "pos": [151]}, "at": {"prob": 0.0028653295128939827, "count": 1, "pos": [152]}, "hand": {"prob": 0.0028653295128939827, "count": 1, "pos": [154]}, "rogu": {"prob": 0.0028653295128939827, "count": 1, "pos": [157]}, "from": {"prob": 0.008595988538681949, "count": 3, "pos": [159, 182, 276]}, "follow": {"prob": 0.0028653295128939827, "count": 1, "pos": [164]}, "morn": {"prob": 0.0028653295128939827, "count": 1, "pos": [165]}, "unconcern": {"prob": 0.0028653295128939827, "count": 1, "pos": [166]}, "disappear": {"prob": 0.0028653295128939827, "count": 1, "pos": [169]}, "nbsp": {"prob": 0.008595988538681949, "count": 3, "pos": [170, 212, 220]}, "\u00e2": {"prob": 0.008595988538681949, "count": 3, "pos": [171, 213, 221]}, "consum": {"prob": 0.0028653295128939827, "count": 1, "pos": [174]},