{"__total__": 571, "__name__": "doc_1310_Sister_Act.txt", "the": {"prob": 0.06830122591943957, "count": 39, "pos": [0, 27, 32, 48, 86, 116, 149, 174, 184, 188, 196, 199, 212, 234, 243, 277, 280, 299, 311, 317, 319, 323, 346, 356, 360, 389, 441, 445, 471, 474, 488, 513, 517, 520, 524, 531, 546, 551, 564]}, "film": {"prob": 0.0035026269702276708, "count": 2, "pos": [1, 521]}, "open": {"prob": 0.0017513134851138354, "count": 1, "pos": [2]}, "at": {"prob": 0.0035026269702276708, "count": 2, "pos": [3, 276]}, "st": {"prob": 0.0035026269702276708, "count": 2, "pos": [4, 123]}, "ann": {"prob": 0.0017513134851138354, "count": 1, "pos": [5]}, "academi": {"prob": 0.0017513134851138354, "count": 1, "pos": [6]}, "a": {"prob": 0.03327495621716287, "count": 19, "pos": [7, 14, 40, 45, 61, 68, 129, 144, 169, 221, 252, 287, 336, 395, 468, 503, 538, 559, 569]}, "california": {"prob": 0.0017513134851138354, "count": 1, "pos": [8]}, "cathol": {"prob": 0.0035026269702276708, "count": 2, "pos": [9, 126]}, "school": {"prob": 0.0017513134851138354, "count": 1, "pos": [10]}, "in": {"prob": 0.01926444833625219, "count": 11, "pos": [11, 44, 52, 128, 254, 315, 368, 384, 502, 509, 512]}, "1968": {"prob": 0.0017513134851138354, "count": 1, "pos": [12]}, "where": {"prob": 0.008756567425569177, "count": 5, "pos": [13, 35, 90, 137, 403]}, "young": {"prob": 0.0017513134851138354, "count": 1, "pos": [15]}, "girl": {"prob": 0.0017513134851138354, "count": 1, "pos": [16]}, "name": {"prob": 0.0035026269702276708, "count": 2, "pos": [17, 175]}, "delori": {"prob": 0.01926444833625219, "count": 11, "pos": [18, 36, 64, 81, 119, 147, 167, 404, 498, 528, 555]}, "wilson": {"prob": 0.0017513134851138354, "count": 1, "pos": [19]}, "is": {"prob": 0.021015761821366025, "count": 12, "pos": [20, 39, 120, 172, 226, 302, 308, 353, 405, 436, 501, 543]}, "scold": {"prob": 0.0017513134851138354, "count": 1, "pos": [21]}, "for": {"prob": 0.0035026269702276708, "count": 2, "pos": [22, 107]}, "wisecrack": {"prob": 0.0017513134851138354, "count": 1, "pos": [23]}, "and": {"prob": 0.040280210157618214, "count": 23, "pos": [24, 75, 104, 148, 158, 171, 206, 211, 231, 267, 289, 291, 325, 406, 412, 425, 463, 478, 485, 506, 515, 548, 566]}, "disobey": {"prob": 0.0017513134851138354, "count": 1, "pos": [25]}, "rule": {"prob": 0.0017513134851138354, "count": 1, "pos": [26]}, "set": {"prob": 0.0017513134851138354, "count": 1, "pos": [28]}, "then": {"prob": 0.0017513134851138354, "count": 1, "pos": [29]}, "chang": {"prob": 0.0017513134851138354, "count": 1, "pos": [30]}, "to": {"prob": 0.04553415061295972, "count": 26, "pos": [31, 77, 85, 122, 162, 182, 192, 240, 258, 271, 345, 354, 358, 366, 382, 387, 415, 427, 430, 453, 455, 467, 480, 493, 496, 563]}, "present": {"prob": 0.0017513134851138354, "count": 1, "pos": [33]}, "day": {"prob": 0.0017513134851138354, "count": 1, "pos": [34]}, "van": {"prob": 0.0017513134851138354, "count": 1, "pos": [37]}, "cartier": {"prob": 0.0017513134851138354, "count": 1, "pos": [38]}, "loung": {"prob": 0.0035026269702276708, "count": 2, "pos": [41, 50]}, "singer": {"prob": 0.0035026269702276708, "count": 2, "pos": [42, 275]}, "work": {"prob": 0.0017513134851138354, "count": 1, "pos": [43]}, "casino": {"prob": 0.005253940455341506, "count": 3, "pos": [46, 84, 472]}, "call": {"prob": 0.0017513134851138354, "count": 1, "pos": [47]}, "moonlight": {"prob": 0.0017513134851138354, "count": 1, "pos": [49]}, "locat": {"prob": 0.0017513134851138354, "count": 1, "pos": [51]}, "reno": {"prob": 0.0035026269702276708, "count": 2, "pos": [53, 454]}, "nevada": {"prob": 0.0017513134851138354, "count": 1, "pos": [54]}, "run": {"prob": 0.0035026269702276708, "count": 2, "pos": [55, 131]}, "by": {"prob": 0.014010507880910683, "count": 8, "pos": [56, 156, 228, 438, 444, 451, 527, 545]}, "her": {"prob": 0.014010507880910683, "count": 8, "pos": [57, 79, 257, 369, 372, 385, 417, 477]}, "boyfriend": {"prob": 0.0017513134851138354, "count": 1, "pos": [58]}, "vinc": {"prob": 0.01926444833625219, "count": 11, "pos": [59, 66, 70, 83, 98, 399, 408, 439, 462, 483, 511]}, "larocca": {"prob": 0.0017513134851138354, "count": 1, "pos": [60]}, "mobster": {"prob": 0.0017513134851138354, "count": 1, "pos": [62]}, "after": {"prob": 0.0035026269702276708, "count": 2, "pos": [63, 218]}, "wit": {"prob": 0.0035026269702276708, "count": 2, "pos": [65, 113]}, "execut": {"prob": 0.0017513134851138354, "count": 1, "pos": [67]}, "chauffeur": {"prob": 0.0017513134851138354, "count": 1, "pos": [69]}, "order": {"prob": 0.0017513134851138354, "count": 1, "pos": [71]}, "hi": {"prob": 0.0035026269702276708, "count": 2, "pos": [72, 464]}, "men": {"prob": 0.0070052539404553416, "count": 4, "pos": [73, 440, 465, 518]}, "joey": {"prob": 0.005253940455341506, "count": 3, "pos": [74, 411, 484]}, "willi": {"prob": 0.005253940455341506, "count": 3, "pos": [76, 413, 486]}, "kill": {"prob": 0.0017513134851138354, "count": 1, "pos": [78]}, "too": {"prob": 0.0017513134851138354, "count": 1, "pos": [80]}, "flee": {"prob": 0.0017513134851138354, "count": 1, "pos": [82]}, "local": {"prob": 0.0017513134851138354, "count": 1, "pos": [87]}, "polic": {"prob": 0.0035026269702276708, "count": 2, "pos": [88, 396]}, "station": {"prob": 0.0017513134851138354, "count": 1, "pos": [89]}, "lieuten": {"prob": 0.0017513134851138354, "count": 1, "pos": [91]}, "eddi": {"prob": 0.0017513134851138354, "count": 1, "pos": [92]}, "souther": {"prob": 0.010507880910683012, "count": 6, "pos": [93, 138, 157, 333, 418, 507]}, "suggest": {"prob": 0.0035026269702276708, "count": 2, "pos": [94, 139]}, "she": {"prob": 0.01576182136602452, "count": 9, "pos": [95, 109, 140, 237, 265, 268, 435, 460, 500]}, "testifi": {"prob": 0.0017513134851138354, "count": 1, "pos": [96]}, "against": {"prob": 0.0017513134851138354, "count": 1, "pos": [97]}, "if": {"prob": 0.0017513134851138354, "count": 1, "pos": [99]}, "he": {"prob": 0.0017513134851138354, "count": 1, "pos": [100]}, "can": {"prob": 0.0017513134851138354, "count": 1, "pos": [101]}, "be": {"prob": 0.0035026269702276708, "count": 2, "pos": [102, 241]}, "arrest": {"prob": 0.005253940455341506, "count": 3, "pos": [103, 424, 519]}, "tri": {"prob": 0.0035026269702276708, "count": 2, "pos": [105, 479]}, "but": {"prob": 0.012259194395796848, "count": 7, "pos": [106, 153, 190, 304, 378, 434, 490]}, "now": {"prob": 0.0017513134851138354, "count": 1, "pos": [108]}, "should": {"prob": 0.0017513134851138354, "count": 1, "pos": [110]}, "go": {"prob": 0.0070052539404553416, "count": 4, "pos": [111, 163, 285, 452]}, "into": {"prob": 0.0070052539404553416, "count": 4, "pos": [112, 220, 233, 286]}, "protect": {"prob": 0.0017513134851138354, "count": 1, "pos": [114]}, "until": {"prob": 0.0035026269702276708, "count": 2, "pos": [115, 473]}, "time": {"prob": 0.0017513134851138354, "count": 1, "pos": [117]}, "come": {"prob": 0.0035026269702276708, "count": 2, "pos": [118, 191]}, "taken": {"prob": 0.0017513134851138354, "count": 1, "pos": [121]}, "katherin": {"prob": 0.0017513134851138354, "count": 1, "pos": [124]}, "roman": {"prob": 0.0017513134851138354, "count": 1, "pos": [125]}, "church": {"prob": 0.005253940455341506, "count": 3, "pos": [127, 327, 357]}, "seedi": {"prob": 0.0017513134851138354, "count": 1, "pos": [130]}, "down": {"prob": 0.0017513134851138354, "count": 1, "pos": [132]}, "neighborhood": {"prob": 0.0035026269702276708, "count": 2, "pos": [133, 324]}, "of": {"prob": 0.010507880910683012, "count": 6, "pos": [134, 187, 195, 295, 338, 540]}, "san": {"prob": 0.0035026269702276708, "count": 2, "pos": [135, 428]}, "francisco": {"prob": 0.0035026269702276708, "count": 2, "pos": [136, 429]}, "disgui": {"prob": 0.0017513134851138354, "count": 1, "pos": [141]}, "herself": {"prob": 0.0017513134851138354, "count": 1, "pos": [142]}, "as": {"prob": 0.0070052539404553416, "count": 4, "pos": [143, 261, 310, 558]}, "nun": {"prob": 0.01576182136602452, "count": 9, "pos": [145, 170, 197, 245, 442, 475, 489, 504, 560]}, "both": {"prob": 0.0017513134851138354,