{"__total__": 431, "__name__": "doc_1314_Sleeper_1973.txt", "mile": {"prob": 0.037122969837587005, "count": 16, "pos": [0, 69, 102, 137, 149, 168, 175, 198, 212, 235, 280, 297, 315, 335, 362, 390]}, "monro": {"prob": 0.002320185614849188, "count": 1, "pos": [1]}, "a": {"prob": 0.030162412993039442, "count": 13, "pos": [2, 38, 46, 51, 56, 71, 88, 108, 115, 184, 253, 311, 415]}, "jazz": {"prob": 0.002320185614849188, "count": 1, "pos": [3]}, "musician": {"prob": 0.002320185614849188, "count": 1, "pos": [4]}, "and": {"prob": 0.048723897911832945, "count": 21, "pos": [5, 24, 98, 110, 158, 169, 178, 199, 208, 225, 236, 259, 272, 281, 301, 316, 336, 352, 373, 399, 407]}, "owner": {"prob": 0.002320185614849188, "count": 1, "pos": [6]}, "of": {"prob": 0.016241299303944315, "count": 7, "pos": [7, 37, 84, 120, 187, 275, 310]}, "the": {"prob": 0.060324825986078884, "count": 26, "pos": [8, 30, 61, 64, 75, 81, 92, 95, 118, 151, 161, 165, 193, 195, 220, 240, 247, 266, 273, 276, 289, 299, 308, 333, 403, 428]}, "happi": {"prob": 0.002320185614849188, "count": 1, "pos": [9]}, "carrot": {"prob": 0.002320185614849188, "count": 1, "pos": [10]}, "health": {"prob": 0.002320185614849188, "count": 1, "pos": [11]}, "food": {"prob": 0.002320185614849188, "count": 1, "pos": [12]}, "store": {"prob": 0.002320185614849188, "count": 1, "pos": [13]}, "in": {"prob": 0.02320185614849188, "count": 10, "pos": [14, 117, 153, 172, 232, 307, 371, 382, 398, 414]}, "1973": {"prob": 0.002320185614849188, "count": 1, "pos": [15]}, "is": {"prob": 0.01160092807424594, "count": 5, "pos": [16, 80, 176, 263, 393]}, "made": {"prob": 0.002320185614849188, "count": 1, "pos": [17]}, "subject": {"prob": 0.002320185614849188, "count": 1, "pos": [18]}, "to": {"prob": 0.027842227378190254, "count": 12, "pos": [19, 44, 54, 67, 73, 112, 127, 142, 147, 150, 287, 359]}, "cryopreserv": {"prob": 0.002320185614849188, "count": 1, "pos": [20]}, "without": {"prob": 0.004640371229698376, "count": 2, "pos": [21, 87]}, "hi": {"prob": 0.01160092807424594, "count": 5, "pos": [22, 129, 139, 206, 264]}, "consent": {"prob": 0.002320185614849188, "count": 1, "pos": [23]}, "not": {"prob": 0.009280742459396751, "count": 4, "pos": [25, 369, 380, 424]}, "reviv": {"prob": 0.004640371229698376, "count": 2, "pos": [26, 33]}, "for": {"prob": 0.009280742459396751, "count": 4, "pos": [27, 164, 283, 341]}, "200": {"prob": 0.002320185614849188, "count": 1, "pos": [28]}, "year": {"prob": 0.002320185614849188, "count": 1, "pos": [29]}, "scientist": {"prob": 0.004640371229698376, "count": 2, "pos": [31, 96]}, "who": {"prob": 0.002320185614849188, "count": 1, "pos": [32]}, "him": {"prob": 0.004640371229698376, "count": 2, "pos": [34, 228]}, "are": {"prob": 0.002320185614849188, "count": 1, "pos": [35]}, "member": {"prob": 0.009280742459396751, "count": 4, "pos": [36, 83, 186, 274]}, "rebellion": {"prob": 0.004640371229698376, "count": 2, "pos": [39, 194]}, "22nd": {"prob": 0.002320185614849188, "count": 1, "pos": [40]}, "centuri": {"prob": 0.002320185614849188, "count": 1, "pos": [41]}, "america": {"prob": 0.002320185614849188, "count": 1, "pos": [42]}, "seem": {"prob": 0.002320185614849188, "count": 1, "pos": [43]}, "be": {"prob": 0.002320185614849188, "count": 1, "pos": [45]}, "polic": {"prob": 0.002320185614849188, "count": 1, "pos": [47]}, "state": {"prob": 0.002320185614849188, "count": 1, "pos": [48]}, "rule": {"prob": 0.002320185614849188, "count": 1, "pos": [49]}, "by": {"prob": 0.01160092807424594, "count": 5, "pos": [50, 104, 180, 252, 304]}, "dictat": {"prob": 0.002320185614849188, "count": 1, "pos": [52]}, "about": {"prob": 0.002320185614849188, "count": 1, "pos": [53]}, "implement": {"prob": 0.002320185614849188, "count": 1, "pos": [55]}, "secret": {"prob": 0.002320185614849188, "count": 1, "pos": [57]}, "plan": {"prob": 0.002320185614849188, "count": 1, "pos": [58]}, "known": {"prob": 0.004640371229698376, "count": 2, "pos": [59, 89]}, "as": {"prob": 0.013921113689095127, "count": 6, "pos": [60, 70, 107, 114, 330, 332]}, "air": {"prob": 0.01160092807424594, "count": 5, "pos": [62, 76, 166, 241, 277]}, "project": {"prob": 0.013921113689095127, "count": 6, "pos": [63, 77, 97, 167, 242, 278]}, "rebel": {"prob": 0.009280742459396751, "count": 4, "pos": [65, 196, 221, 254]}, "hope": {"prob": 0.002320185614849188, "count": 1, "pos": [66]}, "use": {"prob": 0.002320185614849188, "count": 1, "pos": [68]}, "spi": {"prob": 0.002320185614849188, "count": 1, "pos": [72]}, "infiltr": {"prob": 0.004640371229698376, "count": 2, "pos": [74, 239]}, "becaus": {"prob": 0.002320185614849188, "count": 1, "pos": [78]}, "he": {"prob": 0.02320185614849188, "count": 10, "pos": [79, 155, 182, 204, 216, 322, 367, 378, 395, 400]}, "on": {"prob": 0.004640371229698376, "count": 2, "pos": [82, 160]}, "thi": {"prob": 0.0069605568445475635, "count": 3, "pos": [85, 292, 364]}, "societi": {"prob": 0.004640371229698376, "count": 2, "pos": [86, 189]}, "biometr": {"prob": 0.002320185614849188, "count": 1, "pos": [90]}, "ident": {"prob": 0.004640371229698376, "count": 2, "pos": [91, 141]}, "author": {"prob": 0.004640371229698376, "count": 2, "pos": [93, 152]}, "discov": {"prob": 0.002320185614849188, "count": 1, "pos": [94]}, "arrest": {"prob": 0.002320185614849188, "count": 1, "pos": [99]}, "them": {"prob": 0.004640371229698376, "count": 2, "pos": [100, 286]}, "but": {"prob": 0.01160092807424594, "count": 5, "pos": [101, 174, 296, 344, 417]}, "escap": {"prob": 0.004640371229698376, "count": 2, "pos": [103, 314]}, "disgui": {"prob": 0.002320185614849188, "count": 1, "pos": [105]}, "himself": {"prob": 0.002320185614849188, "count": 1, "pos": [106]}, "robot": {"prob": 0.002320185614849188, "count": 1, "pos": [109]}, "goe": {"prob": 0.004640371229698376, "count": 2, "pos": [111, 159]}, "work": {"prob": 0.002320185614849188, "count": 1, "pos": [113]}, "butler": {"prob": 0.002320185614849188, "count": 1, "pos": [116]}, "hous": {"prob": 0.002320185614849188, "count": 1, "pos": [119]}, "socialit": {"prob": 0.002320185614849188, "count": 1, "pos": [121]}, "luna": {"prob": 0.027842227378190254, "count": 12, "pos": [122, 125, 145, 170, 191, 218, 237, 282, 317, 337, 374, 388]}, "schlosser": {"prob": 0.002320185614849188, "count": 1, "pos": [123]}, "when": {"prob": 0.004640371229698376, "count": 2, "pos": [124, 215]}, "decid": {"prob": 0.002320185614849188, "count": 1, "pos": [126]}, "have": {"prob": 0.004640371229698376, "count": 2, "pos": [128, 355]}, "head": {"prob": 0.002320185614849188, "count": 1, "pos": [130]}, "replac": {"prob": 0.002320185614849188, "count": 1, "pos": [131]}, "with": {"prob": 0.004640371229698376, "count": 2, "pos": [132, 402]}, "someth": {"prob": 0.002320185614849188, "count": 1, "pos": [133]}, "more": {"prob": 0.002320185614849188, "count": 1, "pos": [134]}, "aesthet": {"prob": 0.002320185614849188, "count": 1, "pos": [135]}, "plea": {"prob": 0.002320185614849188, "count": 1, "pos": [136]}, "reveal": {"prob": 0.002320185614849188, "count": 1, "pos": [138]}, "true": {"prob": 0.002320185614849188, "count": 1, "pos": [140]}, "her": {"prob": 0.0069605568445475635, "count": 3, "pos": [143, 157, 324]}, "whereupon": {"prob": 0.004640371229698376, "count": 2, "pos": [144, 203]}, "threaten": {"prob": 0.002320185614849188, "count": 1, "pos": [146]}, "give": {"prob": 0.002320185614849188, "count": 1, "pos": [148]}, "respon": {"prob": 0.002320185614849188, "count": 1, "pos": [154]}, "kidnap": {"prob": 0.004640371229698376, "count": 2, "pos": [156, 197]}, "run": {"prob": 0.002320185614849188, "count": 1, "pos": [162]}, "search": {"prob": 0.002320185614849188, "count": 1, "pos": [163]}, "fall": {"prob": 0.002320185614849188, "count": 1, "pos": [171]}, "love": {"prob": 0.0069605568445475635, "count": 3, "pos": [173, 234, 340]}, "captur": {"prob": 0.002320185614849188, "count": 1, "pos": [177]}, "brainwash": {"prob": 0.004640371229698376, "count": 2, "pos": [179, 202]}, "which": {"prob": 0.002320185614849188, "count": 1, "pos": [181]},