{"__total__": 552, "__name__": "doc_1316_Sleepless_in_Seattle.txt", "sam": {"prob": 0.025362318840579712, "count": 14, "pos": [0, 23, 53, 84, 125, 172, 237, 259, 269, 348, 424, 468, 514, 521]}, "baldwin": {"prob": 0.0018115942028985507, "count": 1, "pos": [1]}, "a": {"prob": 0.021739130434782608, "count": 12, "pos": [2, 41, 47, 92, 121, 166, 175, 182, 235, 445, 451, 512]}, "chicago": {"prob": 0.0018115942028985507, "count": 1, "pos": [3]}, "architect": {"prob": 0.0018115942028985507, "count": 1, "pos": [4]}, "lose": {"prob": 0.0018115942028985507, "count": 1, "pos": [5]}, "hi": {"prob": 0.019927536231884056, "count": 11, "pos": [6, 13, 37, 200, 214, 273, 320, 491, 519, 531, 540]}, "wife": {"prob": 0.0036231884057971015, "count": 2, "pos": [7, 43]}, "maggi": {"prob": 0.0036231884057971015, "count": 2, "pos": [8, 66]}, "to": {"prob": 0.05434782608695652, "count": 30, "pos": [9, 39, 54, 59, 83, 99, 116, 142, 157, 160, 162, 198, 202, 204, 207, 219, 222, 302, 305, 316, 325, 336, 379, 388, 403, 406, 408, 418, 441, 542]}, "cancer": {"prob": 0.0018115942028985507, "count": 1, "pos": [10]}, "he": {"prob": 0.010869565217391304, "count": 6, "pos": [11, 64, 250, 275, 493, 535]}, "and": {"prob": 0.036231884057971016, "count": 20, "pos": [12, 77, 148, 155, 188, 244, 260, 281, 300, 323, 339, 352, 375, 411, 425, 469, 475, 492, 505, 544]}, "young": {"prob": 0.0018115942028985507, "count": 1, "pos": [14]}, "son": {"prob": 0.0018115942028985507, "count": 1, "pos": [15]}, "jonah": {"prob": 0.030797101449275364, "count": 17, "pos": [16, 33, 51, 179, 181, 217, 261, 314, 334, 351, 426, 454, 462, 470, 485, 500, 506]}, "start": {"prob": 0.0018115942028985507, "count": 1, "pos": [17]}, "new": {"prob": 0.010869565217391304, "count": 6, "pos": [18, 42, 205, 224, 303, 317]}, "live": {"prob": 0.0018115942028985507, "count": 1, "pos": [19]}, "in": {"prob": 0.005434782608695652, "count": 3, "pos": [20, 330, 428]}, "seattl": {"prob": 0.0036231884057971015, "count": 2, "pos": [21, 161]}, "but": {"prob": 0.012681159420289856, "count": 7, "pos": [22, 101, 145, 196, 267, 284, 393]}, "still": {"prob": 0.0018115942028985507, "count": 1, "pos": [24]}, "griev": {"prob": 0.0018115942028985507, "count": 1, "pos": [25]}, "18": {"prob": 0.0018115942028985507, "count": 1, "pos": [26]}, "month": {"prob": 0.0018115942028985507, "count": 1, "pos": [27]}, "later": {"prob": 0.0018115942028985507, "count": 1, "pos": [28]}, "on": {"prob": 0.016304347826086956, "count": 9, "pos": [29, 56, 128, 135, 168, 210, 263, 287, 355]}, "christma": {"prob": 0.0018115942028985507, "count": 1, "pos": [30]}, "eve": {"prob": 0.0018115942028985507, "count": 1, "pos": [31]}, "1992": {"prob": 0.0018115942028985507, "count": 1, "pos": [32]}, "mdash": {"prob": 0.0036231884057971015, "count": 2, "pos": [34, 44]}, "who": {"prob": 0.0036231884057971015, "count": 2, "pos": [35, 254]}, "want": {"prob": 0.0018115942028985507, "count": 1, "pos": [36]}, "father": {"prob": 0.005434782608695652, "count": 3, "pos": [38, 201, 321]}, "find": {"prob": 0.0036231884057971015, "count": 2, "pos": [40, 353]}, "call": {"prob": 0.0018115942028985507, "count": 1, "pos": [45]}, "into": {"prob": 0.0036231884057971015, "count": 2, "pos": [46, 164]}, "talk": {"prob": 0.0036231884057971015, "count": 2, "pos": [48, 60]}, "radio": {"prob": 0.0036231884057971015, "count": 2, "pos": [49, 170]}, "show": {"prob": 0.0036231884057971015, "count": 2, "pos": [50, 171]}, "persuad": {"prob": 0.0018115942028985507, "count": 1, "pos": [52]}, "go": {"prob": 0.009057971014492754, "count": 5, "pos": [55, 203, 407, 525, 547]}, "the": {"prob": 0.057971014492753624, "count": 32, "pos": [57, 72, 75, 80, 87, 112, 131, 193, 211, 223, 232, 264, 279, 326, 356, 363, 366, 389, 394, 401, 416, 419, 431, 438, 466, 473, 476, 480, 487, 515, 545, 549]}, "air": {"prob": 0.0018115942028985507, "count": 1, "pos": [58]}, "about": {"prob": 0.0018115942028985507, "count": 1, "pos": [61]}, "how": {"prob": 0.0018115942028985507, "count": 1, "pos": [62]}, "much": {"prob": 0.0018115942028985507, "count": 1, "pos": [63]}, "miss": {"prob": 0.0036231884057971015, "count": 2, "pos": [65, 106]}, "hundr": {"prob": 0.0018115942028985507, "count": 1, "pos": [67]}, "of": {"prob": 0.010869565217391304, "count": 6, "pos": [68, 86, 130, 213, 332, 430]}, "women": {"prob": 0.0018115942028985507, "count": 1, "pos": [69]}, "from": {"prob": 0.012681159420289856, "count": 7, "pos": [70, 107, 241, 278, 365, 465, 472]}, "around": {"prob": 0.0036231884057971015, "count": 2, "pos": [71, 448]}, "countri": {"prob": 0.0018115942028985507, "count": 1, "pos": [73]}, "hear": {"prob": 0.0018115942028985507, "count": 1, "pos": [74]}, "program": {"prob": 0.0018115942028985507, "count": 1, "pos": [76]}, "touch": {"prob": 0.0018115942028985507, "count": 1, "pos": [78]}, "by": {"prob": 0.0036231884057971015, "count": 2, "pos": [79, 247]}, "stori": {"prob": 0.0036231884057971015, "count": 2, "pos": [81, 167]}, "write": {"prob": 0.0036231884057971015, "count": 2, "pos": [82, 120]}, "one": {"prob": 0.0018115942028985507, "count": 1, "pos": [85]}, "listen": {"prob": 0.0018115942028985507, "count": 1, "pos": [88]}, "is": {"prob": 0.018115942028985508, "count": 10, "pos": [89, 97, 104, 245, 256, 297, 346, 371, 490, 496]}, "anni": {"prob": 0.03260869565217391, "count": 18, "pos": [90, 118, 159, 186, 209, 220, 239, 257, 285, 333, 347, 360, 399, 436, 483, 499, 510, 543]}, "reed": {"prob": 0.0018115942028985507, "count": 1, "pos": [91]}, "baltimor": {"prob": 0.0036231884057971015, "count": 2, "pos": [93, 194]}, "sun": {"prob": 0.0018115942028985507, "count": 1, "pos": [94]}, "report": {"prob": 0.0018115942028985507, "count": 1, "pos": [95]}, "she": {"prob": 0.019927536231884056, "count": 11, "pos": [96, 138, 255, 294, 296, 345, 370, 386, 449, 459, 502]}, "engag": {"prob": 0.0036231884057971015, "count": 2, "pos": [98, 385]}, "walter": {"prob": 0.005434782608695652, "count": 3, "pos": [100, 307, 374]}, "feel": {"prob": 0.0018115942028985507, "count": 1, "pos": [102]}, "there": {"prob": 0.0018115942028985507, "count": 1, "pos": [103]}, "someth": {"prob": 0.0018115942028985507, "count": 1, "pos": [105]}, "their": {"prob": 0.0036231884057971015, "count": 2, "pos": [108, 384]}, "relationship": {"prob": 0.0018115942028985507, "count": 1, "pos": [109]}, "after": {"prob": 0.0036231884057971015, "count": 2, "pos": [110, 415]}, "watch": {"prob": 0.0036231884057971015, "count": 2, "pos": [111, 258]}, "film": {"prob": 0.0018115942028985507, "count": 1, "pos": [113]}, "an": {"prob": 0.0018115942028985507, "count": 1, "pos": [114]}, "affair": {"prob": 0.0018115942028985507, "count": 1, "pos": [115]}, "rememb": {"prob": 0.0018115942028985507, "count": 1, "pos": [117]}, "impul": {"prob": 0.0018115942028985507, "count": 1, "pos": [119]}, "letter": {"prob": 0.0036231884057971015, "count": 2, "pos": [122, 187]}, "suggest": {"prob": 0.0018115942028985507, "count": 1, "pos": [123]}, "that": {"prob": 0.005434782608695652, "count": 3, "pos": [124, 190, 453]}, "meet": {"prob": 0.009057971014492754, "count": 5, "pos": [126, 208, 226, 306, 478]}, "her": {"prob": 0.016304347826086956, "count": 9, "pos": [127, 146, 154, 242, 248, 277, 377, 405, 443]}, "top": {"prob": 0.0018115942028985507, "count": 1, "pos": [129]}, "empir": {"prob": 0.005434782608695652, "count": 3, "pos": [132, 327, 390]}, "state": {"prob": 0.005434782608695652, "count": 3, "pos": [133, 328, 391]}, "build": {"prob": 0.005434782608695652, "count": 3, "pos": [134, 329, 392]}, "valentin": {"prob": 0.0036231884057971015, "count": 2, "pos": [136, 309]}, "day": {"prob": 0.0036231884057971015, "count": 2, "pos": [137, 310]}, "doe": {"prob": 0.0036231884057971015, "count": 2, "pos": [139, 151]}, "not": {"prob": 0.0018115942028985507, "count": 1, "pos": [140]}, "intend": {"prob": 0.0018115942028985507, "count": 1, "pos": [141]}, "mail": {"prob": 0.0018115942028985507, "count": 1, "pos": [143]}, "it": {"prob": 0.009057971014492754, "count": 5, "pos": [144, 152, 191, 495, 528]},