{"__total__": 350, "__name__": "doc_1317_Sleepy_Hollow.txt", "in": {"prob": 0.02, "count": 7, "pos": [0, 36, 70, 126, 290, 330, 344]}, "1799": {"prob": 0.002857142857142857, "count": 1, "pos": [1]}, "new": {"prob": 0.014285714285714285, "count": 5, "pos": [2, 27, 58, 342, 348]}, "york": {"prob": 0.008571428571428572, "count": 3, "pos": [3, 28, 343]}, "citi": {"prob": 0.002857142857142857, "count": 1, "pos": [4]}, "ichabod": {"prob": 0.002857142857142857, "count": 1, "pos": [5]}, "crane": {"prob": 0.022857142857142857, "count": 8, "pos": [6, 68, 115, 157, 203, 232, 301, 334]}, "is": {"prob": 0.014285714285714285, "count": 5, "pos": [7, 14, 91, 167, 237]}, "a": {"prob": 0.03428571428571429, "count": 12, "pos": [8, 31, 55, 98, 111, 144, 179, 198, 242, 278, 288, 295]}, "24": {"prob": 0.002857142857142857, "count": 1, "pos": [9]}, "year": {"prob": 0.002857142857142857, "count": 1, "pos": [10]}, "old": {"prob": 0.002857142857142857, "count": 1, "pos": [11]}, "offic": {"prob": 0.002857142857142857, "count": 1, "pos": [12]}, "he": {"prob": 0.011428571428571429, "count": 4, "pos": [13, 130, 166, 177]}, "dispatch": {"prob": 0.002857142857142857, "count": 1, "pos": [15]}, "by": {"prob": 0.017142857142857144, "count": 6, "pos": [16, 84, 169, 255, 284, 307]}, "hi": {"prob": 0.025714285714285714, "count": 9, "pos": [17, 47, 75, 117, 172, 215, 316, 325, 328]}, "superior": {"prob": 0.002857142857142857, "count": 1, "pos": [18]}, "to": {"prob": 0.022857142857142857, "count": 8, "pos": [19, 29, 81, 161, 268, 311, 321, 341]}, "the": {"prob": 0.08571428571428572, "count": 30, "pos": [20, 38, 51, 85, 89, 104, 123, 127, 132, 147, 150, 154, 184, 187, 190, 201, 206, 209, 219, 223, 226, 230, 234, 252, 263, 291, 299, 309, 312, 347]}, "westchest": {"prob": 0.002857142857142857, "count": 1, "pos": [21]}, "counti": {"prob": 0.002857142857142857, "count": 1, "pos": [22]}, "hamlet": {"prob": 0.002857142857142857, "count": 1, "pos": [23]}, "of": {"prob": 0.03142857142857143, "count": 11, "pos": [24, 33, 57, 77, 93, 149, 171, 189, 200, 229, 280]}, "sleepi": {"prob": 0.008571428571428572, "count": 3, "pos": [25, 71, 331]}, "hollow": {"prob": 0.008571428571428572, "count": 3, "pos": [26, 72, 332]}, "investig": {"prob": 0.008571428571428572, "count": 3, "pos": [30, 60, 118]}, "seri": {"prob": 0.002857142857142857, "count": 1, "pos": [32]}, "brutal": {"prob": 0.002857142857142857, "count": 1, "pos": [34]}, "slay": {"prob": 0.002857142857142857, "count": 1, "pos": [35]}, "which": {"prob": 0.002857142857142857, "count": 1, "pos": [37]}, "victim": {"prob": 0.005714285714285714, "count": 2, "pos": [39, 199]}, "have": {"prob": 0.002857142857142857, "count": 1, "pos": [40]}, "been": {"prob": 0.002857142857142857, "count": 1, "pos": [41]}, "found": {"prob": 0.002857142857142857, "count": 1, "pos": [42]}, "decapit": {"prob": 0.002857142857142857, "count": 1, "pos": [43]}, "peter": {"prob": 0.002857142857142857, "count": 1, "pos": [44]}, "van": {"prob": 0.011428571428571429, "count": 4, "pos": [45, 155, 259, 305]}, "garrett": {"prob": 0.002857142857142857, "count": 1, "pos": [46]}, "son": {"prob": 0.002857142857142857, "count": 1, "pos": [48]}, "dirk": {"prob": 0.002857142857142857, "count": 1, "pos": [49]}, "and": {"prob": 0.022857142857142857, "count": 8, "pos": [50, 66, 95, 239, 248, 294, 318, 337]}, "widow": {"prob": 0.002857142857142857, "count": 1, "pos": [52]}, "emili": {"prob": 0.002857142857142857, "count": 1, "pos": [53]}, "winship": {"prob": 0.002857142857142857, "count": 1, "pos": [54]}, "pioneer": {"prob": 0.002857142857142857, "count": 1, "pos": [56]}, "unproven": {"prob": 0.002857142857142857, "count": 1, "pos": [59]}, "techniqu": {"prob": 0.002857142857142857, "count": 1, "pos": [61]}, "such": {"prob": 0.002857142857142857, "count": 1, "pos": [62]}, "as": {"prob": 0.008571428571428572, "count": 3, "pos": [63, 212, 214]}, "finger": {"prob": 0.002857142857142857, "count": 1, "pos": [64]}, "print": {"prob": 0.002857142857142857, "count": 1, "pos": [65]}, "autopsi": {"prob": 0.002857142857142857, "count": 1, "pos": [67]}, "arriv": {"prob": 0.002857142857142857, "count": 1, "pos": [69]}, "arm": {"prob": 0.002857142857142857, "count": 1, "pos": [73]}, "with": {"prob": 0.017142857142857144, "count": 6, "pos": [74, 186, 251, 324, 327, 335]}, "bag": {"prob": 0.002857142857142857, "count": 1, "pos": [76]}, "scientif": {"prob": 0.002857142857142857, "count": 1, "pos": [78]}, "tool": {"prob": 0.002857142857142857, "count": 1, "pos": [79]}, "on": {"prob": 0.011428571428571429, "count": 4, "pos": [80, 110, 141, 272]}, "be": {"prob": 0.002857142857142857, "count": 1, "pos": [82]}, "inform": {"prob": 0.002857142857142857, "count": 1, "pos": [83]}, "town": {"prob": 0.005714285714285714, "count": 2, "pos": [86, 151]}, "elder": {"prob": 0.002857142857142857, "count": 1, "pos": [87]}, "that": {"prob": 0.002857142857142857, "count": 1, "pos": [88]}, "murder": {"prob": 0.002857142857142857, "count": 1, "pos": [90]}, "not": {"prob": 0.002857142857142857, "count": 1, "pos": [92]}, "flesh": {"prob": 0.002857142857142857, "count": 1, "pos": [94]}, "blood": {"prob": 0.002857142857142857, "count": 1, "pos": [96]}, "rather": {"prob": 0.002857142857142857, "count": 1, "pos": [97]}, "headless": {"prob": 0.005714285714285714, "count": 2, "pos": [99, 133]}, "supernatur": {"prob": 0.008571428571428572, "count": 3, "pos": [100, 124, 224]}, "warrior": {"prob": 0.002857142857142857, "count": 1, "pos": [101]}, "from": {"prob": 0.005714285714285714, "count": 2, "pos": [102, 222]}, "beyond": {"prob": 0.002857142857142857, "count": 1, "pos": [103]}, "grave": {"prob": 0.005714285714285714, "count": 2, "pos": [105, 211]}, "who": {"prob": 0.011428571428571429, "count": 4, "pos": [106, 136, 261, 314]}, "ride": {"prob": 0.002857142857142857, "count": 1, "pos": [107]}, "at": {"prob": 0.005714285714285714, "count": 2, "pos": [108, 146]}, "night": {"prob": 0.002857142857142857, "count": 1, "pos": [109]}, "massiv": {"prob": 0.002857142857142857, "count": 1, "pos": [112]}, "black": {"prob": 0.002857142857142857, "count": 1, "pos": [113]}, "steed": {"prob": 0.002857142857142857, "count": 1, "pos": [114]}, "begin": {"prob": 0.002857142857142857, "count": 1, "pos": [116]}, "remain": {"prob": 0.002857142857142857, "count": 1, "pos": [119]}, "high": {"prob": 0.002857142857142857, "count": 1, "pos": [120]}, "skeptic": {"prob": 0.002857142857142857, "count": 1, "pos": [121]}, "about": {"prob": 0.002857142857142857, "count": 1, "pos": [122]}, "element": {"prob": 0.002857142857142857, "count": 1, "pos": [125]}, "case": {"prob": 0.002857142857142857, "count": 1, "pos": [128]}, "until": {"prob": 0.002857142857142857, "count": 1, "pos": [129]}, "encount": {"prob": 0.002857142857142857, "count": 1, "pos": [131]}, "horseman": {"prob": 0.017142857142857144, "count": 6, "pos": [134, 202, 210, 235, 253, 313]}, "himself": {"prob": 0.002857142857142857, "count": 1, "pos": [135]}, "kill": {"prob": 0.002857142857142857, "count": 1, "pos": [137]}, "magistr": {"prob": 0.002857142857142857, "count": 1, "pos": [138]}, "samuel": {"prob": 0.002857142857142857, "count": 1, "pos": [139]}, "phillip": {"prob": 0.002857142857142857, "count": 1, "pos": [140]}, "sight": {"prob": 0.002857142857142857, "count": 1, "pos": [142]}, "board": {"prob": 0.002857142857142857, "count": 1, "pos": [143]}, "room": {"prob": 0.002857142857142857, "count": 1, "pos": [145]}, "home": {"prob": 0.002857142857142857, "count": 1, "pos": [148]}, "richest": {"prob": 0.002857142857142857, "count": 1, "pos": [152]}, "famili": {"prob": 0.002857142857142857, "count": 1, "pos": [153]}, "tassel": {"prob": 0.008571428571428572, "count": 3, "pos": [156, 260, 306]}, "develop": {"prob": 0.002857142857142857, "count": 1, "pos": [158]}, "an": {"prob": 0.002857142857142857, "count": 1, "pos": [159]}, "attract": {"prob": 0.002857142857142857, "count": 1, "pos": [160]}, "their": {"prob": 0.002857142857142857, "count": 1, "pos": [162]}, "daughter": {"prob": 0.002857142857142857, "count": 1,