{"__total__": 74, "__name__": "doc_1325_Something_Wild_1986.txt", "a": {"prob": 0.05405405405405406, "count": 4, "pos": [0, 13, 22, 51]}, "strait": {"prob": 0.013513513513513514, "count": 1, "pos": [1]}, "lace": {"prob": 0.013513513513513514, "count": 1, "pos": [2]}, "banker": {"prob": 0.013513513513513514, "count": 1, "pos": [3]}, "who": {"prob": 0.013513513513513514, "count": 1, "pos": [4]}, "work": {"prob": 0.013513513513513514, "count": 1, "pos": [5]}, "in": {"prob": 0.02702702702702703, "count": 2, "pos": [6, 45]}, "new": {"prob": 0.013513513513513514, "count": 1, "pos": [7]}, "york": {"prob": 0.013513513513513514, "count": 1, "pos": [8]}, "citi": {"prob": 0.013513513513513514, "count": 1, "pos": [9]}, "charl": {"prob": 0.013513513513513514, "count": 1, "pos": [10]}, "drigg": {"prob": 0.013513513513513514, "count": 1, "pos": [11]}, "meet": {"prob": 0.013513513513513514, "count": 1, "pos": [12]}, "sexi": {"prob": 0.013513513513513514, "count": 1, "pos": [14]}, "wild": {"prob": 0.013513513513513514, "count": 1, "pos": [15]}, "child": {"prob": 0.013513513513513514, "count": 1, "pos": [16]}, "audrey": {"prob": 0.013513513513513514, "count": 1, "pos": [17]}, "hankel": {"prob": 0.013513513513513514, "count": 1, "pos": [18]}, "aka": {"prob": 0.013513513513513514, "count": 1, "pos": [19]}, "lulu": {"prob": 0.013513513513513514, "count": 1, "pos": [20]}, "for": {"prob": 0.013513513513513514, "count": 1, "pos": [21]}, "seri": {"prob": 0.013513513513513514, "count": 1, "pos": [23]}, "of": {"prob": 0.013513513513513514, "count": 1, "pos": [24]}, "small": {"prob": 0.013513513513513514, "count": 1, "pos": [25]}, "adventur": {"prob": 0.013513513513513514, "count": 1, "pos": [26]}, "though": {"prob": 0.013513513513513514, "count": 1, "pos": [27]}, "he": {"prob": 0.02702702702702703, "count": 2, "pos": [28, 31]}, "initi": {"prob": 0.013513513513513514, "count": 1, "pos": [29]}, "protest": {"prob": 0.013513513513513514, "count": 1, "pos": [30]}, "find": {"prob": 0.013513513513513514, "count": 1, "pos": [32]}, "that": {"prob": 0.02702702702702703, "count": 2, "pos": [33, 41]}, "her": {"prob": 0.05405405405405406, "count": 4, "pos": [34, 55, 65, 72]}, "free": {"prob": 0.013513513513513514, "count": 1, "pos": [35]}, "wheel": {"prob": 0.013513513513513514, "count": 1, "pos": [36]}, "lifestyl": {"prob": 0.013513513513513514, "count": 1, "pos": [37]}, "add": {"prob": 0.013513513513513514, "count": 1, "pos": [38]}, "the": {"prob": 0.02702702702702703, "count": 2, "pos": [39, 48]}, "spark": {"prob": 0.013513513513513514, "count": 1, "pos": [40]}, "ha": {"prob": 0.013513513513513514, "count": 1, "pos": [42]}, "been": {"prob": 0.013513513513513514, "count": 1, "pos": [43]}, "miss": {"prob": 0.013513513513513514, "count": 1, "pos": [44]}, "hi": {"prob": 0.013513513513513514, "count": 1, "pos": [46]}, "life": {"prob": 0.013513513513513514, "count": 1, "pos": [47]}, "relationship": {"prob": 0.013513513513513514, "count": 1, "pos": [49]}, "take": {"prob": 0.013513513513513514, "count": 1, "pos": [50]}, "dark": {"prob": 0.013513513513513514, "count": 1, "pos": [52]}, "turn": {"prob": 0.013513513513513514, "count": 1, "pos": [53]}, "when": {"prob": 0.013513513513513514, "count": 1, "pos": [54]}, "violent": {"prob": 0.013513513513513514, "count": 1, "pos": [56]}, "ex": {"prob": 0.013513513513513514, "count": 1, "pos": [57]}, "convict": {"prob": 0.013513513513513514, "count": 1, "pos": [58]}, "husband": {"prob": 0.013513513513513514, "count": 1, "pos": [59]}, "ray": {"prob": 0.013513513513513514, "count": 1, "pos": [60]}, "sinclair": {"prob": 0.013513513513513514, "count": 1, "pos": [61]}, "show": {"prob": 0.013513513513513514, "count": 1, "pos": [62]}, "up": {"prob": 0.013513513513513514, "count": 1, "pos": [63]}, "at": {"prob": 0.013513513513513514, "count": 1, "pos": [64]}, "high": {"prob": 0.013513513513513514, "count": 1, "pos": [66]}, "school": {"prob": 0.013513513513513514, "count": 1, "pos": [67]}, "class": {"prob": 0.013513513513513514, "count": 1, "pos": [68]}, "reunion": {"prob": 0.013513513513513514, "count": 1, "pos": [69]}, "and": {"prob": 0.013513513513513514, "count": 1, "pos": [70]}, "want": {"prob": 0.013513513513513514, "count": 1, "pos": [71]}, "back": {"prob": 0.013513513513513514, "count": 1, "pos": [73]}}