{"__total__": 551, "__name__": "doc_1334_Soul_Plane.txt", "after": {"prob": 0.010889292196007259, "count": 6, "pos": [0, 324, 335, 359, 426, 533]}, "nashawn": {"prob": 0.016333938294010888, "count": 9, "pos": [1, 161, 189, 251, 348, 370, 378, 454, 501]}, "wade": {"prob": 0.0018148820326678765, "count": 1, "pos": [2]}, "get": {"prob": 0.0054446460980036296, "count": 3, "pos": [3, 35, 419]}, "hi": {"prob": 0.025408348457350273, "count": 14, "pos": [4, 21, 50, 171, 196, 230, 294, 314, 345, 423, 461, 468, 481, 546]}, "butt": {"prob": 0.0018148820326678765, "count": 1, "pos": [5]}, "stuck": {"prob": 0.0018148820326678765, "count": 1, "pos": [6]}, "in": {"prob": 0.025408348457350273, "count": 14, "pos": [7, 144, 150, 186, 226, 242, 272, 298, 321, 327, 393, 402, 493, 500]}, "an": {"prob": 0.0054446460980036296, "count": 3, "pos": [8, 304, 494]}, "airlin": {"prob": 0.014519056261343012, "count": 8, "pos": [9, 33, 52, 75, 77, 79, 160, 515]}, "toilet": {"prob": 0.0018148820326678765, "count": 1, "pos": [10]}, "the": {"prob": 0.0780399274047187, "count": 43, "pos": [11, 32, 46, 73, 78, 89, 92, 96, 100, 123, 131, 136, 145, 154, 158, 179, 207, 227, 245, 248, 264, 273, 286, 331, 339, 353, 362, 366, 375, 380, 384, 394, 397, 403, 411, 415, 449, 453, 456, 458, 498, 513, 540]}, "plane": {"prob": 0.012704174228675136, "count": 7, "pos": [12, 101, 249, 376, 381, 416, 502]}, "suffer": {"prob": 0.0018148820326678765, "count": 1, "pos": [13]}, "a": {"prob": 0.036297640653357534, "count": 20, "pos": [14, 19, 26, 36, 60, 69, 103, 120, 128, 167, 215, 236, 299, 310, 318, 328, 486, 507, 524, 535]}, "minor": {"prob": 0.0018148820326678765, "count": 1, "pos": [15]}, "disast": {"prob": 0.0018148820326678765, "count": 1, "pos": [16]}, "and": {"prob": 0.029038112522686024, "count": 16, "pos": [17, 34, 57, 70, 85, 119, 239, 250, 257, 281, 291, 313, 467, 489, 518, 548]}, "as": {"prob": 0.003629764065335753, "count": 2, "pos": [18, 188]}, "result": {"prob": 0.0018148820326678765, "count": 1, "pos": [20]}, "dog": {"prob": 0.0018148820326678765, "count": 1, "pos": [22]}, "is": {"prob": 0.016333938294010888, "count": 9, "pos": [23, 94, 102, 126, 162, 233, 254, 278, 357]}, "suck": {"prob": 0.0018148820326678765, "count": 1, "pos": [24]}, "through": {"prob": 0.0018148820326678765, "count": 1, "pos": [25]}, "jet": {"prob": 0.0018148820326678765, "count": 1, "pos": [27]}, "engin": {"prob": 0.0018148820326678765, "count": 1, "pos": [28]}, "he": {"prob": 0.016333938294010888, "count": 9, "pos": [29, 42, 175, 182, 192, 417, 432, 463, 466]}, "then": {"prob": 0.007259528130671506, "count": 4, "pos": [30, 212, 349, 418]}, "sue": {"prob": 0.0018148820326678765, "count": 1, "pos": [31]}, "settlement": {"prob": 0.0018148820326678765, "count": 1, "pos": [37]}, "of": {"prob": 0.018148820326678767, "count": 10, "pos": [38, 130, 157, 169, 217, 244, 301, 405, 460, 512]}, "$100": {"prob": 0.0018148820326678765, "count": 1, "pos": [39]}, "000": {"prob": 0.003629764065335753, "count": 2, "pos": [40, 41]}, "decid": {"prob": 0.0018148820326678765, "count": 1, "pos": [43]}, "to": {"prob": 0.030852994555353903, "count": 17, "pos": [44, 48, 64, 82, 164, 184, 261, 269, 283, 307, 343, 351, 371, 373, 409, 429, 497]}, "use": {"prob": 0.007259528130671506, "count": 4, "pos": [45, 285, 342, 383]}, "money": {"prob": 0.0018148820326678765, "count": 1, "pos": [47]}, "start": {"prob": 0.003629764065335753, "count": 2, "pos": [49, 485]}, "own": {"prob": 0.0018148820326678765, "count": 1, "pos": [51]}, "call": {"prob": 0.003629764065335753, "count": 2, "pos": [53, 95]}, "nwa": {"prob": 0.0018148820326678765, "count": 1, "pos": [54]}, "whose": {"prob": 0.0018148820326678765, "count": 1, "pos": [55]}, "acronym": {"prob": 0.0018148820326678765, "count": 1, "pos": [56]}, "logo": {"prob": 0.0018148820326678765, "count": 1, "pos": [58]}, "are": {"prob": 0.0054446460980036296, "count": 3, "pos": [59, 199, 471]}, "pop": {"prob": 0.0018148820326678765, "count": 1, "pos": [61]}, "cultur": {"prob": 0.003629764065335753, "count": 2, "pos": [62, 88]}, "refer": {"prob": 0.0018148820326678765, "count": 1, "pos": [63]}, "rap": {"prob": 0.0018148820326678765, "count": 1, "pos": [65]}, "group": {"prob": 0.0018148820326678765, "count": 1, "pos": [66]}, "n": {"prob": 0.0018148820326678765, "count": 1, "pos": [67]}, "w": {"prob": 0.0018148820326678765, "count": 1, "pos": [68]}, "base": {"prob": 0.0018148820326678765, "count": 1, "pos": [71]}, "on": {"prob": 0.012704174228675136, "count": 7, "pos": [72, 247, 255, 361, 399, 408, 433]}, "real": {"prob": 0.0018148820326678765, "count": 1, "pos": [74]}, "northwest": {"prob": 0.0018148820326678765, "count": 1, "pos": [76]}, "specif": {"prob": 0.0018148820326678765, "count": 1, "pos": [80]}, "cater": {"prob": 0.0018148820326678765, "count": 1, "pos": [81]}, "african": {"prob": 0.0018148820326678765, "count": 1, "pos": [83]}, "american": {"prob": 0.0018148820326678765, "count": 1, "pos": [84]}, "hip": {"prob": 0.0018148820326678765, "count": 1, "pos": [86]}, "hop": {"prob": 0.0018148820326678765, "count": 1, "pos": [87]}, "termin": {"prob": 0.003629764065335753, "count": 2, "pos": [90, 99]}, "at": {"prob": 0.0018148820326678765, "count": 1, "pos": [91]}, "airport": {"prob": 0.003629764065335753, "count": 2, "pos": [93, 142]}, "malcolm": {"prob": 0.0018148820326678765, "count": 1, "pos": [97]}, "x": {"prob": 0.0018148820326678765, "count": 1, "pos": [98]}, "heavili": {"prob": 0.0018148820326678765, "count": 1, "pos": [104]}, "modifi": {"prob": 0.0018148820326678765, "count": 1, "pos": [105]}, "747": {"prob": 0.0018148820326678765, "count": 1, "pos": [106]}, "200": {"prob": 0.0018148820326678765, "count": 1, "pos": [107]}, "custom": {"prob": 0.0018148820326678765, "count": 1, "pos": [108]}, "with": {"prob": 0.019963702359346643, "count": 11, "pos": [109, 147, 166, 219, 222, 396, 422, 436, 452, 510, 545]}, "low": {"prob": 0.0018148820326678765, "count": 1, "pos": [110]}, "rider": {"prob": 0.0018148820326678765, "count": 1, "pos": [111]}, "hydraul": {"prob": 0.0018148820326678765, "count": 1, "pos": [112]}, "spinner": {"prob": 0.003629764065335753, "count": 2, "pos": [113, 412]}, "blend": {"prob": 0.0018148820326678765, "count": 1, "pos": [114]}, "winglet": {"prob": 0.0018148820326678765, "count": 1, "pos": [115]}, "for": {"prob": 0.003629764065335753, "count": 2, "pos": [116, 447]}, "longer": {"prob": 0.0018148820326678765, "count": 1, "pos": [117]}, "rang": {"prob": 0.0018148820326678765, "count": 1, "pos": [118]}, "danc": {"prob": 0.0018148820326678765, "count": 1, "pos": [121]}, "club": {"prob": 0.0054446460980036296, "count": 3, "pos": [122, 488, 499]}, "safeti": {"prob": 0.0018148820326678765, "count": 1, "pos": [124]}, "video": {"prob": 0.0054446460980036296, "count": 3, "pos": [125, 527, 538]}, "also": {"prob": 0.0054446460980036296, "count": 3, "pos": [127, 267, 539]}, "spoof": {"prob": 0.0018148820326678765, "count": 1, "pos": [129]}, "destini": {"prob": 0.0018148820326678765, "count": 1, "pos": [132]}, "child": {"prob": 0.0018148820326678765, "count": 1, "pos": [133]}, "song": {"prob": 0.0018148820326678765, "count": 1, "pos": [134]}, "survivor": {"prob": 0.0018148820326678765, "count": 1, "pos": [135]}, "flight": {"prob": 0.007259528130671506, "count": 4, "pos": [137, 156, 387, 401]}, "took": {"prob": 0.0018148820326678765, "count": 1, "pos": [138]}, "off": {"prob": 0.0018148820326678765, "count": 1, "pos": [139]}, "from": {"prob": 0.007259528130671506, "count": 4, "pos": [140, 206, 303, 414]}, "lax": {"prob": 0.0018148820326678765, "count": 1, "pos": [141]}, "late": {"prob": 0.0018148820326678765, "count": 1, "pos": [143]}, "even": {"prob": 0.0018148820326678765, "count": 1, "pos": [146]}, "captain": {"prob": 0.0054446460980036296, "count": 3, "pos": [148, 201, 210]}, "mack": {"prob": 0.0054446460980036296, "count": 3, "pos": [149, 202, 211]}, "command": {"prob": 0.0018148820326678765, "count": 1, "pos": [151]}, "howev": {"prob": 0.0018148820326678765, "count": 1, "pos": [152]},