{"__total__": 357, "__name__": "doc_1365_Steel_Magnolias.txt", "annel": {"prob": 0.011204481792717087, "count": 4, "pos": [0, 271, 314, 338]}, "dupuy": {"prob": 0.0028011204481792717, "count": 1, "pos": [1]}, "a": {"prob": 0.025210084033613446, "count": 9, "pos": [2, 23, 55, 64, 90, 100, 167, 191, 224]}, "recent": {"prob": 0.0028011204481792717, "count": 1, "pos": [3]}, "beauti": {"prob": 0.0056022408963585435, "count": 2, "pos": [4, 18]}, "school": {"prob": 0.0028011204481792717, "count": 1, "pos": [5]}, "graduat": {"prob": 0.0028011204481792717, "count": 1, "pos": [6]}, "is": {"prob": 0.0196078431372549, "count": 7, "pos": [7, 41, 67, 149, 153, 316, 348]}, "hire": {"prob": 0.0028011204481792717, "count": 1, "pos": [8]}, "by": {"prob": 0.0056022408963585435, "count": 2, "pos": [9, 113]}, "truvi": {"prob": 0.011204481792717087, "count": 4, "pos": [10, 27, 34, 270]}, "jone": {"prob": 0.0028011204481792717, "count": 1, "pos": [11]}, "to": {"prob": 0.03081232492997199, "count": 11, "pos": [12, 35, 129, 189, 193, 209, 245, 280, 283, 297, 350]}, "work": {"prob": 0.0028011204481792717, "count": 1, "pos": [13]}, "in": {"prob": 0.011204481792717087, "count": 4, "pos": [14, 120, 264, 266]}, "her": {"prob": 0.036414565826330535, "count": 13, "pos": [15, 29, 81, 114, 130, 135, 147, 194, 239, 299, 304, 312, 328]}, "home": {"prob": 0.0028011204481792717, "count": 1, "pos": [16]}, "base": {"prob": 0.0028011204481792717, "count": 1, "pos": [17]}, "salon": {"prob": 0.008403361344537815, "count": 3, "pos": [19, 51, 122]}, "m": {"prob": 0.0196078431372549, "count": 7, "pos": [20, 151, 186, 260, 284, 294, 322]}, "lynn": {"prob": 0.0196078431372549, "count": 7, "pos": [21, 152, 187, 261, 285, 295, 323]}, "eatenton": {"prob": 0.0028011204481792717, "count": 1, "pos": [22]}, "good": {"prob": 0.0028011204481792717, "count": 1, "pos": [24]}, "friend": {"prob": 0.0028011204481792717, "count": 1, "pos": [25]}, "of": {"prob": 0.01680672268907563, "count": 6, "pos": [26, 102, 146, 162, 180, 268]}, "and": {"prob": 0.047619047619047616, "count": 17, "pos": [28, 60, 69, 116, 126, 134, 183, 196, 220, 238, 241, 272, 288, 302, 319, 347, 353]}, "daughter": {"prob": 0.008403361344537815, "count": 3, "pos": [30, 195, 300]}, "shelbi": {"prob": 0.03081232492997199, "count": 11, "pos": [31, 38, 92, 127, 156, 164, 176, 215, 232, 247, 332]}, "arriv": {"prob": 0.0056022408963585435, "count": 2, "pos": [32, 48]}, "at": {"prob": 0.014005602240896359, "count": 5, "pos": [33, 49, 73, 251, 291]}, "prepar": {"prob": 0.0028011204481792717, "count": 1, "pos": [36]}, "for": {"prob": 0.0028011204481792717, "count": 1, "pos": [37]}, "wed": {"prob": 0.0028011204481792717, "count": 1, "pos": [39]}, "which": {"prob": 0.0028011204481792717, "count": 1, "pos": [40]}, "take": {"prob": 0.008403361344537815, "count": 3, "pos": [42, 71, 199]}, "place": {"prob": 0.0056022408963585435, "count": 2, "pos": [43, 200]}, "later": {"prob": 0.011204481792717087, "count": 4, "pos": [44, 175, 290, 334]}, "that": {"prob": 0.011204481792717087, "count": 4, "pos": [45, 132, 155, 231]}, "day": {"prob": 0.0056022408963585435, "count": 2, "pos": [46, 202]}, "also": {"prob": 0.0056022408963585435, "count": 2, "pos": [47, 63]}, "the": {"prob": 0.04481792717086835, "count": 16, "pos": [50, 117, 121, 144, 160, 197, 201, 213, 218, 226, 229, 252, 255, 275, 292, 351]}, "are": {"prob": 0.008403361344537815, "count": 3, "pos": [52, 138, 278]}, "ouiser": {"prob": 0.008403361344537815, "count": 3, "pos": [53, 74, 273]}, "boudreaux": {"prob": 0.0028011204481792717, "count": 1, "pos": [54]}, "grouchi": {"prob": 0.0028011204481792717, "count": 1, "pos": [56]}, "two": {"prob": 0.0028011204481792717, "count": 1, "pos": [57]}, "time": {"prob": 0.0028011204481792717, "count": 1, "pos": [58]}, "widow": {"prob": 0.0056022408963585435, "count": 2, "pos": [59, 65]}, "clair": {"prob": 0.0056022408963585435, "count": 2, "pos": [61, 269]}, "belcher": {"prob": 0.0028011204481792717, "count": 1, "pos": [62]}, "who": {"prob": 0.008403361344537815, "count": 3, "pos": [66, 93, 315]}, "cheer": {"prob": 0.0028011204481792717, "count": 1, "pos": [68]}, "enjoy": {"prob": 0.0028011204481792717, "count": 1, "pos": [70]}, "crack": {"prob": 0.0028011204481792717, "count": 1, "pos": [72]}, "whenev": {"prob": 0.0028011204481792717, "count": 1, "pos": [75]}, "possibl": {"prob": 0.0028011204481792717, "count": 1, "pos": [76]}, "dure": {"prob": 0.0056022408963585435, "count": 2, "pos": [77, 342]}, "an": {"prob": 0.0056022408963585435, "count": 2, "pos": [78, 343]}, "argument": {"prob": 0.0028011204481792717, "count": 1, "pos": [79]}, "with": {"prob": 0.0056022408963585435, "count": 2, "pos": [80, 108]}, "mother": {"prob": 0.0056022408963585435, "count": 2, "pos": [82, 115]}, "over": {"prob": 0.0028011204481792717, "count": 1, "pos": [83]}, "whether": {"prob": 0.0028011204481792717, "count": 1, "pos": [84]}, "or": {"prob": 0.0028011204481792717, "count": 1, "pos": [85]}, "not": {"prob": 0.0028011204481792717, "count": 1, "pos": [86]}, "she": {"prob": 0.014005602240896359, "count": 5, "pos": [87, 105, 133, 221, 325]}, "should": {"prob": 0.0028011204481792717, "count": 1, "pos": [88]}, "bear": {"prob": 0.0028011204481792717, "count": 1, "pos": [89]}, "child": {"prob": 0.0056022408963585435, "count": 2, "pos": [91, 142]}, "ha": {"prob": 0.0028011204481792717, "count": 1, "pos": [94]}, "type": {"prob": 0.0028011204481792717, "count": 1, "pos": [95]}, "one": {"prob": 0.0028011204481792717, "count": 1, "pos": [96]}, "diabet": {"prob": 0.0028011204481792717, "count": 1, "pos": [97]}, "fall": {"prob": 0.0028011204481792717, "count": 1, "pos": [98]}, "into": {"prob": 0.008403361344537815, "count": 3, "pos": [99, 223, 340]}, "state": {"prob": 0.0028011204481792717, "count": 1, "pos": [101]}, "hypoglycemia": {"prob": 0.0028011204481792717, "count": 1, "pos": [103]}, "but": {"prob": 0.0056022408963585435, "count": 2, "pos": [104, 274]}, "recov": {"prob": 0.0028011204481792717, "count": 1, "pos": [106]}, "quick": {"prob": 0.0028011204481792717, "count": 1, "pos": [107]}, "some": {"prob": 0.0028011204481792717, "count": 1, "pos": [109]}, "orang": {"prob": 0.0028011204481792717, "count": 1, "pos": [110]}, "juic": {"prob": 0.0028011204481792717, "count": 1, "pos": [111]}, "provid": {"prob": 0.0028011204481792717, "count": 1, "pos": [112]}, "other": {"prob": 0.008403361344537815, "count": 3, "pos": [118, 256, 276]}, "women": {"prob": 0.0056022408963585435, "count": 2, "pos": [119, 277]}, "sever": {"prob": 0.0056022408963585435, "count": 2, "pos": [123, 173]}, "month": {"prob": 0.011204481792717087, "count": 4, "pos": [124, 174, 211, 333]}, "pass": {"prob": 0.0028011204481792717, "count": 1, "pos": [125]}, "announc": {"prob": 0.0028011204481792717, "count": 1, "pos": [128]}, "famili": {"prob": 0.011204481792717087, "count": 4, "pos": [131, 148, 230, 240]}, "husband": {"prob": 0.0056022408963585435, "count": 2, "pos": [136, 242]}, "jackson": {"prob": 0.011204481792717087, "count": 4, "pos": [137, 170, 204, 308]}, "expect": {"prob": 0.0028011204481792717, "count": 1, "pos": [139]}, "their": {"prob": 0.0028011204481792717, "count": 1, "pos": [140]}, "first": {"prob": 0.0056022408963585435, "count": 2, "pos": [141, 206]}, "although": {"prob": 0.0028011204481792717, "count": 1, "pos": [143]}, "major": {"prob": 0.0028011204481792717, "count": 1, "pos": [145]}, "thrill": {"prob": 0.0028011204481792717, "count": 1, "pos": [150]}, "worri": {"prob": 0.0028011204481792717, "count": 1, "pos": [154]}, "bodi": {"prob": 0.0056022408963585435, "count": 2, "pos": [157, 216]}, "cannot": {"prob": 0.0028011204481792717, "count": 1, "pos": [158]}, "handl": {"prob": 0.0028011204481792717, "count": 1, "pos": [159]}, "stress": {"prob": 0.0028011204481792717, "count": 1, "pos": [161]}, "childbirth": {"prob": 0.0028011204481792717, "count": 1, "pos": [163]}, "success": {"prob": 0.0028011204481792717, "count": 1, "pos": [165]}, "deliv": {"prob": 0.0028011204481792717, "count": 1, "pos": [166]},