{"__total__": 92, "__name__": "doc_1366_Stella_1955.txt", "stella": {"prob": 0.03260869565217391, "count": 3, "pos": [0, 35, 76]}, "the": {"prob": 0.05434782608695652, "count": 5, "pos": [1, 31, 66, 73, 80]}, "main": {"prob": 0.010869565217391304, "count": 1, "pos": [2]}, "charact": {"prob": 0.010869565217391304, "count": 1, "pos": [3]}, "is": {"prob": 0.021739130434782608, "count": 2, "pos": [4, 10]}, "a": {"prob": 0.03260869565217391, "count": 3, "pos": [5, 15, 61]}, "rebetiko": {"prob": 0.010869565217391304, "count": 1, "pos": [6]}, "singer": {"prob": 0.010869565217391304, "count": 1, "pos": [7]}, "although": {"prob": 0.010869565217391304, "count": 1, "pos": [8]}, "she": {"prob": 0.03260869565217391, "count": 3, "pos": [9, 18, 52]}, "in": {"prob": 0.021739130434782608, "count": 2, "pos": [11, 39]}, "love": {"prob": 0.010869565217391304, "count": 1, "pos": [12]}, "with": {"prob": 0.021739130434782608, "count": 2, "pos": [13, 60]}, "milto": {"prob": 0.043478260869565216, "count": 4, "pos": [14, 25, 42, 57]}, "soccer": {"prob": 0.010869565217391304, "count": 1, "pos": [16]}, "player": {"prob": 0.010869565217391304, "count": 1, "pos": [17]}, "repeated": {"prob": 0.021739130434782608, "count": 2, "pos": [19, 43]}, "reject": {"prob": 0.010869565217391304, "count": 1, "pos": [20]}, "hi": {"prob": 0.010869565217391304, "count": 1, "pos": [21]}, "marriag": {"prob": 0.03260869565217391, "count": 3, "pos": [22, 34, 78]}, "propo": {"prob": 0.010869565217391304, "count": 1, "pos": [23]}, "when": {"prob": 0.010869565217391304, "count": 1, "pos": [24]}, "final": {"prob": 0.010869565217391304, "count": 1, "pos": [26]}, "forc": {"prob": 0.03260869565217391, "count": 3, "pos": [27, 77, 81]}, "her": {"prob": 0.043478260869565216, "count": 4, "pos": [28, 45, 50, 59]}, "to": {"prob": 0.021739130434782608, "count": 2, "pos": [29, 86]}, "accept": {"prob": 0.010869565217391304, "count": 1, "pos": [30]}, "idea": {"prob": 0.010869565217391304, "count": 1, "pos": [32]}, "of": {"prob": 0.03260869565217391, "count": 3, "pos": [33, 65, 75]}, "doe": {"prob": 0.010869565217391304, "count": 1, "pos": [36]}, "not": {"prob": 0.010869565217391304, "count": 1, "pos": [37]}, "appear": {"prob": 0.010869565217391304, "count": 1, "pos": [38]}, "church": {"prob": 0.010869565217391304, "count": 1, "pos": [40]}, "despit": {"prob": 0.010869565217391304, "count": 1, "pos": [41]}, "warn": {"prob": 0.010869565217391304, "count": 1, "pos": [44]}, "that": {"prob": 0.03260869565217391, "count": 3, "pos": [46, 72, 82]}, "he": {"prob": 0.010869565217391304, "count": 1, "pos": [47]}, "will": {"prob": 0.021739130434782608, "count": 2, "pos": [48, 89]}, "kill": {"prob": 0.021739130434782608, "count": 2, "pos": [49, 58]}, "if": {"prob": 0.010869565217391304, "count": 1, "pos": [51]}, "doesn": {"prob": 0.010869565217391304, "count": 1, "pos": [53]}, "t": {"prob": 0.010869565217391304, "count": 1, "pos": [54]}, "marri": {"prob": 0.010869565217391304, "count": 1, "pos": [55]}, "him": {"prob": 0.010869565217391304, "count": 1, "pos": [56]}, "dagger": {"prob": 0.010869565217391304, "count": 1, "pos": [62]}, "at": {"prob": 0.010869565217391304, "count": 1, "pos": [63]}, "end": {"prob": 0.010869565217391304, "count": 1, "pos": [64]}, "film": {"prob": 0.010869565217391304, "count": 1, "pos": [67]}, "it": {"prob": 0.010869565217391304, "count": 1, "pos": [68]}, "ha": {"prob": 0.010869565217391304, "count": 1, "pos": [69]}, "been": {"prob": 0.010869565217391304, "count": 1, "pos": [70]}, "said": {"prob": 0.010869565217391304, "count": 1, "pos": [71]}, "stori": {"prob": 0.010869565217391304, "count": 1, "pos": [74]}, "symboli": {"prob": 0.010869565217391304, "count": 1, "pos": [79]}, "are": {"prob": 0.010869565217391304, "count": 1, "pos": [83]}, "constant": {"prob": 0.010869565217391304, "count": 1, "pos": [84]}, "tri": {"prob": 0.010869565217391304, "count": 1, "pos": [85]}, "impo": {"prob": 0.010869565217391304, "count": 1, "pos": [87]}, "their": {"prob": 0.010869565217391304, "count": 1, "pos": [88]}, "on": {"prob": 0.010869565217391304, "count": 1, "pos": [90]}, "greec": {"prob": 0.010869565217391304, "count": 1, "pos": [91]}}