{"__total__": 525, "__name__": "doc_1370_Strange_Brew.txt", "two": {"prob": 0.0019047619047619048, "count": 1, "pos": [0]}, "unemploy": {"prob": 0.0019047619047619048, "count": 1, "pos": [1]}, "brother": {"prob": 0.015238095238095238, "count": 8, "pos": [2, 53, 256, 283, 305, 367, 434, 492]}, "bob": {"prob": 0.013333333333333334, "count": 7, "pos": [3, 204, 227, 312, 390, 405, 508]}, "and": {"prob": 0.045714285714285714, "count": 24, "pos": [4, 149, 189, 220, 228, 239, 252, 257, 266, 288, 303, 313, 323, 338, 342, 347, 389, 424, 459, 466, 479, 496, 498, 509]}, "doug": {"prob": 0.011428571428571429, "count": 6, "pos": [5, 229, 240, 314, 377, 510]}, "mckenzi": {"prob": 0.0038095238095238095, "count": 2, "pos": [6, 491]}, "place": {"prob": 0.0038095238095238095, "count": 2, "pos": [7, 82]}, "a": {"prob": 0.017142857142857144, "count": 9, "pos": [8, 12, 73, 83, 169, 215, 242, 392, 448]}, "live": {"prob": 0.0038095238095238095, "count": 2, "pos": [9, 375]}, "mous": {"prob": 0.0038095238095238095, "count": 2, "pos": [10, 46]}, "in": {"prob": 0.013333333333333334, "count": 7, "pos": [11, 15, 87, 272, 275, 373, 487]}, "beer": {"prob": 0.024761904761904763, "count": 13, "pos": [13, 22, 29, 89, 113, 273, 398, 409, 421, 442, 458, 486, 507]}, "bottl": {"prob": 0.005714285714285714, "count": 3, "pos": [14, 59, 63]}, "an": {"prob": 0.005714285714285714, "count": 3, "pos": [16, 173, 359]}, "attempt": {"prob": 0.0019047619047619048, "count": 1, "pos": [17]}, "to": {"prob": 0.03428571428571429, "count": 18, "pos": [18, 33, 47, 76, 129, 259, 286, 310, 319, 380, 422, 427, 436, 439, 451, 513, 518, 521]}, "blackmail": {"prob": 0.0019047619047619048, "count": 1, "pos": [19]}, "the": {"prob": 0.08, "count": 42, "pos": [20, 36, 39, 45, 50, 52, 58, 62, 67, 79, 93, 117, 123, 130, 137, 159, 164, 202, 255, 276, 282, 290, 304, 317, 332, 362, 366, 370, 408, 430, 433, 453, 464, 470, 474, 477, 484, 488, 490, 494, 505, 516]}, "local": {"prob": 0.0019047619047619048, "count": 1, "pos": [21]}, "store": {"prob": 0.0019047619047619048, "count": 1, "pos": [23]}, "into": {"prob": 0.011428571428571429, "count": 6, "pos": [24, 231, 292, 391, 463, 473]}, "give": {"prob": 0.0019047619047619048, "count": 1, "pos": [25]}, "them": {"prob": 0.015238095238095238, "count": 8, "pos": [26, 261, 321, 326, 337, 340, 414, 429]}, "free": {"prob": 0.0038095238095238095, "count": 2, "pos": [27, 457]}, "elsinor": {"prob": 0.015238095238095238, "count": 8, "pos": [28, 40, 88, 142, 160, 188, 249, 411]}, "but": {"prob": 0.0038095238095238095, "count": 2, "pos": [30, 295]}, "are": {"prob": 0.009523809523809525, "count": 5, "pos": [31, 54, 284, 306, 511]}, "told": {"prob": 0.0019047619047619048, "count": 1, "pos": [32]}, "take": {"prob": 0.005714285714285714, "count": 3, "pos": [34, 77, 241]}, "up": {"prob": 0.0019047619047619048, "count": 1, "pos": [35]}, "matter": {"prob": 0.0019047619047619048, "count": 1, "pos": [37]}, "at": {"prob": 0.007619047619047619, "count": 4, "pos": [38, 49, 331, 476]}, "breweri": {"prob": 0.015238095238095238, "count": 8, "pos": [41, 51, 131, 139, 161, 166, 203, 393]}, "instead": {"prob": 0.0019047619047619048, "count": 1, "pos": [42]}, "after": {"prob": 0.0019047619047619048, "count": 1, "pos": [43]}, "present": {"prob": 0.0019047619047619048, "count": 1, "pos": [44]}, "manag": {"prob": 0.0019047619047619048, "count": 1, "pos": [48]}, "given": {"prob": 0.0038095238095238095, "count": 2, "pos": [55, 155]}, "job": {"prob": 0.0019047619047619048, "count": 1, "pos": [56]}, "on": {"prob": 0.0038095238095238095, "count": 2, "pos": [57, 114]}, "line": {"prob": 0.0019047619047619048, "count": 1, "pos": [60]}, "inspect": {"prob": 0.0019047619047619048, "count": 1, "pos": [61]}, "for": {"prob": 0.009523809523809525, "count": 5, "pos": [64, 122, 262, 369, 504]}, "mice": {"prob": 0.0019047619047619048, "count": 1, "pos": [65]}, "meanwhil": {"prob": 0.0019047619047619048, "count": 1, "pos": [66]}, "evil": {"prob": 0.0019047619047619048, "count": 1, "pos": [68]}, "brewmeist": {"prob": 0.011428571428571429, "count": 6, "pos": [69, 184, 232, 328, 356, 382]}, "smith": {"prob": 0.017142857142857144, "count": 9, "pos": [70, 109, 185, 224, 251, 329, 383, 385, 416]}, "is": {"prob": 0.005714285714285714, "count": 3, "pos": [71, 127, 237]}, "perfect": {"prob": 0.0019047619047619048, "count": 1, "pos": [72]}, "secret": {"prob": 0.0019047619047619048, "count": 1, "pos": [74]}, "plan": {"prob": 0.0038095238095238095, "count": 2, "pos": [75, 357]}, "over": {"prob": 0.0038095238095238095, "count": 2, "pos": [78, 469]}, "world": {"prob": 0.0019047619047619048, "count": 1, "pos": [80]}, "by": {"prob": 0.007619047619047619, "count": 4, "pos": [81, 105, 132, 456]}, "mind": {"prob": 0.0019047619047619048, "count": 1, "pos": [84]}, "control": {"prob": 0.005714285714285714, "count": 3, "pos": [85, 157, 225]}, "drug": {"prob": 0.0019047619047619048, "count": 1, "pos": [86]}, "which": {"prob": 0.005714285714285714, "count": 3, "pos": [90, 126, 180]}, "while": {"prob": 0.007619047619047619, "count": 4, "pos": [91, 162, 199, 235]}, "render": {"prob": 0.0019047619047619048, "count": 1, "pos": [92]}, "consum": {"prob": 0.0038095238095238095, "count": 2, "pos": [94, 406]}, "docil": {"prob": 0.0019047619047619048, "count": 1, "pos": [95]}, "also": {"prob": 0.0019047619047619048, "count": 1, "pos": [96]}, "make": {"prob": 0.0019047619047619048, "count": 1, "pos": [97]}, "him": {"prob": 0.0019047619047619048, "count": 1, "pos": [98]}, "or": {"prob": 0.0019047619047619048, "count": 1, "pos": [99]}, "her": {"prob": 0.007619047619047619, "count": 4, "pos": [100, 267, 349, 426]}, "attack": {"prob": 0.0019047619047619048, "count": 1, "pos": [101]}, "other": {"prob": 0.0019047619047619048, "count": 1, "pos": [102]}, "when": {"prob": 0.005714285714285714, "count": 3, "pos": [103, 308, 404]}, "stimul": {"prob": 0.0019047619047619048, "count": 1, "pos": [104]}, "certain": {"prob": 0.0019047619047619048, "count": 1, "pos": [106]}, "music": {"prob": 0.0019047619047619048, "count": 1, "pos": [107]}, "tone": {"prob": 0.0019047619047619048, "count": 1, "pos": [108]}, "test": {"prob": 0.0038095238095238095, "count": 2, "pos": [110, 364]}, "thi": {"prob": 0.0038095238095238095, "count": 2, "pos": [111, 401]}, "adult": {"prob": 0.0019047619047619048, "count": 1, "pos": [112]}, "patient": {"prob": 0.0019047619047619048, "count": 1, "pos": [115]}, "of": {"prob": 0.007619047619047619, "count": 4, "pos": [116, 158, 247, 278]}, "neighbor": {"prob": 0.0019047619047619048, "count": 1, "pos": [118]}, "royal": {"prob": 0.0019047619047619048, "count": 1, "pos": [119]}, "canadian": {"prob": 0.0019047619047619048, "count": 1, "pos": [120]}, "institut": {"prob": 0.0019047619047619048, "count": 1, "pos": [121]}, "mental": {"prob": 0.0019047619047619048, "count": 1, "pos": [124]}, "insan": {"prob": 0.0038095238095238095, "count": 2, "pos": [125, 322]}, "connect": {"prob": 0.0019047619047619048, "count": 1, "pos": [128]}, "underground": {"prob": 0.0019047619047619048, "count": 1, "pos": [133]}, "tunnel": {"prob": 0.0019047619047619048, "count": 1, "pos": [134]}, "they": {"prob": 0.007619047619047619, "count": 4, "pos": [135, 167, 343, 399]}, "learn": {"prob": 0.0019047619047619048, "count": 1, "pos": [136]}, "former": {"prob": 0.0019047619047619048, "count": 1, "pos": [138]}, "owner": {"prob": 0.0019047619047619048, "count": 1, "pos": [140]}, "john": {"prob": 0.007619047619047619, "count": 4, "pos": [141, 187, 248, 410]}, "ha": {"prob": 0.009523809523809525, "count": 5, "pos": [143, 153, 221, 386, 417]}, "recent": {"prob": 0.0019047619047619048, "count": 1, "pos": [144]}, "die": {"prob": 0.0019047619047619048, "count": 1, "pos": [145]}, "under": {"prob": 0.005714285714285714, "count": 3, "pos": [146, 223, 327]}, "mysteri": {"prob": 0.0019047619047619048, "count": 1, "pos": [147]}, "circumst": {"prob": 0.0019047619047619048, "count": 1, "pos": [148]}, "hi": {"prob": 0.0019047619047619048, "count": 1, "pos": [150]}, "daughter": {"prob": 0.0019047619047619048,