{"__total__": 133, "__name__": "doc_1377_Sudden_Fear.txt", "myra": {"prob": 0.045112781954887216, "count": 6, "pos": [0, 44, 77, 107, 119, 121]}, "hudson": {"prob": 0.007518796992481203, "count": 1, "pos": [1]}, "is": {"prob": 0.022556390977443608, "count": 3, "pos": [2, 29, 45]}, "a": {"prob": 0.045112781954887216, "count": 6, "pos": [3, 23, 36, 59, 83, 129]}, "success": {"prob": 0.007518796992481203, "count": 1, "pos": [4]}, "broadway": {"prob": 0.007518796992481203, "count": 1, "pos": [5]}, "playwright": {"prob": 0.007518796992481203, "count": 1, "pos": [6]}, "who": {"prob": 0.007518796992481203, "count": 1, "pos": [7]}, "reject": {"prob": 0.007518796992481203, "count": 1, "pos": [8]}, "lester": {"prob": 0.03759398496240601, "count": 5, "pos": [9, 21, 41, 88, 104]}, "blain": {"prob": 0.007518796992481203, "count": 1, "pos": [10]}, "as": {"prob": 0.007518796992481203, "count": 1, "pos": [11]}, "the": {"prob": 0.03759398496240601, "count": 5, "pos": [12, 53, 75, 91, 123]}, "lead": {"prob": 0.007518796992481203, "count": 1, "pos": [13]}, "in": {"prob": 0.03007518796992481, "count": 4, "pos": [14, 65, 74, 115]}, "her": {"prob": 0.03759398496240601, "count": 5, "pos": [15, 32, 47, 56, 63]}, "new": {"prob": 0.007518796992481203, "count": 1, "pos": [16]}, "play": {"prob": 0.007518796992481203, "count": 1, "pos": [17]}, "later": {"prob": 0.007518796992481203, "count": 1, "pos": [18]}, "she": {"prob": 0.007518796992481203, "count": 1, "pos": [19]}, "meet": {"prob": 0.007518796992481203, "count": 1, "pos": [20]}, "on": {"prob": 0.022556390977443608, "count": 3, "pos": [22, 93, 118]}, "train": {"prob": 0.007518796992481203, "count": 1, "pos": [24]}, "bound": {"prob": 0.007518796992481203, "count": 1, "pos": [25]}, "for": {"prob": 0.007518796992481203, "count": 1, "pos": [26]}, "san": {"prob": 0.007518796992481203, "count": 1, "pos": [27]}, "francisco": {"prob": 0.007518796992481203, "count": 1, "pos": [28]}, "swept": {"prob": 0.007518796992481203, "count": 1, "pos": [30]}, "off": {"prob": 0.007518796992481203, "count": 1, "pos": [31]}, "feet": {"prob": 0.007518796992481203, "count": 1, "pos": [33]}, "and": {"prob": 0.05263157894736842, "count": 7, "pos": [34, 49, 81, 89, 109, 113, 127]}, "after": {"prob": 0.007518796992481203, "count": 1, "pos": [35]}, "brief": {"prob": 0.007518796992481203, "count": 1, "pos": [37]}, "courtship": {"prob": 0.007518796992481203, "count": 1, "pos": [38]}, "marri": {"prob": 0.007518796992481203, "count": 1, "pos": [39]}, "him": {"prob": 0.007518796992481203, "count": 1, "pos": [40]}, "learn": {"prob": 0.015037593984962405, "count": 2, "pos": [42, 105]}, "that": {"prob": 0.007518796992481203, "count": 1, "pos": [43]}, "write": {"prob": 0.007518796992481203, "count": 1, "pos": [46]}, "will": {"prob": 0.007518796992481203, "count": 1, "pos": [48]}, "plan": {"prob": 0.015037593984962405, "count": 2, "pos": [50, 80]}, "to": {"prob": 0.03007518796992481, "count": 4, "pos": [51, 58, 86, 99]}, "leav": {"prob": 0.007518796992481203, "count": 1, "pos": [52]}, "bulk": {"prob": 0.007518796992481203, "count": 1, "pos": [54]}, "of": {"prob": 0.022556390977443608, "count": 3, "pos": [55, 106, 131]}, "fortun": {"prob": 0.007518796992481203, "count": 1, "pos": [57]}, "foundat": {"prob": 0.007518796992481203, "count": 1, "pos": [60]}, "he": {"prob": 0.007518796992481203, "count": 1, "pos": [61]}, "plot": {"prob": 0.007518796992481203, "count": 1, "pos": [62]}, "murder": {"prob": 0.007518796992481203, "count": 1, "pos": [64]}, "cahoot": {"prob": 0.007518796992481203, "count": 1, "pos": [66]}, "with": {"prob": 0.015037593984962405, "count": 2, "pos": [67, 102]}, "iren": {"prob": 0.022556390977443608, "count": 3, "pos": [68, 94, 112]}, "neve": {"prob": 0.007518796992481203, "count": 1, "pos": [69]}, "an": {"prob": 0.015037593984962405, "count": 2, "pos": [70, 116]}, "old": {"prob": 0.007518796992481203, "count": 1, "pos": [71]}, "girlfriend": {"prob": 0.007518796992481203, "count": 1, "pos": [72]}, "hide": {"prob": 0.007518796992481203, "count": 1, "pos": [73]}, "wing": {"prob": 0.007518796992481203, "count": 1, "pos": [76]}, "discov": {"prob": 0.007518796992481203, "count": 1, "pos": [78]}, "their": {"prob": 0.007518796992481203, "count": 1, "pos": [79]}, "concoct": {"prob": 0.007518796992481203, "count": 1, "pos": [82]}, "diabol": {"prob": 0.007518796992481203, "count": 1, "pos": [84]}, "scheme": {"prob": 0.007518796992481203, "count": 1, "pos": [85]}, "kill": {"prob": 0.015037593984962405, "count": 2, "pos": [87, 111]}, "place": {"prob": 0.007518796992481203, "count": 1, "pos": [90]}, "blame": {"prob": 0.007518796992481203, "count": 1, "pos": [92]}, "but": {"prob": 0.007518796992481203, "count": 1, "pos": [95]}, "cannot": {"prob": 0.007518796992481203, "count": 1, "pos": [96]}, "bring": {"prob": 0.007518796992481203, "count": 1, "pos": [97]}, "herself": {"prob": 0.007518796992481203, "count": 1, "pos": [98]}, "go": {"prob": 0.007518796992481203, "count": 1, "pos": [100]}, "through": {"prob": 0.007518796992481203, "count": 1, "pos": [101]}, "it": {"prob": 0.007518796992481203, "count": 1, "pos": [103]}, "intent": {"prob": 0.007518796992481203, "count": 1, "pos": [108]}, "accid": {"prob": 0.007518796992481203, "count": 1, "pos": [110]}, "himself": {"prob": 0.007518796992481203, "count": 1, "pos": [114]}, "attempt": {"prob": 0.007518796992481203, "count": 1, "pos": [117]}, "life": {"prob": 0.007518796992481203, "count": 1, "pos": [120]}, "hear": {"prob": 0.007518796992481203, "count": 1, "pos": [122]}, "two": {"prob": 0.007518796992481203, "count": 1, "pos": [124]}, "pronounc": {"prob": 0.007518796992481203, "count": 1, "pos": [125]}, "dead": {"prob": 0.007518796992481203, "count": 1, "pos": [126]}, "breath": {"prob": 0.007518796992481203, "count": 1, "pos": [128]}, "sigh": {"prob": 0.007518796992481203, "count": 1, "pos": [130]}, "relief": {"prob": 0.007518796992481203, "count": 1, "pos": [132]}}