{"__total__": 599, "__name__": "doc_138_Antwone_Fisher.txt", "the": {"prob": 0.0333889816360601, "count": 20, "pos": [0, 12, 24, 112, 120, 123, 131, 142, 178, 284, 324, 369, 377, 448, 526, 538, 543, 546, 581, 586]}, "movi": {"prob": 0.00333889816360601, "count": 2, "pos": [1, 587]}, "focus": {"prob": 0.001669449081803005, "count": 1, "pos": [2]}, "on": {"prob": 0.011686143572621035, "count": 7, "pos": [3, 119, 251, 263, 290, 328, 385]}, "antwon": {"prob": 0.05175292153589316, "count": 31, "pos": [4, 75, 96, 168, 194, 211, 220, 237, 243, 248, 267, 291, 299, 309, 329, 350, 356, 374, 381, 388, 427, 443, 469, 480, 491, 515, 548, 567, 571, 585, 595]}, "fish": {"prob": 0.001669449081803005, "count": 1, "pos": [5]}, "fisher": {"prob": 0.00333889816360601, "count": 2, "pos": [6, 40]}, "a": {"prob": 0.03005008347245409, "count": 18, "pos": [7, 15, 79, 88, 153, 162, 165, 224, 252, 258, 274, 316, 321, 337, 365, 437, 531, 590]}, "tempera": {"prob": 0.001669449081803005, "count": 1, "pos": [8]}, "young": {"prob": 0.001669449081803005, "count": 1, "pos": [9]}, "man": {"prob": 0.001669449081803005, "count": 1, "pos": [10]}, "in": {"prob": 0.01669449081803005, "count": 10, "pos": [11, 21, 23, 48, 60, 78, 196, 265, 306, 504]}, "navi": {"prob": 0.00333889816360601, "count": 2, "pos": [13, 133]}, "with": {"prob": 0.01001669449081803, "count": 6, "pos": [14, 164, 254, 260, 432, 484]}, "violent": {"prob": 0.00333889816360601, "count": 2, "pos": [16, 154]}, "histori": {"prob": 0.001669449081803005, "count": 1, "pos": [17]}, "it": {"prob": 0.00333889816360601, "count": 2, "pos": [18, 560]}, "is": {"prob": 0.008347245409015025, "count": 5, "pos": [19, 169, 212, 269, 561]}, "set": {"prob": 0.001669449081803005, "count": 1, "pos": [20]}, "america": {"prob": 0.001669449081803005, "count": 1, "pos": [22]}, "1990": {"prob": 0.001669449081803005, "count": 1, "pos": [25]}, "hi": {"prob": 0.021702838063439065, "count": 13, "pos": [26, 35, 139, 183, 218, 353, 386, 399, 411, 422, 485, 493, 578]}, "father": {"prob": 0.00333889816360601, "count": 2, "pos": [27, 470]}, "wa": {"prob": 0.011686143572621035, "count": 7, "pos": [28, 32, 57, 76, 312, 402, 574]}, "kill": {"prob": 0.00333889816360601, "count": 2, "pos": [29, 403]}, "befor": {"prob": 0.00333889816360601, "count": 2, "pos": [30, 361]}, "he": {"prob": 0.03672787979966611, "count": 22, "pos": [31, 56, 109, 127, 145, 277, 293, 311, 335, 375, 397, 409, 418, 452, 507, 512, 523, 529, 540, 562, 573, 583]}, "born": {"prob": 0.001669449081803005, "count": 1, "pos": [33]}, "and": {"prob": 0.03005008347245409, "count": 18, "pos": [34, 46, 92, 103, 175, 256, 292, 339, 379, 391, 408, 457, 488, 497, 520, 536, 551, 594]}, "teenag": {"prob": 0.001669449081803005, "count": 1, "pos": [36]}, "mother": {"prob": 0.00333889816360601, "count": 2, "pos": [37, 494]}, "eva": {"prob": 0.001669449081803005, "count": 1, "pos": [38]}, "mae": {"prob": 0.001669449081803005, "count": 1, "pos": [39]}, "end": {"prob": 0.00667779632721202, "count": 4, "pos": [41, 376, 439, 544]}, "up": {"prob": 0.00333889816360601, "count": 2, "pos": [42, 209]}, "arrest": {"prob": 0.001669449081803005, "count": 1, "pos": [43]}, "soon": {"prob": 0.001669449081803005, "count": 1, "pos": [44]}, "after": {"prob": 0.008347245409015025, "count": 5, "pos": [45, 159, 436, 474, 506]}, "put": {"prob": 0.001669449081803005, "count": 1, "pos": [47]}, "jail": {"prob": 0.005008347245409015, "count": 3, "pos": [49, 302, 307]}, "where": {"prob": 0.00333889816360601, "count": 2, "pos": [50, 308]}, "she": {"prob": 0.00667779632721202, "count": 4, "pos": [51, 64, 71, 502]}, "gave": {"prob": 0.001669449081803005, "count": 1, "pos": [52]}, "birth": {"prob": 0.001669449081803005, "count": 1, "pos": [53]}, "to": {"prob": 0.05008347245409015, "count": 30, "pos": [54, 67, 129, 134, 151, 171, 177, 189, 191, 197, 204, 207, 235, 241, 332, 351, 364, 383, 420, 424, 430, 434, 445, 447, 499, 509, 525, 570, 589, 597]}, "him": {"prob": 0.02337228714524207, "count": 14, "pos": [55, 69, 74, 150, 188, 206, 305, 363, 396, 415, 433, 464, 535, 553]}, "then": {"prob": 0.00333889816360601, "count": 2, "pos": [58, 557]}, "place": {"prob": 0.00333889816360601, "count": 2, "pos": [59, 77]}, "an": {"prob": 0.008347245409015025, "count": 5, "pos": [61, 281, 288, 405, 454]}, "orphanag": {"prob": 0.001669449081803005, "count": 1, "pos": [62]}, "until": {"prob": 0.005008347245409015, "count": 3, "pos": [63, 108, 580]}, "got": {"prob": 0.001669449081803005, "count": 1, "pos": [65]}, "out": {"prob": 0.005008347245409015, "count": 3, "pos": [66, 118, 137]}, "claim": {"prob": 0.00333889816360601, "count": 2, "pos": [68, 73]}, "when": {"prob": 0.00333889816360601, "count": 2, "pos": [70, 522]}, "never": {"prob": 0.001669449081803005, "count": 1, "pos": [72]}, "foster": {"prob": 0.001669449081803005, "count": 1, "pos": [80]}, "home": {"prob": 0.00333889816360601, "count": 2, "pos": [81, 113]}, "at": {"prob": 0.011686143572621035, "count": 7, "pos": [82, 114, 156, 213, 345, 440, 542]}, "two": {"prob": 0.001669449081803005, "count": 1, "pos": [83]}, "year": {"prob": 0.005008347245409015, "count": 3, "pos": [84, 107, 126]}, "old": {"prob": 0.001669449081803005, "count": 1, "pos": [85]}, "ran": {"prob": 0.001669449081803005, "count": 1, "pos": [86]}, "by": {"prob": 0.00667779632721202, "count": 4, "pos": [87, 99, 273, 318]}, "religi": {"prob": 0.001669449081803005, "count": 1, "pos": [89]}, "coupl": {"prob": 0.001669449081803005, "count": 1, "pos": [90]}, "mr": {"prob": 0.008347245409015025, "count": 5, "pos": [91, 93, 100, 458, 465]}, "tate": {"prob": 0.011686143572621035, "count": 7, "pos": [94, 101, 320, 325, 449, 459, 466]}, "there": {"prob": 0.00333889816360601, "count": 2, "pos": [95, 451]}, "face": {"prob": 0.001669449081803005, "count": 1, "pos": [97]}, "abus": {"prob": 0.005008347245409015, "count": 3, "pos": [98, 314, 462]}, "mental": {"prob": 0.001669449081803005, "count": 1, "pos": [102]}, "physic": {"prob": 0.001669449081803005, "count": 1, "pos": [104]}, "for": {"prob": 0.01335559265442404, "count": 8, "pos": [105, 122, 180, 223, 239, 413, 534, 554]}, "mani": {"prob": 0.001669449081803005, "count": 1, "pos": [106]}, "final": {"prob": 0.00333889816360601, "count": 2, "pos": [110, 249]}, "left": {"prob": 0.001669449081803005, "count": 1, "pos": [111]}, "age": {"prob": 0.001669449081803005, "count": 1, "pos": [115]}, "fourteen": {"prob": 0.001669449081803005, "count": 1, "pos": [116]}, "live": {"prob": 0.00333889816360601, "count": 2, "pos": [117, 495]}, "street": {"prob": 0.001669449081803005, "count": 1, "pos": [121]}, "next": {"prob": 0.001669449081803005, "count": 1, "pos": [124]}, "few": {"prob": 0.001669449081803005, "count": 1, "pos": [125]}, "decid": {"prob": 0.00333889816360601, "count": 2, "pos": [128, 444]}, "join": {"prob": 0.001669449081803005, "count": 1, "pos": [130]}, "u": {"prob": 0.001669449081803005, "count": 1, "pos": [132]}, "make": {"prob": 0.001669449081803005, "count": 1, "pos": [135]}, "someth": {"prob": 0.00333889816360601, "count": 2, "pos": [136, 246]}, "of": {"prob": 0.005008347245409015, "count": 3, "pos": [138, 323, 545]}, "life": {"prob": 0.005008347245409015, "count": 3, "pos": [140, 144, 579]}, "howev": {"prob": 0.001669449081803005, "count": 1, "pos": [141]}, "rough": {"prob": 0.001669449081803005, "count": 1, "pos": [143]}, "had": {"prob": 0.00333889816360601, "count": 2, "pos": [146, 278]}, "as": {"prob": 0.005008347245409015, "count": 3, "pos": [147, 315, 592]}, "child": {"prob": 0.00333889816360601, "count": 2, "pos": [148, 317]}, "caus": {"prob": 0.001669449081803005, "count": 1, "pos": [149]}, "have": {"prob": 0.00333889816360601, "count": 2, "pos": [152, 287]}, "temper": {"prob": 0.001669449081803005, "count": 1, "pos": [155]}, "thi": {"prob": 0.001669449081803005, "count": 1, "pos": [157]}, "point": {"prob": 0.001669449081803005, "count": 1, "pos": [158]}, "get": {"prob": 0.00667779632721202, "count": 4, "pos": [160, 205, 230, 294]}, "into": {"prob": 0.011686143572621035, "count": 7,