{"__total__": 474, "__name__": "doc_1390_Survival_of_the_Dead.txt", "the": {"prob": 0.0949367088607595, "count": 45, "pos": [0, 4, 7, 31, 34, 39, 52, 56, 58, 72, 75, 79, 102, 112, 119, 147, 159, 166, 178, 181, 186, 202, 207, 220, 229, 241, 247, 257, 290, 306, 314, 319, 325, 328, 332, 337, 362, 386, 417, 425, 433, 450, 453, 458, 461]}, "first": {"prob": 0.002109704641350211, "count": 1, "pos": [1]}, "part": {"prob": 0.002109704641350211, "count": 1, "pos": [2]}, "of": {"prob": 0.02109704641350211, "count": 10, "pos": [3, 9, 33, 41, 74, 114, 132, 215, 327, 385]}, "film": {"prob": 0.004219409282700422, "count": 2, "pos": [5, 36]}, "follow": {"prob": 0.002109704641350211, "count": 1, "pos": [6]}, "action": {"prob": 0.002109704641350211, "count": 1, "pos": [8]}, "former": {"prob": 0.004219409282700422, "count": 2, "pos": [10, 59]}, "colonel": {"prob": 0.002109704641350211, "count": 1, "pos": [11]}, "and": {"prob": 0.04430379746835443, "count": 21, "pos": [12, 27, 29, 55, 70, 106, 128, 135, 150, 177, 245, 253, 280, 311, 336, 347, 394, 411, 427, 447, 465]}, "current": {"prob": 0.002109704641350211, "count": 1, "pos": [13]}, "sergeant": {"prob": 0.002109704641350211, "count": 1, "pos": [14]}, "nicotin": {"prob": 0.002109704641350211, "count": 1, "pos": [15]}, "crockett": {"prob": 0.016877637130801686, "count": 8, "pos": [16, 151, 244, 310, 342, 410, 431, 445]}, "who": {"prob": 0.004219409282700422, "count": 2, "pos": [17, 407]}, "after": {"prob": 0.002109704641350211, "count": 1, "pos": [18]}, "hi": {"prob": 0.012658227848101266, "count": 6, "pos": [19, 22, 251, 273, 412, 443]}, "demot": {"prob": 0.002109704641350211, "count": 1, "pos": [20]}, "desert": {"prob": 0.008438818565400843, "count": 4, "pos": [21, 122, 179, 242]}, "post": {"prob": 0.002109704641350211, "count": 1, "pos": [23]}, "with": {"prob": 0.008438818565400843, "count": 4, "pos": [24, 101, 309, 341]}, "kenni": {"prob": 0.004219409282700422, "count": 2, "pos": [25, 246]}, "francisco": {"prob": 0.006329113924050633, "count": 3, "pos": [26, 153, 264]}, "tomboy": {"prob": 0.006329113924050633, "count": 3, "pos": [28, 270, 448]}, "rob": {"prob": 0.002109704641350211, "count": 1, "pos": [30]}, "protagonist": {"prob": 0.002109704641350211, "count": 1, "pos": [32]}, "previou": {"prob": 0.004219409282700422, "count": 2, "pos": [35, 217]}, "meanwhil": {"prob": 0.002109704641350211, "count": 1, "pos": [37]}, "off": {"prob": 0.004219409282700422, "count": 2, "pos": [38, 161]}, "coast": {"prob": 0.002109704641350211, "count": 1, "pos": [40]}, "delawar": {"prob": 0.002109704641350211, "count": 1, "pos": [42]}, "lie": {"prob": 0.002109704641350211, "count": 1, "pos": [43]}, "plum": {"prob": 0.006329113924050633, "count": 3, "pos": [44, 133, 196]}, "island": {"prob": 0.016877637130801686, "count": 8, "pos": [45, 76, 134, 187, 197, 203, 418, 451]}, "home": {"prob": 0.002109704641350211, "count": 1, "pos": [46]}, "to": {"prob": 0.029535864978902954, "count": 14, "pos": [47, 185, 195, 198, 234, 261, 266, 271, 360, 364, 377, 415, 429, 468]}, "two": {"prob": 0.008438818565400843, "count": 4, "pos": [48, 237, 333, 387]}, "feud": {"prob": 0.002109704641350211, "count": 1, "pos": [49]}, "irish": {"prob": 0.002109704641350211, "count": 1, "pos": [50]}, "famili": {"prob": 0.006329113924050633, "count": 3, "pos": [51, 60, 334]}, "o": {"prob": 0.02531645569620253, "count": 12, "pos": [53, 64, 109, 148, 169, 292, 315, 338, 375, 395, 405, 463]}, "flynn": {"prob": 0.02531645569620253, "count": 12, "pos": [54, 65, 110, 149, 170, 293, 316, 339, 376, 396, 406, 464]}, "muldoon": {"prob": 0.029535864978902954, "count": 14, "pos": [57, 80, 84, 103, 200, 208, 230, 239, 284, 320, 358, 393, 403, 466]}, "led": {"prob": 0.004219409282700422, "count": 2, "pos": [61, 81]}, "by": {"prob": 0.027426160337552744, "count": 13, "pos": [62, 82, 126, 175, 223, 228, 259, 269, 283, 372, 391, 402, 438]}, "patrick": {"prob": 0.016877637130801686, "count": 8, "pos": [63, 105, 115, 172, 188, 224, 232, 260]}, "round": {"prob": 0.002109704641350211, "count": 1, "pos": [66]}, "up": {"prob": 0.002109704641350211, "count": 1, "pos": [67]}, "a": {"prob": 0.023206751054852322, "count": 11, "pos": [68, 93, 97, 137, 143, 156, 275, 296, 321, 379, 398]}, "poss": {"prob": 0.002109704641350211, "count": 1, "pos": [69]}, "kill": {"prob": 0.010548523206751054, "count": 5, "pos": [71, 174, 227, 408, 469]}, "undead": {"prob": 0.004219409282700422, "count": 2, "pos": [73, 88]}, "learn": {"prob": 0.004219409282700422, "count": 2, "pos": [77, 131]}, "that": {"prob": 0.012658227848101266, "count": 6, "pos": [78, 190, 206, 289, 330, 357]}, "seamu": {"prob": 0.002109704641350211, "count": 1, "pos": [83]}, "are": {"prob": 0.012658227848101266, "count": 6, "pos": [85, 173, 343, 349, 389, 455]}, "keep": {"prob": 0.002109704641350211, "count": 1, "pos": [86]}, "their": {"prob": 0.006329113924050633, "count": 3, "pos": [87, 211, 216]}, "love": {"prob": 0.002109704641350211, "count": 1, "pos": [89]}, "one": {"prob": 0.004219409282700422, "count": 2, "pos": [90, 470]}, "aliv": {"prob": 0.002109704641350211, "count": 1, "pos": [91]}, "until": {"prob": 0.002109704641350211, "count": 1, "pos": [92]}, "cure": {"prob": 0.002109704641350211, "count": 1, "pos": [94]}, "is": {"prob": 0.010548523206751054, "count": 5, "pos": [95, 254, 281, 286, 354]}, "found": {"prob": 0.002109704641350211, "count": 1, "pos": [96]}, "brief": {"prob": 0.002109704641350211, "count": 1, "pos": [98]}, "standoff": {"prob": 0.004219409282700422, "count": 2, "pos": [99, 322]}, "end": {"prob": 0.002109704641350211, "count": 1, "pos": [100]}, "exil": {"prob": 0.002109704641350211, "count": 1, "pos": [104]}, "sever": {"prob": 0.002109704641350211, "count": 1, "pos": [107]}, "other": {"prob": 0.006329113924050633, "count": 3, "pos": [108, 193, 367]}, "under": {"prob": 0.002109704641350211, "count": 1, "pos": [111]}, "suggest": {"prob": 0.002109704641350211, "count": 1, "pos": [113]}, "daughter": {"prob": 0.002109704641350211, "count": 1, "pos": [116]}, "janet": {"prob": 0.010548523206751054, "count": 5, "pos": [117, 291, 308, 348, 420]}, "thereaft": {"prob": 0.002109704641350211, "count": 1, "pos": [118]}, "nation": {"prob": 0.002109704641350211, "count": 1, "pos": [120]}, "guard": {"prob": 0.002109704641350211, "count": 1, "pos": [121]}, "find": {"prob": 0.002109704641350211, "count": 1, "pos": [123]}, "themselv": {"prob": 0.002109704641350211, "count": 1, "pos": [124]}, "join": {"prob": 0.004219409282700422, "count": 2, "pos": [125, 313]}, "boy": {"prob": 0.008438818565400843, "count": 4, "pos": [127, 312, 346, 446]}, "through": {"prob": 0.002109704641350211, "count": 1, "pos": [129]}, "him": {"prob": 0.004219409282700422, "count": 2, "pos": [130, 409]}, "visit": {"prob": 0.002109704641350211, "count": 1, "pos": [136]}, "nearbi": {"prob": 0.002109704641350211, "count": 1, "pos": [138]}, "dock": {"prob": 0.002109704641350211, "count": 1, "pos": [139]}, "as": {"prob": 0.008438818565400843, "count": 4, "pos": [140, 231, 295, 371]}, "instruct": {"prob": 0.002109704641350211, "count": 1, "pos": [141]}, "where": {"prob": 0.002109704641350211, "count": 1, "pos": [142]}, "gunfight": {"prob": 0.002109704641350211, "count": 1, "pos": [144]}, "occur": {"prob": 0.004219409282700422, "count": 2, "pos": [145, 323]}, "between": {"prob": 0.002109704641350211, "count": 1, "pos": [146]}, "group": {"prob": 0.008438818565400843, "count": 4, "pos": [152, 340, 413, 432]}, "success": {"prob": 0.002109704641350211, "count": 1, "pos": [154]}, "command": {"prob": 0.002109704641350211, "count": 1, "pos": [155]}, "ferri": {"prob": 0.004219409282700422, "count": 2, "pos": [157, 182]}, "bite": {"prob": 0.004219409282700422, "count": 2, "pos": [158, 424]}, "finger": {"prob": 0.002109704641350211, "count": 1, "pos": [160]}, "an": {"prob": 0.002109704641350211, "count": 1, "pos": [162]}, "attack": {"prob": 0.006329113924050633, "count": 3, "pos": [163, 240, 317]}, "zombi": {"prob": 0.016877637130801686, "count": 8,