{"__total__": 148, "__name__": "doc_1396_Sweet_Dreams_1985.txt", "patsi": {"prob": 0.0472972972972973, "count": 7, "pos": [0, 38, 65, 77, 88, 107, 113]}, "cline": {"prob": 0.006756756756756757, "count": 1, "pos": [1]}, "is": {"prob": 0.006756756756756757, "count": 1, "pos": [2]}, "unhappili": {"prob": 0.006756756756756757, "count": 1, "pos": [3]}, "marri": {"prob": 0.013513513513513514, "count": 2, "pos": [4, 43]}, "and": {"prob": 0.0472972972972973, "count": 7, "pos": [5, 20, 29, 45, 69, 98, 103]}, "play": {"prob": 0.006756756756756757, "count": 1, "pos": [6]}, "small": {"prob": 0.006756756756756757, "count": 1, "pos": [7]}, "time": {"prob": 0.013513513513513514, "count": 2, "pos": [8, 37]}, "gig": {"prob": 0.006756756756756757, "count": 1, "pos": [9]}, "in": {"prob": 0.02027027027027027, "count": 3, "pos": [10, 36, 135]}, "the": {"prob": 0.04054054054054054, "count": 6, "pos": [11, 62, 83, 116, 124, 144]}, "tri": {"prob": 0.006756756756756757, "count": 1, "pos": [12]}, "state": {"prob": 0.006756756756756757, "count": 1, "pos": [13]}, "area": {"prob": 0.006756756756756757, "count": 1, "pos": [14]}, "consist": {"prob": 0.006756756756756757, "count": 1, "pos": [15]}, "of": {"prob": 0.033783783783783786, "count": 5, "pos": [16, 118, 123, 129, 146]}, "virginia": {"prob": 0.013513513513513514, "count": 2, "pos": [17, 19]}, "west": {"prob": 0.006756756756756757, "count": 1, "pos": [18]}, "maryland": {"prob": 0.006756756756756757, "count": 1, "pos": [21]}, "when": {"prob": 0.013513513513513514, "count": 2, "pos": [22, 132]}, "she": {"prob": 0.02027027027027027, "count": 3, "pos": [23, 46, 133]}, "meet": {"prob": 0.006756756756756757, "count": 1, "pos": [24]}, "char": {"prob": 0.02702702702702703, "count": 4, "pos": [25, 44, 58, 96]}, "dick": {"prob": 0.006756756756756757, "count": 1, "pos": [26]}, "whose": {"prob": 0.006756756756756757, "count": 1, "pos": [27]}, "charm": {"prob": 0.006756756756756757, "count": 1, "pos": [28]}, "aggress": {"prob": 0.006756756756756757, "count": 1, "pos": [30]}, "self": {"prob": 0.013513513513513514, "count": 2, "pos": [31, 92]}, "confid": {"prob": 0.013513513513513514, "count": 2, "pos": [32, 93]}, "catch": {"prob": 0.006756756756756757, "count": 1, "pos": [33]}, "her": {"prob": 0.033783783783783786, "count": 5, "pos": [34, 40, 91, 111, 119]}, "attent": {"prob": 0.006756756756756757, "count": 1, "pos": [35]}, "leav": {"prob": 0.006756756756756757, "count": 1, "pos": [39]}, "husband": {"prob": 0.006756756756756757, "count": 1, "pos": [41]}, "to": {"prob": 0.02702702702702703, "count": 4, "pos": [42, 50, 95, 109]}, "give": {"prob": 0.006756756756756757, "count": 1, "pos": [47]}, "up": {"prob": 0.006756756756756757, "count": 1, "pos": [48]}, "music": {"prob": 0.02027027027027027, "count": 3, "pos": [49, 85, 131]}, "focu": {"prob": 0.006756756756756757, "count": 1, "pos": [51]}, "on": {"prob": 0.02027027027027027, "count": 3, "pos": [52, 82, 139]}, "rai": {"prob": 0.006756756756756757, "count": 1, "pos": [53]}, "their": {"prob": 0.006756756756756757, "count": 1, "pos": [54]}, "children": {"prob": 0.006756756756756757, "count": 1, "pos": [55]}, "but": {"prob": 0.006756756756756757, "count": 1, "pos": [56]}, "after": {"prob": 0.013513513513513514, "count": 2, "pos": [57, 70]}, "get": {"prob": 0.006756756756756757, "count": 1, "pos": [59]}, "draft": {"prob": 0.006756756756756757, "count": 1, "pos": [60]}, "into": {"prob": 0.006756756756756757, "count": 1, "pos": [61]}, "u": {"prob": 0.006756756756756757, "count": 1, "pos": [63]}, "armi": {"prob": 0.006756756756756757, "count": 1, "pos": [64]}, "begin": {"prob": 0.006756756756756757, "count": 1, "pos": [66]}, "sing": {"prob": 0.006756756756756757, "count": 1, "pos": [67]}, "again": {"prob": 0.006756756756756757, "count": 1, "pos": [68]}, "join": {"prob": 0.006756756756756757, "count": 1, "pos": [71]}, "forc": {"prob": 0.006756756756756757, "count": 1, "pos": [72]}, "with": {"prob": 0.006756756756756757, "count": 1, "pos": [73]}, "manag": {"prob": 0.006756756756756757, "count": 1, "pos": [74]}, "randi": {"prob": 0.006756756756756757, "count": 1, "pos": [75]}, "hugh": {"prob": 0.006756756756756757, "count": 1, "pos": [76]}, "becom": {"prob": 0.013513513513513514, "count": 2, "pos": [78, 100]}, "a": {"prob": 0.013513513513513514, "count": 2, "pos": [79, 136]}, "rise": {"prob": 0.006756756756756757, "count": 1, "pos": [80]}, "star": {"prob": 0.013513513513513514, "count": 2, "pos": [81, 128]}, "countri": {"prob": 0.013513513513513514, "count": 2, "pos": [84, 130]}, "scene": {"prob": 0.006756756756756757, "count": 1, "pos": [86]}, "howev": {"prob": 0.006756756756756757, "count": 1, "pos": [87]}, "success": {"prob": 0.006756756756756757, "count": 1, "pos": [89]}, "fuel": {"prob": 0.006756756756756757, "count": 1, "pos": [90]}, "much": {"prob": 0.006756756756756757, "count": 1, "pos": [94]}, "annoy": {"prob": 0.006756756756756757, "count": 1, "pos": [97]}, "he": {"prob": 0.006756756756756757, "count": 1, "pos": [99]}, "increasing": {"prob": 0.006756756756756757, "count": 1, "pos": [101]}, "physic": {"prob": 0.006756756756756757, "count": 1, "pos": [102]}, "emot": {"prob": 0.006756756756756757, "count": 1, "pos": [104]}, "abus": {"prob": 0.006756756756756757, "count": 1, "pos": [105]}, "as": {"prob": 0.013513513513513514, "count": 2, "pos": [106, 121]}, "attempt": {"prob": 0.006756756756756757, "count": 1, "pos": [108]}, "assert": {"prob": 0.006756756756756757, "count": 1, "pos": [110]}, "independ": {"prob": 0.006756756756756757, "count": 1, "pos": [112]}, "wa": {"prob": 0.006756756756756757, "count": 1, "pos": [114]}, "at": {"prob": 0.013513513513513514, "count": 2, "pos": [115, 143]}, "peak": {"prob": 0.006756756756756757, "count": 1, "pos": [117]}, "popular": {"prob": 0.006756756756756757, "count": 1, "pos": [120]}, "one": {"prob": 0.006756756756756757, "count": 1, "pos": [122]}, "first": {"prob": 0.006756756756756757, "count": 1, "pos": [125]}, "great": {"prob": 0.006756756756756757, "count": 1, "pos": [126]}, "femal": {"prob": 0.006756756756756757, "count": 1, "pos": [127]}, "die": {"prob": 0.006756756756756757, "count": 1, "pos": [134]}, "plane": {"prob": 0.006756756756756757, "count": 1, "pos": [137]}, "crash": {"prob": 0.006756756756756757, "count": 1, "pos": [138]}, "march": {"prob": 0.006756756756756757, "count": 1, "pos": [140]}, "5": {"prob": 0.006756756756756757, "count": 1, "pos": [141]}, "1963": {"prob": 0.006756756756756757, "count": 1, "pos": [142]}, "age": {"prob": 0.006756756756756757, "count": 1, "pos": [145]}, "30": {"prob": 0.006756756756756757, "count": 1, "pos": [147]}}