{"__total__": 235, "__name__": "doc_1402_Swingers_1996.txt", "mike": {"prob": 0.029787234042553193, "count": 7, "pos": [0, 61, 76, 111, 142, 202, 229]}, "a": {"prob": 0.029787234042553193, "count": 7, "pos": [1, 53, 164, 174, 206, 212, 218]}, "recent": {"prob": 0.00425531914893617, "count": 1, "pos": [2]}, "transplant": {"prob": 0.00425531914893617, "count": 1, "pos": [3]}, "to": {"prob": 0.03404255319148936, "count": 8, "pos": [4, 37, 43, 118, 144, 188, 210, 224]}, "lo": {"prob": 0.01276595744680851, "count": 3, "pos": [5, 74, 81]}, "angel": {"prob": 0.00851063829787234, "count": 2, "pos": [6, 75]}, "ha": {"prob": 0.00425531914893617, "count": 1, "pos": [7]}, "broken": {"prob": 0.00425531914893617, "count": 1, "pos": [8]}, "up": {"prob": 0.00851063829787234, "count": 2, "pos": [9, 52]}, "with": {"prob": 0.02127659574468085, "count": 5, "pos": [10, 63, 163, 183, 217]}, "hi": {"prob": 0.01702127659574468, "count": 4, "pos": [11, 28, 64, 98]}, "long": {"prob": 0.00425531914893617, "count": 1, "pos": [12]}, "time": {"prob": 0.00425531914893617, "count": 1, "pos": [13]}, "girlfriend": {"prob": 0.01276595744680851, "count": 3, "pos": [14, 66, 179]}, "of": {"prob": 0.00851063829787234, "count": 2, "pos": [15, 109]}, "six": {"prob": 0.00425531914893617, "count": 1, "pos": [16]}, "year": {"prob": 0.00425531914893617, "count": 1, "pos": [17]}, "and": {"prob": 0.03829787234042553, "count": 9, "pos": [18, 25, 56, 80, 91, 102, 134, 147, 151]}, "is": {"prob": 0.00425531914893617, "count": 1, "pos": [19]}, "still": {"prob": 0.00425531914893617, "count": 1, "pos": [20]}, "have": {"prob": 0.00425531914893617, "count": 1, "pos": [21]}, "troubl": {"prob": 0.00425531914893617, "count": 1, "pos": [22]}, "let": {"prob": 0.00425531914893617, "count": 1, "pos": [23]}, "go": {"prob": 0.00425531914893617, "count": 1, "pos": [24]}, "move": {"prob": 0.00425531914893617, "count": 1, "pos": [26]}, "on": {"prob": 0.01702127659574468, "count": 4, "pos": [27, 33, 106, 196]}, "friend": {"prob": 0.01276595744680851, "count": 3, "pos": [29, 59, 99]}, "trent": {"prob": 0.01702127659574468, "count": 4, "pos": [30, 50, 208, 222]}, "take": {"prob": 0.00425531914893617, "count": 1, "pos": [31]}, "him": {"prob": 0.01276595744680851, "count": 3, "pos": [32, 45, 105]}, "an": {"prob": 0.00851063829787234, "count": 2, "pos": [34, 41]}, "overnight": {"prob": 0.00425531914893617, "count": 1, "pos": [35]}, "trip": {"prob": 0.00425531914893617, "count": 1, "pos": [36]}, "la": {"prob": 0.00425531914893617, "count": 1, "pos": [38]}, "vega": {"prob": 0.00425531914893617, "count": 1, "pos": [39]}, "in": {"prob": 0.02553191489361702, "count": 6, "pos": [40, 47, 73, 138, 155, 195]}, "attempt": {"prob": 0.01276595744680851, "count": 3, "pos": [42, 115, 214]}, "get": {"prob": 0.01276595744680851, "count": 3, "pos": [44, 173, 189]}, "back": {"prob": 0.01276595744680851, "count": 3, "pos": [46, 72, 190]}, "the": {"prob": 0.06382978723404255, "count": 15, "pos": [48, 68, 86, 88, 92, 107, 126, 128, 149, 156, 169, 177, 197, 227, 232]}, "game": {"prob": 0.00851063829787234, "count": 2, "pos": [49, 133]}, "pick": {"prob": 0.00425531914893617, "count": 1, "pos": [51]}, "cocktail": {"prob": 0.00425531914893617, "count": 1, "pos": [54]}, "waitress": {"prob": 0.00425531914893617, "count": 1, "pos": [55]}, "her": {"prob": 0.00851063829787234, "count": 2, "pos": [57, 186]}, "actress": {"prob": 0.00425531914893617, "count": 1, "pos": [58]}, "but": {"prob": 0.01276595744680851, "count": 3, "pos": [60, 120, 184]}, "obsess": {"prob": 0.00851063829787234, "count": 2, "pos": [62, 182]}, "ex": {"prob": 0.00851063829787234, "count": 2, "pos": [65, 178]}, "spoil": {"prob": 0.00425531914893617, "count": 1, "pos": [67]}, "one": {"prob": 0.00425531914893617, "count": 1, "pos": [69]}, "night": {"prob": 0.00425531914893617, "count": 1, "pos": [70]}, "stand": {"prob": 0.00425531914893617, "count": 1, "pos": [71]}, "attend": {"prob": 0.00425531914893617, "count": 1, "pos": [77]}, "variou": {"prob": 0.00425531914893617, "count": 1, "pos": [78]}, "hollywood": {"prob": 0.01276595744680851, "count": 3, "pos": [79, 93, 157]}, "feliz": {"prob": 0.00425531914893617, "count": 1, "pos": [82]}, "hot": {"prob": 0.00425531914893617, "count": 1, "pos": [83]}, "spot": {"prob": 0.00425531914893617, "count": 1, "pos": [84]}, "includ": {"prob": 0.00425531914893617, "count": 1, "pos": [85]}, "derbi": {"prob": 0.00425531914893617, "count": 1, "pos": [87]}, "dresden": {"prob": 0.00425531914893617, "count": 1, "pos": [89]}, "room": {"prob": 0.00425531914893617, "count": 1, "pos": [90]}, "hill": {"prob": 0.00425531914893617, "count": 1, "pos": [94]}, "coff": {"prob": 0.00425531914893617, "count": 1, "pos": [95]}, "shop": {"prob": 0.00425531914893617, "count": 1, "pos": [96]}, "while": {"prob": 0.00851063829787234, "count": 2, "pos": [97, 200]}, "rob": {"prob": 0.00425531914893617, "count": 1, "pos": [100]}, "charl": {"prob": 0.00425531914893617, "count": 1, "pos": [101]}, "sue": {"prob": 0.00425531914893617, "count": 1, "pos": [103]}, "coach": {"prob": 0.00425531914893617, "count": 1, "pos": [104]}, "rule": {"prob": 0.00425531914893617, "count": 1, "pos": [108]}, "seduct": {"prob": 0.00425531914893617, "count": 1, "pos": [110]}, "make": {"prob": 0.00851063829787234, "count": 2, "pos": [112, 211]}, "sever": {"prob": 0.00425531914893617, "count": 1, "pos": [113]}, "awkward": {"prob": 0.00425531914893617, "count": 1, "pos": [114]}, "at": {"prob": 0.01276595744680851, "count": 3, "pos": [116, 205, 215]}, "speak": {"prob": 0.00425531914893617, "count": 1, "pos": [117]}, "women": {"prob": 0.00425531914893617, "count": 1, "pos": [119]}, "they": {"prob": 0.00425531914893617, "count": 1, "pos": [121]}, "all": {"prob": 0.00425531914893617, "count": 1, "pos": [122]}, "end": {"prob": 0.00425531914893617, "count": 1, "pos": [123]}, "disastr": {"prob": 0.00851063829787234, "count": 2, "pos": [124, 213]}, "along": {"prob": 0.00425531914893617, "count": 1, "pos": [125]}, "way": {"prob": 0.00425531914893617, "count": 1, "pos": [127]}, "group": {"prob": 0.00425531914893617, "count": 1, "pos": [129]}, "discuss": {"prob": 0.00851063829787234, "count": 2, "pos": [130, 201]}, "movi": {"prob": 0.00425531914893617, "count": 1, "pos": [131]}, "video": {"prob": 0.00425531914893617, "count": 1, "pos": [132]}, "their": {"prob": 0.00425531914893617, "count": 1, "pos": [135]}, "flounder": {"prob": 0.00425531914893617, "count": 1, "pos": [136]}, "career": {"prob": 0.00425531914893617, "count": 1, "pos": [137]}, "show": {"prob": 0.00425531914893617, "count": 1, "pos": [139]}, "busi": {"prob": 0.00425531914893617, "count": 1, "pos": [140]}, "when": {"prob": 0.00851063829787234, "count": 2, "pos": [141, 192]}, "learn": {"prob": 0.00425531914893617, "count": 1, "pos": [143]}, "accept": {"prob": 0.00425531914893617, "count": 1, "pos": [145]}, "himself": {"prob": 0.00425531914893617, "count": 1, "pos": [146]}, "eschew": {"prob": 0.00425531914893617, "count": 1, "pos": [148]}, "preten": {"prob": 0.00425531914893617, "count": 1, "pos": [150]}, "self": {"prob": 0.00425531914893617, "count": 1, "pos": [152]}, "promot": {"prob": 0.00425531914893617, "count": 1, "pos": [153]}, "involv": {"prob": 0.00425531914893617, "count": 1, "pos": [154]}, "date": {"prob": 0.00425531914893617, "count": 1, "pos": [158]}, "scene": {"prob": 0.00425531914893617, "count": 1, "pos": [159]}, "he": {"prob": 0.01276595744680851, "count": 3, "pos": [160, 172, 180]}, "final": {"prob": 0.00425531914893617, "count": 1, "pos": [161]}, "connect": {"prob": 0.00425531914893617, "count": 1, "pos": [162]}, "beauti": {"prob": 0.00425531914893617, "count": 1, "pos": [165]}, "girl": {"prob": 0.00425531914893617, "count": 1, "pos": [166]}, "name": {"prob": 0.00425531914893617, "count": 1, "pos": [167]}, "lorrain": {"prob": 0.00851063829787234, "count": 2, "pos": [168, 193]}, "next": {"prob": 0.00425531914893617, "count": 1, "pos": [170]}, "day": {"prob": 0.00425531914893617, "count": 1, "pos": [171]},