{"__total__": 547, "__name__": "doc_1413_Taxi_Driver.txt", "travi": {"prob": 0.04021937842778794, "count": 22, "pos": [0, 53, 82, 142, 180, 221, 244, 256, 273, 285, 307, 343, 380, 397, 403, 412, 417, 431, 433, 448, 481, 502]}, "bickl": {"prob": 0.0018281535648994515, "count": 1, "pos": [1]}, "an": {"prob": 0.003656307129798903, "count": 2, "pos": [2, 536]}, "honor": {"prob": 0.0018281535648994515, "count": 1, "pos": [3]}, "discharg": {"prob": 0.0018281535648994515, "count": 1, "pos": [4]}, "u": {"prob": 0.0018281535648994515, "count": 1, "pos": [5]}, "marin": {"prob": 0.0018281535648994515, "count": 1, "pos": [6]}, "is": {"prob": 0.003656307129798903, "count": 2, "pos": [7, 66]}, "a": {"prob": 0.04021937842778794, "count": 22, "pos": [8, 20, 51, 58, 87, 100, 108, 182, 189, 204, 223, 228, 274, 325, 341, 345, 444, 458, 483, 500, 512, 524]}, "lone": {"prob": 0.0018281535648994515, "count": 1, "pos": [9]}, "and": {"prob": 0.038391224862888484, "count": 21, "pos": [10, 49, 93, 172, 187, 202, 234, 243, 271, 290, 306, 324, 361, 369, 388, 410, 422, 440, 494, 508, 526]}, "depress": {"prob": 0.0018281535648994515, "count": 1, "pos": [11]}, "man": {"prob": 0.003656307129798903, "count": 2, "pos": [12, 229]}, "live": {"prob": 0.0018281535648994515, "count": 1, "pos": [13]}, "in": {"prob": 0.016453382084095063, "count": 9, "pos": [14, 23, 45, 144, 327, 398, 413, 437, 538]}, "manhattan": {"prob": 0.0018281535648994515, "count": 1, "pos": [15]}, "new": {"prob": 0.003656307129798903, "count": 2, "pos": [16, 38]}, "york": {"prob": 0.003656307129798903, "count": 2, "pos": [17, 39]}, "he": {"prob": 0.03290676416819013, "count": 18, "pos": [18, 41, 103, 129, 163, 175, 195, 214, 329, 331, 349, 362, 364, 377, 466, 521, 532, 544]}, "becom": {"prob": 0.005484460694698354, "count": 3, "pos": [19, 54, 308]}, "taxi": {"prob": 0.003656307129798903, "count": 2, "pos": [21, 146]}, "driver": {"prob": 0.003656307129798903, "count": 2, "pos": [22, 147]}, "order": {"prob": 0.0018281535648994515, "count": 1, "pos": [24]}, "to": {"prob": 0.038391224862888484, "count": 21, "pos": [25, 84, 89, 91, 106, 155, 207, 231, 259, 287, 292, 295, 314, 321, 351, 366, 372, 429, 434, 457, 505]}, "cope": {"prob": 0.0018281535648994515, "count": 1, "pos": [26]}, "with": {"prob": 0.009140767824497258, "count": 5, "pos": [27, 56, 78, 212, 310]}, "chronic": {"prob": 0.0018281535648994515, "count": 1, "pos": [28]}, "insomnia": {"prob": 0.0018281535648994515, "count": 1, "pos": [29]}, "drive": {"prob": 0.005484460694698354, "count": 3, "pos": [30, 371, 545]}, "passeng": {"prob": 0.0018281535648994515, "count": 1, "pos": [31]}, "everi": {"prob": 0.0018281535648994515, "count": 1, "pos": [32]}, "night": {"prob": 0.005484460694698354, "count": 3, "pos": [33, 220, 248]}, "around": {"prob": 0.0018281535648994515, "count": 1, "pos": [34]}, "the": {"prob": 0.031078610603290677, "count": 17, "pos": [35, 133, 169, 178, 236, 238, 269, 301, 373, 391, 399, 414, 424, 426, 438, 475, 495]}, "borough": {"prob": 0.0018281535648994515, "count": 1, "pos": [36]}, "of": {"prob": 0.009140767824497258, "count": 5, "pos": [37, 191, 283, 453, 477]}, "citi": {"prob": 0.003656307129798903, "count": 2, "pos": [40, 179]}, "also": {"prob": 0.0018281535648994515, "count": 1, "pos": [42]}, "spend": {"prob": 0.0018281535648994515, "count": 1, "pos": [43]}, "time": {"prob": 0.0018281535648994515, "count": 1, "pos": [44]}, "seedi": {"prob": 0.0018281535648994515, "count": 1, "pos": [46]}, "porn": {"prob": 0.0018281535648994515, "count": 1, "pos": [47]}, "theater": {"prob": 0.0018281535648994515, "count": 1, "pos": [48]}, "keep": {"prob": 0.0018281535648994515, "count": 1, "pos": [50]}, "diari": {"prob": 0.0018281535648994515, "count": 1, "pos": [52]}, "infatu": {"prob": 0.0018281535648994515, "count": 1, "pos": [55]}, "betsi": {"prob": 0.003656307129798903, "count": 2, "pos": [57, 510]}, "campaign": {"prob": 0.003656307129798903, "count": 2, "pos": [59, 134]}, "volunt": {"prob": 0.003656307129798903, "count": 2, "pos": [60, 85]}, "for": {"prob": 0.012797074954296161, "count": 7, "pos": [61, 68, 97, 184, 304, 491, 530]}, "senat": {"prob": 0.003656307129798903, "count": 2, "pos": [62, 353]}, "charl": {"prob": 0.0018281535648994515, "count": 1, "pos": [63]}, "palantin": {"prob": 0.003656307129798903, "count": 2, "pos": [64, 354]}, "who": {"prob": 0.003656307129798903, "count": 2, "pos": [65, 488]}, "run": {"prob": 0.0018281535648994515, "count": 1, "pos": [67]}, "presid": {"prob": 0.0018281535648994515, "count": 1, "pos": [69]}, "after": {"prob": 0.005484460694698354, "count": 3, "pos": [70, 336, 394]}, "watch": {"prob": 0.0018281535648994515, "count": 1, "pos": [71]}, "her": {"prob": 0.027422303473491772, "count": 15, "pos": [72, 74, 92, 95, 105, 113, 131, 261, 284, 294, 312, 315, 319, 493, 528]}, "through": {"prob": 0.003656307129798903, "count": 2, "pos": [73, 177]}, "offic": {"prob": 0.003656307129798903, "count": 2, "pos": [75, 135]}, "window": {"prob": 0.0018281535648994515, "count": 1, "pos": [76]}, "interact": {"prob": 0.0018281535648994515, "count": 1, "pos": [77]}, "fellow": {"prob": 0.003656307129798903, "count": 2, "pos": [79, 145]}, "worker": {"prob": 0.0018281535648994515, "count": 1, "pos": [80]}, "tom": {"prob": 0.003656307129798903, "count": 2, "pos": [81, 141]}, "enter": {"prob": 0.005484460694698354, "count": 3, "pos": [83, 222, 255]}, "as": {"prob": 0.009140767824497258, "count": 5, "pos": [86, 443, 499, 511, 543]}, "pretext": {"prob": 0.0018281535648994515, "count": 1, "pos": [88]}, "talk": {"prob": 0.0018281535648994515, "count": 1, "pos": [90]}, "take": {"prob": 0.005484460694698354, "count": 3, "pos": [94, 104, 241]}, "out": {"prob": 0.005484460694698354, "count": 3, "pos": [96, 139, 452]}, "coff": {"prob": 0.0018281535648994515, "count": 1, "pos": [98]}, "on": {"prob": 0.005484460694698354, "count": 3, "pos": [99, 209, 246]}, "later": {"prob": 0.0018281535648994515, "count": 1, "pos": [101]}, "date": {"prob": 0.0018281535648994515, "count": 1, "pos": [102]}, "see": {"prob": 0.0018281535648994515, "count": 1, "pos": [107]}, "sex": {"prob": 0.0018281535648994515, "count": 1, "pos": [109]}, "film": {"prob": 0.0018281535648994515, "count": 1, "pos": [110]}, "which": {"prob": 0.009140767824497258, "count": 5, "pos": [111, 152, 213, 279, 328]}, "offend": {"prob": 0.0018281535648994515, "count": 1, "pos": [112]}, "so": {"prob": 0.005484460694698354, "count": 3, "pos": [114, 128, 323]}, "she": {"prob": 0.003656307129798903, "count": 2, "pos": [115, 514]}, "goe": {"prob": 0.0018281535648994515, "count": 1, "pos": [116]}, "home": {"prob": 0.003656307129798903, "count": 2, "pos": [117, 317]}, "alon": {"prob": 0.0018281535648994515, "count": 1, "pos": [118]}, "hi": {"prob": 0.02376599634369287, "count": 13, "pos": [119, 150, 185, 210, 217, 338, 367, 419, 468, 472, 506, 516, 539]}, "attempt": {"prob": 0.010968921389396709, "count": 6, "pos": [120, 230, 258, 291, 350, 449]}, "at": {"prob": 0.005484460694698354, "count": 3, "pos": [121, 132, 535]}, "reconcili": {"prob": 0.0018281535648994515, "count": 1, "pos": [122]}, "by": {"prob": 0.005484460694698354, "count": 3, "pos": [123, 140, 168]}, "send": {"prob": 0.003656307129798903, "count": 2, "pos": [124, 318]}, "flower": {"prob": 0.0018281535648994515, "count": 1, "pos": [125]}, "are": {"prob": 0.003656307129798903, "count": 2, "pos": [126, 153]}, "rebuf": {"prob": 0.0018281535648994515, "count": 1, "pos": [127]}, "berat": {"prob": 0.0018281535648994515, "count": 1, "pos": [130]}, "befor": {"prob": 0.003656307129798903, "count": 2, "pos": [136, 227]}, "be": {"prob": 0.007312614259597806, "count": 4, "pos": [137, 165, 334, 523]}, "kick": {"prob": 0.0018281535648994515, "count": 1, "pos": [138]}, "confid": {"prob": 0.0018281535648994515, "count": 1, "pos": [143]}, "wizard": {"prob": 0.003656307129798903, "count": 2, "pos": [148, 159]}, "about": {"prob": 0.0018281535648994515, "count": 1, "pos": [149]}, "thought": {"prob": 0.0018281535648994515, "count": 1, "pos": [151]},