{"__total__": 249, "__name__": "doc_1427_The_Accused_1988.txt", "the": {"prob": 0.07228915662650602, "count": 18, "pos": [0, 44, 51, 69, 79, 114, 118, 129, 132, 151, 170, 175, 192, 196, 215, 219, 224, 232]}, "stori": {"prob": 0.008032128514056224, "count": 2, "pos": [1, 90]}, "is": {"prob": 0.024096385542168676, "count": 6, "pos": [2, 22, 41, 58, 76, 95]}, "about": {"prob": 0.004016064257028112, "count": 1, "pos": [3]}, "a": {"prob": 0.05220883534136546, "count": 13, "pos": [4, 12, 19, 36, 54, 65, 102, 126, 141, 165, 180, 188, 200]}, "work": {"prob": 0.004016064257028112, "count": 1, "pos": [5]}, "class": {"prob": 0.004016064257028112, "count": 1, "pos": [6]}, "woman": {"prob": 0.004016064257028112, "count": 1, "pos": [7]}, "sarah": {"prob": 0.024096385542168676, "count": 6, "pos": [8, 75, 94, 123, 154, 231]}, "tobia": {"prob": 0.004016064257028112, "count": 1, "pos": [9]}, "who": {"prob": 0.008032128514056224, "count": 2, "pos": [10, 116]}, "ha": {"prob": 0.004016064257028112, "count": 1, "pos": [11]}, "reput": {"prob": 0.004016064257028112, "count": 1, "pos": [13]}, "for": {"prob": 0.024096385542168676, "count": 6, "pos": [14, 120, 150, 199, 206, 238]}, "promiscu": {"prob": 0.004016064257028112, "count": 1, "pos": [15]}, "one": {"prob": 0.008032128514056224, "count": 2, "pos": [16, 168]}, "night": {"prob": 0.004016064257028112, "count": 1, "pos": [17]}, "in": {"prob": 0.012048192771084338, "count": 3, "pos": [18, 91, 214]}, "bar": {"prob": 0.012048192771084338, "count": 3, "pos": [20, 28, 130]}, "she": {"prob": 0.01606425702811245, "count": 4, "pos": [21, 57, 83, 157]}, "gang": {"prob": 0.004016064257028112, "count": 1, "pos": [23]}, "rape": {"prob": 0.028112449799196786, "count": 7, "pos": [24, 45, 119, 133, 159, 176, 230]}, "by": {"prob": 0.012048192771084338, "count": 3, "pos": [25, 60, 78]}, "sever": {"prob": 0.008032128514056224, "count": 2, "pos": [26, 204]}, "drunk": {"prob": 0.004016064257028112, "count": 1, "pos": [27]}, "patron": {"prob": 0.004016064257028112, "count": 1, "pos": [29]}, "while": {"prob": 0.008032128514056224, "count": 2, "pos": [30, 160]}, "drunken": {"prob": 0.004016064257028112, "count": 1, "pos": [31]}, "onlook": {"prob": 0.004016064257028112, "count": 1, "pos": [32]}, "cheer": {"prob": 0.008032128514056224, "count": 2, "pos": [33, 117]}, "them": {"prob": 0.008032128514056224, "count": 2, "pos": [34, 213]}, "on": {"prob": 0.004016064257028112, "count": 1, "pos": [35]}, "district": {"prob": 0.004016064257028112, "count": 1, "pos": [37]}, "attorney": {"prob": 0.008032128514056224, "count": 2, "pos": [38, 149]}, "kathryn": {"prob": 0.012048192771084338, "count": 3, "pos": [39, 110, 184]}, "murphi": {"prob": 0.004016064257028112, "count": 1, "pos": [40]}, "assign": {"prob": 0.004016064257028112, "count": 1, "pos": [42]}, "to": {"prob": 0.040160642570281124, "count": 10, "pos": [43, 49, 63, 87, 112, 173, 178, 209, 212, 244]}, "case": {"prob": 0.008032128514056224, "count": 2, "pos": [46, 52]}, "and": {"prob": 0.012048192771084338, "count": 3, "pos": [47, 144, 187]}, "want": {"prob": 0.004016064257028112, "count": 1, "pos": [48]}, "drop": {"prob": 0.004016064257028112, "count": 1, "pos": [50]}, "after": {"prob": 0.012048192771084338, "count": 3, "pos": [53, 97, 183]}, "heat": {"prob": 0.004016064257028112, "count": 1, "pos": [55]}, "argument": {"prob": 0.004016064257028112, "count": 1, "pos": [56]}, "admonish": {"prob": 0.004016064257028112, "count": 1, "pos": [59]}, "her": {"prob": 0.01606425702811245, "count": 4, "pos": [61, 89, 99, 109]}, "superior": {"prob": 0.004016064257028112, "count": 1, "pos": [62]}, "enter": {"prob": 0.004016064257028112, "count": 1, "pos": [64]}, "plea": {"prob": 0.004016064257028112, "count": 1, "pos": [66]}, "bargain": {"prob": 0.004016064257028112, "count": 1, "pos": [67]}, "with": {"prob": 0.004016064257028112, "count": 1, "pos": [68]}, "rapist": {"prob": 0.008032128514056224, "count": 2, "pos": [70, 171]}, "requir": {"prob": 0.004016064257028112, "count": 1, "pos": [71]}, "some": {"prob": 0.004016064257028112, "count": 1, "pos": [72]}, "jail": {"prob": 0.004016064257028112, "count": 1, "pos": [73]}, "time": {"prob": 0.01606425702811245, "count": 4, "pos": [74, 202, 205, 237]}, "enrag": {"prob": 0.004016064257028112, "count": 1, "pos": [77]}, "deal": {"prob": 0.004016064257028112, "count": 1, "pos": [80]}, "most": {"prob": 0.004016064257028112, "count": 1, "pos": [81]}, "becaus": {"prob": 0.004016064257028112, "count": 1, "pos": [82]}, "did": {"prob": 0.004016064257028112, "count": 1, "pos": [84]}, "not": {"prob": 0.004016064257028112, "count": 1, "pos": [85]}, "get": {"prob": 0.008032128514056224, "count": 2, "pos": [86, 146]}, "tell": {"prob": 0.004016064257028112, "count": 1, "pos": [88]}, "court": {"prob": 0.004016064257028112, "count": 1, "pos": [92]}, "when": {"prob": 0.004016064257028112, "count": 1, "pos": [93]}, "hospit": {"prob": 0.004016064257028112, "count": 1, "pos": [96]}, "ram": {"prob": 0.004016064257028112, "count": 1, "pos": [98]}, "car": {"prob": 0.004016064257028112, "count": 1, "pos": [100]}, "into": {"prob": 0.004016064257028112, "count": 1, "pos": [101]}, "pickup": {"prob": 0.004016064257028112, "count": 1, "pos": [103]}, "truck": {"prob": 0.004016064257028112, "count": 1, "pos": [104]}, "whose": {"prob": 0.004016064257028112, "count": 1, "pos": [105]}, "driver": {"prob": 0.004016064257028112, "count": 1, "pos": [106]}, "crude": {"prob": 0.004016064257028112, "count": 1, "pos": [107]}, "proposit": {"prob": 0.004016064257028112, "count": 1, "pos": [108]}, "decid": {"prob": 0.004016064257028112, "count": 1, "pos": [111]}, "prosecut": {"prob": 0.004016064257028112, "count": 1, "pos": [113]}, "men": {"prob": 0.01606425702811245, "count": 4, "pos": [115, 138, 221, 234]}, "crimin": {"prob": 0.004016064257028112, "count": 1, "pos": [121]}, "solicit": {"prob": 0.004016064257028112, "count": 1, "pos": [122]}, "friend": {"prob": 0.008032128514056224, "count": 2, "pos": [124, 166]}, "salli": {"prob": 0.004016064257028112, "count": 1, "pos": [125]}, "waitress": {"prob": 0.004016064257028112, "count": 1, "pos": [127]}, "at": {"prob": 0.004016064257028112, "count": 1, "pos": [128]}, "where": {"prob": 0.004016064257028112, "count": 1, "pos": [131]}, "took": {"prob": 0.004016064257028112, "count": 1, "pos": [134]}, "place": {"prob": 0.004016064257028112, "count": 1, "pos": [135]}, "pick": {"prob": 0.004016064257028112, "count": 1, "pos": [136]}, "three": {"prob": 0.020080321285140562, "count": 5, "pos": [137, 147, 193, 220, 233]}, "out": {"prob": 0.004016064257028112, "count": 1, "pos": [139]}, "of": {"prob": 0.012048192771084338, "count": 3, "pos": [140, 167, 169]}, "line": {"prob": 0.004016064257028112, "count": 1, "pos": [142]}, "up": {"prob": 0.004016064257028112, "count": 1, "pos": [143]}, "they": {"prob": 0.012048192771084338, "count": 3, "pos": [145, 217, 229]}, "differ": {"prob": 0.004016064257028112, "count": 1, "pos": [148]}, "ensu": {"prob": 0.004016064257028112, "count": 1, "pos": [152]}, "trial": {"prob": 0.008032128514056224, "count": 2, "pos": [153, 225]}, "testifi": {"prob": 0.008032128514056224, "count": 2, "pos": [155, 172]}, "that": {"prob": 0.008032128514056224, "count": 2, "pos": [156, 228]}, "wa": {"prob": 0.004016064257028112, "count": 1, "pos": [158]}, "colleg": {"prob": 0.004016064257028112, "count": 1, "pos": [161]}, "student": {"prob": 0.004016064257028112, "count": 1, "pos": [162]}, "kenneth": {"prob": 0.004016064257028112, "count": 1, "pos": [163]}, "joyc": {"prob": 0.004016064257028112, "count": 1, "pos": [164]}, "watch": {"prob": 0.004016064257028112, "count": 1, "pos": [174]}, "prior": {"prob": 0.004016064257028112, "count": 1, "pos": [177]}, "make": {"prob": 0.004016064257028112, "count": 1, "pos": [179]}, "911": {"prob": 0.004016064257028112, "count": 1, "pos": [181]}, "call": {"prob": 0.004016064257028112, "count": 1, "pos": [182]}, "close": {"prob": 0.004016064257028112, "count": 1, "pos": [185]}, "statement": {"prob": 0.004016064257028112,