{"__total__": 640, "__name__": "doc_1428_The_Adventures_of_Baron_Munchausen.txt", "the": {"prob": 0.1328125, "count": 85, "pos": [0, 11, 26, 46, 52, 59, 86, 94, 98, 105, 108, 110, 115, 119, 140, 144, 156, 163, 190, 197, 201, 205, 208, 210, 218, 225, 229, 244, 246, 249, 267, 272, 275, 279, 288, 291, 295, 302, 305, 311, 314, 318, 321, 334, 339, 354, 359, 365, 374, 380, 385, 389, 410, 417, 422, 432, 438, 449, 453, 456, 473, 484, 487, 490, 494, 508, 515, 522, 527, 534, 537, 540, 542, 545, 550, 581, 589, 592, 601, 604, 611, 618, 621, 625, 631]}, "film": {"prob": 0.0046875, "count": 3, "pos": [1, 541, 602]}, "begin": {"prob": 0.003125, "count": 2, "pos": [2, 538]}, "in": {"prob": 0.0125, "count": 8, "pos": [3, 10, 252, 348, 452, 536, 596, 617]}, "an": {"prob": 0.0109375, "count": 7, "pos": [4, 88, 126, 185, 370, 501, 576]}, "unnam": {"prob": 0.0015625, "count": 1, "pos": [5]}, "war": {"prob": 0.0015625, "count": 1, "pos": [6]}, "torn": {"prob": 0.0015625, "count": 1, "pos": [7]}, "european": {"prob": 0.0015625, "count": 1, "pos": [8]}, "citi": {"prob": 0.015625, "count": 10, "pos": [9, 27, 44, 53, 206, 245, 250, 488, 491, 582]}, "late": {"prob": 0.0015625, "count": 1, "pos": [12]}, "18th": {"prob": 0.0015625, "count": 1, "pos": [13]}, "centuri": {"prob": 0.0015625, "count": 1, "pos": [14]}, "where": {"prob": 0.00625, "count": 4, "pos": [15, 143, 274, 320]}, "amidst": {"prob": 0.0015625, "count": 1, "pos": [16]}, "explo": {"prob": 0.0015625, "count": 1, "pos": [17]}, "and": {"prob": 0.028125, "count": 18, "pos": [18, 38, 113, 122, 178, 189, 330, 336, 356, 379, 394, 445, 465, 475, 486, 559, 613, 630]}, "gunfir": {"prob": 0.003125, "count": 2, "pos": [19, 195]}, "from": {"prob": 0.0046875, "count": 3, "pos": [20, 310, 361]}, "a": {"prob": 0.0234375, "count": 15, "pos": [21, 29, 62, 68, 134, 168, 253, 265, 307, 343, 395, 404, 568, 597, 635]}, "larg": {"prob": 0.0015625, "count": 1, "pos": [22]}, "turkish": {"prob": 0.003125, "count": 2, "pos": [23, 433]}, "armi": {"prob": 0.0046875, "count": 3, "pos": [24, 186, 434]}, "outsid": {"prob": 0.0015625, "count": 1, "pos": [25]}, "gate": {"prob": 0.0015625, "count": 1, "pos": [28]}, "fanci": {"prob": 0.0015625, "count": 1, "pos": [30]}, "tour": {"prob": 0.0015625, "count": 1, "pos": [31]}, "stage": {"prob": 0.0015625, "count": 1, "pos": [32]}, "product": {"prob": 0.0015625, "count": 1, "pos": [33]}, "of": {"prob": 0.034375, "count": 22, "pos": [34, 61, 72, 107, 128, 130, 133, 158, 203, 222, 228, 258, 290, 304, 392, 406, 518, 539, 549, 591, 620, 638]}, "baron": {"prob": 0.03125, "count": 20, "pos": [35, 96, 117, 146, 199, 211, 247, 276, 296, 335, 381, 386, 439, 457, 485, 495, 523, 543, 605, 612]}, "m\u00e3\u00bcnchhausen": {"prob": 0.0015625, "count": 1, "pos": [36]}, "life": {"prob": 0.0046875, "count": 3, "pos": [37, 135, 147]}, "adventur": {"prob": 0.003125, "count": 2, "pos": [39, 132]}, "is": {"prob": 0.0125, "count": 8, "pos": [40, 78, 148, 332, 435, 496, 513, 524]}, "take": {"prob": 0.003125, "count": 2, "pos": [41, 505]}, "place": {"prob": 0.003125, "count": 2, "pos": [42, 506]}, "backstag": {"prob": 0.003125, "count": 2, "pos": [43, 213]}, "offici": {"prob": 0.0015625, "count": 1, "pos": [45]}, "right": {"prob": 0.0015625, "count": 1, "pos": [47]}, "ordinari": {"prob": 0.0015625, "count": 1, "pos": [48]}, "horatio": {"prob": 0.0015625, "count": 1, "pos": [49]}, "jackson": {"prob": 0.00625, "count": 4, "pos": [50, 114, 477, 500]}, "reinforc": {"prob": 0.0015625, "count": 1, "pos": [51]}, "commit": {"prob": 0.0015625, "count": 1, "pos": [54]}, "to": {"prob": 0.0265625, "count": 17, "pos": [55, 80, 92, 182, 215, 235, 271, 317, 400, 420, 447, 462, 470, 472, 476, 481, 526]}, "reason": {"prob": 0.0015625, "count": 1, "pos": [56]}, "by": {"prob": 0.015625, "count": 10, "pos": [57, 151, 187, 262, 278, 346, 369, 402, 499, 563]}, "order": {"prob": 0.0015625, "count": 1, "pos": [58]}, "execut": {"prob": 0.0015625, "count": 1, "pos": [60]}, "soldier": {"prob": 0.003125, "count": 2, "pos": [63, 82]}, "who": {"prob": 0.0078125, "count": 5, "pos": [64, 174, 293, 531, 566]}, "had": {"prob": 0.003125, "count": 2, "pos": [65, 567]}, "just": {"prob": 0.0015625, "count": 1, "pos": [66]}, "accomplish": {"prob": 0.0015625, "count": 1, "pos": [67]}, "near": {"prob": 0.0015625, "count": 1, "pos": [69]}, "superhuman": {"prob": 0.003125, "count": 2, "pos": [70, 171]}, "feat": {"prob": 0.0015625, "count": 1, "pos": [71]}, "braveri": {"prob": 0.003125, "count": 2, "pos": [73, 77]}, "claim": {"prob": 0.003125, "count": 2, "pos": [74, 91]}, "that": {"prob": 0.00625, "count": 4, "pos": [75, 239, 511, 580]}, "hi": {"prob": 0.015625, "count": 10, "pos": [76, 131, 152, 159, 282, 298, 326, 362, 478, 561]}, "demor": {"prob": 0.0015625, "count": 1, "pos": [79]}, "other": {"prob": 0.0015625, "count": 1, "pos": [81]}, "not": {"prob": 0.0015625, "count": 1, "pos": [83]}, "far": {"prob": 0.0015625, "count": 1, "pos": [84]}, "into": {"prob": 0.0046875, "count": 3, "pos": [85, 364, 409]}, "play": {"prob": 0.0015625, "count": 1, "pos": [87]}, "elder": {"prob": 0.0046875, "count": 3, "pos": [89, 198, 444]}, "man": {"prob": 0.0015625, "count": 1, "pos": [90]}, "be": {"prob": 0.0015625, "count": 1, "pos": [93]}, "real": {"prob": 0.003125, "count": 2, "pos": [95, 116]}, "interrupt": {"prob": 0.0015625, "count": 1, "pos": [97]}, "show": {"prob": 0.003125, "count": 2, "pos": [99, 209]}, "protest": {"prob": 0.0015625, "count": 1, "pos": [100]}, "it": {"prob": 0.0046875, "count": 3, "pos": [101, 426, 571]}, "mani": {"prob": 0.003125, "count": 2, "pos": [102, 551]}, "inaccuraci": {"prob": 0.0015625, "count": 1, "pos": [103]}, "over": {"prob": 0.003125, "count": 2, "pos": [104, 634]}, "complaint": {"prob": 0.0015625, "count": 1, "pos": [106]}, "audienc": {"prob": 0.0015625, "count": 1, "pos": [109]}, "theatr": {"prob": 0.0015625, "count": 1, "pos": [111]}, "compani": {"prob": 0.003125, "count": 2, "pos": [112, 231]}, "gain": {"prob": 0.0015625, "count": 1, "pos": [118]}, "hous": {"prob": 0.0015625, "count": 1, "pos": [120]}, "attent": {"prob": 0.0015625, "count": 1, "pos": [121]}, "narrat": {"prob": 0.0015625, "count": 1, "pos": [123]}, "through": {"prob": 0.0046875, "count": 3, "pos": [124, 425, 624]}, "flashback": {"prob": 0.0015625, "count": 1, "pos": [125]}, "account": {"prob": 0.0015625, "count": 1, "pos": [127]}, "one": {"prob": 0.003125, "count": 2, "pos": [129, 548]}, "or": {"prob": 0.0015625, "count": 1, "pos": [136]}, "death": {"prob": 0.0046875, "count": 3, "pos": [137, 397, 558]}, "wager": {"prob": 0.0015625, "count": 1, "pos": [138]}, "with": {"prob": 0.0078125, "count": 5, "pos": [139, 170, 301, 328, 388]}, "grand": {"prob": 0.0015625, "count": 1, "pos": [141]}, "turk": {"prob": 0.0046875, "count": 3, "pos": [142, 450, 474]}, "younger": {"prob": 0.0015625, "count": 1, "pos": [145]}, "save": {"prob": 0.0078125, "count": 5, "pos": [149, 204, 243, 482, 586]}, "on": {"prob": 0.00625, "count": 4, "pos": [150, 547, 553, 608]}, "amaz": {"prob": 0.0015625, "count": 1, "pos": [153]}, "luck": {"prob": 0.0015625, "count": 1, "pos": [154]}, "plu": {"prob": 0.0015625, "count": 1, "pos": [155]}, "assist": {"prob": 0.0015625, "count": 1, "pos": [157]}, "remark": {"prob": 0.0015625, "count": 1, "pos": [160]}, "associ": {"prob": 0.0046875, "count": 3, "pos": [161, 284, 440]}, "berthold": {"prob": 0.003125, "count": 2, "pos": [162, 285]}, "world": {"prob": 0.0015625, "count": 1, "pos": [164]}, "fastest": {"prob": 0.0015625, "count": 1, "pos": [165]}, "runner": {"prob": 0.0015625, "count": 1, "pos": [166]}, "adolphu": {"prob": 0.003125, "count": 2, "pos": [167, 378]}, "rifleman": {"prob": 0.0015625, "count": 1, "pos": [169]}, "eyesight": {"prob": 0.0015625, "count": 1, "pos": [172]}, "gustavu": {"prob": 0.003125, "count": 2, "pos": [173, 377]}, "possess": {"prob": 0.0015625, "count": 1, "pos": [175]}, "extraordinari": {"prob": 0.0015625, "count": 1, "pos": [176]}, "hear": {"prob": 0.0015625, "count": 1, "pos": [177]}, "suffici": {"prob": 0.0015625, "count": 1,