{"__total__": 99, "__name__": "doc_1435_The_Affairs_of_Cellini.txt", "both": {"prob": 0.010101010101010102, "count": 1, "pos": [0]}, "the": {"prob": 0.10101010101010101, "count": 10, "pos": [1, 13, 26, 32, 40, 61, 65, 73, 87, 97]}, "duke": {"prob": 0.04040404040404041, "count": 4, "pos": [2, 14, 62, 68]}, "and": {"prob": 0.030303030303030304, "count": 3, "pos": [3, 10, 59]}, "duchess": {"prob": 0.020202020202020204, "count": 2, "pos": [4, 27]}, "have": {"prob": 0.010101010101010102, "count": 1, "pos": [5]}, "an": {"prob": 0.020202020202020204, "count": 2, "pos": [6, 23]}, "eye": {"prob": 0.020202020202020204, "count": 2, "pos": [7, 30]}, "for": {"prob": 0.030303030303030304, "count": 3, "pos": [8, 76, 81]}, "beauti": {"prob": 0.010101010101010102, "count": 1, "pos": [9]}, "other": {"prob": 0.010101010101010102, "count": 1, "pos": [11]}, "partner": {"prob": 0.010101010101010102, "count": 1, "pos": [12]}, "present": {"prob": 0.010101010101010102, "count": 1, "pos": [15]}, "fanci": {"prob": 0.010101010101010102, "count": 1, "pos": [16]}, "a": {"prob": 0.030303030303030304, "count": 3, "pos": [17, 43, 91]}, "young": {"prob": 0.030303030303030304, "count": 3, "pos": [18, 57, 74]}, "woman": {"prob": 0.010101010101010102, "count": 1, "pos": [19]}, "who": {"prob": 0.020202020202020204, "count": 2, "pos": [20, 37]}, "pose": {"prob": 0.010101010101010102, "count": 1, "pos": [21]}, "as": {"prob": 0.010101010101010102, "count": 1, "pos": [22]}, "artist": {"prob": 0.020202020202020204, "count": 2, "pos": [24, 34]}, "model": {"prob": 0.010101010101010102, "count": 1, "pos": [25]}, "ha": {"prob": 0.010101010101010102, "count": 1, "pos": [28]}, "her": {"prob": 0.010101010101010102, "count": 1, "pos": [29]}, "on": {"prob": 0.010101010101010102, "count": 1, "pos": [31]}, "famou": {"prob": 0.010101010101010102, "count": 1, "pos": [33]}, "benvenuto": {"prob": 0.010101010101010102, "count": 1, "pos": [35]}, "cellini": {"prob": 0.030303030303030304, "count": 3, "pos": [36, 54, 77]}, "is": {"prob": 0.020202020202020204, "count": 2, "pos": [38, 69]}, "in": {"prob": 0.010101010101010102, "count": 1, "pos": [39]}, "palac": {"prob": 0.010101010101010102, "count": 1, "pos": [41]}, "make": {"prob": 0.010101010101010102, "count": 1, "pos": [42]}, "set": {"prob": 0.010101010101010102, "count": 1, "pos": [44]}, "of": {"prob": 0.030303030303030304, "count": 3, "pos": [45, 63, 93]}, "gold": {"prob": 0.020202020202020204, "count": 2, "pos": [46, 79]}, "plate": {"prob": 0.010101010101010102, "count": 1, "pos": [47]}, "to": {"prob": 0.020202020202020204, "count": 2, "pos": [48, 71]}, "be": {"prob": 0.010101010101010102, "count": 1, "pos": [49]}, "use": {"prob": 0.010101010101010102, "count": 1, "pos": [50]}, "at": {"prob": 0.010101010101010102, "count": 1, "pos": [51]}, "ducal": {"prob": 0.010101010101010102, "count": 1, "pos": [52]}, "banquet": {"prob": 0.010101010101010102, "count": 1, "pos": [53]}, "purported": {"prob": 0.010101010101010102, "count": 1, "pos": [55]}, "hypnot": {"prob": 0.010101010101010102, "count": 1, "pos": [56]}, "women": {"prob": 0.010101010101010102, "count": 1, "pos": [58]}, "cuckold": {"prob": 0.010101010101010102, "count": 1, "pos": [60]}, "florenc": {"prob": 0.010101010101010102, "count": 1, "pos": [64]}, "somewhat": {"prob": 0.010101010101010102, "count": 1, "pos": [66]}, "oblivi": {"prob": 0.010101010101010102, "count": 1, "pos": [67]}, "loath": {"prob": 0.010101010101010102, "count": 1, "pos": [70]}, "punish": {"prob": 0.010101010101010102, "count": 1, "pos": [72]}, "man": {"prob": 0.010101010101010102, "count": 1, "pos": [75]}, "fashion": {"prob": 0.010101010101010102, "count": 1, "pos": [78]}, "ware": {"prob": 0.010101010101010102, "count": 1, "pos": [80]}, "him": {"prob": 0.020202020202020204, "count": 2, "pos": [82, 85]}, "but": {"prob": 0.010101010101010102, "count": 1, "pos": [83]}, "throw": {"prob": 0.010101010101010102, "count": 1, "pos": [84]}, "into": {"prob": 0.010101010101010102, "count": 1, "pos": [86]}, "tortur": {"prob": 0.010101010101010102, "count": 1, "pos": [88]}, "chamber": {"prob": 0.010101010101010102, "count": 1, "pos": [89]}, "howev": {"prob": 0.010101010101010102, "count": 1, "pos": [90]}, "goblet": {"prob": 0.010101010101010102, "count": 1, "pos": [92]}, "poison": {"prob": 0.010101010101010102, "count": 1, "pos": [94]}, "wine": {"prob": 0.010101010101010102, "count": 1, "pos": [95]}, "solv": {"prob": 0.010101010101010102, "count": 1, "pos": [96]}, "problem": {"prob": 0.010101010101010102, "count": 1, "pos": [98]}}