{"__total__": 203, "__name__": "doc_1442_The_Apu_Trilogy.txt", "the": {"prob": 0.07389162561576355, "count": 15, "pos": [0, 9, 15, 28, 32, 35, 49, 70, 76, 80, 86, 90, 130, 153, 190]}, "film": {"prob": 0.019704433497536946, "count": 4, "pos": [1, 37, 88, 155]}, "are": {"prob": 0.009852216748768473, "count": 2, "pos": [2, 93]}, "a": {"prob": 0.04433497536945813, "count": 9, "pos": [3, 12, 22, 52, 61, 109, 127, 161, 170]}, "come": {"prob": 0.014778325123152709, "count": 3, "pos": [4, 106, 133]}, "of": {"prob": 0.034482758620689655, "count": 7, "pos": [5, 11, 21, 31, 51, 72, 83]}, "age": {"prob": 0.0049261083743842365, "count": 1, "pos": [6]}, "narr": {"prob": 0.0049261083743842365, "count": 1, "pos": [7]}, "in": {"prob": 0.04433497536945813, "count": 9, "pos": [8, 27, 45, 65, 85, 111, 152, 183, 186]}, "vein": {"prob": 0.0049261083743842365, "count": 1, "pos": [10]}, "bildungsroman": {"prob": 0.0049261083743842365, "count": 1, "pos": [13]}, "describ": {"prob": 0.0049261083743842365, "count": 1, "pos": [14]}, "childhood": {"prob": 0.0049261083743842365, "count": 1, "pos": [16]}, "educ": {"prob": 0.0049261083743842365, "count": 1, "pos": [17]}, "and": {"prob": 0.014778325123152709, "count": 3, "pos": [18, 102, 122]}, "ear": {"prob": 0.014778325123152709, "count": 3, "pos": [19, 29, 43]}, "matur": {"prob": 0.0049261083743842365, "count": 1, "pos": [20]}, "young": {"prob": 0.0049261083743842365, "count": 1, "pos": [23]}, "bengali": {"prob": 0.0049261083743842365, "count": 1, "pos": [24]}, "name": {"prob": 0.0049261083743842365, "count": 1, "pos": [25]}, "apu": {"prob": 0.03940886699507389, "count": 8, "pos": [26, 42, 73, 101, 116, 132, 163, 192]}, "part": {"prob": 0.0049261083743842365, "count": 1, "pos": [30]}, "20th": {"prob": 0.0049261083743842365, "count": 1, "pos": [33]}, "centuri": {"prob": 0.0049261083743842365, "count": 1, "pos": [34]}, "first": {"prob": 0.0049261083743842365, "count": 1, "pos": [36]}, "pather": {"prob": 0.0049261083743842365, "count": 1, "pos": [38]}, "panchali": {"prob": 0.0049261083743842365, "count": 1, "pos": [39]}, "is": {"prob": 0.0049261083743842365, "count": 1, "pos": [40]}, "about": {"prob": 0.0049261083743842365, "count": 1, "pos": [41]}, "experi": {"prob": 0.0049261083743842365, "count": 1, "pos": [44]}, "rural": {"prob": 0.0049261083743842365, "count": 1, "pos": [46]}, "bengal": {"prob": 0.009852216748768473, "count": 2, "pos": [47, 112]}, "as": {"prob": 0.0049261083743842365, "count": 1, "pos": [48]}, "son": {"prob": 0.0049261083743842365, "count": 1, "pos": [50]}, "poor": {"prob": 0.0049261083743842365, "count": 1, "pos": [53]}, "but": {"prob": 0.009852216748768473, "count": 2, "pos": [54, 196]}, "high": {"prob": 0.0049261083743842365, "count": 1, "pos": [55]}, "cast": {"prob": 0.0049261083743842365, "count": 1, "pos": [56]}, "famili": {"prob": 0.019704433497536946, "count": 4, "pos": [57, 68, 77, 91]}, "hi": {"prob": 0.03940886699507389, "count": 8, "pos": [58, 67, 97, 103, 137, 141, 194, 201]}, "father": {"prob": 0.009852216748768473, "count": 2, "pos": [59, 98]}, "harihar": {"prob": 0.0049261083743842365, "count": 1, "pos": [60]}, "brahmin": {"prob": 0.0049261083743842365, "count": 1, "pos": [62]}, "ha": {"prob": 0.014778325123152709, "count": 3, "pos": [63, 146, 173]}, "difficulti": {"prob": 0.0049261083743842365, "count": 1, "pos": [64]}, "support": {"prob": 0.0049261083743842365, "count": 1, "pos": [66]}, "after": {"prob": 0.014778325123152709, "count": 3, "pos": [69, 96, 188]}, "death": {"prob": 0.009852216748768473, "count": 2, "pos": [71, 185]}, "sister": {"prob": 0.0049261083743842365, "count": 1, "pos": [74]}, "durga": {"prob": 0.0049261083743842365, "count": 1, "pos": [75]}, "move": {"prob": 0.0049261083743842365, "count": 1, "pos": [78]}, "to": {"prob": 0.04433497536945813, "count": 9, "pos": [79, 108, 118, 125, 147, 149, 159, 168, 199]}, "holi": {"prob": 0.0049261083743842365, "count": 1, "pos": [81]}, "citi": {"prob": 0.0049261083743842365, "count": 1, "pos": [82]}, "benar": {"prob": 0.0049261083743842365, "count": 1, "pos": [84]}, "second": {"prob": 0.0049261083743842365, "count": 1, "pos": [87]}, "aparajito": {"prob": 0.0049261083743842365, "count": 1, "pos": [89]}, "financ": {"prob": 0.0049261083743842365, "count": 1, "pos": [92]}, "still": {"prob": 0.0049261083743842365, "count": 1, "pos": [94]}, "precari": {"prob": 0.0049261083743842365, "count": 1, "pos": [95]}, "die": {"prob": 0.009852216748768473, "count": 2, "pos": [99, 143]}, "there": {"prob": 0.0049261083743842365, "count": 1, "pos": [100]}, "mother": {"prob": 0.014778325123152709, "count": 3, "pos": [104, 138, 142]}, "sarbajaya": {"prob": 0.0049261083743842365, "count": 1, "pos": [105]}, "back": {"prob": 0.0049261083743842365, "count": 1, "pos": [107]}, "villag": {"prob": 0.0049261083743842365, "count": 1, "pos": [110]}, "despit": {"prob": 0.0049261083743842365, "count": 1, "pos": [113]}, "incess": {"prob": 0.0049261083743842365, "count": 1, "pos": [114]}, "poverti": {"prob": 0.0049261083743842365, "count": 1, "pos": [115]}, "manag": {"prob": 0.0049261083743842365, "count": 1, "pos": [117]}, "get": {"prob": 0.0049261083743842365, "count": 1, "pos": [119]}, "formal": {"prob": 0.0049261083743842365, "count": 1, "pos": [120]}, "school": {"prob": 0.0049261083743842365, "count": 1, "pos": [121]}, "turn": {"prob": 0.0049261083743842365, "count": 1, "pos": [123]}, "out": {"prob": 0.0049261083743842365, "count": 1, "pos": [124]}, "be": {"prob": 0.0049261083743842365, "count": 1, "pos": [126]}, "brilliant": {"prob": 0.0049261083743842365, "count": 1, "pos": [128]}, "student": {"prob": 0.0049261083743842365, "count": 1, "pos": [129]}, "grow": {"prob": 0.0049261083743842365, "count": 1, "pos": [131]}, "into": {"prob": 0.0049261083743842365, "count": 1, "pos": [134]}, "conflict": {"prob": 0.0049261083743842365, "count": 1, "pos": [135]}, "with": {"prob": 0.0049261083743842365, "count": 1, "pos": [136]}, "later": {"prob": 0.0049261083743842365, "count": 1, "pos": [139]}, "when": {"prob": 0.0049261083743842365, "count": 1, "pos": [140]}, "too": {"prob": 0.0049261083743842365, "count": 1, "pos": [144]}, "he": {"prob": 0.0049261083743842365, "count": 1, "pos": [145]}, "learn": {"prob": 0.0049261083743842365, "count": 1, "pos": [148]}, "live": {"prob": 0.0049261083743842365, "count": 1, "pos": [150]}, "alon": {"prob": 0.0049261083743842365, "count": 1, "pos": [151]}, "third": {"prob": 0.0049261083743842365, "count": 1, "pos": [154]}, "apur": {"prob": 0.0049261083743842365, "count": 1, "pos": [156]}, "sansar": {"prob": 0.0049261083743842365, "count": 1, "pos": [157]}, "attempt": {"prob": 0.0049261083743842365, "count": 1, "pos": [158]}, "becom": {"prob": 0.0049261083743842365, "count": 1, "pos": [160]}, "writer": {"prob": 0.0049261083743842365, "count": 1, "pos": [162]}, "accid": {"prob": 0.0049261083743842365, "count": 1, "pos": [164]}, "find": {"prob": 0.0049261083743842365, "count": 1, "pos": [165]}, "himself": {"prob": 0.0049261083743842365, "count": 1, "pos": [166]}, "pressur": {"prob": 0.0049261083743842365, "count": 1, "pos": [167]}, "marri": {"prob": 0.0049261083743842365, "count": 1, "pos": [169]}, "girl": {"prob": 0.0049261083743842365, "count": 1, "pos": [171]}, "who": {"prob": 0.0049261083743842365, "count": 1, "pos": [172]}, "reject": {"prob": 0.0049261083743842365, "count": 1, "pos": [174]}, "her": {"prob": 0.009852216748768473, "count": 2, "pos": [175, 184]}, "mental": {"prob": 0.0049261083743842365, "count": 1, "pos": [176]}, "ill": {"prob": 0.0049261083743842365, "count": 1, "pos": [177]}, "bridegroom": {"prob": 0.0049261083743842365, "count": 1, "pos": [178]}, "their": {"prob": 0.0049261083743842365, "count": 1, "pos": [179]}, "blossom": {"prob": 0.0049261083743842365, "count": 1, "pos": [180]}, "marriag": {"prob": 0.0049261083743842365, "count": 1, "pos": [181]}, "end": {"prob": 0.0049261083743842365, "count": 1, "pos": [182]}, "childbirth": {"prob": 0.0049261083743842365, "count": 1, "pos": [187]}, "which": {"prob": 0.0049261083743842365,