{"__total__": 319, "__name__": "doc_1450_The_Banger_Sisters.txt", "when": {"prob": 0.006269592476489028, "count": 2, "pos": [0, 116]}, "suzett": {"prob": 0.0219435736677116, "count": 7, "pos": [1, 92, 127, 164, 188, 254, 303]}, "is": {"prob": 0.012539184952978056, "count": 4, "pos": [2, 63, 269, 284]}, "fire": {"prob": 0.003134796238244514, "count": 1, "pos": [3]}, "from": {"prob": 0.003134796238244514, "count": 1, "pos": [4]}, "her": {"prob": 0.03761755485893417, "count": 12, "pos": [5, 36, 119, 122, 160, 231, 236, 259, 262, 275, 288, 316]}, "job": {"prob": 0.003134796238244514, "count": 1, "pos": [6]}, "as": {"prob": 0.006269592476489028, "count": 2, "pos": [7, 212]}, "bartend": {"prob": 0.003134796238244514, "count": 1, "pos": [8]}, "at": {"prob": 0.012539184952978056, "count": 4, "pos": [9, 41, 128, 154]}, "the": {"prob": 0.0438871473354232, "count": 14, "pos": [10, 21, 24, 29, 78, 143, 146, 200, 206, 220, 247, 256, 292, 300]}, "whiski": {"prob": 0.003134796238244514, "count": 1, "pos": [11]}, "a": {"prob": 0.0219435736677116, "count": 7, "pos": [12, 42, 57, 94, 151, 215, 226]}, "go": {"prob": 0.009404388714733543, "count": 3, "pos": [13, 14, 251]}, "in": {"prob": 0.018808777429467086, "count": 6, "pos": [15, 90, 112, 199, 255, 274]}, "lo": {"prob": 0.006269592476489028, "count": 2, "pos": [16, 306]}, "angel": {"prob": 0.006269592476489028, "count": 2, "pos": [17, 307]}, "she": {"prob": 0.0219435736677116, "count": 7, "pos": [18, 52, 117, 133, 166, 202, 229]}, "decid": {"prob": 0.003134796238244514, "count": 1, "pos": [19]}, "on": {"prob": 0.01567398119122257, "count": 5, "pos": [20, 64, 88, 270, 299]}, "spur": {"prob": 0.003134796238244514, "count": 1, "pos": [22]}, "of": {"prob": 0.025078369905956112, "count": 8, "pos": [23, 145, 159, 205, 208, 217, 219, 222]}, "moment": {"prob": 0.003134796238244514, "count": 1, "pos": [25]}, "to": {"prob": 0.03761755485893417, "count": 12, "pos": [26, 31, 34, 48, 67, 69, 75, 121, 162, 295, 305, 314]}, "travel": {"prob": 0.003134796238244514, "count": 1, "pos": [27]}, "all": {"prob": 0.012539184952978056, "count": 4, "pos": [28, 73, 193, 273]}, "way": {"prob": 0.006269592476489028, "count": 2, "pos": [30, 66]}, "phoenix": {"prob": 0.009404388714733543, "count": 3, "pos": [32, 68, 91]}, "arizona": {"prob": 0.003134796238244514, "count": 1, "pos": [33]}, "see": {"prob": 0.006269592476489028, "count": 2, "pos": [35, 134]}, "old": {"prob": 0.009404388714733543, "count": 3, "pos": [37, 101, 248]}, "friend": {"prob": 0.003134796238244514, "count": 1, "pos": [38]}, "vinni": {"prob": 0.012539184952978056, "count": 4, "pos": [39, 98, 135, 172]}, "strand": {"prob": 0.003134796238244514, "count": 1, "pos": [40]}, "servic": {"prob": 0.003134796238244514, "count": 1, "pos": [43]}, "station": {"prob": 0.003134796238244514, "count": 1, "pos": [44]}, "without": {"prob": 0.003134796238244514, "count": 1, "pos": [45]}, "ani": {"prob": 0.003134796238244514, "count": 1, "pos": [46]}, "money": {"prob": 0.003134796238244514, "count": 1, "pos": [47]}, "buy": {"prob": 0.003134796238244514, "count": 1, "pos": [49]}, "some": {"prob": 0.009404388714733543, "count": 3, "pos": [50, 106, 204]}, "gasolin": {"prob": 0.003134796238244514, "count": 1, "pos": [51]}, "pick": {"prob": 0.003134796238244514, "count": 1, "pos": [53]}, "up": {"prob": 0.003134796238244514, "count": 1, "pos": [54]}, "harri": {"prob": 0.009404388714733543, "count": 3, "pos": [55, 113, 310]}, "plummer": {"prob": 0.003134796238244514, "count": 1, "pos": [56]}, "neurot": {"prob": 0.003134796238244514, "count": 1, "pos": [58]}, "middl": {"prob": 0.003134796238244514, "count": 1, "pos": [59]}, "age": {"prob": 0.003134796238244514, "count": 1, "pos": [60]}, "author": {"prob": 0.003134796238244514, "count": 1, "pos": [61]}, "who": {"prob": 0.012539184952978056, "count": 4, "pos": [62, 104, 136, 311]}, "hi": {"prob": 0.01567398119122257, "count": 5, "pos": [65, 81, 86, 183, 317]}, "onc": {"prob": 0.003134796238244514, "count": 1, "pos": [70]}, "and": {"prob": 0.02821316614420063, "count": 9, "pos": [71, 149, 175, 225, 233, 241, 261, 286, 291]}, "for": {"prob": 0.009404388714733543, "count": 3, "pos": [72, 196, 243]}, "come": {"prob": 0.006269592476489028, "count": 2, "pos": [74, 313]}, "grip": {"prob": 0.003134796238244514, "count": 1, "pos": [76]}, "with": {"prob": 0.012539184952978056, "count": 4, "pos": [77, 97, 253, 309]}, "neg": {"prob": 0.003134796238244514, "count": 1, "pos": [79]}, "influenc": {"prob": 0.003134796238244514, "count": 1, "pos": [80]}, "father": {"prob": 0.003134796238244514, "count": 1, "pos": [82]}, "ha": {"prob": 0.012539184952978056, "count": 4, "pos": [83, 93, 179, 312]}, "had": {"prob": 0.003134796238244514, "count": 1, "pos": [84]}, "over": {"prob": 0.003134796238244514, "count": 1, "pos": [85]}, "life": {"prob": 0.012539184952978056, "count": 4, "pos": [87, 144, 152, 211]}, "arriv": {"prob": 0.003134796238244514, "count": 1, "pos": [89]}, "chanc": {"prob": 0.003134796238244514, "count": 1, "pos": [95]}, "meet": {"prob": 0.003134796238244514, "count": 1, "pos": [96]}, "17": {"prob": 0.003134796238244514, "count": 1, "pos": [99]}, "year": {"prob": 0.003134796238244514, "count": 1, "pos": [100]}, "daughter": {"prob": 0.009404388714733543, "count": 3, "pos": [102, 161, 264]}, "hannah": {"prob": 0.006269592476489028, "count": 2, "pos": [103, 278]}, "after": {"prob": 0.006269592476489028, "count": 2, "pos": [105, 272]}, "recreat": {"prob": 0.003134796238244514, "count": 1, "pos": [107]}, "drug": {"prob": 0.003134796238244514, "count": 1, "pos": [108]}, "use": {"prob": 0.003134796238244514, "count": 1, "pos": [109]}, "pass": {"prob": 0.003134796238244514, "count": 1, "pos": [110]}, "out": {"prob": 0.006269592476489028, "count": 2, "pos": [111, 280]}, "hotel": {"prob": 0.003134796238244514, "count": 1, "pos": [114]}, "room": {"prob": 0.003134796238244514, "count": 1, "pos": [115]}, "drive": {"prob": 0.003134796238244514, "count": 1, "pos": [118]}, "back": {"prob": 0.006269592476489028, "count": 2, "pos": [120, 192]}, "parent": {"prob": 0.006269592476489028, "count": 2, "pos": [123, 293]}, "eleg": {"prob": 0.003134796238244514, "count": 1, "pos": [124]}, "suburban": {"prob": 0.003134796238244514, "count": 1, "pos": [125]}, "home": {"prob": 0.003134796238244514, "count": 1, "pos": [126]}, "first": {"prob": 0.003134796238244514, "count": 1, "pos": [129]}, "cannot": {"prob": 0.003134796238244514, "count": 1, "pos": [130]}, "believ": {"prob": 0.003134796238244514, "count": 1, "pos": [131]}, "what": {"prob": 0.003134796238244514, "count": 1, "pos": [132]}, "now": {"prob": 0.003134796238244514, "count": 1, "pos": [137]}, "call": {"prob": 0.003134796238244514, "count": 1, "pos": [138]}, "herself": {"prob": 0.003134796238244514, "count": 1, "pos": [139]}, "lavinia": {"prob": 0.009404388714733543, "count": 3, "pos": [140, 197, 268]}, "kingsley": {"prob": 0.003134796238244514, "count": 1, "pos": [141]}, "lead": {"prob": 0.003134796238244514, "count": 1, "pos": [142]}, "perfect": {"prob": 0.003134796238244514, "count": 1, "pos": [147]}, "wife": {"prob": 0.006269592476489028, "count": 2, "pos": [148, 184]}, "mother\u00e2": {"prob": 0.003134796238244514, "count": 1, "pos": [150]}, "which": {"prob": 0.003134796238244514, "count": 1, "pos": [153]}, "one": {"prob": 0.009404388714733543, "count": 3, "pos": [155, 158, 244]}, "point": {"prob": 0.003134796238244514, "count": 1, "pos": [156]}, "prompt": {"prob": 0.003134796238244514, "count": 1, "pos": [157]}, "ask": {"prob": 0.003134796238244514, "count": 1, "pos": [163]}, "did": {"prob": 0.003134796238244514, "count": 1, "pos": [165]}, "ever": {"prob": 0.003134796238244514, "count": 1, "pos": [167]}, "do": {"prob": 0.006269592476489028, "count": 2, "pos": [168, 296]}, "anyth": {"prob": 0.006269592476489028, "count": 2, "pos": [169, 282]}, "wrong": {"prob": 0.003134796238244514, "count": 1, "pos": [170]}, "raymond": {"prob": 0.003134796238244514, "count": 1, "pos": [171]}, "lawyer": {"prob": 0.003134796238244514, "count": 1,