{"__total__": 269, "__name__": "doc_1452_The_Bay_Boy.txt", "donald": {"prob": 0.03345724907063197, "count": 9, "pos": [0, 38, 67, 88, 141, 177, 207, 214, 228]}, "campbel": {"prob": 0.0037174721189591076, "count": 1, "pos": [1]}, "is": {"prob": 0.03345724907063197, "count": 9, "pos": [2, 39, 74, 84, 173, 197, 211, 248, 252]}, "a": {"prob": 0.03717472118959108, "count": 10, "pos": [3, 11, 35, 51, 64, 79, 96, 137, 143, 174]}, "sensit": {"prob": 0.0037174721189591076, "count": 1, "pos": [4]}, "teenag": {"prob": 0.0037174721189591076, "count": 1, "pos": [5]}, "boy": {"prob": 0.011152416356877323, "count": 3, "pos": [6, 110, 242]}, "come": {"prob": 0.007434944237918215, "count": 2, "pos": [7, 224]}, "of": {"prob": 0.01858736059479554, "count": 5, "pos": [8, 127, 171, 199, 261]}, "age": {"prob": 0.0037174721189591076, "count": 1, "pos": [9]}, "in": {"prob": 0.01486988847583643, "count": 4, "pos": [10, 42, 86, 111]}, "dark": {"prob": 0.0037174721189591076, "count": 1, "pos": [12]}, "and": {"prob": 0.040892193308550186, "count": 11, "pos": [13, 20, 33, 118, 122, 158, 167, 226, 237, 250, 265]}, "uncertain": {"prob": 0.0037174721189591076, "count": 1, "pos": [14]}, "time": {"prob": 0.007434944237918215, "count": 2, "pos": [15, 91]}, "for": {"prob": 0.007434944237918215, "count": 2, "pos": [16, 101]}, "both": {"prob": 0.0037174721189591076, "count": 1, "pos": [17]}, "hi": {"prob": 0.04460966542750929, "count": 12, "pos": [18, 22, 28, 59, 70, 90, 93, 102, 112, 165, 231, 246]}, "commun": {"prob": 0.0037174721189591076, "count": 1, "pos": [19]}, "life": {"prob": 0.007434944237918215, "count": 2, "pos": [21, 149]}, "mother": {"prob": 0.007434944237918215, "count": 2, "pos": [23, 71]}, "want": {"prob": 0.0037174721189591076, "count": 1, "pos": [24]}, "him": {"prob": 0.007434944237918215, "count": 2, "pos": [25, 56]}, "to": {"prob": 0.01486988847583643, "count": 4, "pos": [26, 54, 77, 239]}, "continu": {"prob": 0.0037174721189591076, "count": 1, "pos": [27]}, "educ": {"prob": 0.0037174721189591076, "count": 1, "pos": [29]}, "after": {"prob": 0.011152416356877323, "count": 3, "pos": [30, 46, 203]}, "high": {"prob": 0.0037174721189591076, "count": 1, "pos": [31]}, "school": {"prob": 0.007434944237918215, "count": 2, "pos": [32, 87]}, "becom": {"prob": 0.0037174721189591076, "count": 1, "pos": [34]}, "priest": {"prob": 0.011152416356877323, "count": 3, "pos": [36, 53, 80]}, "but": {"prob": 0.011152416356877323, "count": 3, "pos": [37, 146, 185]}, "more": {"prob": 0.0037174721189591076, "count": 1, "pos": [40]}, "interest": {"prob": 0.0037174721189591076, "count": 1, "pos": [41]}, "girl": {"prob": 0.007434944237918215, "count": 2, "pos": [43, 66]}, "than": {"prob": 0.0037174721189591076, "count": 1, "pos": [44]}, "prayerbook": {"prob": 0.0037174721189591076, "count": 1, "pos": [45]}, "an": {"prob": 0.0037174721189591076, "count": 1, "pos": [47]}, "unsuccess": {"prob": 0.0037174721189591076, "count": 1, "pos": [48]}, "attempt": {"prob": 0.0037174721189591076, "count": 1, "pos": [49]}, "by": {"prob": 0.007434944237918215, "count": 2, "pos": [50, 58]}, "visit": {"prob": 0.007434944237918215, "count": 2, "pos": [52, 229]}, "molest": {"prob": 0.0037174721189591076, "count": 1, "pos": [55]}, "follow": {"prob": 0.0037174721189591076, "count": 1, "pos": [57]}, "first": {"prob": 0.0037174721189591076, "count": 1, "pos": [60]}, "sexual": {"prob": 0.0037174721189591076, "count": 1, "pos": [61]}, "experi": {"prob": 0.0037174721189591076, "count": 1, "pos": [62]}, "with": {"prob": 0.011152416356877323, "count": 3, "pos": [63, 230, 243]}, "local": {"prob": 0.007434944237918215, "count": 2, "pos": [65, 264]}, "polit": {"prob": 0.0037174721189591076, "count": 1, "pos": [68]}, "inform": {"prob": 0.0037174721189591076, "count": 1, "pos": [69]}, "that": {"prob": 0.011152416356877323, "count": 3, "pos": [72, 209, 213]}, "he": {"prob": 0.040892193308550186, "count": 11, "pos": [73, 83, 115, 153, 181, 186, 188, 196, 210, 234, 251]}, "not": {"prob": 0.011152416356877323, "count": 3, "pos": [75, 85, 190]}, "go": {"prob": 0.0037174721189591076, "count": 1, "pos": [76]}, "be": {"prob": 0.0037174721189591076, "count": 1, "pos": [78]}, "meanwhil": {"prob": 0.0037174721189591076, "count": 1, "pos": [81]}, "when": {"prob": 0.007434944237918215, "count": 2, "pos": [82, 221]}, "spend": {"prob": 0.0037174721189591076, "count": 1, "pos": [89]}, "help": {"prob": 0.007434944237918215, "count": 2, "pos": [92, 99]}, "father": {"prob": 0.0037174721189591076, "count": 1, "pos": [94]}, "dig": {"prob": 0.0037174721189591076, "count": 1, "pos": [95]}, "bootleg": {"prob": 0.0037174721189591076, "count": 1, "pos": [97]}, "pit": {"prob": 0.0037174721189591076, "count": 1, "pos": [98]}, "care": {"prob": 0.0037174721189591076, "count": 1, "pos": [100]}, "older": {"prob": 0.0037174721189591076, "count": 1, "pos": [103]}, "brother": {"prob": 0.0037174721189591076, "count": 1, "pos": [104]}, "joe": {"prob": 0.0037174721189591076, "count": 1, "pos": [105]}, "who": {"prob": 0.01486988847583643, "count": 4, "pos": [106, 163, 192, 217]}, "wa": {"prob": 0.007434944237918215, "count": 2, "pos": [107, 119]}, "the": {"prob": 0.04460966542750929, "count": 12, "pos": [108, 151, 160, 169, 183, 219, 222, 241, 244, 254, 258, 262]}, "brightest": {"prob": 0.0037174721189591076, "count": 1, "pos": [109]}, "grade": {"prob": 0.0037174721189591076, "count": 1, "pos": [113]}, "until": {"prob": 0.007434944237918215, "count": 2, "pos": [114, 150]}, "got": {"prob": 0.0037174721189591076, "count": 1, "pos": [116]}, "sick": {"prob": 0.0037174721189591076, "count": 1, "pos": [117]}, "left": {"prob": 0.0037174721189591076, "count": 1, "pos": [120]}, "disabl": {"prob": 0.0037174721189591076, "count": 1, "pos": [121]}, "pursu": {"prob": 0.0037174721189591076, "count": 1, "pos": [123]}, "saxon": {"prob": 0.0037174721189591076, "count": 1, "pos": [124]}, "coldwel": {"prob": 0.022304832713754646, "count": 6, "pos": [125, 130, 134, 156, 201, 205]}, "one": {"prob": 0.0037174721189591076, "count": 1, "pos": [126]}, "polic": {"prob": 0.007434944237918215, "count": 2, "pos": [128, 172]}, "sergeant": {"prob": 0.022304832713754646, "count": 6, "pos": [129, 133, 155, 200, 204, 223]}, "two": {"prob": 0.0037174721189591076, "count": 1, "pos": [131]}, "daughter": {"prob": 0.007434944237918215, "count": 2, "pos": [132, 232]}, "wife": {"prob": 0.0037174721189591076, "count": 1, "pos": [135]}, "die": {"prob": 0.0037174721189591076, "count": 1, "pos": [136]}, "few": {"prob": 0.0037174721189591076, "count": 1, "pos": [138]}, "month": {"prob": 0.0037174721189591076, "count": 1, "pos": [139]}, "earlier": {"prob": 0.0037174721189591076, "count": 1, "pos": [140]}, "live": {"prob": 0.007434944237918215, "count": 2, "pos": [142, 260]}, "hard": {"prob": 0.0037174721189591076, "count": 1, "pos": [144]}, "work": {"prob": 0.0037174721189591076, "count": 1, "pos": [145]}, "fair": {"prob": 0.0037174721189591076, "count": 1, "pos": [147]}, "happi": {"prob": 0.0037174721189591076, "count": 1, "pos": [148]}, "night": {"prob": 0.0037174721189591076, "count": 1, "pos": [152]}, "wit": {"prob": 0.0037174721189591076, "count": 1, "pos": [154]}, "shoot": {"prob": 0.0037174721189591076, "count": 1, "pos": [157]}, "kill": {"prob": 0.011152416356877323, "count": 3, "pos": [159, 184, 240]}, "jewish": {"prob": 0.0037174721189591076, "count": 1, "pos": [161]}, "coupl": {"prob": 0.0037174721189591076, "count": 1, "pos": [162]}, "are": {"prob": 0.0037174721189591076, "count": 1, "pos": [164]}, "landlord": {"prob": 0.0037174721189591076, "count": 1, "pos": [166]}, "landladi": {"prob": 0.0037174721189591076, "count": 1, "pos": [168]}, "chief": {"prob": 0.0037174721189591076, "count": 1, "pos": [170]}, "rel": {"prob": 0.0037174721189591076, "count": 1, "pos": [175]}, "so": {"prob": 0.0037174721189591076, "count": 1, "pos": [176]}, "feel": {"prob": 0.0037174721189591076, "count": 1, "pos": [178]}, "comfort": {"prob": 0.0037174721189591076, "count": 1, "pos": [179]},