{"__total__": 186, "__name__": "doc_1456_The_Bells_of_St_Marys.txt", "father": {"prob": 0.010752688172043012, "count": 2, "pos": [0, 101]}, "charl": {"prob": 0.005376344086021506, "count": 1, "pos": [1]}, "chuck": {"prob": 0.005376344086021506, "count": 1, "pos": [2]}, "o": {"prob": 0.026881720430107527, "count": 5, "pos": [3, 43, 102, 157, 162]}, "malley": {"prob": 0.026881720430107527, "count": 5, "pos": [4, 44, 103, 158, 163]}, "the": {"prob": 0.06989247311827956, "count": 13, "pos": [5, 16, 38, 46, 52, 62, 90, 105, 118, 133, 149, 160, 173]}, "unconv": {"prob": 0.005376344086021506, "count": 1, "pos": [6]}, "priest": {"prob": 0.005376344086021506, "count": 1, "pos": [7]}, "from": {"prob": 0.005376344086021506, "count": 1, "pos": [8]}, "go": {"prob": 0.005376344086021506, "count": 1, "pos": [9]}, "my": {"prob": 0.005376344086021506, "count": 1, "pos": [10]}, "way": {"prob": 0.005376344086021506, "count": 1, "pos": [11]}, "continu": {"prob": 0.005376344086021506, "count": 1, "pos": [12]}, "hi": {"prob": 0.005376344086021506, "count": 1, "pos": [13]}, "work": {"prob": 0.010752688172043012, "count": 2, "pos": [14, 114]}, "for": {"prob": 0.010752688172043012, "count": 2, "pos": [15, 69]}, "cathol": {"prob": 0.010752688172043012, "count": 2, "pos": [17, 35]}, "church": {"prob": 0.005376344086021506, "count": 1, "pos": [18]}, "thi": {"prob": 0.010752688172043012, "count": 2, "pos": [19, 146]}, "time": {"prob": 0.005376344086021506, "count": 1, "pos": [20]}, "he": {"prob": 0.010752688172043012, "count": 2, "pos": [21, 96]}, "is": {"prob": 0.026881720430107527, "count": 5, "pos": [22, 141, 151, 172, 176]}, "assign": {"prob": 0.005376344086021506, "count": 1, "pos": [23]}, "to": {"prob": 0.03763440860215054, "count": 7, "pos": [24, 55, 89, 99, 113, 116, 128]}, "st": {"prob": 0.005376344086021506, "count": 1, "pos": [25]}, "mari": {"prob": 0.010752688172043012, "count": 2, "pos": [26, 110]}, "a": {"prob": 0.016129032258064516, "count": 3, "pos": [27, 79, 84]}, "run": {"prob": 0.005376344086021506, "count": 1, "pos": [28]}, "down": {"prob": 0.005376344086021506, "count": 1, "pos": [29]}, "new": {"prob": 0.005376344086021506, "count": 1, "pos": [30]}, "york": {"prob": 0.005376344086021506, "count": 1, "pos": [31]}, "citi": {"prob": 0.010752688172043012, "count": 2, "pos": [32, 34]}, "inner": {"prob": 0.005376344086021506, "count": 1, "pos": [33]}, "school": {"prob": 0.026881720430107527, "count": 5, "pos": [36, 47, 57, 91, 119]}, "on": {"prob": 0.005376344086021506, "count": 1, "pos": [37]}, "verg": {"prob": 0.005376344086021506, "count": 1, "pos": [39]}, "of": {"prob": 0.010752688172043012, "count": 2, "pos": [40, 153]}, "be": {"prob": 0.021505376344086023, "count": 4, "pos": [41, 49, 144, 177]}, "condemn": {"prob": 0.005376344086021506, "count": 1, "pos": [42]}, "feel": {"prob": 0.010752688172043012, "count": 2, "pos": [45, 64]}, "should": {"prob": 0.005376344086021506, "count": 1, "pos": [48]}, "close": {"prob": 0.005376344086021506, "count": 1, "pos": [50]}, "and": {"prob": 0.03763440860215054, "count": 7, "pos": [51, 92, 104, 124, 140, 170, 184]}, "children": {"prob": 0.005376344086021506, "count": 1, "pos": [53]}, "sent": {"prob": 0.010752688172043012, "count": 2, "pos": [54, 178]}, "anoth": {"prob": 0.005376344086021506, "count": 1, "pos": [56]}, "with": {"prob": 0.010752688172043012, "count": 2, "pos": [58, 156]}, "modern": {"prob": 0.010752688172043012, "count": 2, "pos": [59, 85]}, "facil": {"prob": 0.005376344086021506, "count": 1, "pos": [60]}, "but": {"prob": 0.010752688172043012, "count": 2, "pos": [61, 107]}, "sister": {"prob": 0.016129032258064516, "count": 3, "pos": [63, 109, 136]}, "that": {"prob": 0.016129032258064516, "count": 3, "pos": [65, 166, 171]}, "god": {"prob": 0.005376344086021506, "count": 1, "pos": [66]}, "will": {"prob": 0.010752688172043012, "count": 2, "pos": [67, 97]}, "provid": {"prob": 0.005376344086021506, "count": 1, "pos": [68]}, "them": {"prob": 0.010752688172043012, "count": 2, "pos": [70, 100]}, "they": {"prob": 0.010752688172043012, "count": 2, "pos": [71, 94]}, "put": {"prob": 0.005376344086021506, "count": 1, "pos": [72]}, "their": {"prob": 0.010752688172043012, "count": 2, "pos": [73, 121]}, "hope": {"prob": 0.010752688172043012, "count": 2, "pos": [74, 95]}, "in": {"prob": 0.010752688172043012, "count": 2, "pos": [75, 159]}, "horac": {"prob": 0.005376344086021506, "count": 1, "pos": [76]}, "p": {"prob": 0.005376344086021506, "count": 1, "pos": [77]}, "bogardu": {"prob": 0.005376344086021506, "count": 1, "pos": [78]}, "businessman": {"prob": 0.005376344086021506, "count": 1, "pos": [80]}, "who": {"prob": 0.005376344086021506, "count": 1, "pos": [81]}, "ha": {"prob": 0.010752688172043012, "count": 2, "pos": [82, 168]}, "built": {"prob": 0.005376344086021506, "count": 1, "pos": [83]}, "build": {"prob": 0.005376344086021506, "count": 1, "pos": [86]}, "next": {"prob": 0.005376344086021506, "count": 1, "pos": [87]}, "door": {"prob": 0.005376344086021506, "count": 1, "pos": [88]}, "which": {"prob": 0.005376344086021506, "count": 1, "pos": [93]}, "donat": {"prob": 0.005376344086021506, "count": 1, "pos": [98]}, "dedic": {"prob": 0.005376344086021506, "count": 1, "pos": [106]}, "stubborn": {"prob": 0.005376344086021506, "count": 1, "pos": [108]}, "benedict": {"prob": 0.010752688172043012, "count": 2, "pos": [111, 137]}, "have": {"prob": 0.005376344086021506, "count": 1, "pos": [112]}, "togeth": {"prob": 0.005376344086021506, "count": 1, "pos": [115]}, "save": {"prob": 0.005376344086021506, "count": 1, "pos": [117]}, "though": {"prob": 0.005376344086021506, "count": 1, "pos": [120]}, "differ": {"prob": 0.005376344086021506, "count": 1, "pos": [122]}, "view": {"prob": 0.005376344086021506, "count": 1, "pos": [123]}, "method": {"prob": 0.005376344086021506, "count": 1, "pos": [125]}, "often": {"prob": 0.005376344086021506, "count": 1, "pos": [126]}, "lead": {"prob": 0.005376344086021506, "count": 1, "pos": [127]}, "good": {"prob": 0.005376344086021506, "count": 1, "pos": [129]}, "natur": {"prob": 0.005376344086021506, "count": 1, "pos": [130]}, "disagr": {"prob": 0.010752688172043012, "count": 2, "pos": [131, 155]}, "toward": {"prob": 0.005376344086021506, "count": 1, "pos": [132]}, "end": {"prob": 0.010752688172043012, "count": 2, "pos": [134, 161]}, "howev": {"prob": 0.005376344086021506, "count": 1, "pos": [135]}, "contract": {"prob": 0.005376344086021506, "count": 1, "pos": [138]}, "tuberculosi": {"prob": 0.010752688172043012, "count": 2, "pos": [139, 169]}, "transfer": {"prob": 0.010752688172043012, "count": 2, "pos": [142, 150]}, "without": {"prob": 0.005376344086021506, "count": 1, "pos": [143]}, "told": {"prob": 0.005376344086021506, "count": 1, "pos": [145]}, "she": {"prob": 0.021505376344086023, "count": 4, "pos": [147, 167, 175, 180]}, "assum": {"prob": 0.005376344086021506, "count": 1, "pos": [148]}, "becaus": {"prob": 0.005376344086021506, "count": 1, "pos": [152]}, "her": {"prob": 0.010752688172043012, "count": 2, "pos": [154, 165]}, "inform": {"prob": 0.005376344086021506, "count": 1, "pos": [164]}, "reason": {"prob": 0.005376344086021506, "count": 1, "pos": [174]}, "away": {"prob": 0.005376344086021506, "count": 1, "pos": [179]}, "then": {"prob": 0.005376344086021506, "count": 1, "pos": [181]}, "leav": {"prob": 0.005376344086021506, "count": 1, "pos": [182]}, "willing": {"prob": 0.005376344086021506, "count": 1, "pos": [183]}, "happili": {"prob": 0.005376344086021506, "count": 1, "pos": [185]}}