{"__total__": 483, "__name__": "doc_146_Army_of_Darkness.txt", "after": {"prob": 0.010351966873706004, "count": 5, "pos": [0, 78, 137, 212, 420]}, "be": {"prob": 0.008281573498964804, "count": 4, "pos": [1, 27, 84, 333]}, "pull": {"prob": 0.002070393374741201, "count": 1, "pos": [2]}, "through": {"prob": 0.004140786749482402, "count": 2, "pos": [3, 160]}, "a": {"prob": 0.033126293995859216, "count": 16, "pos": [4, 56, 62, 68, 89, 100, 152, 167, 173, 203, 344, 351, 431, 445, 463, 469]}, "time": {"prob": 0.010351966873706004, "count": 5, "pos": [5, 129, 338, 429, 455]}, "portal": {"prob": 0.002070393374741201, "count": 1, "pos": [6]}, "ash": {"prob": 0.039337474120082816, "count": 19, "pos": [7, 58, 96, 124, 142, 159, 179, 195, 208, 214, 234, 300, 329, 353, 372, 394, 407, 438, 479]}, "william": {"prob": 0.002070393374741201, "count": 1, "pos": [8]}, "land": {"prob": 0.002070393374741201, "count": 1, "pos": [9]}, "in": {"prob": 0.012422360248447204, "count": 6, "pos": [10, 61, 91, 378, 417, 454]}, "1300": {"prob": 0.002070393374741201, "count": 1, "pos": [11]}, "ad": {"prob": 0.002070393374741201, "count": 1, "pos": [12]}, "where": {"prob": 0.006211180124223602, "count": 3, "pos": [13, 64, 169]}, "he": {"prob": 0.026915113871635612, "count": 13, "pos": [14, 39, 65, 102, 150, 164, 170, 221, 227, 265, 277, 422, 458]}, "is": {"prob": 0.020703933747412008, "count": 10, "pos": [15, 36, 40, 53, 59, 97, 130, 341, 423, 439]}, "almost": {"prob": 0.002070393374741201, "count": 1, "pos": [16]}, "immedi": {"prob": 0.002070393374741201, "count": 1, "pos": [17]}, "captur": {"prob": 0.006211180124223602, "count": 3, "pos": [18, 45, 342]}, "by": {"prob": 0.010351966873706004, "count": 5, "pos": [19, 271, 325, 343, 468]}, "lord": {"prob": 0.002070393374741201, "count": 1, "pos": [20]}, "arthur": {"prob": 0.010351966873706004, "count": 5, "pos": [21, 35, 75, 113, 414]}, "men": {"prob": 0.004140786749482402, "count": 2, "pos": [22, 83]}, "who": {"prob": 0.002070393374741201, "count": 1, "pos": [23]}, "suspect": {"prob": 0.002070393374741201, "count": 1, "pos": [24]}, "him": {"prob": 0.008281573498964804, "count": 4, "pos": [25, 188, 211, 250]}, "to": {"prob": 0.037267080745341616, "count": 18, "pos": [26, 55, 106, 117, 127, 131, 140, 201, 242, 251, 267, 288, 332, 335, 356, 370, 400, 426]}, "an": {"prob": 0.004140786749482402, "count": 2, "pos": [28, 155]}, "agent": {"prob": 0.002070393374741201, "count": 1, "pos": [29]}, "for": {"prob": 0.004140786749482402, "count": 2, "pos": [30, 146]}, "duke": {"prob": 0.004140786749482402, "count": 2, "pos": [31, 392]}, "henri": {"prob": 0.010351966873706004, "count": 5, "pos": [32, 46, 80, 393, 416]}, "with": {"prob": 0.004140786749482402, "count": 2, "pos": [33, 43]}, "whom": {"prob": 0.002070393374741201, "count": 1, "pos": [34]}, "at": {"prob": 0.006211180124223602, "count": 3, "pos": [37, 223, 440]}, "war": {"prob": 0.002070393374741201, "count": 1, "pos": [38]}, "enslav": {"prob": 0.002070393374741201, "count": 1, "pos": [41]}, "along": {"prob": 0.002070393374741201, "count": 1, "pos": [42]}, "the": {"prob": 0.08074534161490683, "count": 39, "pos": [44, 108, 118, 121, 133, 147, 161, 175, 183, 191, 218, 224, 237, 244, 253, 262, 269, 274, 280, 283, 289, 292, 313, 316, 322, 326, 358, 361, 364, 367, 379, 389, 397, 403, 418, 435, 441, 476, 481]}, "hi": {"prob": 0.024844720496894408, "count": 12, "pos": [47, 72, 82, 128, 144, 199, 304, 309, 336, 382, 427, 451]}, "gun": {"prob": 0.002070393374741201, "count": 1, "pos": [48]}, "and": {"prob": 0.041407867494824016, "count": 20, "pos": [49, 52, 70, 81, 87, 186, 197, 209, 216, 240, 285, 311, 347, 387, 405, 410, 415, 456, 471, 478]}, "chainsaw": {"prob": 0.002070393374741201, "count": 1, "pos": [50]}, "confisc": {"prob": 0.002070393374741201, "count": 1, "pos": [51]}, "taken": {"prob": 0.002070393374741201, "count": 1, "pos": [54]}, "castl": {"prob": 0.004140786749482402, "count": 2, "pos": [57, 290]}, "thrown": {"prob": 0.002070393374741201, "count": 1, "pos": [60]}, "pit": {"prob": 0.002070393374741201, "count": 1, "pos": [63]}, "fight": {"prob": 0.002070393374741201, "count": 1, "pos": [66]}, "off": {"prob": 0.002070393374741201, "count": 1, "pos": [67]}, "deadit": {"prob": 0.012422360248447204, "count": 6, "pos": [69, 90, 314, 346, 352, 404]}, "regain": {"prob": 0.002070393374741201, "count": 1, "pos": [71]}, "weapon": {"prob": 0.002070393374741201, "count": 1, "pos": [73]}, "from": {"prob": 0.014492753623188406, "count": 7, "pos": [74, 182, 282, 295, 308, 376, 434]}, "wise": {"prob": 0.004140786749482402, "count": 2, "pos": [76, 119]}, "man": {"prob": 0.004140786749482402, "count": 2, "pos": [77, 120]}, "demand": {"prob": 0.004140786749482402, "count": 2, "pos": [79, 331]}, "set": {"prob": 0.002070393374741201, "count": 1, "pos": [85]}, "free": {"prob": 0.002070393374741201, "count": 1, "pos": [86]}, "kill": {"prob": 0.004140786749482402, "count": 2, "pos": [88, 215]}, "full": {"prob": 0.002070393374741201, "count": 1, "pos": [92]}, "view": {"prob": 0.002070393374741201, "count": 1, "pos": [93]}, "of": {"prob": 0.022774327122153208, "count": 11, "pos": [94, 110, 112, 178, 190, 207, 232, 318, 363, 381, 391]}, "everyon": {"prob": 0.002070393374741201, "count": 1, "pos": [95]}, "celebr": {"prob": 0.002070393374741201, "count": 1, "pos": [98]}, "as": {"prob": 0.004140786749482402, "count": 2, "pos": [99, 149]}, "hero": {"prob": 0.002070393374741201, "count": 1, "pos": [101]}, "also": {"prob": 0.002070393374741201, "count": 1, "pos": [103]}, "grow": {"prob": 0.002070393374741201, "count": 1, "pos": [104]}, "attract": {"prob": 0.002070393374741201, "count": 1, "pos": [105]}, "sheila": {"prob": 0.008281573498964804, "count": 4, "pos": [107, 141, 340, 409]}, "sister": {"prob": 0.002070393374741201, "count": 1, "pos": [109]}, "one": {"prob": 0.008281573498964804, "count": 4, "pos": [111, 189, 233, 239]}, "fallen": {"prob": 0.002070393374741201, "count": 1, "pos": [114]}, "knight": {"prob": 0.002070393374741201, "count": 1, "pos": [115]}, "accord": {"prob": 0.002070393374741201, "count": 1, "pos": [116]}, "on": {"prob": 0.004140786749482402, "count": 2, "pos": [122, 475]}, "way": {"prob": 0.002070393374741201, "count": 1, "pos": [123]}, "can": {"prob": 0.002070393374741201, "count": 1, "pos": [125]}, "return": {"prob": 0.004140786749482402, "count": 2, "pos": [126, 334]}, "retriev": {"prob": 0.002070393374741201, "count": 1, "pos": [132]}, "necronomicon": {"prob": 0.008281573498964804, "count": 4, "pos": [134, 148, 225, 436]}, "ex": {"prob": 0.002070393374741201, "count": 1, "pos": [135]}, "morti": {"prob": 0.002070393374741201, "count": 1, "pos": [136]}, "bid": {"prob": 0.002070393374741201, "count": 1, "pos": [138]}, "goodbi": {"prob": 0.002070393374741201, "count": 1, "pos": [139]}, "start": {"prob": 0.004140786749482402, "count": 2, "pos": [143, 472]}, "search": {"prob": 0.002070393374741201, "count": 1, "pos": [145]}, "enter": {"prob": 0.002070393374741201, "count": 1, "pos": [151]}, "haunt": {"prob": 0.002070393374741201, "count": 1, "pos": [153]}, "forest": {"prob": 0.002070393374741201, "count": 1, "pos": [154]}, "unseen": {"prob": 0.002070393374741201, "count": 1, "pos": [156]}, "forc": {"prob": 0.002070393374741201, "count": 1, "pos": [157]}, "pursu": {"prob": 0.002070393374741201, "count": 1, "pos": [158]}, "wood": {"prob": 0.002070393374741201, "count": 1, "pos": [162]}, "flee": {"prob": 0.002070393374741201, "count": 1, "pos": [163]}, "duck": {"prob": 0.002070393374741201, "count": 1, "pos": [165]}, "into": {"prob": 0.008281573498964804, "count": 4, "pos": [166, 172, 315, 350]}, "windmil": {"prob": 0.002070393374741201, "count": 1, "pos": [168]}, "crash": {"prob": 0.002070393374741201, "count": 1, "pos": [171]}, "mirror": {"prob": 0.004140786749482402, "count": 2, "pos": [174, 185]}, "small": {"prob": 0.002070393374741201, "count": 1, "pos": [176]}, "reflect": {"prob": 0.004140786749482402, "count": 2, "pos": [177, 192]}, "climb": {"prob": 0.002070393374741201, "count": 1,