{"__total__": 469, "__name__": "doc_1461_The_Big_House_1930.txt", "kent": {"prob": 0.023454157782515993, "count": 11, "pos": [0, 62, 93, 108, 135, 166, 252, 356, 364, 379, 441]}, "a": {"prob": 0.019189765458422176, "count": 9, "pos": [1, 33, 75, 155, 199, 233, 248, 344, 456]}, "young": {"prob": 0.0021321961620469083, "count": 1, "pos": [2]}, "law": {"prob": 0.0021321961620469083, "count": 1, "pos": [3]}, "abid": {"prob": 0.0021321961620469083, "count": 1, "pos": [4]}, "man": {"prob": 0.006396588486140725, "count": 3, "pos": [5, 319, 327]}, "kill": {"prob": 0.006396588486140725, "count": 3, "pos": [6, 388, 422]}, "someon": {"prob": 0.0021321961620469083, "count": 1, "pos": [7]}, "while": {"prob": 0.0042643923240938165, "count": 2, "pos": [8, 51]}, "drive": {"prob": 0.0021321961620469083, "count": 1, "pos": [9]}, "drunk": {"prob": 0.0021321961620469083, "count": 1, "pos": [10]}, "is": {"prob": 0.03411513859275053, "count": 16, "pos": [11, 30, 46, 68, 97, 101, 117, 121, 125, 144, 218, 242, 261, 387, 393, 454]}, "sentenc": {"prob": 0.0021321961620469083, "count": 1, "pos": [12]}, "to": {"prob": 0.04051172707889126, "count": 19, "pos": [13, 54, 102, 133, 161, 176, 182, 223, 264, 287, 295, 306, 331, 337, 350, 374, 381, 421, 466]}, "ten": {"prob": 0.0021321961620469083, "count": 1, "pos": [14]}, "year": {"prob": 0.0021321961620469083, "count": 1, "pos": [15]}, "for": {"prob": 0.017057569296375266, "count": 8, "pos": [16, 23, 73, 137, 232, 247, 329, 450]}, "manslaught": {"prob": 0.0021321961620469083, "count": 1, "pos": [17]}, "in": {"prob": 0.023454157782515993, "count": 11, "pos": [18, 32, 92, 112, 127, 245, 273, 320, 373, 389, 426]}, "an": {"prob": 0.0021321961620469083, "count": 1, "pos": [19]}, "overcrowd": {"prob": 0.0021321961620469083, "count": 1, "pos": [20]}, "prison": {"prob": 0.010660980810234541, "count": 5, "pos": [21, 224, 277, 348, 463]}, "design": {"prob": 0.0021321961620469083, "count": 1, "pos": [22]}, "1800": {"prob": 0.0021321961620469083, "count": 1, "pos": [24]}, "and": {"prob": 0.02771855010660981, "count": 13, "pos": [25, 37, 49, 123, 180, 191, 201, 207, 220, 366, 405, 445, 447]}, "actual": {"prob": 0.0021321961620469083, "count": 1, "pos": [26]}, "hold": {"prob": 0.0021321961620469083, "count": 1, "pos": [27]}, "3000": {"prob": 0.0021321961620469083, "count": 1, "pos": [28]}, "he": {"prob": 0.04051172707889126, "count": 19, "pos": [29, 81, 100, 124, 131, 139, 149, 157, 217, 241, 260, 354, 386, 408, 418, 436, 438, 446, 460]}, "place": {"prob": 0.0042643923240938165, "count": 2, "pos": [31, 153]}, "cell": {"prob": 0.0021321961620469083, "count": 1, "pos": [34]}, "with": {"prob": 0.008528784648187633, "count": 4, "pos": [35, 154, 205, 358]}, "butch": {"prob": 0.017057569296375266, "count": 8, "pos": [36, 45, 67, 226, 293, 313, 392, 433]}, "morgan": {"prob": 0.029850746268656716, "count": 14, "pos": [38, 52, 96, 113, 119, 143, 197, 228, 237, 342, 369, 396, 448, 453]}, "the": {"prob": 0.06609808102345416, "count": 31, "pos": [39, 43, 57, 78, 110, 162, 184, 254, 257, 265, 268, 270, 276, 281, 297, 309, 315, 325, 340, 347, 352, 359, 371, 383, 390, 398, 403, 412, 427, 443, 462]}, "two": {"prob": 0.0021321961620469083, "count": 1, "pos": [40]}, "leader": {"prob": 0.0021321961620469083, "count": 1, "pos": [41]}, "of": {"prob": 0.014925373134328358, "count": 7, "pos": [42, 106, 147, 229, 250, 256, 280]}, "inmat": {"prob": 0.0042643923240938165, "count": 2, "pos": [44, 271]}, "altern": {"prob": 0.0021321961620469083, "count": 1, "pos": [47]}, "menac": {"prob": 0.0021321961620469083, "count": 1, "pos": [48]}, "friend": {"prob": 0.0042643923240938165, "count": 2, "pos": [50, 425]}, "tri": {"prob": 0.0042643923240938165, "count": 2, "pos": [53, 380]}, "help": {"prob": 0.0021321961620469083, "count": 1, "pos": [55]}, "out": {"prob": 0.01279317697228145, "count": 6, "pos": [56, 105, 146, 291, 328, 420]}, "frighten": {"prob": 0.0021321961620469083, "count": 1, "pos": [58]}, "inexperienc": {"prob": 0.0021321961620469083, "count": 1, "pos": [59]}, "youngster": {"prob": 0.0021321961620469083, "count": 1, "pos": [60]}, "but": {"prob": 0.006396588486140725, "count": 3, "pos": [61, 186, 361]}, "rebuff": {"prob": 0.0021321961620469083, "count": 1, "pos": [63]}, "hi": {"prob": 0.019189765458422176, "count": 9, "pos": [64, 84, 159, 178, 195, 230, 415, 423, 451]}, "overtur": {"prob": 0.0021321961620469083, "count": 1, "pos": [65]}, "when": {"prob": 0.014925373134328358, "count": 7, "pos": [66, 115, 142, 225, 308, 378, 459]}, "order": {"prob": 0.0021321961620469083, "count": 1, "pos": [69]}, "into": {"prob": 0.0021321961620469083, "count": 1, "pos": [70]}, "solitari": {"prob": 0.006396588486140725, "count": 3, "pos": [71, 128, 148]}, "confin": {"prob": 0.0021321961620469083, "count": 1, "pos": [72]}, "spark": {"prob": 0.0021321961620469083, "count": 1, "pos": [74]}, "protest": {"prob": 0.0021321961620469083, "count": 1, "pos": [76]}, "over": {"prob": 0.0042643923240938165, "count": 2, "pos": [77, 275]}, "unappet": {"prob": 0.0021321961620469083, "count": 1, "pos": [79]}, "food": {"prob": 0.0021321961620469083, "count": 1, "pos": [80]}, "pass": {"prob": 0.0021321961620469083, "count": 1, "pos": [82]}, "along": {"prob": 0.0021321961620469083, "count": 1, "pos": [83]}, "knife": {"prob": 0.0042643923240938165, "count": 2, "pos": [85, 111]}, "befor": {"prob": 0.006396588486140725, "count": 3, "pos": [86, 368, 435]}, "be": {"prob": 0.0042643923240938165, "count": 2, "pos": [87, 103]}, "search": {"prob": 0.0021321961620469083, "count": 1, "pos": [88]}, "it": {"prob": 0.0042643923240938165, "count": 2, "pos": [89, 116]}, "end": {"prob": 0.0021321961620469083, "count": 1, "pos": [90]}, "up": {"prob": 0.0021321961620469083, "count": 1, "pos": [91]}, "hand": {"prob": 0.0042643923240938165, "count": 2, "pos": [94, 318]}, "meanwhil": {"prob": 0.0021321961620469083, "count": 1, "pos": [95]}, "notifi": {"prob": 0.0021321961620469083, "count": 1, "pos": [98]}, "that": {"prob": 0.010660980810234541, "count": 5, "pos": [99, 240, 395, 407, 440]}, "parol": {"prob": 0.0042643923240938165, "count": 2, "pos": [104, 120]}, "spite": {"prob": 0.0021321961620469083, "count": 1, "pos": [107]}, "hide": {"prob": 0.0021321961620469083, "count": 1, "pos": [109]}, "bed": {"prob": 0.0021321961620469083, "count": 1, "pos": [114]}, "found": {"prob": 0.0021321961620469083, "count": 1, "pos": [118]}, "cancel": {"prob": 0.0021321961620469083, "count": 1, "pos": [122]}, "put": {"prob": 0.0042643923240938165, "count": 2, "pos": [126, 411]}, "as": {"prob": 0.0021321961620469083, "count": 1, "pos": [129]}, "well": {"prob": 0.0021321961620469083, "count": 1, "pos": [130]}, "vow": {"prob": 0.0021321961620469083, "count": 1, "pos": [132]}, "make": {"prob": 0.0042643923240938165, "count": 2, "pos": [134, 158]}, "pay": {"prob": 0.0021321961620469083, "count": 1, "pos": [136]}, "what": {"prob": 0.0021321961620469083, "count": 1, "pos": [138]}, "ha": {"prob": 0.0042643923240938165, "count": 2, "pos": [140, 409]}, "done": {"prob": 0.0021321961620469083, "count": 1, "pos": [141]}, "let": {"prob": 0.0021321961620469083, "count": 1, "pos": [145]}, "escap": {"prob": 0.0042643923240938165, "count": 2, "pos": [150, 307]}, "by": {"prob": 0.006396588486140725, "count": 3, "pos": [151, 165, 300]}, "switch": {"prob": 0.0021321961620469083, "count": 1, "pos": [152]}, "corp": {"prob": 0.0021321961620469083, "count": 1, "pos": [156]}, "way": {"prob": 0.0042643923240938165, "count": 2, "pos": [160, 290]}, "bookstor": {"prob": 0.0021321961620469083, "count": 1, "pos": [163]}, "run": {"prob": 0.0021321961620469083, "count": 1, "pos": [164]}, "beauti": {"prob": 0.0021321961620469083, "count": 1, "pos": [167]}, "sister": {"prob": 0.0021321961620469083, "count": 1, "pos": [168]}, "ann": {"prob": 0.008528784648187633, "count": 4, "pos": [169, 206, 215, 464]}, "she": {"prob": 0.0042643923240938165, "count": 2, "pos": [170, 174]}, "howev": {"prob": 0.0042643923240938165, "count": 2, "pos": [171, 216]},