{"__total__": 543, "__name__": "doc_1463_The_Big_Parade.txt", "in": {"prob": 0.029465930018416207, "count": 16, "pos": [0, 4, 82, 114, 155, 179, 222, 233, 239, 245, 329, 358, 395, 465, 495, 501]}, "the": {"prob": 0.04788213627992634, "count": 26, "pos": [1, 11, 83, 100, 146, 150, 169, 173, 182, 189, 191, 207, 212, 223, 234, 275, 285, 316, 330, 345, 385, 401, 431, 441, 472, 536]}, "unit": {"prob": 0.007366482504604052, "count": 4, "pos": [2, 70, 165, 208]}, "state": {"prob": 0.001841620626151013, "count": 1, "pos": [3]}, "1917": {"prob": 0.001841620626151013, "count": 1, "pos": [5]}, "jame": {"prob": 0.001841620626151013, "count": 1, "pos": [6]}, "jim": {"prob": 0.03683241252302026, "count": 20, "pos": [7, 25, 59, 111, 128, 158, 243, 295, 318, 325, 340, 353, 390, 427, 459, 475, 488, 496, 504, 517]}, "apperson": {"prob": 0.001841620626151013, "count": 1, "pos": [8]}, "idl": {"prob": 0.001841620626151013, "count": 1, "pos": [9]}, "incur": {"prob": 0.001841620626151013, "count": 1, "pos": [10]}, "great": {"prob": 0.001841620626151013, "count": 1, "pos": [12]}, "displeasur": {"prob": 0.001841620626151013, "count": 1, "pos": [13]}, "of": {"prob": 0.011049723756906077, "count": 6, "pos": [14, 35, 85, 202, 430, 457]}, "hi": {"prob": 0.02394106813996317, "count": 13, "pos": [15, 27, 42, 53, 164, 304, 351, 373, 378, 483, 513, 519, 541]}, "wealthi": {"prob": 0.001841620626151013, "count": 1, "pos": [16]}, "businessman": {"prob": 0.001841620626151013, "count": 1, "pos": [17]}, "father": {"prob": 0.003683241252302026, "count": 2, "pos": [18, 54]}, "then": {"prob": 0.0055248618784530384, "count": 3, "pos": [19, 225, 327]}, "america": {"prob": 0.003683241252302026, "count": 2, "pos": [20, 479]}, "enter": {"prob": 0.001841620626151013, "count": 1, "pos": [21]}, "world": {"prob": 0.001841620626151013, "count": 1, "pos": [22]}, "war": {"prob": 0.003683241252302026, "count": 2, "pos": [23, 473]}, "i": {"prob": 0.001841620626151013, "count": 1, "pos": [24]}, "inform": {"prob": 0.001841620626151013, "count": 1, "pos": [26]}, "worri": {"prob": 0.003683241252302026, "count": 2, "pos": [28, 424]}, "mother": {"prob": 0.009208103130755065, "count": 5, "pos": [29, 98, 452, 484, 520]}, "that": {"prob": 0.011049723756906077, "count": 6, "pos": [30, 51, 139, 252, 417, 509]}, "he": {"prob": 0.02578268876611418, "count": 14, "pos": [31, 39, 45, 277, 321, 376, 391, 405, 415, 438, 443, 481, 510, 533]}, "ha": {"prob": 0.0055248618784530384, "count": 3, "pos": [32, 419, 511]}, "no": {"prob": 0.003683241252302026, "count": 2, "pos": [33, 396]}, "intent": {"prob": 0.001841620626151013, "count": 1, "pos": [34]}, "enlist": {"prob": 0.001841620626151013, "count": 1, "pos": [36]}, "but": {"prob": 0.009208103130755065, "count": 5, "pos": [37, 107, 279, 310, 361]}, "when": {"prob": 0.011049723756906077, "count": 6, "pos": [38, 143, 332, 437, 503, 532]}, "run": {"prob": 0.003683241252302026, "count": 2, "pos": [40, 153]}, "into": {"prob": 0.003683241252302026, "count": 2, "pos": [41, 540]}, "patriot": {"prob": 0.001841620626151013, "count": 1, "pos": [43]}, "friend": {"prob": 0.003683241252302026, "count": 2, "pos": [44, 61]}, "is": {"prob": 0.022099447513812154, "count": 12, "pos": [46, 166, 204, 209, 280, 311, 322, 326, 392, 406, 462, 507]}, "persuad": {"prob": 0.001841620626151013, "count": 1, "pos": [47]}, "to": {"prob": 0.04419889502762431, "count": 24, "pos": [48, 73, 95, 110, 120, 162, 168, 184, 205, 211, 260, 290, 303, 336, 350, 356, 363, 368, 409, 440, 478, 493, 526, 535]}, "do": {"prob": 0.0055248618784530384, "count": 3, "pos": [49, 163, 494]}, "just": {"prob": 0.003683241252302026, "count": 2, "pos": [50, 178]}, "make": {"prob": 0.003683241252302026, "count": 2, "pos": [52, 60]}, "veri": {"prob": 0.001841620626151013, "count": 1, "pos": [55]}, "proud": {"prob": 0.001841620626151013, "count": 1, "pos": [56]}, "dure": {"prob": 0.003683241252302026, "count": 2, "pos": [57, 188]}, "train": {"prob": 0.001841620626151013, "count": 1, "pos": [58]}, "with": {"prob": 0.0055248618784530384, "count": 3, "pos": [62, 248, 372]}, "construct": {"prob": 0.001841620626151013, "count": 1, "pos": [63]}, "worker": {"prob": 0.001841620626151013, "count": 1, "pos": [64]}, "slim": {"prob": 0.009208103130755065, "count": 5, "pos": [65, 249, 269, 291, 320]}, "and": {"prob": 0.03683241252302026, "count": 20, "pos": [66, 132, 152, 175, 186, 219, 230, 250, 263, 282, 301, 313, 342, 404, 433, 447, 450, 461, 487, 529]}, "bartend": {"prob": 0.001841620626151013, "count": 1, "pos": [67]}, "bull": {"prob": 0.0055248618784530384, "count": 3, "pos": [68, 251, 308]}, "their": {"prob": 0.0055248618784530384, "count": 3, "pos": [69, 105, 199]}, "ship": {"prob": 0.001841620626151013, "count": 1, "pos": [71]}, "out": {"prob": 0.0055248618784530384, "count": 3, "pos": [72, 262, 429]}, "franc": {"prob": 0.001841620626151013, "count": 1, "pos": [74]}, "where": {"prob": 0.001841620626151013, "count": 1, "pos": [75]}, "they": {"prob": 0.009208103130755065, "count": 5, "pos": [76, 112, 140, 236, 498]}, "are": {"prob": 0.007366482504604052, "count": 4, "pos": [77, 93, 141, 193]}, "billet": {"prob": 0.001841620626151013, "count": 1, "pos": [78]}, "at": {"prob": 0.001841620626151013, "count": 1, "pos": [79]}, "a": {"prob": 0.02394106813996317, "count": 13, "pos": [80, 88, 130, 133, 240, 246, 265, 271, 333, 381, 410, 435, 455]}, "farm": {"prob": 0.0055248618784530384, "count": 3, "pos": [81, 101, 537]}, "villag": {"prob": 0.001841620626151013, "count": 1, "pos": [84]}, "champillon": {"prob": 0.003683241252302026, "count": 2, "pos": [86, 418]}, "for": {"prob": 0.01289134438305709, "count": 7, "pos": [87, 181, 257, 274, 293, 389, 399]}, "while": {"prob": 0.001841620626151013, "count": 1, "pos": [89]}, "all": {"prob": 0.003683241252302026, "count": 2, "pos": [90, 104]}, "three": {"prob": 0.001841620626151013, "count": 1, "pos": [91]}, "men": {"prob": 0.001841620626151013, "count": 1, "pos": [92]}, "attract": {"prob": 0.001841620626151013, "count": 1, "pos": [94]}, "melisand": {"prob": 0.01289134438305709, "count": 7, "pos": [96, 144, 171, 426, 449, 522, 538]}, "whose": {"prob": 0.001841620626151013, "count": 1, "pos": [97]}, "own": {"prob": 0.001841620626151013, "count": 1, "pos": [99]}, "she": {"prob": 0.0055248618784530384, "count": 3, "pos": [102, 148, 523]}, "repul": {"prob": 0.001841620626151013, "count": 1, "pos": [103]}, "advanc": {"prob": 0.003683241252302026, "count": 2, "pos": [106, 215]}, "gradual": {"prob": 0.001841620626151013, "count": 1, "pos": [108]}, "warm": {"prob": 0.001841620626151013, "count": 1, "pos": [109]}, "fall": {"prob": 0.001841620626151013, "count": 1, "pos": [113]}, "love": {"prob": 0.003683241252302026, "count": 2, "pos": [115, 502]}, "despit": {"prob": 0.001841620626151013, "count": 1, "pos": [116]}, "not": {"prob": 0.003683241252302026, "count": 2, "pos": [117, 393]}, "be": {"prob": 0.001841620626151013, "count": 1, "pos": [118]}, "abl": {"prob": 0.001841620626151013, "count": 1, "pos": [119]}, "speak": {"prob": 0.001841620626151013, "count": 1, "pos": [121]}, "each": {"prob": 0.001841620626151013, "count": 1, "pos": [122]}, "other": {"prob": 0.001841620626151013, "count": 1, "pos": [123]}, "languag": {"prob": 0.001841620626151013, "count": 1, "pos": [124]}, "one": {"prob": 0.003683241252302026, "count": 2, "pos": [125, 258]}, "day": {"prob": 0.001841620626151013, "count": 1, "pos": [126]}, "howev": {"prob": 0.001841620626151013, "count": 1, "pos": [127]}, "receiv": {"prob": 0.001841620626151013, "count": 1, "pos": [129]}, "letter": {"prob": 0.001841620626151013, "count": 1, "pos": [131]}, "photograph": {"prob": 0.001841620626151013, "count": 1, "pos": [134]}, "from": {"prob": 0.003683241252302026, "count": 2, "pos": [135, 412]}, "justyn": {"prob": 0.003683241252302026, "count": 2, "pos": [136, 486]}, "which": {"prob": 0.001841620626151013, "count": 1, "pos": [137]}, "reveal": {"prob": 0.003683241252302026, "count": 2, "pos": [138, 508]}, "engag": {"prob": 0.001841620626151013, "count": 1,