{"__total__": 277, "__name__": "doc_1464_The_Big_Red_One.txt", "the": {"prob": 0.10830324909747292, "count": 30, "pos": [0, 8, 36, 42, 54, 59, 66, 74, 99, 102, 106, 109, 113, 116, 126, 141, 150, 160, 163, 165, 170, 179, 188, 191, 193, 223, 235, 245, 255, 260]}, "film": {"prob": 0.010830324909747292, "count": 3, "pos": [1, 75, 192]}, "begin": {"prob": 0.0036101083032490976, "count": 1, "pos": [2]}, "in": {"prob": 0.021660649819494584, "count": 6, "pos": [3, 33, 35, 72, 185, 196]}, "black": {"prob": 0.0036101083032490976, "count": 1, "pos": [4]}, "and": {"prob": 0.021660649819494584, "count": 6, "pos": [5, 31, 92, 222, 231, 262]}, "white": {"prob": 0.0036101083032490976, "count": 1, "pos": [6]}, "at": {"prob": 0.021660649819494584, "count": 6, "pos": [7, 98, 136, 178, 187, 199]}, "end": {"prob": 0.018050541516245487, "count": 5, "pos": [9, 61, 176, 189, 237]}, "of": {"prob": 0.02888086642599278, "count": 8, "pos": [10, 86, 101, 104, 143, 181, 190, 250]}, "world": {"prob": 0.007220216606498195, "count": 2, "pos": [11, 154]}, "war": {"prob": 0.01444043321299639, "count": 4, "pos": [12, 60, 155, 236]}, "i": {"prob": 0.0036101083032490976, "count": 1, "pos": [13]}, "a": {"prob": 0.036101083032490974, "count": 10, "pos": [14, 21, 39, 79, 122, 153, 197, 204, 212, 215]}, "privat": {"prob": 0.007220216606498195, "count": 2, "pos": [15, 55]}, "use": {"prob": 0.0036101083032490976, "count": 1, "pos": [16]}, "hi": {"prob": 0.02888086642599278, "count": 8, "pos": [17, 28, 51, 84, 227, 251, 263, 269]}, "trench": {"prob": 0.0036101083032490976, "count": 1, "pos": [18]}, "knife": {"prob": 0.0036101083032490976, "count": 1, "pos": [19]}, "kill": {"prob": 0.010830324909747292, "count": 3, "pos": [20, 115, 149]}, "german": {"prob": 0.018050541516245487, "count": 5, "pos": [22, 34, 118, 216, 256]}, "soldier": {"prob": 0.007220216606498195, "count": 2, "pos": [23, 217]}, "who": {"prob": 0.007220216606498195, "count": 2, "pos": [24, 147]}, "wa": {"prob": 0.0036101083032490976, "count": 1, "pos": [25]}, "approach": {"prob": 0.007220216606498195, "count": 2, "pos": [26, 218]}, "with": {"prob": 0.007220216606498195, "count": 2, "pos": [27, 45]}, "arm": {"prob": 0.0036101083032490976, "count": 1, "pos": [29]}, "rai": {"prob": 0.0036101083032490976, "count": 1, "pos": [30]}, "mutter": {"prob": 0.0036101083032490976, "count": 1, "pos": [32]}, "background": {"prob": 0.0036101083032490976, "count": 1, "pos": [37]}, "stand": {"prob": 0.007220216606498195, "count": 2, "pos": [38, 125]}, "wooden": {"prob": 0.0036101083032490976, "count": 1, "pos": [40]}, "crucifix": {"prob": 0.0036101083032490976, "count": 1, "pos": [41]}, "wood": {"prob": 0.0036101083032490976, "count": 1, "pos": [43]}, "infest": {"prob": 0.0036101083032490976, "count": 1, "pos": [44]}, "termit": {"prob": 0.0036101083032490976, "count": 1, "pos": [46]}, "when": {"prob": 0.0036101083032490976, "count": 1, "pos": [47]}, "he": {"prob": 0.010830324909747292, "count": 3, "pos": [48, 82, 207]}, "return": {"prob": 0.007220216606498195, "count": 2, "pos": [49, 273]}, "to": {"prob": 0.021660649819494584, "count": 6, "pos": [50, 78, 95, 220, 267, 274]}, "compani": {"prob": 0.0036101083032490976, "count": 1, "pos": [52]}, "headquart": {"prob": 0.0036101083032490976, "count": 1, "pos": [53]}, "is": {"prob": 0.01444043321299639, "count": 4, "pos": [56, 70, 195, 257]}, "told": {"prob": 0.0036101083032490976, "count": 1, "pos": [57]}, "that": {"prob": 0.01444043321299639, "count": 4, "pos": [58, 152, 234, 254]}, "about": {"prob": 0.007220216606498195, "count": 2, "pos": [62, 238]}, "four": {"prob": 0.007220216606498195, "count": 2, "pos": [63, 239]}, "hour": {"prob": 0.007220216606498195, "count": 2, "pos": [64, 240]}, "ago": {"prob": 0.007220216606498195, "count": 2, "pos": [65, 241]}, "1st": {"prob": 0.0036101083032490976, "count": 1, "pos": [67]}, "divi": {"prob": 0.0036101083032490976, "count": 1, "pos": [68]}, "patch": {"prob": 0.0036101083032490976, "count": 1, "pos": [69]}, "shown": {"prob": 0.0036101083032490976, "count": 1, "pos": [71]}, "color": {"prob": 0.0036101083032490976, "count": 1, "pos": [73]}, "then": {"prob": 0.01444043321299639, "count": 4, "pos": [76, 93, 172, 229]}, "transit": {"prob": 0.0036101083032490976, "count": 1, "pos": [77]}, "sergeant": {"prob": 0.02527075812274368, "count": 7, "pos": [80, 114, 151, 166, 194, 224, 261]}, "as": {"prob": 0.010830324909747292, "count": 3, "pos": [81, 244, 271]}, "lead": {"prob": 0.0036101083032490976, "count": 1, "pos": [83]}, "squad": {"prob": 0.018050541516245487, "count": 5, "pos": [85, 107, 171, 228, 246]}, "infantrymen": {"prob": 0.0036101083032490976, "count": 1, "pos": [87]}, "through": {"prob": 0.0036101083032490976, "count": 1, "pos": [88]}, "north": {"prob": 0.0036101083032490976, "count": 1, "pos": [89]}, "africa": {"prob": 0.0036101083032490976, "count": 1, "pos": [90]}, "sicili": {"prob": 0.0036101083032490976, "count": 1, "pos": [91]}, "on": {"prob": 0.0036101083032490976, "count": 1, "pos": [94]}, "omaha": {"prob": 0.0036101083032490976, "count": 1, "pos": [96]}, "beach": {"prob": 0.0036101083032490976, "count": 1, "pos": [97]}, "start": {"prob": 0.0036101083032490976, "count": 1, "pos": [100]}, "battl": {"prob": 0.0036101083032490976, "count": 1, "pos": [103]}, "normandi": {"prob": 0.0036101083032490976, "count": 1, "pos": [105]}, "cross": {"prob": 0.0036101083032490976, "count": 1, "pos": [108]}, "same": {"prob": 0.007220216606498195, "count": 2, "pos": [110, 164]}, "field": {"prob": 0.0036101083032490976, "count": 1, "pos": [111]}, "where": {"prob": 0.007220216606498195, "count": 2, "pos": [112, 121]}, "surrend": {"prob": 0.007220216606498195, "count": 2, "pos": [117, 221]}, "decad": {"prob": 0.0036101083032490976, "count": 1, "pos": [119]}, "befor": {"prob": 0.0036101083032490976, "count": 1, "pos": [120]}, "memori": {"prob": 0.007220216606498195, "count": 2, "pos": [123, 157]}, "now": {"prob": 0.0036101083032490976, "count": 1, "pos": [124]}, "follow": {"prob": 0.0036101083032490976, "count": 1, "pos": [127]}, "short": {"prob": 0.0036101083032490976, "count": 1, "pos": [128]}, "conver": {"prob": 0.0036101083032490976, "count": 1, "pos": [129]}, "take": {"prob": 0.0036101083032490976, "count": 1, "pos": [130]}, "place": {"prob": 0.0036101083032490976, "count": 1, "pos": [131]}, "johnson": {"prob": 0.007220216606498195, "count": 2, "pos": [132, 158]}, "would": {"prob": 0.0036101083032490976, "count": 1, "pos": [133]}, "you": {"prob": 0.0036101083032490976, "count": 1, "pos": [134]}, "look": {"prob": 0.0036101083032490976, "count": 1, "pos": [135]}, "how": {"prob": 0.0036101083032490976, "count": 1, "pos": [137]}, "fast": {"prob": 0.0036101083032490976, "count": 1, "pos": [138]}, "they": {"prob": 0.010830324909747292, "count": 3, "pos": [139, 167, 272]}, "put": {"prob": 0.0036101083032490976, "count": 1, "pos": [140]}, "name": {"prob": 0.007220216606498195, "count": 2, "pos": [142, 161]}, "all": {"prob": 0.0036101083032490976, "count": 1, "pos": [144]}, "our": {"prob": 0.0036101083032490976, "count": 1, "pos": [145]}, "guy": {"prob": 0.0036101083032490976, "count": 1, "pos": [146]}, "got": {"prob": 0.0036101083032490976, "count": 1, "pos": [148]}, "one": {"prob": 0.007220216606498195, "count": 2, "pos": [156, 249]}, "but": {"prob": 0.0036101083032490976, "count": 1, "pos": [159]}, "are": {"prob": 0.007220216606498195, "count": 2, "pos": [162, 169]}, "alway": {"prob": 0.0036101083032490976, "count": 1, "pos": [168]}, "trek": {"prob": 0.0036101083032490976, "count": 1, "pos": [173]}, "though": {"prob": 0.0036101083032490976, "count": 1, "pos": [174]}, "europ": {"prob": 0.0036101083032490976, "count": 1, "pos": [175]}, "up": {"prob": 0.0036101083032490976, "count": 1, "pos": [177]}, "liber": {"prob": 0.007220216606498195, "count": 2, "pos": [180, 211]}, "falkenau": {"prob": 0.0036101083032490976, "count": 1, "pos": [182]}, "concentr": {"prob": 0.007220216606498195, "count": 2, "pos": [183, 213]}, "camp": {"prob": 0.007220216606498195, "count": 2,