{"__total__": 422, "__name__": "doc_1475_The_Blue_Veil.txt", "follow": {"prob": 0.0071090047393364926, "count": 3, "pos": [0, 61, 383]}, "the": {"prob": 0.04028436018957346, "count": 17, "pos": [1, 20, 39, 158, 168, 190, 200, 217, 234, 253, 274, 315, 334, 366, 382, 389, 416]}, "death": {"prob": 0.002369668246445498, "count": 1, "pos": [2]}, "of": {"prob": 0.014218009478672985, "count": 6, "pos": [3, 23, 173, 219, 336, 370]}, "her": {"prob": 0.030805687203791468, "count": 13, "pos": [4, 62, 193, 197, 207, 267, 280, 287, 292, 371, 376, 406, 413]}, "newborn": {"prob": 0.002369668246445498, "count": 1, "pos": [5]}, "babi": {"prob": 0.0071090047393364926, "count": 3, "pos": [6, 78, 338]}, "war": {"prob": 0.004739336492890996, "count": 2, "pos": [7, 221]}, "widow": {"prob": 0.004739336492890996, "count": 2, "pos": [8, 254]}, "loulou": {"prob": 0.03317535545023697, "count": 14, "pos": [9, 60, 64, 115, 147, 163, 195, 208, 223, 270, 295, 313, 339, 402]}, "mason": {"prob": 0.002369668246445498, "count": 1, "pos": [10]}, "accept": {"prob": 0.011848341232227487, "count": 5, "pos": [11, 117, 224, 271, 340]}, "a": {"prob": 0.018957345971563982, "count": 8, "pos": [12, 44, 107, 135, 149, 225, 337, 341]}, "temporari": {"prob": 0.002369668246445498, "count": 1, "pos": [13]}, "two": {"prob": 0.004739336492890996, "count": 2, "pos": [14, 249]}, "week": {"prob": 0.004739336492890996, "count": 2, "pos": [15, 384]}, "assign": {"prob": 0.002369668246445498, "count": 1, "pos": [16]}, "as": {"prob": 0.0071090047393364926, "count": 3, "pos": [17, 279, 401]}, "nursemaid": {"prob": 0.004739336492890996, "count": 2, "pos": [18, 165]}, "to": {"prob": 0.052132701421800945, "count": 22, "pos": [19, 75, 89, 114, 124, 128, 166, 206, 210, 216, 244, 265, 297, 312, 322, 325, 330, 350, 353, 377, 395, 414]}, "infant": {"prob": 0.002369668246445498, "count": 1, "pos": [21]}, "son": {"prob": 0.009478672985781991, "count": 4, "pos": [22, 81, 268, 369]}, "corset": {"prob": 0.002369668246445498, "count": 1, "pos": [24]}, "manufactur": {"prob": 0.002369668246445498, "count": 1, "pos": [25]}, "frederick": {"prob": 0.004739336492890996, "count": 2, "pos": [26, 50]}, "k": {"prob": 0.002369668246445498, "count": 1, "pos": [27]}, "begley": {"prob": 0.002369668246445498, "count": 1, "pos": [28]}, "who": {"prob": 0.011848341232227487, "count": 5, "pos": [29, 58, 116, 130, 256]}, "lost": {"prob": 0.002369668246445498, "count": 1, "pos": [30]}, "hi": {"prob": 0.016587677725118485, "count": 7, "pos": [31, 54, 99, 121, 242, 378, 419]}, "wife": {"prob": 0.004739336492890996, "count": 2, "pos": [32, 243]}, "in": {"prob": 0.014218009478672985, "count": 6, "pos": [33, 109, 239, 247, 344, 348]}, "childbirth": {"prob": 0.002369668246445498, "count": 1, "pos": [34]}, "she": {"prob": 0.016587677725118485, "count": 7, "pos": [35, 48, 155, 288, 356, 360, 393]}, "ingrati": {"prob": 0.002369668246445498, "count": 1, "pos": [36]}, "herself": {"prob": 0.002369668246445498, "count": 1, "pos": [37]}, "with": {"prob": 0.026066350710900472, "count": 11, "pos": [38, 67, 98, 157, 227, 291, 299, 306, 333, 398, 405]}, "famili": {"prob": 0.002369668246445498, "count": 1, "pos": [40]}, "and": {"prob": 0.035545023696682464, "count": 15, "pos": [41, 70, 73, 92, 95, 146, 154, 162, 186, 229, 236, 252, 276, 304, 385]}, "eventu": {"prob": 0.002369668246445498, "count": 1, "pos": [42]}, "becom": {"prob": 0.004739336492890996, "count": 2, "pos": [43, 203]}, "perman": {"prob": 0.002369668246445498, "count": 1, "pos": [45]}, "fixtur": {"prob": 0.002369668246445498, "count": 1, "pos": [46]}, "when": {"prob": 0.011848341232227487, "count": 5, "pos": [47, 103, 179, 284, 355]}, "declin": {"prob": 0.002369668246445498, "count": 1, "pos": [49]}, "propo": {"prob": 0.004739336492890996, "count": 2, "pos": [51, 113]}, "he": {"prob": 0.018957345971563982, "count": 8, "pos": [52, 111, 137, 143, 145, 309, 362, 411]}, "marri": {"prob": 0.0071090047393364926, "count": 3, "pos": [53, 134, 153]}, "secretari": {"prob": 0.002369668246445498, "count": 1, "pos": [55]}, "alicia": {"prob": 0.002369668246445498, "count": 1, "pos": [56]}, "torgersen": {"prob": 0.002369668246445498, "count": 1, "pos": [57]}, "fire": {"prob": 0.002369668246445498, "count": 1, "pos": [59]}, "honeymoon": {"prob": 0.002369668246445498, "count": 1, "pos": [63]}, "find": {"prob": 0.004739336492890996, "count": 2, "pos": [65, 211]}, "employ": {"prob": 0.004739336492890996, "count": 2, "pos": [66, 373]}, "wealthi": {"prob": 0.002369668246445498, "count": 1, "pos": [68]}, "henri": {"prob": 0.002369668246445498, "count": 1, "pos": [69]}, "fleur": {"prob": 0.004739336492890996, "count": 2, "pos": [71, 129]}, "palfrey": {"prob": 0.0071090047393364926, "count": 3, "pos": [72, 159, 365]}, "begin": {"prob": 0.002369668246445498, "count": 1, "pos": [74]}, "care": {"prob": 0.0071090047393364926, "count": 3, "pos": [76, 335, 394]}, "for": {"prob": 0.016587677725118485, "count": 7, "pos": [77, 120, 273, 380, 387, 391, 418]}, "robbi": {"prob": 0.009478672985781991, "count": 4, "pos": [79, 364, 374, 409]}, "older": {"prob": 0.002369668246445498, "count": 1, "pos": [80]}, "harrison": {"prob": 0.002369668246445498, "count": 1, "pos": [82]}, "is": {"prob": 0.026066350710900472, "count": 11, "pos": [83, 105, 164, 181, 196, 237, 289, 302, 310, 318, 363]}, "expel": {"prob": 0.002369668246445498, "count": 1, "pos": [84]}, "from": {"prob": 0.002369668246445498, "count": 1, "pos": [85]}, "board": {"prob": 0.002369668246445498, "count": 1, "pos": [86]}, "school": {"prob": 0.004739336492890996, "count": 2, "pos": [87, 347]}, "due": {"prob": 0.002369668246445498, "count": 1, "pos": [88]}, "poor": {"prob": 0.002369668246445498, "count": 1, "pos": [90]}, "grade": {"prob": 0.002369668246445498, "count": 1, "pos": [91]}, "bad": {"prob": 0.002369668246445498, "count": 1, "pos": [93]}, "behavior": {"prob": 0.002369668246445498, "count": 1, "pos": [94]}, "return": {"prob": 0.009478672985781991, "count": 4, "pos": [96, 260, 290, 323]}, "home": {"prob": 0.0071090047393364926, "count": 3, "pos": [97, 261, 379]}, "tutor": {"prob": 0.002369668246445498, "count": 1, "pos": [100]}, "jerri": {"prob": 0.0071090047393364926, "count": 3, "pos": [101, 104, 126]}, "kean": {"prob": 0.002369668246445498, "count": 1, "pos": [102]}, "offer": {"prob": 0.002369668246445498, "count": 1, "pos": [106]}, "job": {"prob": 0.0071090047393364926, "count": 3, "pos": [108, 226, 343]}, "beirut": {"prob": 0.002369668246445498, "count": 1, "pos": [110]}, "impul": {"prob": 0.002369668246445498, "count": 1, "pos": [112]}, "while": {"prob": 0.002369668246445498, "count": 1, "pos": [118]}, "wait": {"prob": 0.004739336492890996, "count": 2, "pos": [119, 148]}, "fianc\u00e3": {"prob": 0.002369668246445498, "count": 1, "pos": [122]}, "e": {"prob": 0.002369668246445498, "count": 1, "pos": [123]}, "pack": {"prob": 0.002369668246445498, "count": 1, "pos": [125]}, "speak": {"prob": 0.002369668246445498, "count": 1, "pos": [127]}, "warn": {"prob": 0.002369668246445498, "count": 1, "pos": [131]}, "him": {"prob": 0.0071090047393364926, "count": 3, "pos": [132, 246, 278]}, "about": {"prob": 0.002369668246445498, "count": 1, "pos": [133]}, "woman": {"prob": 0.002369668246445498, "count": 1, "pos": [136]}, "bare": {"prob": 0.002369668246445498, "count": 1, "pos": [138]}, "know": {"prob": 0.002369668246445498, "count": 1, "pos": [139]}, "have": {"prob": 0.002369668246445498, "count": 1, "pos": [140]}, "second": {"prob": 0.002369668246445498, "count": 1, "pos": [141]}, "thought": {"prob": 0.002369668246445498, "count": 1, "pos": [142]}, "suggest": {"prob": 0.002369668246445498, "count": 1, "pos": [144]}, "few": {"prob": 0.002369668246445498, "count": 1, "pos": [150]}, "month": {"prob": 0.002369668246445498, "count": 1, "pos": [151]}, "befor": {"prob": 0.002369668246445498, "count": 1, "pos": [152]}, "remain": {"prob": 0.002369668246445498, "count": 1, "pos": [156]}, "year": {"prob": 0.009478672985781991, "count": 4, "pos": [160, 170, 250, 282]},