{"__total__": 668, "__name__": "doc_1488_The_Burbs.txt", "on": {"prob": 0.010479041916167664, "count": 7, "pos": [0, 45, 341, 398, 406, 557, 639]}, "mayfield": {"prob": 0.0014970059880239522, "count": 1, "pos": [1]}, "place": {"prob": 0.0029940119760479044, "count": 2, "pos": [2, 78]}, "a": {"prob": 0.023952095808383235, "count": 16, "pos": [3, 70, 81, 88, 109, 192, 205, 219, 245, 366, 442, 466, 488, 558, 636, 647]}, "quiet": {"prob": 0.0014970059880239522, "count": 1, "pos": [4]}, "cul": {"prob": 0.0014970059880239522, "count": 1, "pos": [5]}, "de": {"prob": 0.0014970059880239522, "count": 1, "pos": [6]}, "sac": {"prob": 0.0014970059880239522, "count": 1, "pos": [7]}, "in": {"prob": 0.020958083832335328, "count": 14, "pos": [8, 80, 98, 105, 147, 186, 221, 256, 274, 298, 407, 562, 580, 652]}, "the": {"prob": 0.09580838323353294, "count": 64, "pos": [9, 30, 38, 46, 53, 63, 66, 76, 91, 95, 106, 111, 119, 122, 129, 133, 148, 187, 210, 212, 222, 231, 240, 243, 257, 275, 285, 290, 295, 299, 301, 318, 324, 332, 356, 374, 379, 391, 408, 425, 429, 434, 457, 471, 497, 506, 518, 522, 530, 539, 544, 563, 572, 581, 601, 604, 610, 614, 618, 628, 632, 653, 656, 662]}, "fiction": {"prob": 0.0014970059880239522, "count": 1, "pos": [10]}, "suburban": {"prob": 0.0014970059880239522, "count": 1, "pos": [11]}, "town": {"prob": 0.0014970059880239522, "count": 1, "pos": [12]}, "of": {"prob": 0.017964071856287425, "count": 12, "pos": [13, 108, 121, 150, 191, 233, 346, 574, 576, 603, 627, 650]}, "hinkley": {"prob": 0.0014970059880239522, "count": 1, "pos": [14]}, "hill": {"prob": 0.0014970059880239522, "count": 1, "pos": [15]}, "ray": {"prob": 0.0374251497005988, "count": 25, "pos": [16, 34, 93, 143, 172, 200, 215, 235, 238, 263, 314, 330, 352, 368, 439, 463, 468, 514, 532, 561, 568, 586, 621, 634, 665]}, "peterson": {"prob": 0.004491017964071856, "count": 3, "pos": [17, 39, 223]}, "is": {"prob": 0.005988023952095809, "count": 4, "pos": [18, 127, 137, 154]}, "attempt": {"prob": 0.0029940119760479044, "count": 2, "pos": [19, 583]}, "to": {"prob": 0.03143712574850299, "count": 21, "pos": [20, 65, 117, 179, 198, 265, 288, 309, 316, 364, 371, 395, 399, 419, 437, 453, 480, 496, 508, 584, 587]}, "learn": {"prob": 0.0014970059880239522, "count": 1, "pos": [21]}, "more": {"prob": 0.0014970059880239522, "count": 1, "pos": [22]}, "about": {"prob": 0.004491017964071856, "count": 3, "pos": [23, 227, 543]}, "hi": {"prob": 0.016467065868263474, "count": 11, "pos": [24, 59, 184, 342, 446, 475, 492, 511, 577, 589, 640]}, "mysteri": {"prob": 0.0014970059880239522, "count": 1, "pos": [25]}, "new": {"prob": 0.0014970059880239522, "count": 1, "pos": [26]}, "next": {"prob": 0.004491017964071856, "count": 3, "pos": [27, 41, 302]}, "door": {"prob": 0.0029940119760479044, "count": 2, "pos": [28, 42]}, "neighbor": {"prob": 0.0074850299401197605, "count": 5, "pos": [29, 43, 159, 540, 579]}, "klopek": {"prob": 0.02694610778443114, "count": 18, "pos": [31, 47, 57, 96, 130, 244, 276, 291, 319, 325, 392, 426, 435, 507, 545, 566, 654, 657]}, "one": {"prob": 0.0029940119760479044, "count": 2, "pos": [32, 575]}, "even": {"prob": 0.004491017964071856, "count": 3, "pos": [33, 262, 390]}, "and": {"prob": 0.0374251497005988, "count": 25, "pos": [35, 84, 142, 166, 175, 182, 195, 203, 216, 225, 239, 250, 267, 305, 329, 334, 348, 353, 415, 491, 536, 550, 622, 630, 661]}, "art": {"prob": 0.023952095808383235, "count": 16, "pos": [36, 114, 173, 194, 217, 253, 266, 322, 354, 414, 431, 452, 478, 535, 549, 594]}, "weingartn": {"prob": 0.0029940119760479044, "count": 2, "pos": [37, 611]}, "other": {"prob": 0.0014970059880239522, "count": 1, "pos": [40]}, "spi": {"prob": 0.0014970059880239522, "count": 1, "pos": [44]}, "with": {"prob": 0.011976047904191617, "count": 8, "pos": [48, 87, 102, 428, 445, 462, 529, 620]}, "veteran": {"prob": 0.0014970059880239522, "count": 1, "pos": [49]}, "lt": {"prob": 0.0014970059880239522, "count": 1, "pos": [50]}, "mark": {"prob": 0.0014970059880239522, "count": 1, "pos": [51]}, "rumsfield": {"prob": 0.011976047904191617, "count": 8, "pos": [52, 141, 157, 196, 241, 268, 338, 413]}, "three": {"prob": 0.0029940119760479044, "count": 2, "pos": [54, 615]}, "watch": {"prob": 0.0029940119760479044, "count": 2, "pos": [55, 94]}, "han": {"prob": 0.004491017964071856, "count": 3, "pos": [56, 248, 599]}, "drive": {"prob": 0.0029940119760479044, "count": 2, "pos": [58, 393]}, "dilapid": {"prob": 0.0014970059880239522, "count": 1, "pos": [60]}, "pontiac": {"prob": 0.0014970059880239522, "count": 1, "pos": [61]}, "from": {"prob": 0.005988023952095809, "count": 4, "pos": [62, 75, 132, 470]}, "garag": {"prob": 0.0014970059880239522, "count": 1, "pos": [64]}, "curb": {"prob": 0.0014970059880239522, "count": 1, "pos": [67]}, "then": {"prob": 0.005988023952095809, "count": 4, "pos": [68, 369, 551, 659]}, "pull": {"prob": 0.0014970059880239522, "count": 1, "pos": [69]}, "larg": {"prob": 0.0029940119760479044, "count": 2, "pos": [71, 648]}, "heavi": {"prob": 0.0014970059880239522, "count": 1, "pos": [72]}, "garbag": {"prob": 0.004491017964071856, "count": 3, "pos": [73, 82, 123]}, "bag": {"prob": 0.0014970059880239522, "count": 1, "pos": [74]}, "car": {"prob": 0.0014970059880239522, "count": 1, "pos": [77]}, "it": {"prob": 0.005988023952095809, "count": 4, "pos": [79, 86, 126, 525]}, "can": {"prob": 0.0029940119760479044, "count": 2, "pos": [83, 131]}, "bang": {"prob": 0.0014970059880239522, "count": 1, "pos": [85]}, "stick": {"prob": 0.0014970059880239522, "count": 1, "pos": [89]}, "dure": {"prob": 0.0029940119760479044, "count": 2, "pos": [90, 613]}, "night": {"prob": 0.004491017964071856, "count": 3, "pos": [92, 135, 214]}, "dig": {"prob": 0.005988023952095809, "count": 4, "pos": [97, 336, 347, 372]}, "their": {"prob": 0.004491017964071856, "count": 3, "pos": [99, 145, 396]}, "back": {"prob": 0.0074850299401197605, "count": 5, "pos": [100, 258, 292, 394, 520]}, "yard": {"prob": 0.005988023952095809, "count": 4, "pos": [101, 259, 293, 333]}, "pick": {"prob": 0.005988023952095809, "count": 4, "pos": [103, 447, 509, 527]}, "axe": {"prob": 0.0029940119760479044, "count": 2, "pos": [104, 448]}, "middl": {"prob": 0.0014970059880239522, "count": 1, "pos": [107]}, "rainstorm": {"prob": 0.0014970059880239522, "count": 1, "pos": [110]}, "follow": {"prob": 0.0029940119760479044, "count": 2, "pos": [112, 213]}, "morn": {"prob": 0.0029940119760479044, "count": 2, "pos": [113, 300]}, "run": {"prob": 0.0029940119760479044, "count": 2, "pos": [115, 164]}, "out": {"prob": 0.004491017964071856, "count": 3, "pos": [116, 401, 626]}, "check": {"prob": 0.0014970059880239522, "count": 1, "pos": [118]}, "content": {"prob": 0.0014970059880239522, "count": 1, "pos": [120]}, "truck": {"prob": 0.0014970059880239522, "count": 1, "pos": [124]}, "as": {"prob": 0.004491017964071856, "count": 3, "pos": [125, 474, 644]}, "collect": {"prob": 0.004491017964071856, "count": 3, "pos": [128, 201, 588]}, "previou": {"prob": 0.0014970059880239522, "count": 1, "pos": [134]}, "he": {"prob": 0.0074850299401197605, "count": 5, "pos": [136, 270, 279, 328, 449]}, "soon": {"prob": 0.0014970059880239522, "count": 1, "pos": [138]}, "join": {"prob": 0.0029940119760479044, "count": 2, "pos": [139, 560]}, "by": {"prob": 0.0014970059880239522, "count": 1, "pos": [140]}, "but": {"prob": 0.0029940119760479044, "count": 2, "pos": [144, 607]}, "search": {"prob": 0.0014970059880239522, "count": 1, "pos": [146]}, "hope": {"prob": 0.0014970059880239522, "count": 1, "pos": [149]}, "find": {"prob": 0.005988023952095809, "count": 4, "pos": [151, 158, 183, 349]}, "human": {"prob": 0.0014970059880239522, "count": 1, "pos": [152]}, "remain": {"prob": 0.0014970059880239522, "count": 1, "pos": [153]}, "futil": {"prob": 0.0014970059880239522, "count": 1, "pos": [155]}, "bonni": {"prob": 0.0029940119760479044, "count": 2, "pos": [156, 174]}, "walter": {"prob": 0.014970059880239521, "count": 10, "pos": [160, 169, 180, 208, 228, 272, 283, 421, 486, 501]},