{"__total__": 511, "__name__": "doc_149_Arsenic_and_Old_Lace.txt", "despit": {"prob": 0.0019569471624266144, "count": 1, "pos": [0]}, "have": {"prob": 0.005870841487279843, "count": 3, "pos": [1, 133, 338]}, "written": {"prob": 0.0019569471624266144, "count": 1, "pos": [2]}, "sever": {"prob": 0.0019569471624266144, "count": 1, "pos": [3]}, "book": {"prob": 0.0019569471624266144, "count": 1, "pos": [4]}, "describ": {"prob": 0.0019569471624266144, "count": 1, "pos": [5]}, "marriag": {"prob": 0.0019569471624266144, "count": 1, "pos": [6]}, "as": {"prob": 0.0136986301369863, "count": 7, "pos": [7, 235, 248, 328, 330, 364, 393]}, "an": {"prob": 0.003913894324853229, "count": 2, "pos": [8, 406]}, "old": {"prob": 0.007827788649706457, "count": 4, "pos": [9, 55, 149, 485]}, "fashion": {"prob": 0.0019569471624266144, "count": 1, "pos": [10]}, "superstit": {"prob": 0.0019569471624266144, "count": 1, "pos": [11]}, "mortim": {"prob": 0.01761252446183953, "count": 9, "pos": [12, 39, 97, 136, 194, 284, 295, 302, 421]}, "brewster": {"prob": 0.009784735812133072, "count": 5, "pos": [13, 362, 389, 430, 474]}, "fall": {"prob": 0.0019569471624266144, "count": 1, "pos": [14]}, "in": {"prob": 0.021526418786692758, "count": 11, "pos": [15, 27, 53, 102, 126, 170, 245, 274, 370, 450, 504]}, "love": {"prob": 0.0019569471624266144, "count": 1, "pos": [16]}, "with": {"prob": 0.005870841487279843, "count": 3, "pos": [17, 157, 198]}, "elain": {"prob": 0.007827788649706457, "count": 4, "pos": [18, 286, 379, 458]}, "harper": {"prob": 0.0019569471624266144, "count": 1, "pos": [19]}, "who": {"prob": 0.009784735812133072, "count": 5, "pos": [20, 46, 50, 68, 175]}, "grew": {"prob": 0.0019569471624266144, "count": 1, "pos": [21]}, "up": {"prob": 0.003913894324853229, "count": 2, "pos": [22, 93]}, "next": {"prob": 0.003913894324853229, "count": 2, "pos": [23, 292]}, "door": {"prob": 0.003913894324853229, "count": 2, "pos": [24, 293]}, "to": {"prob": 0.03522504892367906, "count": 18, "pos": [25, 190, 212, 220, 260, 271, 282, 296, 307, 317, 323, 331, 345, 378, 391, 405, 428, 464]}, "him": {"prob": 0.005870841487279843, "count": 3, "pos": [26, 48, 415]}, "brooklyn": {"prob": 0.0019569471624266144, "count": 1, "pos": [28]}, "and": {"prob": 0.03131115459882583, "count": 16, "pos": [29, 49, 62, 64, 82, 106, 160, 185, 216, 277, 343, 408, 418, 440, 459, 484]}, "on": {"prob": 0.007827788649706457, "count": 4, "pos": [30, 299, 309, 447]}, "halloween": {"prob": 0.0019569471624266144, "count": 1, "pos": [31]}, "day": {"prob": 0.0019569471624266144, "count": 1, "pos": [32]}, "they": {"prob": 0.009784735812133072, "count": 5, "pos": [33, 121, 124, 132, 382]}, "marri": {"prob": 0.0019569471624266144, "count": 1, "pos": [34]}, "immedi": {"prob": 0.0019569471624266144, "count": 1, "pos": [35]}, "after": {"prob": 0.005870841487279843, "count": 3, "pos": [36, 431, 455]}, "the": {"prob": 0.04892367906066536, "count": 25, "pos": [37, 41, 84, 127, 138, 144, 166, 171, 182, 214, 223, 275, 312, 319, 324, 333, 358, 361, 387, 409, 429, 437, 451, 502, 505]}, "wed": {"prob": 0.0019569471624266144, "count": 1, "pos": [38]}, "visit": {"prob": 0.0019569471624266144, "count": 1, "pos": [40]}, "eccentr": {"prob": 0.0019569471624266144, "count": 1, "pos": [42]}, "but": {"prob": 0.005870841487279843, "count": 3, "pos": [43, 116, 395]}, "lovabl": {"prob": 0.0019569471624266144, "count": 1, "pos": [44]}, "rel": {"prob": 0.0019569471624266144, "count": 1, "pos": [45]}, "rai": {"prob": 0.0019569471624266144, "count": 1, "pos": [47]}, "still": {"prob": 0.0019569471624266144, "count": 1, "pos": [51]}, "live": {"prob": 0.0019569471624266144, "count": 1, "pos": [52]}, "hi": {"prob": 0.021526418786692758, "count": 11, "pos": [54, 58, 65, 117, 199, 226, 246, 267, 280, 433, 441]}, "famili": {"prob": 0.007827788649706457, "count": 4, "pos": [56, 290, 363, 372]}, "home": {"prob": 0.003913894324853229, "count": 2, "pos": [57, 291]}, "elder": {"prob": 0.0019569471624266144, "count": 1, "pos": [59]}, "aunt": {"prob": 0.009784735812133072, "count": 5, "pos": [60, 118, 268, 411, 438]}, "abbi": {"prob": 0.003913894324853229, "count": 2, "pos": [61, 417]}, "martha": {"prob": 0.003913894324853229, "count": 2, "pos": [63, 419]}, "brother": {"prob": 0.003913894324853229, "count": 2, "pos": [66, 195]}, "teddi": {"prob": 0.011741682974559686, "count": 6, "pos": [67, 76, 109, 174, 339, 401]}, "believ": {"prob": 0.003913894324853229, "count": 2, "pos": [69, 176]}, "he": {"prob": 0.01761252446183953, "count": 9, "pos": [70, 79, 177, 349, 353, 365, 380, 423, 467]}, "is": {"prob": 0.015655577299412915, "count": 8, "pos": [71, 178, 208, 256, 398, 402, 424, 495]}, "theodor": {"prob": 0.0019569471624266144, "count": 1, "pos": [72]}, "roosevelt": {"prob": 0.003913894324853229, "count": 2, "pos": [73, 90]}, "each": {"prob": 0.0019569471624266144, "count": 1, "pos": [74]}, "time": {"prob": 0.0019569471624266144, "count": 1, "pos": [75]}, "goe": {"prob": 0.0019569471624266144, "count": 1, "pos": [77]}, "upstair": {"prob": 0.0019569471624266144, "count": 1, "pos": [78]}, "yell": {"prob": 0.0019569471624266144, "count": 1, "pos": [80]}, "charg": {"prob": 0.003913894324853229, "count": 2, "pos": [81, 92]}, "take": {"prob": 0.003913894324853229, "count": 2, "pos": [83, 297]}, "stair": {"prob": 0.0019569471624266144, "count": 1, "pos": [85]}, "at": {"prob": 0.003913894324853229, "count": 2, "pos": [86, 288]}, "a": {"prob": 0.029354207436399216, "count": 15, "pos": [87, 99, 103, 162, 209, 218, 229, 346, 445, 448, 473, 477, 480, 496, 509]}, "run": {"prob": 0.003913894324853229, "count": 2, "pos": [88, 369]}, "imit": {"prob": 0.0019569471624266144, "count": 1, "pos": [89]}, "famou": {"prob": 0.0019569471624266144, "count": 1, "pos": [91]}, "san": {"prob": 0.0019569471624266144, "count": 1, "pos": [94]}, "juan": {"prob": 0.0019569471624266144, "count": 1, "pos": [95]}, "hill": {"prob": 0.0019569471624266144, "count": 1, "pos": [96]}, "find": {"prob": 0.005870841487279843, "count": 3, "pos": [98, 217, 265]}, "corp": {"prob": 0.003913894324853229, "count": 2, "pos": [100, 224]}, "hidden": {"prob": 0.0019569471624266144, "count": 1, "pos": [101]}, "window": {"prob": 0.0019569471624266144, "count": 1, "pos": [104]}, "seat": {"prob": 0.0019569471624266144, "count": 1, "pos": [105]}, "assum": {"prob": 0.0019569471624266144, "count": 1, "pos": [107]}, "that": {"prob": 0.011741682974559686, "count": 6, "pos": [108, 120, 131, 336, 352, 422]}, "ha": {"prob": 0.0019569471624266144, "count": 1, "pos": [110]}, "commit": {"prob": 0.003913894324853229, "count": 2, "pos": [111, 344]}, "murder": {"prob": 0.003913894324853229, "count": 2, "pos": [112, 210]}, "under": {"prob": 0.0019569471624266144, "count": 1, "pos": [113]}, "some": {"prob": 0.0019569471624266144, "count": 1, "pos": [114]}, "delus": {"prob": 0.0019569471624266144, "count": 1, "pos": [115]}, "explain": {"prob": 0.005870841487279843, "count": 3, "pos": [119, 125, 376]}, "are": {"prob": 0.003913894324853229, "count": 2, "pos": [122, 168]}, "respon": {"prob": 0.0019569471624266144, "count": 1, "pos": [123]}, "most": {"prob": 0.0019569471624266144, "count": 1, "pos": [128]}, "innoc": {"prob": 0.0019569471624266144, "count": 1, "pos": [129]}, "term": {"prob": 0.0019569471624266144, "count": 1, "pos": [130]}, "develop": {"prob": 0.0019569471624266144, "count": 1, "pos": [134]}, "what": {"prob": 0.0019569471624266144, "count": 1, "pos": [135]}, "call": {"prob": 0.0019569471624266144, "count": 1, "pos": [137]}, "veri": {"prob": 0.0019569471624266144, "count": 1, "pos": [139]}, "bad": {"prob": 0.0019569471624266144, "count": 1, "pos": [140]}, "habit": {"prob": 0.0019569471624266144, "count": 1, "pos": [141]}, "of": {"prob": 0.01761252446183953, "count": 9, "pos": [142, 147, 164, 222, 225, 311, 360, 479, 501]}, "end": {"prob": 0.0019569471624266144, "count": 1, "pos": [143]}, "presum": {"prob": 0.0019569471624266144, "count": 1, "pos": [145]}, "suffer": {"prob": 0.0019569471624266144, "count": 1, "pos": [146]},