{"__total__": 614, "__name__": "doc_1498_The_Chronicles_of_Riddick.txt", "riddick": {"prob": 0.04560260586319218, "count": 28, "pos": [0, 41, 122, 138, 152, 170, 172, 186, 206, 300, 312, 342, 376, 390, 395, 403, 439, 443, 463, 475, 486, 492, 511, 529, 541, 548, 580, 602]}, "ha": {"prob": 0.006514657980456026, "count": 4, "pos": [1, 289, 549, 585]}, "been": {"prob": 0.003257328990228013, "count": 2, "pos": [2, 203]}, "in": {"prob": 0.011400651465798045, "count": 7, "pos": [3, 50, 114, 309, 494, 556, 582]}, "hide": {"prob": 0.0016286644951140066, "count": 1, "pos": [4]}, "for": {"prob": 0.006514657980456026, "count": 4, "pos": [5, 137, 240, 523]}, "five": {"prob": 0.0016286644951140066, "count": 1, "pos": [6]}, "year": {"prob": 0.0016286644951140066, "count": 1, "pos": [7]}, "after": {"prob": 0.008143322475570033, "count": 5, "pos": [8, 32, 255, 460, 567]}, "pitch": {"prob": 0.004885993485342019, "count": 3, "pos": [9, 51, 197]}, "black": {"prob": 0.004885993485342019, "count": 3, "pos": [10, 52, 198]}, "he": {"prob": 0.013029315960912053, "count": 8, "pos": [11, 24, 48, 160, 256, 414, 430, 461]}, "evad": {"prob": 0.0016286644951140066, "count": 1, "pos": [12]}, "the": {"prob": 0.09446254071661238, "count": 58, "pos": [13, 28, 46, 60, 77, 84, 101, 105, 112, 115, 124, 127, 132, 142, 148, 162, 166, 174, 208, 241, 244, 252, 277, 287, 291, 310, 323, 327, 331, 339, 348, 350, 353, 357, 366, 371, 382, 385, 400, 407, 418, 425, 444, 448, 457, 469, 483, 498, 516, 521, 531, 553, 557, 583, 588, 595, 605, 610]}, "bounti": {"prob": 0.004885993485342019, "count": 3, "pos": [14, 36, 328]}, "hunter": {"prob": 0.003257328990228013, "count": 2, "pos": [15, 329]}, "toomb": {"prob": 0.013029315960912053, "count": 8, "pos": [16, 18, 33, 185, 222, 275, 282, 298]}, "kill": {"prob": 0.016286644951140065, "count": 10, "pos": [17, 97, 120, 141, 145, 325, 374, 468, 526, 594]}, "crew": {"prob": 0.0016286644951140066, "count": 1, "pos": [19]}, "and": {"prob": 0.026058631921824105, "count": 16, "pos": [20, 64, 96, 108, 121, 177, 276, 303, 318, 334, 375, 434, 467, 477, 519, 600]}, "steal": {"prob": 0.003257328990228013, "count": 2, "pos": [21, 347]}, "hi": {"prob": 0.006514657980456026, "count": 4, "pos": [22, 35, 58, 575]}, "ship": {"prob": 0.006514657980456026, "count": 4, "pos": [23, 176, 223, 349]}, "then": {"prob": 0.008143322475570033, "count": 5, "pos": [25, 365, 427, 450, 564]}, "head": {"prob": 0.0016286644951140066, "count": 1, "pos": [26]}, "to": {"prob": 0.030944625407166124, "count": 19, "pos": [27, 55, 80, 93, 180, 189, 201, 214, 233, 336, 346, 391, 464, 489, 509, 514, 525, 538, 577]}, "planet": {"prob": 0.006514657980456026, "count": 4, "pos": [29, 62, 79, 264]}, "helion": {"prob": 0.004885993485342019, "count": 3, "pos": [30, 74, 490]}, "prime": {"prob": 0.004885993485342019, "count": 3, "pos": [31, 75, 491]}, "reveal": {"prob": 0.004885993485342019, "count": 3, "pos": [34, 246, 428]}, "origin": {"prob": 0.0016286644951140066, "count": 1, "pos": [37]}, "there": {"prob": 0.004885993485342019, "count": 3, "pos": [38, 40, 604]}, "onc": {"prob": 0.0016286644951140066, "count": 1, "pos": [39]}, "is": {"prob": 0.02280130293159609, "count": 14, "pos": [42, 70, 76, 119, 157, 161, 187, 283, 377, 396, 404, 432, 478, 563]}, "reunit": {"prob": 0.0016286644951140066, "count": 1, "pos": [43]}, "with": {"prob": 0.006514657980456026, "count": 4, "pos": [44, 381, 399, 559]}, "imam": {"prob": 0.008143322475570033, "count": 5, "pos": [45, 53, 72, 118, 146]}, "man": {"prob": 0.003257328990228013, "count": 2, "pos": [47, 143]}, "rescu": {"prob": 0.0016286644951140066, "count": 1, "pos": [49]}, "want": {"prob": 0.0016286644951140066, "count": 1, "pos": [54]}, "know": {"prob": 0.0016286644951140066, "count": 1, "pos": [56]}, "about": {"prob": 0.003257328990228013, "count": 2, "pos": [57, 286]}, "homeworld": {"prob": 0.0016286644951140066, "count": 1, "pos": [59]}, "devast": {"prob": 0.0016286644951140066, "count": 1, "pos": [61]}, "furya": {"prob": 0.003257328990228013, "count": 2, "pos": [63, 248]}, "if": {"prob": 0.003257328990228013, "count": 2, "pos": [65, 413]}, "anyon": {"prob": 0.0016286644951140066, "count": 1, "pos": [66]}, "other": {"prob": 0.0016286644951140066, "count": 1, "pos": [67]}, "than": {"prob": 0.0016286644951140066, "count": 1, "pos": [68]}, "himself": {"prob": 0.003257328990228013, "count": 2, "pos": [69, 179]}, "left": {"prob": 0.003257328990228013, "count": 2, "pos": [71, 224]}, "believ": {"prob": 0.0016286644951140066, "count": 1, "pos": [73]}, "next": {"prob": 0.003257328990228013, "count": 2, "pos": [78, 125]}, "be": {"prob": 0.006514657980456026, "count": 4, "pos": [81, 153, 182, 568]}, "conquer": {"prob": 0.0016286644951140066, "count": 1, "pos": [82]}, "by": {"prob": 0.011400651465798045, "count": 7, "pos": [83, 184, 251, 379, 406, 453, 482]}, "necromong": {"prob": 0.017915309446254073, "count": 11, "pos": [85, 102, 128, 175, 288, 340, 367, 401, 419, 495, 606]}, "an": {"prob": 0.006514657980456026, "count": 4, "pos": [86, 218, 226, 234]}, "armi": {"prob": 0.0016286644951140066, "count": 1, "pos": [87]}, "of": {"prob": 0.009771986970684038, "count": 6, "pos": [88, 111, 361, 370, 384, 446]}, "religi": {"prob": 0.0016286644951140066, "count": 1, "pos": [89]}, "fanat": {"prob": 0.0016286644951140066, "count": 1, "pos": [90]}, "who": {"prob": 0.014657980456026058, "count": 9, "pos": [91, 99, 139, 144, 236, 295, 409, 536, 581]}, "seek": {"prob": 0.0016286644951140066, "count": 1, "pos": [92]}, "convert": {"prob": 0.004885993485342019, "count": 3, "pos": [94, 135, 540]}, "everyon": {"prob": 0.0016286644951140066, "count": 1, "pos": [95]}, "those": {"prob": 0.0016286644951140066, "count": 1, "pos": [98]}, "refus": {"prob": 0.0016286644951140066, "count": 1, "pos": [100]}, "invad": {"prob": 0.0016286644951140066, "count": 1, "pos": [103]}, "overwhelm": {"prob": 0.0016286644951140066, "count": 1, "pos": [104]}, "defen": {"prob": 0.0016286644951140066, "count": 1, "pos": [106]}, "forc": {"prob": 0.0016286644951140066, "count": 1, "pos": [107]}, "take": {"prob": 0.003257328990228013, "count": 2, "pos": [109, 330]}, "control": {"prob": 0.0016286644951140066, "count": 1, "pos": [110]}, "capit": {"prob": 0.0016286644951140066, "count": 1, "pos": [113]}, "ensu": {"prob": 0.0016286644951140066, "count": 1, "pos": [116]}, "battl": {"prob": 0.0016286644951140066, "count": 1, "pos": [117]}, "escap": {"prob": 0.004885993485342019, "count": 3, "pos": [123, 173, 207]}, "day": {"prob": 0.0016286644951140066, "count": 1, "pos": [126]}, "high": {"prob": 0.0016286644951140066, "count": 1, "pos": [129]}, "priest": {"prob": 0.0016286644951140066, "count": 1, "pos": [130]}, "coerc": {"prob": 0.0016286644951140066, "count": 1, "pos": [131]}, "populac": {"prob": 0.0016286644951140066, "count": 1, "pos": [133]}, "into": {"prob": 0.003257328990228013, "count": 2, "pos": [134, 456]}, "except": {"prob": 0.0016286644951140066, "count": 1, "pos": [136]}, "defiant": {"prob": 0.0016286644951140066, "count": 1, "pos": [140]}, "intrigu": {"prob": 0.0016286644951140066, "count": 1, "pos": [147]}, "lord": {"prob": 0.021172638436482084, "count": 13, "pos": [149, 167, 209, 242, 253, 470, 484, 517, 532, 554, 589, 596, 612]}, "marshal": {"prob": 0.021172638436482084, "count": 13, "pos": [150, 168, 210, 243, 254, 471, 485, 518, 533, 555, 590, 597, 613]}, "order": {"prob": 0.003257328990228013, "count": 2, "pos": [151, 169]}, "examin": {"prob": 0.0016286644951140066, "count": 1, "pos": [154]}, "where": {"prob": 0.003257328990228013, "count": 2, "pos": [155, 194]}, "it": {"prob": 0.004885993485342019, "count": 3, "pos": [156, 305, 545]}, "discov": {"prob": 0.0016286644951140066, "count": 1, "pos": [158]}, "that": {"prob": 0.014657980456026058, "count": 9, "pos": [159, 247, 263, 297, 304, 412, 429, 435, 547]}, "last": {"prob": 0.0016286644951140066, "count": 1, "pos": [163]}, "furyan": {"prob": 0.003257328990228013, "count": 2, "pos": [164, 433]}, "so": {"prob": 0.0016286644951140066, "count": 1,