{"__total__": 327, "__name__": "doc_150_Arthur_1981.txt", "arthur": {"prob": 0.04281345565749235, "count": 14, "pos": [0, 64, 91, 104, 132, 137, 149, 167, 179, 223, 234, 266, 281, 317]}, "bach": {"prob": 0.0061162079510703364, "count": 2, "pos": [1, 275]}, "is": {"prob": 0.027522935779816515, "count": 9, "pos": [2, 23, 34, 87, 111, 138, 160, 164, 230]}, "a": {"prob": 0.027522935779816515, "count": 9, "pos": [3, 74, 85, 127, 157, 189, 225, 258, 262]}, "spoil": {"prob": 0.0030581039755351682, "count": 1, "pos": [4]}, "alcohol": {"prob": 0.0030581039755351682, "count": 1, "pos": [5]}, "from": {"prob": 0.0030581039755351682, "count": 1, "pos": [6]}, "new": {"prob": 0.0030581039755351682, "count": 1, "pos": [7]}, "york": {"prob": 0.0030581039755351682, "count": 1, "pos": [8]}, "citi": {"prob": 0.0030581039755351682, "count": 1, "pos": [9]}, "who": {"prob": 0.009174311926605505, "count": 3, "pos": [10, 122, 180]}, "like": {"prob": 0.0061162079510703364, "count": 2, "pos": [11, 126]}, "to": {"prob": 0.04281345565749235, "count": 14, "pos": [12, 25, 67, 89, 96, 129, 140, 147, 169, 205, 221, 251, 290, 295]}, "be": {"prob": 0.01529051987767584, "count": 5, "pos": [13, 38, 84, 117, 243]}, "driven": {"prob": 0.0030581039755351682, "count": 1, "pos": [14]}, "in": {"prob": 0.012232415902140673, "count": 4, "pos": [15, 161, 214, 237]}, "hi": {"prob": 0.03669724770642202, "count": 12, "pos": [16, 26, 39, 54, 94, 101, 106, 119, 170, 193, 252, 271]}, "chauffeur": {"prob": 0.0061162079510703364, "count": 2, "pos": [17, 319]}, "limousin": {"prob": 0.0030581039755351682, "count": 1, "pos": [18]}, "through": {"prob": 0.0061162079510703364, "count": 2, "pos": [19, 324]}, "central": {"prob": 0.0061162079510703364, "count": 2, "pos": [20, 325]}, "park": {"prob": 0.0061162079510703364, "count": 2, "pos": [21, 326]}, "he": {"prob": 0.04892966360856269, "count": 16, "pos": [22, 33, 41, 48, 72, 115, 154, 196, 210, 229, 268, 293, 298, 302, 309, 312]}, "heir": {"prob": 0.0030581039755351682, "count": 1, "pos": [24]}, "father": {"prob": 0.012232415902140673, "count": 4, "pos": [27, 128, 134, 217]}, "stanford": {"prob": 0.0030581039755351682, "count": 1, "pos": [28]}, "$750": {"prob": 0.0030581039755351682, "count": 1, "pos": [29]}, "million": {"prob": 0.0030581039755351682, "count": 1, "pos": [30]}, "fortun": {"prob": 0.0061162079510703364, "count": 2, "pos": [31, 272]}, "which": {"prob": 0.0030581039755351682, "count": 1, "pos": [32]}, "told": {"prob": 0.0030581039755351682, "count": 1, "pos": [35]}, "will": {"prob": 0.012232415902140673, "count": 4, "pos": [36, 58, 116, 242]}, "on": {"prob": 0.009174311926605505, "count": 3, "pos": [37, 188, 192]}, "if": {"prob": 0.0030581039755351682, "count": 1, "pos": [40]}, "marri": {"prob": 0.0061162079510703364, "count": 2, "pos": [42, 97]}, "the": {"prob": 0.024464831804281346, "count": 8, "pos": [43, 68, 198, 208, 238, 285, 315, 322]}, "upper": {"prob": 0.0030581039755351682, "count": 1, "pos": [44]}, "class": {"prob": 0.009174311926605505, "count": 3, "pos": [45, 76, 280]}, "susan": {"prob": 0.012232415902140673, "count": 4, "pos": [46, 52, 98, 212]}, "johnson": {"prob": 0.0061162079510703364, "count": 2, "pos": [47, 219]}, "doe": {"prob": 0.0030581039755351682, "count": 1, "pos": [49]}, "not": {"prob": 0.0030581039755351682, "count": 1, "pos": [50]}, "love": {"prob": 0.0061162079510703364, "count": 2, "pos": [51, 162]}, "but": {"prob": 0.01529051987767584, "count": 5, "pos": [53, 71, 110, 283, 311]}, "famili": {"prob": 0.0030581039755351682, "count": 1, "pos": [55]}, "feel": {"prob": 0.0061162079510703364, "count": 2, "pos": [56, 107]}, "she": {"prob": 0.0030581039755351682, "count": 1, "pos": [57]}, "make": {"prob": 0.0030581039755351682, "count": 1, "pos": [59]}, "him": {"prob": 0.0061162079510703364, "count": 2, "pos": [60, 130]}, "final": {"prob": 0.0030581039755351682, "count": 1, "pos": [61]}, "grow": {"prob": 0.0061162079510703364, "count": 2, "pos": [62, 141]}, "up": {"prob": 0.0061162079510703364, "count": 2, "pos": [63, 142]}, "reluct": {"prob": 0.0030581039755351682, "count": 1, "pos": [65]}, "agr": {"prob": 0.0030581039755351682, "count": 1, "pos": [66]}, "arrang": {"prob": 0.0030581039755351682, "count": 1, "pos": [69]}, "marriag": {"prob": 0.0030581039755351682, "count": 1, "pos": [70]}, "meet": {"prob": 0.0030581039755351682, "count": 1, "pos": [73]}, "work": {"prob": 0.009174311926605505, "count": 3, "pos": [75, 202, 279]}, "queen": {"prob": 0.0030581039755351682, "count": 1, "pos": [77]}, "waitress": {"prob": 0.0030581039755351682, "count": 1, "pos": [78]}, "linda": {"prob": 0.021406727828746176, "count": 7, "pos": [79, 109, 146, 153, 201, 249, 296]}, "marolla": {"prob": 0.0030581039755351682, "count": 1, "pos": [80]}, "and": {"prob": 0.021406727828746176, "count": 7, "pos": [81, 143, 166, 177, 203, 246, 254]}, "despit": {"prob": 0.0030581039755351682, "count": 1, "pos": [82]}, "her": {"prob": 0.01529051987767584, "count": 5, "pos": [83, 90, 206, 215, 300]}, "shoplift": {"prob": 0.0030581039755351682, "count": 1, "pos": [86]}, "attract": {"prob": 0.0030581039755351682, "count": 1, "pos": [88]}, "struggl": {"prob": 0.0030581039755351682, "count": 1, "pos": [92]}, "with": {"prob": 0.0061162079510703364, "count": 2, "pos": [93, 224]}, "promi": {"prob": 0.0030581039755351682, "count": 1, "pos": [95]}, "while": {"prob": 0.0030581039755351682, "count": 1, "pos": [99]}, "visit": {"prob": 0.0061162079510703364, "count": 2, "pos": [100, 197]}, "grandmoth": {"prob": 0.0030581039755351682, "count": 1, "pos": [102]}, "martha": {"prob": 0.01529051987767584, "count": 5, "pos": [103, 233, 264, 291, 306]}, "share": {"prob": 0.0030581039755351682, "count": 1, "pos": [105]}, "for": {"prob": 0.0030581039755351682, "count": 1, "pos": [108]}, "warn": {"prob": 0.0030581039755351682, "count": 1, "pos": [112]}, "again": {"prob": 0.0061162079510703364, "count": 2, "pos": [113, 304]}, "that": {"prob": 0.01834862385321101, "count": 6, "pos": [114, 136, 184, 240, 267, 301]}, "disown": {"prob": 0.0030581039755351682, "count": 1, "pos": [118]}, "valet": {"prob": 0.0030581039755351682, "count": 1, "pos": [120]}, "hobson": {"prob": 0.009174311926605505, "count": 3, "pos": [121, 163, 175]}, "ha": {"prob": 0.009174311926605505, "count": 3, "pos": [123, 181, 276]}, "been": {"prob": 0.009174311926605505, "count": 3, "pos": [124, 182, 278]}, "more": {"prob": 0.0030581039755351682, "count": 1, "pos": [125]}, "than": {"prob": 0.0030581039755351682, "count": 1, "pos": [131]}, "real": {"prob": 0.0030581039755351682, "count": 1, "pos": [133]}, "realiz": {"prob": 0.0030581039755351682, "count": 1, "pos": [135]}, "begin": {"prob": 0.0030581039755351682, "count": 1, "pos": [139]}, "secret": {"prob": 0.0030581039755351682, "count": 1, "pos": [144]}, "encourag": {"prob": 0.0030581039755351682, "count": 1, "pos": [145]}, "attend": {"prob": 0.0061162079510703364, "count": 2, "pos": [148, 250]}, "engag": {"prob": 0.0030581039755351682, "count": 1, "pos": [150]}, "parti": {"prob": 0.0030581039755351682, "count": 1, "pos": [151]}, "tell": {"prob": 0.012232415902140673, "count": 4, "pos": [152, 235, 265, 299]}, "recogn": {"prob": 0.0030581039755351682, "count": 1, "pos": [155]}, "when": {"prob": 0.0061162079510703364, "count": 2, "pos": [156, 292]}, "young": {"prob": 0.0030581039755351682, "count": 1, "pos": [158]}, "man": {"prob": 0.0030581039755351682, "count": 1, "pos": [159]}, "hospit": {"prob": 0.0030581039755351682, "count": 1, "pos": [165]}, "rush": {"prob": 0.0030581039755351682, "count": 1, "pos": [168]}, "side": {"prob": 0.0061162079510703364, "count": 2, "pos": [171, 297]}, "after": {"prob": 0.0030581039755351682, "count": 1, "pos": [172]}, "sever": {"prob": 0.0030581039755351682, "count": 1, "pos": [173]}, "week": {"prob": 0.0030581039755351682, "count": 1, "pos": [174]}, "die": {"prob": 0.0030581039755351682, "count": 1, "pos": [176]}, "then": {"prob": 0.0030581039755351682, "count": 1, "pos": [178]}, "sober": {"prob": 0.0030581039755351682, "count": 1,