{"__total__": 454, "__name__": "doc_1500_The_City_of_Lost_Children.txt", "from": {"prob": 0.006607929515418502, "count": 3, "pos": [0, 200, 380]}, "an": {"prob": 0.004405286343612335, "count": 2, "pos": [1, 249]}, "ocean": {"prob": 0.0022026431718061676, "count": 1, "pos": [2]}, "rig": {"prob": 0.00881057268722467, "count": 4, "pos": [3, 316, 355, 397]}, "a": {"prob": 0.037444933920704845, "count": 17, "pos": [4, 39, 53, 77, 81, 85, 158, 204, 217, 236, 247, 266, 272, 300, 312, 343, 374]}, "dement": {"prob": 0.0022026431718061676, "count": 1, "pos": [5]}, "scientist": {"prob": 0.004405286343612335, "count": 2, "pos": [6, 64]}, "krank": {"prob": 0.011013215859030838, "count": 5, "pos": [7, 69, 116, 336, 406]}, "kidnap": {"prob": 0.004405286343612335, "count": 2, "pos": [8, 56]}, "children": {"prob": 0.00881057268722467, "count": 4, "pos": [9, 114, 156, 429]}, "to": {"prob": 0.04405286343612335, "count": 20, "pos": [10, 32, 118, 153, 171, 178, 185, 189, 195, 224, 234, 241, 285, 306, 360, 366, 372, 377, 392, 412]}, "steal": {"prob": 0.004405286343612335, "count": 2, "pos": [11, 157]}, "their": {"prob": 0.004405286343612335, "count": 2, "pos": [12, 142]}, "dream": {"prob": 0.015418502202643172, "count": 7, "pos": [13, 121, 313, 375, 382, 400, 415]}, "among": {"prob": 0.0022026431718061676, "count": 1, "pos": [14]}, "them": {"prob": 0.006607929515418502, "count": 3, "pos": [15, 96, 186]}, "is": {"prob": 0.01762114537444934, "count": 8, "pos": [16, 70, 127, 214, 232, 370, 403, 446]}, "the": {"prob": 0.08590308370044053, "count": 39, "pos": [17, 36, 50, 60, 63, 66, 92, 107, 124, 134, 137, 155, 160, 201, 209, 242, 268, 276, 281, 290, 295, 307, 315, 327, 338, 348, 354, 357, 364, 381, 386, 393, 396, 399, 414, 428, 431, 435, 448]}, "littl": {"prob": 0.0022026431718061676, "count": 1, "pos": [18]}, "brother": {"prob": 0.0022026431718061676, "count": 1, "pos": [19]}, "denr": {"prob": 0.00881057268722467, "count": 4, "pos": [20, 68, 368, 379]}, "of": {"prob": 0.03303964757709251, "count": 15, "pos": [21, 38, 52, 91, 139, 148, 216, 263, 275, 292, 297, 303, 326, 395, 443]}, "carniv": {"prob": 0.0022026431718061676, "count": 1, "pos": [22]}, "strongman": {"prob": 0.0022026431718061676, "count": 1, "pos": [23]}, "and": {"prob": 0.05726872246696035, "count": 26, "pos": [24, 58, 65, 73, 87, 98, 150, 168, 182, 187, 227, 239, 253, 257, 261, 279, 323, 337, 345, 363, 390, 416, 420, 424, 434, 450]}, "former": {"prob": 0.0022026431718061676, "count": 1, "pos": [25]}, "russian": {"prob": 0.0022026431718061676, "count": 1, "pos": [26]}, "sailor": {"prob": 0.0022026431718061676, "count": 1, "pos": [27]}, "one": {"prob": 0.01762114537444934, "count": 8, "pos": [28, 152, 173, 183, 199, 256, 287, 423]}, "who": {"prob": 0.00881057268722467, "count": 4, "pos": [29, 94, 221, 444]}, "set": {"prob": 0.0022026431718061676, "count": 1, "pos": [30]}, "out": {"prob": 0.004405286343612335, "count": 2, "pos": [31, 167]}, "rescu": {"prob": 0.00881057268722467, "count": 4, "pos": [33, 198, 367, 426]}, "him": {"prob": 0.006607929515418502, "count": 3, "pos": [34, 120, 418]}, "with": {"prob": 0.00881057268722467, "count": 4, "pos": [35, 109, 246, 356]}, "help": {"prob": 0.006607929515418502, "count": 3, "pos": [37, 154, 172]}, "young": {"prob": 0.0022026431718061676, "count": 1, "pos": [40]}, "orphan": {"prob": 0.0022026431718061676, "count": 1, "pos": [41]}, "thiev": {"prob": 0.004405286343612335, "count": 2, "pos": [42, 140]}, "guild": {"prob": 0.004405286343612335, "count": 2, "pos": [43, 138]}, "member": {"prob": 0.0022026431718061676, "count": 1, "pos": [44]}, "name": {"prob": 0.0022026431718061676, "count": 1, "pos": [45]}, "miett": {"prob": 0.02643171806167401, "count": 12, "pos": [46, 149, 163, 180, 194, 211, 252, 289, 321, 369, 402, 425]}, "they": {"prob": 0.011013215859030838, "count": 5, "pos": [47, 105, 112, 174, 350]}, "delv": {"prob": 0.0022026431718061676, "count": 1, "pos": [48]}, "into": {"prob": 0.004405286343612335, "count": 2, "pos": [49, 347]}, "world": {"prob": 0.006607929515418502, "count": 3, "pos": [51, 376, 401]}, "bio": {"prob": 0.0022026431718061676, "count": 1, "pos": [54]}, "mechan": {"prob": 0.0022026431718061676, "count": 1, "pos": [55]}, "cult": {"prob": 0.006607929515418502, "count": 3, "pos": [57, 108, 202]}, "discov": {"prob": 0.0022026431718061676, "count": 1, "pos": [59]}, "connect": {"prob": 0.0022026431718061676, "count": 1, "pos": [61]}, "between": {"prob": 0.0022026431718061676, "count": 1, "pos": [62]}, "miss": {"prob": 0.004405286343612335, "count": 2, "pos": [67, 101]}, "both": {"prob": 0.004405286343612335, "count": 2, "pos": [71, 259]}, "aid": {"prob": 0.0022026431718061676, "count": 1, "pos": [72]}, "hinder": {"prob": 0.0022026431718061676, "count": 1, "pos": [74]}, "by": {"prob": 0.006607929515418502, "count": 3, "pos": [75, 335, 405]}, "martha": {"prob": 0.0022026431718061676, "count": 1, "pos": [76]}, "diminut": {"prob": 0.0022026431718061676, "count": 1, "pos": [78]}, "woman": {"prob": 0.004405286343612335, "count": 2, "pos": [79, 339]}, "irv": {"prob": 0.004405286343612335, "count": 2, "pos": [80, 451]}, "talk": {"prob": 0.0022026431718061676, "count": 1, "pos": [82]}, "brain": {"prob": 0.0022026431718061676, "count": 1, "pos": [83]}, "in": {"prob": 0.013215859030837005, "count": 6, "pos": [84, 141, 265, 299, 320, 398]}, "tank": {"prob": 0.0022026431718061676, "count": 1, "pos": [86]}, "six": {"prob": 0.0022026431718061676, "count": 1, "pos": [88]}, "ident": {"prob": 0.004405286343612335, "count": 2, "pos": [89, 240]}, "clone": {"prob": 0.006607929515418502, "count": 3, "pos": [90, 243, 449]}, "geniu": {"prob": 0.00881057268722467, "count": 4, "pos": [93, 358, 387, 436]}, "creat": {"prob": 0.004405286343612335, "count": 2, "pos": [95, 341]}, "all": {"prob": 0.00881057268722467, "count": 4, "pos": [97, 351, 422, 427]}, "ha": {"prob": 0.011013215859030838, "count": 5, "pos": [99, 164, 169, 271, 294]}, "been": {"prob": 0.004405286343612335, "count": 2, "pos": [100, 165]}, "for": {"prob": 0.006607929515418502, "count": 3, "pos": [102, 115, 421]}, "mani": {"prob": 0.0022026431718061676, "count": 1, "pos": [103]}, "year": {"prob": 0.0022026431718061676, "count": 1, "pos": [104]}, "support": {"prob": 0.0022026431718061676, "count": 1, "pos": [106]}, "technolog": {"prob": 0.0022026431718061676, "count": 1, "pos": [110]}, "as": {"prob": 0.015418502202643172, "count": 7, "pos": [111, 122, 133, 342, 385, 430, 447]}, "gather": {"prob": 0.0022026431718061676, "count": 1, "pos": [113]}, "experi": {"prob": 0.0022026431718061676, "count": 1, "pos": [117]}, "give": {"prob": 0.0022026431718061676, "count": 1, "pos": [119]}, "without": {"prob": 0.0022026431718061676, "count": 1, "pos": [123]}, "abil": {"prob": 0.0022026431718061676, "count": 1, "pos": [125]}, "he": {"prob": 0.013215859030837005, "count": 6, "pos": [126, 192, 231, 332, 340, 445]}, "age": {"prob": 0.0022026431718061676, "count": 1, "pos": [128]}, "rapid": {"prob": 0.0022026431718061676, "count": 1, "pos": [129]}, "conjoin": {"prob": 0.0022026431718061676, "count": 1, "pos": [130]}, "twin": {"prob": 0.0022026431718061676, "count": 1, "pos": [131]}, "known": {"prob": 0.0022026431718061676, "count": 1, "pos": [132]}, "octopu": {"prob": 0.00881057268722467, "count": 4, "pos": [135, 161, 270, 308]}, "control": {"prob": 0.00881057268722467, "count": 4, "pos": [136, 206, 284, 413]}, "robberi": {"prob": 0.0022026431718061676, "count": 1, "pos": [143]}, "but": {"prob": 0.0022026431718061676, "count": 1, "pos": [144]}, "have": {"prob": 0.0022026431718061676, "count": 1, "pos": [145]}, "becom": {"prob": 0.0022026431718061676, "count": 1, "pos": [146]}, "distrust": {"prob": 0.0022026431718061676, "count": 1, "pos": [147]}, "hire": {"prob": 0.0022026431718061676, "count": 1, "pos": [151]}, "safe": {"prob": 0.0022026431718061676, "count": 1, "pos": [159]}, "believ": {"prob": 0.0022026431718061676, "count": 1, "pos": [162]}, "hold": {"prob": 0.0022026431718061676, "count": 1, "pos": [166]},