{"__total__": 438, "__name__": "doc_151_As_Good_as_It_Gets.txt", "melvin": {"prob": 0.03881278538812785, "count": 17, "pos": [0, 84, 97, 120, 140, 150, 181, 212, 248, 256, 285, 293, 351, 375, 383, 399, 425]}, "udal": {"prob": 0.00228310502283105, "count": 1, "pos": [1]}, "is": {"prob": 0.02054794520547945, "count": 9, "pos": [2, 92, 98, 108, 135, 141, 152, 221, 333]}, "a": {"prob": 0.01141552511415525, "count": 5, "pos": [3, 10, 86, 322, 395]}, "misanthrop": {"prob": 0.00228310502283105, "count": 1, "pos": [4]}, "who": {"prob": 0.0045662100456621, "count": 2, "pos": [5, 77]}, "work": {"prob": 0.00684931506849315, "count": 3, "pos": [6, 159, 195]}, "at": {"prob": 0.0136986301369863, "count": 6, "pos": [7, 39, 74, 196, 406, 434]}, "home": {"prob": 0.0045662100456621, "count": 2, "pos": [8, 163]}, "as": {"prob": 0.00228310502283105, "count": 1, "pos": [9]}, "best": {"prob": 0.00228310502283105, "count": 1, "pos": [11]}, "sell": {"prob": 0.00228310502283105, "count": 1, "pos": [12]}, "novelist": {"prob": 0.00228310502283105, "count": 1, "pos": [13]}, "in": {"prob": 0.02054794520547945, "count": 9, "pos": [14, 43, 66, 164, 200, 281, 358, 388, 409]}, "new": {"prob": 0.00684931506849315, "count": 3, "pos": [15, 346, 396]}, "york": {"prob": 0.0045662100456621, "count": 2, "pos": [16, 347]}, "citi": {"prob": 0.0045662100456621, "count": 2, "pos": [17, 348]}, "he": {"prob": 0.0228310502283105, "count": 10, "pos": [18, 34, 36, 53, 62, 111, 126, 326, 339, 392]}, "suffer": {"prob": 0.00228310502283105, "count": 1, "pos": [19]}, "from": {"prob": 0.00684931506849315, "count": 3, "pos": [20, 131, 137]}, "obsess": {"prob": 0.00228310502283105, "count": 1, "pos": [21]}, "compul": {"prob": 0.00228310502283105, "count": 1, "pos": [22]}, "disord": {"prob": 0.00228310502283105, "count": 1, "pos": [23]}, "which": {"prob": 0.00228310502283105, "count": 1, "pos": [24]}, "pair": {"prob": 0.00228310502283105, "count": 1, "pos": [25]}, "with": {"prob": 0.0182648401826484, "count": 8, "pos": [26, 32, 55, 146, 208, 329, 389, 424]}, "hi": {"prob": 0.02511415525114155, "count": 11, "pos": [27, 59, 67, 80, 217, 226, 241, 251, 317, 330, 402]}, "misanthropi": {"prob": 0.00228310502283105, "count": 1, "pos": [28]}, "alien": {"prob": 0.00228310502283105, "count": 1, "pos": [29]}, "near": {"prob": 0.0045662100456621, "count": 2, "pos": [30, 95]}, "everyon": {"prob": 0.00228310502283105, "count": 1, "pos": [31]}, "whom": {"prob": 0.0045662100456621, "count": 2, "pos": [33, 382]}, "interact": {"prob": 0.00228310502283105, "count": 1, "pos": [35]}, "eat": {"prob": 0.00228310502283105, "count": 1, "pos": [37]}, "breakfast": {"prob": 0.00228310502283105, "count": 1, "pos": [38]}, "the": {"prob": 0.04337899543378995, "count": 19, "pos": [40, 44, 71, 75, 118, 138, 148, 254, 263, 267, 272, 277, 296, 307, 372, 412, 415, 421, 435]}, "same": {"prob": 0.0045662100456621, "count": 2, "pos": [41, 45]}, "tabl": {"prob": 0.00228310502283105, "count": 1, "pos": [42]}, "restaur": {"prob": 0.00684931506849315, "count": 3, "pos": [46, 76, 199]}, "everi": {"prob": 0.00228310502283105, "count": 1, "pos": [47]}, "day": {"prob": 0.0045662100456621, "count": 2, "pos": [48, 83]}, "use": {"prob": 0.0045662100456621, "count": 2, "pos": [49, 249]}, "dispo": {"prob": 0.00228310502283105, "count": 1, "pos": [50]}, "plastic": {"prob": 0.00228310502283105, "count": 1, "pos": [51]}, "utensil": {"prob": 0.00228310502283105, "count": 1, "pos": [52]}, "bring": {"prob": 0.00228310502283105, "count": 1, "pos": [54]}, "him": {"prob": 0.0091324200913242, "count": 4, "pos": [56, 357, 369, 390]}, "due": {"prob": 0.0045662100456621, "count": 2, "pos": [57, 224]}, "to": {"prob": 0.0593607305936073, "count": 26, "pos": [58, 100, 124, 143, 158, 161, 176, 178, 183, 193, 215, 225, 235, 237, 259, 265, 286, 290, 312, 324, 335, 345, 370, 386, 400, 430]}, "patholog": {"prob": 0.00228310502283105, "count": 1, "pos": [60]}, "mysophobia": {"prob": 0.00228310502283105, "count": 1, "pos": [61]}, "take": {"prob": 0.0045662100456621, "count": 2, "pos": [63, 287]}, "an": {"prob": 0.00228310502283105, "count": 1, "pos": [64]}, "interest": {"prob": 0.00228310502283105, "count": 1, "pos": [65]}, "waitress": {"prob": 0.0045662100456621, "count": 2, "pos": [68, 180]}, "carol": {"prob": 0.02511415525114155, "count": 11, "pos": [69, 132, 156, 191, 258, 283, 300, 309, 349, 377, 427]}, "connelli": {"prob": 0.00228310502283105, "count": 1, "pos": [70]}, "on": {"prob": 0.0045662100456621, "count": 2, "pos": [72, 262]}, "server": {"prob": 0.00228310502283105, "count": 1, "pos": [73]}, "can": {"prob": 0.00684931506849315, "count": 3, "pos": [78, 168, 393]}, "toler": {"prob": 0.00228310502283105, "count": 1, "pos": [79]}, "behavior": {"prob": 0.00228310502283105, "count": 1, "pos": [81]}, "one": {"prob": 0.00228310502283105, "count": 1, "pos": [82]}, "neighbor": {"prob": 0.00228310502283105, "count": 1, "pos": [85]}, "gay": {"prob": 0.00228310502283105, "count": 1, "pos": [87]}, "artist": {"prob": 0.00228310502283105, "count": 1, "pos": [88]}, "name": {"prob": 0.00228310502283105, "count": 1, "pos": [89]}, "simon": {"prob": 0.0228310502283105, "count": 10, "pos": [90, 103, 107, 203, 214, 220, 229, 234, 310, 381]}, "bishop": {"prob": 0.0045662100456621, "count": 2, "pos": [91, 134]}, "assault": {"prob": 0.0045662100456621, "count": 2, "pos": [93, 204]}, "and": {"prob": 0.02054794520547945, "count": 9, "pos": [94, 205, 239, 274, 301, 315, 367, 376, 426]}, "kill": {"prob": 0.00228310502283105, "count": 1, "pos": [96]}, "forc": {"prob": 0.00228310502283105, "count": 1, "pos": [99]}, "care": {"prob": 0.00684931506849315, "count": 3, "pos": [101, 116, 169]}, "for": {"prob": 0.0182648401826484, "count": 8, "pos": [102, 117, 170, 185, 211, 244, 253, 404]}, "dog": {"prob": 0.00684931506849315, "count": 3, "pos": [104, 119, 149]}, "verdel": {"prob": 0.0045662100456621, "count": 2, "pos": [105, 209]}, "while": {"prob": 0.00228310502283105, "count": 1, "pos": [106]}, "hospit": {"prob": 0.0045662100456621, "count": 2, "pos": [109, 139]}, "although": {"prob": 0.00228310502283105, "count": 1, "pos": [110]}, "initi": {"prob": 0.00228310502283105, "count": 1, "pos": [112]}, "doe": {"prob": 0.0045662100456621, "count": 2, "pos": [113, 354]}, "not": {"prob": 0.0045662100456621, "count": 2, "pos": [114, 355]}, "enjoy": {"prob": 0.00228310502283105, "count": 1, "pos": [115]}, "becom": {"prob": 0.00228310502283105, "count": 1, "pos": [121]}, "emot": {"prob": 0.0045662100456621, "count": 2, "pos": [122, 145]}, "attach": {"prob": 0.00228310502283105, "count": 1, "pos": [123]}, "it": {"prob": 0.00228310502283105, "count": 1, "pos": [125]}, "simultan": {"prob": 0.00228310502283105, "count": 1, "pos": [127]}, "receiv": {"prob": 0.00228310502283105, "count": 1, "pos": [128]}, "more": {"prob": 0.0045662100456621, "count": 2, "pos": [129, 320]}, "attent": {"prob": 0.00228310502283105, "count": 1, "pos": [130]}, "when": {"prob": 0.0045662100456621, "count": 2, "pos": [133, 155]}, "relea": {"prob": 0.00228310502283105, "count": 1, "pos": [136]}, "unabl": {"prob": 0.0045662100456621, "count": 2, "pos": [142, 175]}, "cope": {"prob": 0.00228310502283105, "count": 1, "pos": [144]}, "return": {"prob": 0.0045662100456621, "count": 2, "pos": [147, 344]}, "life": {"prob": 0.0045662100456621, "count": 2, "pos": [151, 360]}, "further": {"prob": 0.00228310502283105, "count": 1, "pos": [153]}, "alter": {"prob": 0.00228310502283105, "count": 1, "pos": [154]}, "decid": {"prob": 0.00228310502283105, "count": 1, "pos": [157]}, "closer": {"prob": 0.00228310502283105, "count": 1, "pos": [160]}, "her": {"prob": 0.0228310502283105, "count": 10, "pos": [162, 171, 186, 197, 288, 314, 359, 365, 405, 407]}, "brooklyn": {"prob": 0.0045662100456621, "count": 2, "pos": [165, 410]}, "so": {"prob": 0.00228310502283105, "count": 1, "pos": [166]}, "she": {"prob": 0.01141552511415525, "count": 5, "pos": [167, 269, 302, 353, 362]}, "acut": {"prob": 0.00228310502283105, "count": 1, "pos": [172]},