{"__total__": 45, "__name__": "doc_1512_The_Crowd.txt", "the": {"prob": 0.06666666666666667, "count": 3, "pos": [0, 37, 42]}, "film": {"prob": 0.022222222222222223, "count": 1, "pos": [1]}, "center": {"prob": 0.022222222222222223, "count": 1, "pos": [2]}, "on": {"prob": 0.022222222222222223, "count": 1, "pos": [3]}, "ambiti": {"prob": 0.022222222222222223, "count": 1, "pos": [4]}, "but": {"prob": 0.022222222222222223, "count": 1, "pos": [5]}, "undisciplin": {"prob": 0.022222222222222223, "count": 1, "pos": [6]}, "new": {"prob": 0.022222222222222223, "count": 1, "pos": [7]}, "york": {"prob": 0.022222222222222223, "count": 1, "pos": [8]}, "citi": {"prob": 0.044444444444444446, "count": 2, "pos": [9, 44]}, "offic": {"prob": 0.022222222222222223, "count": 1, "pos": [10]}, "worker": {"prob": 0.022222222222222223, "count": 1, "pos": [11]}, "john": {"prob": 0.022222222222222223, "count": 1, "pos": [12]}, "sim": {"prob": 0.022222222222222223, "count": 1, "pos": [13]}, "who": {"prob": 0.022222222222222223, "count": 1, "pos": [14]}, "meet": {"prob": 0.022222222222222223, "count": 1, "pos": [15]}, "and": {"prob": 0.044444444444444446, "count": 2, "pos": [16, 31]}, "marri": {"prob": 0.022222222222222223, "count": 1, "pos": [17]}, "mari": {"prob": 0.022222222222222223, "count": 1, "pos": [18]}, "they": {"prob": 0.022222222222222223, "count": 1, "pos": [19]}, "start": {"prob": 0.022222222222222223, "count": 1, "pos": [20]}, "a": {"prob": 0.022222222222222223, "count": 1, "pos": [21]}, "famili": {"prob": 0.022222222222222223, "count": 1, "pos": [22]}, "struggl": {"prob": 0.022222222222222223, "count": 1, "pos": [23]}, "to": {"prob": 0.022222222222222223, "count": 1, "pos": [24]}, "cope": {"prob": 0.022222222222222223, "count": 1, "pos": [25]}, "with": {"prob": 0.022222222222222223, "count": 1, "pos": [26]}, "marit": {"prob": 0.022222222222222223, "count": 1, "pos": [27]}, "stress": {"prob": 0.022222222222222223, "count": 1, "pos": [28]}, "financ": {"prob": 0.022222222222222223, "count": 1, "pos": [29]}, "setback": {"prob": 0.022222222222222223, "count": 1, "pos": [30]}, "tragedi": {"prob": 0.022222222222222223, "count": 1, "pos": [32]}, "all": {"prob": 0.022222222222222223, "count": 1, "pos": [33]}, "while": {"prob": 0.022222222222222223, "count": 1, "pos": [34]}, "lost": {"prob": 0.022222222222222223, "count": 1, "pos": [35]}, "amid": {"prob": 0.022222222222222223, "count": 1, "pos": [36]}, "anonym": {"prob": 0.022222222222222223, "count": 1, "pos": [38]}, "pitiless": {"prob": 0.022222222222222223, "count": 1, "pos": [39]}, "throng": {"prob": 0.022222222222222223, "count": 1, "pos": [40]}, "of": {"prob": 0.022222222222222223, "count": 1, "pos": [41]}, "big": {"prob": 0.022222222222222223, "count": 1, "pos": [43]}}