{"__total__": 496, "__name__": "doc_1535_The_Entity.txt", "the": {"prob": 0.04838709677419355, "count": 24, "pos": [0, 21, 46, 52, 128, 171, 197, 207, 223, 260, 265, 281, 332, 344, 359, 372, 402, 406, 431, 434, 449, 452, 464, 481]}, "movi": {"prob": 0.0020161290322580645, "count": 1, "pos": [1]}, "begin": {"prob": 0.006048387096774193, "count": 3, "pos": [2, 242, 347]}, "as": {"prob": 0.008064516129032258, "count": 4, "pos": [3, 327, 363, 399]}, "carla": {"prob": 0.02620967741935484, "count": 13, "pos": [4, 48, 72, 93, 111, 182, 217, 241, 302, 356, 378, 426, 471]}, "moran": {"prob": 0.0020161290322580645, "count": 1, "pos": [5]}, "a": {"prob": 0.038306451612903226, "count": 19, "pos": [6, 24, 26, 40, 70, 113, 157, 179, 252, 297, 307, 315, 318, 328, 364, 410, 414, 441, 457]}, "singl": {"prob": 0.0020161290322580645, "count": 1, "pos": [7]}, "mother": {"prob": 0.0020161290322580645, "count": 1, "pos": [8]}, "is": {"prob": 0.014112903225806451, "count": 7, "pos": [9, 49, 225, 237, 271, 284, 325]}, "violent": {"prob": 0.004032258064516129, "count": 2, "pos": [10, 129]}, "rape": {"prob": 0.0020161290322580645, "count": 1, "pos": [11]}, "in": {"prob": 0.020161290322580645, "count": 10, "pos": [12, 61, 117, 226, 306, 340, 395, 456, 474, 485]}, "her": {"prob": 0.046370967741935484, "count": 23, "pos": [13, 33, 37, 56, 65, 118, 132, 138, 146, 152, 193, 221, 227, 235, 273, 300, 323, 391, 398, 429, 445, 460, 477]}, "home": {"prob": 0.010080645161290322, "count": 5, "pos": [14, 42, 194, 208, 324]}, "by": {"prob": 0.012096774193548387, "count": 6, "pos": [15, 45, 64, 287, 312, 438]}, "an": {"prob": 0.006048387096774193, "count": 3, "pos": [16, 83, 169]}, "unseen": {"prob": 0.0020161290322580645, "count": 1, "pos": [17]}, "forc": {"prob": 0.0020161290322580645, "count": 1, "pos": [18]}, "initi": {"prob": 0.004032258064516129, "count": 2, "pos": [19, 195]}, "convinc": {"prob": 0.008064516129032258, "count": 4, "pos": [20, 190, 220, 355]}, "attack": {"prob": 0.012096774193548387, "count": 6, "pos": [22, 84, 170, 255, 277, 482]}, "wa": {"prob": 0.0020161290322580645, "count": 1, "pos": [23]}, "nightmar": {"prob": 0.0020161290322580645, "count": 1, "pos": [25]}, "subsequ": {"prob": 0.0020161290322580645, "count": 1, "pos": [27]}, "episod": {"prob": 0.0020161290322580645, "count": 1, "pos": [28]}, "of": {"prob": 0.012096774193548387, "count": 6, "pos": [29, 115, 131, 322, 371, 418]}, "poltergeist": {"prob": 0.0020161290322580645, "count": 1, "pos": [30]}, "activ": {"prob": 0.004032258064516129, "count": 2, "pos": [31, 495]}, "caus": {"prob": 0.006048387096774193, "count": 3, "pos": [32, 104, 176]}, "to": {"prob": 0.04435483870967742, "count": 22, "pos": [34, 39, 68, 80, 97, 106, 153, 156, 184, 191, 205, 219, 243, 276, 299, 304, 330, 354, 357, 376, 383, 428]}, "flee": {"prob": 0.0020161290322580645, "count": 1, "pos": [35]}, "with": {"prob": 0.010080645161290322, "count": 5, "pos": [36, 74, 459, 467, 476]}, "children": {"prob": 0.0020161290322580645, "count": 1, "pos": [38]}, "friend\u00e2": {"prob": 0.0020161290322580645, "count": 1, "pos": [41]}, "evid": {"prob": 0.0020161290322580645, "count": 1, "pos": [43]}, "follow": {"prob": 0.004032258064516129, "count": 2, "pos": [44, 53]}, "entiti": {"prob": 0.008064516129032258, "count": 4, "pos": [47, 333, 360, 407]}, "near": {"prob": 0.0020161290322580645, "count": 1, "pos": [50]}, "kill": {"prob": 0.004032258064516129, "count": 2, "pos": [51, 377]}, "day": {"prob": 0.004032258064516129, "count": 2, "pos": [54, 433]}, "when": {"prob": 0.0020161290322580645, "count": 1, "pos": [55]}, "car": {"prob": 0.004032258064516129, "count": 2, "pos": [57, 458]}, "mysteri": {"prob": 0.0020161290322580645, "count": 1, "pos": [58]}, "lose": {"prob": 0.0020161290322580645, "count": 1, "pos": [59]}, "control": {"prob": 0.004032258064516129, "count": 2, "pos": [60, 370]}, "traffic": {"prob": 0.0020161290322580645, "count": 1, "pos": [62]}, "urg": {"prob": 0.004032258064516129, "count": 2, "pos": [63, 151]}, "friend": {"prob": 0.004032258064516129, "count": 2, "pos": [66, 166]}, "cindi": {"prob": 0.004032258064516129, "count": 2, "pos": [67, 167]}, "see": {"prob": 0.004032258064516129, "count": 2, "pos": [69, 405]}, "psychiatrist": {"prob": 0.0020161290322580645, "count": 1, "pos": [71]}, "meet": {"prob": 0.004032258064516129, "count": 2, "pos": [73, 185]}, "dr": {"prob": 0.012096774193548387, "count": 6, "pos": [75, 98, 135, 212, 348, 392]}, "sneiderman": {"prob": 0.012096774193548387, "count": 6, "pos": [76, 99, 136, 213, 349, 393]}, "and": {"prob": 0.034274193548387094, "count": 17, "pos": [77, 89, 120, 127, 203, 215, 249, 267, 351, 367, 396, 424, 440, 454, 462, 479, 488]}, "tent": {"prob": 0.0020161290322580645, "count": 1, "pos": [78]}, "agr": {"prob": 0.006048387096774193, "count": 3, "pos": [79, 204, 303]}, "undergo": {"prob": 0.0020161290322580645, "count": 1, "pos": [81]}, "therapi": {"prob": 0.0020161290322580645, "count": 1, "pos": [82]}, "occur": {"prob": 0.0020161290322580645, "count": 1, "pos": [85]}, "that": {"prob": 0.016129032258064516, "count": 8, "pos": [86, 110, 222, 234, 269, 386, 470, 480]}, "leav": {"prob": 0.006048387096774193, "count": 3, "pos": [87, 358, 463]}, "brui": {"prob": 0.0020161290322580645, "count": 1, "pos": [88]}, "other": {"prob": 0.0020161290322580645, "count": 1, "pos": [90]}, "injuri": {"prob": 0.0020161290322580645, "count": 1, "pos": [91]}, "on": {"prob": 0.0020161290322580645, "count": 1, "pos": [92]}, "which": {"prob": 0.004032258064516129, "count": 2, "pos": [94, 256]}, "she": {"prob": 0.016129032258064516, "count": 8, "pos": [95, 102, 162, 189, 230, 250, 446, 491]}, "show": {"prob": 0.0020161290322580645, "count": 1, "pos": [96]}, "who": {"prob": 0.006048387096774193, "count": 3, "pos": [100, 188, 379]}, "believ": {"prob": 0.006048387096774193, "count": 3, "pos": [101, 137, 268]}, "ha": {"prob": 0.0020161290322580645, "count": 1, "pos": [103]}, "them": {"prob": 0.0020161290322580645, "count": 1, "pos": [105]}, "herself": {"prob": 0.004032258064516129, "count": 2, "pos": [107, 155]}, "we": {"prob": 0.0020161290322580645, "count": 1, "pos": [108]}, "learn": {"prob": 0.0020161290322580645, "count": 1, "pos": [109]}, "suffer": {"prob": 0.004032258064516129, "count": 2, "pos": [112, 251]}, "varieti": {"prob": 0.0020161290322580645, "count": 1, "pos": [114]}, "trauma": {"prob": 0.004032258064516129, "count": 2, "pos": [116, 149]}, "childhood": {"prob": 0.0020161290322580645, "count": 1, "pos": [119]}, "adolesc": {"prob": 0.0020161290322580645, "count": 1, "pos": [121]}, "includ": {"prob": 0.0020161290322580645, "count": 1, "pos": [122]}, "sexual": {"prob": 0.0020161290322580645, "count": 1, "pos": [123]}, "abus": {"prob": 0.0020161290322580645, "count": 1, "pos": [124]}, "teenag": {"prob": 0.0020161290322580645, "count": 1, "pos": [125]}, "pregnanc": {"prob": 0.0020161290322580645, "count": 1, "pos": [126]}, "death": {"prob": 0.0020161290322580645, "count": 1, "pos": [130]}, "first": {"prob": 0.0020161290322580645, "count": 1, "pos": [133]}, "husband": {"prob": 0.0020161290322580645, "count": 1, "pos": [134]}, "appar": {"prob": 0.0020161290322580645, "count": 1, "pos": [139]}, "paranorm": {"prob": 0.006048387096774193, "count": 3, "pos": [140, 201, 494]}, "experi": {"prob": 0.006048387096774193, "count": 3, "pos": [141, 345, 493]}, "are": {"prob": 0.0020161290322580645, "count": 1, "pos": [142]}, "delus": {"prob": 0.0020161290322580645, "count": 1, "pos": [143]}, "result": {"prob": 0.0020161290322580645, "count": 1, "pos": [144]}, "from": {"prob": 0.0020161290322580645, "count": 1, "pos": [145]}, "past": {"prob": 0.0020161290322580645, "count": 1, "pos": [147]}, "psycholog": {"prob": 0.0020161290322580645, "count": 1, "pos": [148]}, "he": {"prob": 0.008064516129032258, "count": 4, "pos": [150, 257, 289, 291]}, "commit": {"prob": 0.0020161290322580645, "count": 1, "pos": [154]}, "psychiatr": {"prob": 0.0020161290322580645, "count": 1, "pos": [158]}, "hospit": {"prob": 0.004032258064516129,