{"__total__": 527, "__name__": "doc_1537_The_Exorcist.txt", "at": {"prob": 0.009487666034155597, "count": 5, "pos": [0, 42, 171, 390, 472]}, "an": {"prob": 0.007590132827324478, "count": 4, "pos": [1, 238, 330, 333]}, "archaeolog": {"prob": 0.0018975332068311196, "count": 1, "pos": [2]}, "dig": {"prob": 0.0018975332068311196, "count": 1, "pos": [3]}, "in": {"prob": 0.017077798861480076, "count": 9, "pos": [4, 45, 78, 88, 240, 256, 284, 309, 311]}, "northern": {"prob": 0.0018975332068311196, "count": 1, "pos": [5]}, "iraq": {"prob": 0.0018975332068311196, "count": 1, "pos": [6]}, "archaeologist": {"prob": 0.0018975332068311196, "count": 1, "pos": [7]}, "father": {"prob": 0.007590132827324478, "count": 4, "pos": [8, 36, 61, 477]}, "lankest": {"prob": 0.0018975332068311196, "count": 1, "pos": [9]}, "merrin": {"prob": 0.009487666034155597, "count": 5, "pos": [10, 332, 368, 396, 414]}, "visit": {"prob": 0.003795066413662239, "count": 2, "pos": [11, 164]}, "a": {"prob": 0.03984819734345351, "count": 21, "pos": [12, 15, 22, 27, 39, 59, 72, 110, 118, 133, 141, 150, 159, 248, 251, 254, 285, 375, 384, 417, 475]}, "site": {"prob": 0.0018975332068311196, "count": 1, "pos": [13]}, "where": {"prob": 0.003795066413662239, "count": 2, "pos": [14, 303]}, "silver": {"prob": 0.003795066413662239, "count": 2, "pos": [16, 510]}, "roman": {"prob": 0.0018975332068311196, "count": 1, "pos": [17]}, "cathol": {"prob": 0.0018975332068311196, "count": 1, "pos": [18]}, "medallion": {"prob": 0.003795066413662239, "count": 2, "pos": [19, 511]}, "along": {"prob": 0.0018975332068311196, "count": 1, "pos": [20]}, "with": {"prob": 0.009487666034155597, "count": 5, "pos": [21, 55, 203, 227, 344]}, "small": {"prob": 0.0018975332068311196, "count": 1, "pos": [23]}, "stone": {"prob": 0.0018975332068311196, "count": 1, "pos": [24]}, "amulet": {"prob": 0.0018975332068311196, "count": 1, "pos": [25]}, "resembl": {"prob": 0.0018975332068311196, "count": 1, "pos": [26]}, "grimac": {"prob": 0.0018975332068311196, "count": 1, "pos": [28]}, "bestial": {"prob": 0.0018975332068311196, "count": 1, "pos": [29]}, "creatur": {"prob": 0.0018975332068311196, "count": 1, "pos": [30]}, "are": {"prob": 0.0056925996204933585, "count": 3, "pos": [31, 103, 234]}, "found": {"prob": 0.0056925996204933585, "count": 3, "pos": [32, 170, 194]}, "buri": {"prob": 0.0018975332068311196, "count": 1, "pos": [33]}, "togeth": {"prob": 0.0018975332068311196, "count": 1, "pos": [34]}, "meanwhil": {"prob": 0.0018975332068311196, "count": 1, "pos": [35]}, "damien": {"prob": 0.0018975332068311196, "count": 1, "pos": [37]}, "karra": {"prob": 0.024667931688804556, "count": 13, "pos": [38, 189, 244, 258, 269, 320, 345, 349, 373, 410, 435, 483, 509]}, "young": {"prob": 0.0018975332068311196, "count": 1, "pos": [40]}, "priest": {"prob": 0.009487666034155597, "count": 5, "pos": [41, 249, 363, 400, 455]}, "georgetown": {"prob": 0.007590132827324478, "count": 4, "pos": [43, 79, 339, 502]}, "univ": {"prob": 0.0018975332068311196, "count": 1, "pos": [44]}, "washington": {"prob": 0.0018975332068311196, "count": 1, "pos": [46]}, "dc": {"prob": 0.0018975332068311196, "count": 1, "pos": [47]}, "begin": {"prob": 0.003795066413662239, "count": 2, "pos": [48, 402]}, "to": {"prob": 0.03984819734345351, "count": 21, "pos": [49, 65, 105, 140, 207, 264, 273, 291, 322, 328, 338, 340, 351, 380, 412, 423, 426, 443, 488, 494, 512]}, "doubt": {"prob": 0.003795066413662239, "count": 2, "pos": [50, 319]}, "hi": {"prob": 0.011385199240986717, "count": 6, "pos": [51, 56, 198, 318, 387, 408]}, "faith": {"prob": 0.0018975332068311196, "count": 1, "pos": [52]}, "while": {"prob": 0.003795066413662239, "count": 2, "pos": [53, 70]}, "deal": {"prob": 0.0018975332068311196, "count": 1, "pos": [54]}, "mother": {"prob": 0.0018975332068311196, "count": 1, "pos": [57]}, "ill": {"prob": 0.0018975332068311196, "count": 1, "pos": [58]}, "friend": {"prob": 0.0018975332068311196, "count": 1, "pos": [60]}, "joe": {"prob": 0.0018975332068311196, "count": 1, "pos": [62]}, "dyer": {"prob": 0.0056925996204933585, "count": 3, "pos": [63, 478, 513]}, "tri": {"prob": 0.003795066413662239, "count": 2, "pos": [64, 350]}, "advi": {"prob": 0.003795066413662239, "count": 2, "pos": [66, 135]}, "and": {"prob": 0.03795066413662239, "count": 20, "pos": [67, 85, 156, 187, 205, 250, 296, 348, 360, 366, 372, 401, 437, 446, 459, 466, 490, 499, 503, 525]}, "consol": {"prob": 0.0018975332068311196, "count": 1, "pos": [68]}, "him": {"prob": 0.003795066413662239, "count": 2, "pos": [69, 448]}, "make": {"prob": 0.0018975332068311196, "count": 1, "pos": [71]}, "film": {"prob": 0.003795066413662239, "count": 2, "pos": [73, 160]}, "near": {"prob": 0.0018975332068311196, "count": 1, "pos": [74]}, "her": {"prob": 0.017077798861480076, "count": 9, "pos": [75, 92, 113, 223, 226, 272, 282, 439, 496]}, "temporari": {"prob": 0.0018975332068311196, "count": 1, "pos": [76]}, "resid": {"prob": 0.0018975332068311196, "count": 1, "pos": [77]}, "actress": {"prob": 0.0018975332068311196, "count": 1, "pos": [80]}, "chri": {"prob": 0.011385199240986717, "count": 6, "pos": [81, 98, 204, 218, 242, 498]}, "macneil": {"prob": 0.003795066413662239, "count": 2, "pos": [82, 166]}, "notic": {"prob": 0.0018975332068311196, "count": 1, "pos": [83]}, "dramat": {"prob": 0.0018975332068311196, "count": 1, "pos": [84]}, "danger": {"prob": 0.0018975332068311196, "count": 1, "pos": [86]}, "chang": {"prob": 0.003795066413662239, "count": 2, "pos": [87, 102]}, "the": {"prob": 0.04743833017077799, "count": 25, "pos": [89, 131, 165, 172, 178, 182, 267, 304, 312, 326, 342, 353, 357, 382, 391, 394, 398, 403, 441, 449, 454, 469, 473, 520, 523]}, "behavior": {"prob": 0.0018975332068311196, "count": 1, "pos": [90]}, "of": {"prob": 0.017077798861480076, "count": 9, "pos": [91, 120, 130, 174, 181, 314, 386, 393, 433]}, "12": {"prob": 0.0018975332068311196, "count": 1, "pos": [93]}, "year": {"prob": 0.0018975332068311196, "count": 1, "pos": [94]}, "old": {"prob": 0.0018975332068311196, "count": 1, "pos": [95]}, "daughter": {"prob": 0.003795066413662239, "count": 2, "pos": [96, 224]}, "regan": {"prob": 0.026565464895635674, "count": 14, "pos": [97, 101, 116, 137, 210, 260, 301, 315, 356, 430, 445, 463, 485, 500]}, "initi": {"prob": 0.003795066413662239, "count": 2, "pos": [99, 270]}, "believ": {"prob": 0.003795066413662239, "count": 2, "pos": [100, 271]}, "relat": {"prob": 0.0018975332068311196, "count": 1, "pos": [104]}, "puberti": {"prob": 0.0018975332068311196, "count": 1, "pos": [106]}, "howev": {"prob": 0.0018975332068311196, "count": 1, "pos": [107]}, "doctor": {"prob": 0.0056925996204933585, "count": 3, "pos": [108, 134, 236]}, "suspect": {"prob": 0.0018975332068311196, "count": 1, "pos": [109]}, "lesion": {"prob": 0.0018975332068311196, "count": 1, "pos": [111]}, "on": {"prob": 0.003795066413662239, "count": 2, "pos": [112, 407]}, "tempor": {"prob": 0.0018975332068311196, "count": 1, "pos": [114]}, "lobe": {"prob": 0.0018975332068311196, "count": 1, "pos": [115]}, "endur": {"prob": 0.0018975332068311196, "count": 1, "pos": [117]}, "seri": {"prob": 0.0018975332068311196, "count": 1, "pos": [119]}, "unplea": {"prob": 0.0018975332068311196, "count": 1, "pos": [121]}, "medic": {"prob": 0.003795066413662239, "count": 2, "pos": [122, 232]}, "test": {"prob": 0.0018975332068311196, "count": 1, "pos": [123]}, "when": {"prob": 0.0056925996204933585, "count": 3, "pos": [124, 209, 230]}, "x": {"prob": 0.0018975332068311196, "count": 1, "pos": [125]}, "ray": {"prob": 0.0018975332068311196, "count": 1, "pos": [126]}, "show": {"prob": 0.0018975332068311196, "count": 1, "pos": [127]}, "noth": {"prob": 0.0018975332068311196, "count": 1, "pos": [128]}, "out": {"prob": 0.003795066413662239, "count": 2, "pos": [129, 290]}, "ordinari": {"prob": 0.0018975332068311196, "count": 1, "pos": [132]}, "that": {"prob": 0.007590132827324478, "count": 4, "pos": [136, 176, 190, 370]}, "be": {"prob": 0.0056925996204933585, "count": 3, "pos": [138, 274, 292]},