{"__total__": 220, "__name__": "doc_1539_The_Face_Behind_the_Mask_1941.txt", "the": {"prob": 0.06818181818181818, "count": 15, "pos": [0, 3, 47, 68, 104, 130, 159, 162, 165, 171, 178, 184, 189, 205, 218]}, "film": {"prob": 0.00909090909090909, "count": 2, "pos": [1, 206]}, "is": {"prob": 0.01818181818181818, "count": 4, "pos": [2, 21, 53, 167]}, "stori": {"prob": 0.004545454545454545, "count": 1, "pos": [4]}, "of": {"prob": 0.03636363636363636, "count": 8, "pos": [5, 70, 73, 87, 114, 161, 170, 212]}, "a": {"prob": 0.031818181818181815, "count": 7, "pos": [6, 24, 45, 71, 83, 98, 201]}, "hope": {"prob": 0.004545454545454545, "count": 1, "pos": [7]}, "new": {"prob": 0.00909090909090909, "count": 2, "pos": [8, 18]}, "immigr": {"prob": 0.004545454545454545, "count": 1, "pos": [9]}, "jano": {"prob": 0.01818181818181818, "count": 4, "pos": [10, 91, 155, 208]}, "szabi": {"prob": 0.004545454545454545, "count": 1, "pos": [11]}, "who": {"prob": 0.00909090909090909, "count": 2, "pos": [12, 101]}, "on": {"prob": 0.01818181818181818, "count": 4, "pos": [13, 48, 103, 142]}, "hi": {"prob": 0.04090909090909091, "count": 9, "pos": [14, 29, 37, 59, 88, 112, 119, 143, 213]}, "first": {"prob": 0.004545454545454545, "count": 1, "pos": [15]}, "day": {"prob": 0.004545454545454545, "count": 1, "pos": [16]}, "in": {"prob": 0.02727272727272727, "count": 6, "pos": [17, 23, 94, 106, 153, 177]}, "york": {"prob": 0.004545454545454545, "count": 1, "pos": [19]}, "citi": {"prob": 0.00909090909090909, "count": 2, "pos": [20, 172]}, "trap": {"prob": 0.004545454545454545, "count": 1, "pos": [22]}, "hotel": {"prob": 0.004545454545454545, "count": 1, "pos": [25]}, "fire": {"prob": 0.004545454545454545, "count": 1, "pos": [26]}, "that": {"prob": 0.022727272727272728, "count": 5, "pos": [27, 124, 145, 149, 211]}, "leav": {"prob": 0.00909090909090909, "count": 2, "pos": [28, 111]}, "face": {"prob": 0.00909090909090909, "count": 2, "pos": [30, 90]}, "hideous": {"prob": 0.004545454545454545, "count": 1, "pos": [31]}, "scar": {"prob": 0.004545454545454545, "count": 1, "pos": [32]}, "refus": {"prob": 0.004545454545454545, "count": 1, "pos": [33]}, "employ": {"prob": 0.004545454545454545, "count": 1, "pos": [34]}, "due": {"prob": 0.004545454545454545, "count": 1, "pos": [35]}, "to": {"prob": 0.04090909090909091, "count": 9, "pos": [36, 56, 62, 79, 110, 122, 129, 134, 200]}, "appear": {"prob": 0.004545454545454545, "count": 1, "pos": [38]}, "although": {"prob": 0.004545454545454545, "count": 1, "pos": [39]}, "he": {"prob": 0.02727272727272727, "count": 6, "pos": [40, 50, 66, 125, 146, 175]}, "possess": {"prob": 0.004545454545454545, "count": 1, "pos": [41]}, "tremend": {"prob": 0.004545454545454545, "count": 1, "pos": [42]}, "skill": {"prob": 0.00909090909090909, "count": 2, "pos": [43, 60]}, "as": {"prob": 0.00909090909090909, "count": 2, "pos": [44, 158]}, "watchmak": {"prob": 0.004545454545454545, "count": 1, "pos": [46]}, "way": {"prob": 0.004545454545454545, "count": 1, "pos": [49]}, "can": {"prob": 0.004545454545454545, "count": 1, "pos": [51]}, "surviv": {"prob": 0.00909090909090909, "count": 2, "pos": [52, 147]}, "by": {"prob": 0.013636363636363636, "count": 3, "pos": [54, 137, 217]}, "turn": {"prob": 0.004545454545454545, "count": 1, "pos": [55]}, "theft": {"prob": 0.004545454545454545, "count": 1, "pos": [57]}, "use": {"prob": 0.004545454545454545, "count": 1, "pos": [58]}, "hand": {"prob": 0.004545454545454545, "count": 1, "pos": [61]}, "disabl": {"prob": 0.004545454545454545, "count": 1, "pos": [63]}, "alarm": {"prob": 0.004545454545454545, "count": 1, "pos": [64]}, "eventu": {"prob": 0.004545454545454545, "count": 1, "pos": [65]}, "becom": {"prob": 0.004545454545454545, "count": 1, "pos": [67]}, "leader": {"prob": 0.004545454545454545, "count": 1, "pos": [69]}, "gang": {"prob": 0.01818181818181818, "count": 4, "pos": [72, 120, 166, 190]}, "thiev": {"prob": 0.004545454545454545, "count": 1, "pos": [74]}, "and": {"prob": 0.031818181818181815, "count": 7, "pos": [75, 81, 108, 132, 181, 191, 210]}, "rai": {"prob": 0.004545454545454545, "count": 1, "pos": [76]}, "enough": {"prob": 0.004545454545454545, "count": 1, "pos": [77]}, "money": {"prob": 0.004545454545454545, "count": 1, "pos": [78]}, "commiss": {"prob": 0.004545454545454545, "count": 1, "pos": [80]}, "wear": {"prob": 0.004545454545454545, "count": 1, "pos": [82]}, "realist": {"prob": 0.004545454545454545, "count": 1, "pos": [84]}, "latex": {"prob": 0.004545454545454545, "count": 1, "pos": [85]}, "mask": {"prob": 0.004545454545454545, "count": 1, "pos": [86]}, "own": {"prob": 0.004545454545454545, "count": 1, "pos": [89]}, "then": {"prob": 0.004545454545454545, "count": 1, "pos": [92]}, "fall": {"prob": 0.004545454545454545, "count": 1, "pos": [93]}, "love": {"prob": 0.004545454545454545, "count": 1, "pos": [95]}, "with": {"prob": 0.00909090909090909, "count": 2, "pos": [96, 173]}, "helen": {"prob": 0.00909090909090909, "count": 2, "pos": [97, 150]}, "blind": {"prob": 0.004545454545454545, "count": 1, "pos": [99]}, "woman": {"prob": 0.004545454545454545, "count": 1, "pos": [100]}, "see": {"prob": 0.004545454545454545, "count": 1, "pos": [102]}, "good": {"prob": 0.004545454545454545, "count": 1, "pos": [105]}, "him": {"prob": 0.013636363636363636, "count": 3, "pos": [107, 117, 136]}, "attempt": {"prob": 0.013636363636363636, "count": 3, "pos": [109, 133, 141]}, "life": {"prob": 0.00909090909090909, "count": 2, "pos": [113, 144]}, "crime": {"prob": 0.004545454545454545, "count": 1, "pos": [115]}, "behind": {"prob": 0.004545454545454545, "count": 1, "pos": [116]}, "unfortun": {"prob": 0.004545454545454545, "count": 1, "pos": [118]}, "come": {"prob": 0.004545454545454545, "count": 1, "pos": [121]}, "believ": {"prob": 0.004545454545454545, "count": 1, "pos": [123]}, "ha": {"prob": 0.004545454545454545, "count": 1, "pos": [126]}, "betray": {"prob": 0.004545454545454545, "count": 1, "pos": [127]}, "them": {"prob": 0.00909090909090909, "count": 2, "pos": [128, 198]}, "polic": {"prob": 0.00909090909090909, "count": 2, "pos": [131, 219]}, "kill": {"prob": 0.004545454545454545, "count": 1, "pos": [135]}, "car": {"prob": 0.004545454545454545, "count": 1, "pos": [138]}, "bomb": {"prob": 0.004545454545454545, "count": 1, "pos": [139]}, "an": {"prob": 0.004545454545454545, "count": 1, "pos": [140]}, "but": {"prob": 0.004545454545454545, "count": 1, "pos": [148]}, "doe": {"prob": 0.004545454545454545, "count": 1, "pos": [151]}, "not": {"prob": 0.004545454545454545, "count": 1, "pos": [152]}, "retali": {"prob": 0.004545454545454545, "count": 1, "pos": [154]}, "disgui": {"prob": 0.004545454545454545, "count": 1, "pos": [156]}, "himself": {"prob": 0.00909090909090909, "count": 2, "pos": [157, 192]}, "pilot": {"prob": 0.004545454545454545, "count": 1, "pos": [160]}, "privat": {"prob": 0.004545454545454545, "count": 1, "pos": [163]}, "plane": {"prob": 0.004545454545454545, "count": 1, "pos": [164]}, "fli": {"prob": 0.004545454545454545, "count": 1, "pos": [168]}, "out": {"prob": 0.00909090909090909, "count": 2, "pos": [169, 183]}, "which": {"prob": 0.004545454545454545, "count": 1, "pos": [174]}, "land": {"prob": 0.004545454545454545, "count": 1, "pos": [176]}, "arizona": {"prob": 0.004545454545454545, "count": 1, "pos": [179]}, "desert": {"prob": 0.004545454545454545, "count": 1, "pos": [180]}, "let": {"prob": 0.004545454545454545, "count": 1, "pos": [182]}, "fuel": {"prob": 0.004545454545454545, "count": 1, "pos": [185]}, "suicid": {"prob": 0.004545454545454545, "count": 1, "pos": [186]}, "strand": {"prob": 0.004545454545454545, "count": 1, "pos": [187]}, "both": {"prob": 0.004545454545454545, "count": 1, "pos": [188]}, "without": {"prob": 0.004545454545454545, "count": 1, "pos": [193]}, "food": {"prob": 0.004545454545454545, "count": 1, "pos": [194]}, "or": {"prob": 0.004545454545454545, "count": 1, "pos": [195]}, "water": {"prob": 0.004545454545454545, "count": 1, "pos": [196]}, "doom": {"prob": 0.004545454545454545, "count": 1, "pos": [197]},