{"__total__": 648, "__name__": "doc_1543_The_Fifth_Element.txt", "in": {"prob": 0.021604938271604937, "count": 14, "pos": [0, 57, 91, 120, 129, 131, 261, 271, 359, 441, 562, 587, 606, 612]}, "1914": {"prob": 0.0015432098765432098, "count": 1, "pos": [1]}, "at": {"prob": 0.0030864197530864196, "count": 2, "pos": [2, 14]}, "the": {"prob": 0.11265432098765432, "count": 73, "pos": [3, 23, 38, 45, 58, 65, 68, 76, 89, 95, 108, 121, 125, 132, 146, 150, 159, 162, 166, 173, 182, 186, 196, 207, 213, 216, 222, 229, 232, 262, 272, 288, 301, 306, 317, 324, 329, 353, 361, 364, 367, 372, 386, 392, 394, 399, 405, 410, 413, 418, 425, 430, 438, 451, 463, 474, 478, 489, 506, 511, 515, 519, 523, 526, 540, 550, 566, 569, 573, 577, 596, 619, 629]}, "outbreak": {"prob": 0.0015432098765432098, "count": 1, "pos": [4]}, "of": {"prob": 0.029320987654320986, "count": 19, "pos": [5, 27, 41, 60, 67, 134, 138, 149, 158, 161, 188, 212, 231, 247, 265, 363, 542, 568, 628]}, "world": {"prob": 0.0015432098765432098, "count": 1, "pos": [6]}, "war": {"prob": 0.0030864197530864196, "count": 2, "pos": [7, 543]}, "i": {"prob": 0.0015432098765432098, "count": 1, "pos": [8]}, "extraterrestri": {"prob": 0.0015432098765432098, "count": 1, "pos": [9]}, "known": {"prob": 0.0030864197530864196, "count": 2, "pos": [10, 243]}, "as": {"prob": 0.010802469135802469, "count": 7, "pos": [11, 172, 244, 345, 518, 583, 639]}, "mondoshawan": {"prob": 0.009259259259259259, "count": 6, "pos": [12, 77, 151, 174, 217, 325]}, "arriv": {"prob": 0.0030864197530864196, "count": 2, "pos": [13, 621]}, "an": {"prob": 0.007716049382716049, "count": 5, "pos": [15, 99, 143, 189, 297]}, "ancient": {"prob": 0.0015432098765432098, "count": 1, "pos": [16]}, "egyptian": {"prob": 0.0030864197530864196, "count": 2, "pos": [17, 516]}, "templ": {"prob": 0.004629629629629629, "count": 3, "pos": [18, 387, 517]}, "to": {"prob": 0.043209876543209874, "count": 28, "pos": [19, 93, 103, 107, 113, 117, 176, 210, 238, 259, 278, 294, 304, 315, 342, 351, 371, 384, 423, 454, 465, 471, 514, 538, 548, 580, 616, 624]}, "collect": {"prob": 0.0015432098765432098, "count": 1, "pos": [20]}, "for": {"prob": 0.007716049382716049, "count": 5, "pos": [21, 319, 429, 473, 557]}, "safekeep": {"prob": 0.0015432098765432098, "count": 1, "pos": [22]}, "on": {"prob": 0.007716049382716049, "count": 5, "pos": [24, 116, 223, 355, 458]}, "weapon": {"prob": 0.004629629629629629, "count": 3, "pos": [25, 39, 167]}, "capabl": {"prob": 0.0015432098765432098, "count": 1, "pos": [26]}, "defeat": {"prob": 0.0015432098765432098, "count": 1, "pos": [28]}, "a": {"prob": 0.027777777777777776, "count": 18, "pos": [29, 50, 54, 61, 73, 82, 105, 135, 240, 257, 268, 346, 356, 434, 446, 481, 584, 613]}, "great": {"prob": 0.012345679012345678, "count": 8, "pos": [30, 96, 126, 163, 208, 520, 578, 597]}, "evil": {"prob": 0.012345679012345678, "count": 8, "pos": [31, 97, 127, 164, 209, 521, 579, 598]}, "that": {"prob": 0.013888888888888888, "count": 9, "pos": [32, 52, 84, 168, 287, 326, 449, 595, 633]}, "appear": {"prob": 0.0030864197530864196, "count": 2, "pos": [33, 128]}, "everi": {"prob": 0.0015432098765432098, "count": 1, "pos": [34]}, "five": {"prob": 0.0030864197530864196, "count": 2, "pos": [35, 636]}, "thousand": {"prob": 0.0015432098765432098, "count": 1, "pos": [36]}, "year": {"prob": 0.0015432098765432098, "count": 1, "pos": [37]}, "consist": {"prob": 0.0015432098765432098, "count": 1, "pos": [40]}, "four": {"prob": 0.007716049382716049, "count": 5, "pos": [42, 46, 70, 289, 512]}, "stone": {"prob": 0.010802469135802469, "count": 7, "pos": [43, 215, 291, 307, 330, 527, 570]}, "repr": {"prob": 0.0015432098765432098, "count": 1, "pos": [44]}, "classic": {"prob": 0.0015432098765432098, "count": 1, "pos": [47]}, "element": {"prob": 0.020061728395061727, "count": 13, "pos": [48, 56, 71, 90, 214, 234, 290, 318, 411, 431, 439, 475, 507]}, "and": {"prob": 0.033950617283950615, "count": 22, "pos": [49, 110, 141, 165, 221, 254, 280, 339, 369, 388, 402, 443, 491, 498, 544, 546, 559, 571, 602, 609, 622, 641]}, "sarcophagu": {"prob": 0.0015432098765432098, "count": 1, "pos": [51]}, "contain": {"prob": 0.0015432098765432098, "count": 1, "pos": [53]}, "fifth": {"prob": 0.0030864197530864196, "count": 2, "pos": [55, 233]}, "form": {"prob": 0.0030864197530864196, "count": 2, "pos": [59, 133]}, "human": {"prob": 0.004629629629629629, "count": 3, "pos": [62, 80, 534]}, "which": {"prob": 0.0030864197530864196, "count": 2, "pos": [63, 235]}, "combin": {"prob": 0.0030864197530864196, "count": 2, "pos": [64, 565]}, "power": {"prob": 0.0030864197530864196, "count": 2, "pos": [66, 567]}, "other": {"prob": 0.0015432098765432098, "count": 1, "pos": [69]}, "into": {"prob": 0.0015432098765432098, "count": 1, "pos": [72]}, "divin": {"prob": 0.004629629629629629, "count": 3, "pos": [74, 551, 574]}, "light": {"prob": 0.004629629629629629, "count": 3, "pos": [75, 552, 575]}, "promi": {"prob": 0.0015432098765432098, "count": 1, "pos": [78]}, "their": {"prob": 0.006172839506172839, "count": 4, "pos": [79, 312, 421, 646]}, "contact": {"prob": 0.0015432098765432098, "count": 1, "pos": [81]}, "priest": {"prob": 0.004629629629629629, "count": 3, "pos": [83, 109, 148]}, "they": {"prob": 0.006172839506172839, "count": 4, "pos": [85, 178, 236, 634]}, "will": {"prob": 0.0015432098765432098, "count": 1, "pos": [86]}, "return": {"prob": 0.006172839506172839, "count": 4, "pos": [87, 175, 470, 513]}, "with": {"prob": 0.006172839506172839, "count": 4, "pos": [88, 378, 505, 533]}, "time": {"prob": 0.0030864197530864196, "count": 2, "pos": [92, 447]}, "stop": {"prob": 0.0030864197530864196, "count": 2, "pos": [94, 170]}, "but": {"prob": 0.009259259259259259, "count": 6, "pos": [98, 311, 407, 461, 480, 528]}, "accid": {"prob": 0.0015432098765432098, "count": 1, "pos": [100]}, "forc": {"prob": 0.0030864197530864196, "count": 2, "pos": [101, 274]}, "them": {"prob": 0.004629629629629629, "count": 3, "pos": [102, 310, 626]}, "give": {"prob": 0.0015432098765432098, "count": 1, "pos": [104]}, "key": {"prob": 0.0030864197530864196, "count": 2, "pos": [106, 152]}, "instruct": {"prob": 0.0030864197530864196, "count": 2, "pos": [111, 382]}, "him": {"prob": 0.006172839506172839, "count": 4, "pos": [112, 341, 379, 632]}, "pass": {"prob": 0.0015432098765432098, "count": 1, "pos": [114]}, "it": {"prob": 0.004629629629629629, "count": 3, "pos": [115, 171, 442]}, "futur": {"prob": 0.0015432098765432098, "count": 1, "pos": [118]}, "gener": {"prob": 0.0030864197530864196, "count": 2, "pos": [119, 331]}, "mid": {"prob": 0.0015432098765432098, "count": 1, "pos": [122]}, "23rd": {"prob": 0.0015432098765432098, "count": 1, "pos": [123]}, "centuri": {"prob": 0.0015432098765432098, "count": 1, "pos": [124]}, "space": {"prob": 0.004629629629629629, "count": 3, "pos": [130, 360, 373]}, "giant": {"prob": 0.0015432098765432098, "count": 1, "pos": [136]}, "ball": {"prob": 0.0015432098765432098, "count": 1, "pos": [137]}, "black": {"prob": 0.0015432098765432098, "count": 1, "pos": [139]}, "fire": {"prob": 0.0015432098765432098, "count": 1, "pos": [140]}, "destroy": {"prob": 0.004629629629629629, "count": 3, "pos": [142, 220, 488]}, "earth": {"prob": 0.007716049382716049, "count": 5, "pos": [144, 177, 225, 588, 590]}, "battleship": {"prob": 0.0015432098765432098, "count": 1, "pos": [145]}, "current": {"prob": 0.0015432098765432098, "count": 1, "pos": [147]}, "vito": {"prob": 0.0015432098765432098, "count": 1, "pos": [153]}, "corneliu": {"prob": 0.007716049382716049, "count": 5, "pos": [154, 279, 285, 381, 496]}, "inform": {"prob": 0.0030864197530864196, "count": 2, "pos": [155, 631]}, "presid": {"prob": 0.004629629629629629, "count": 3, "pos": [156, 593, 620]}, "lindberg": {"prob": 0.0030864197530864196, "count": 2, "pos": [157, 594]}, "histori": {"prob": 0.0015432098765432098, "count": 1, "pos": [160]}, "can": {"prob": 0.0015432098765432098, "count": 1, "pos": [169]}, "are": {"prob": 0.004629629629629629, "count": 3, "pos": [179, 440, 604]},