{"__total__": 540, "__name__": "doc_1549_The_Flight_of_Dragons.txt", "multipl": {"prob": 0.001851851851851852, "count": 1, "pos": [0]}, "imag": {"prob": 0.001851851851851852, "count": 1, "pos": [1]}, "the": {"prob": 0.06481481481481481, "count": 35, "pos": [2, 21, 25, 30, 47, 74, 77, 82, 91, 95, 105, 111, 126, 186, 193, 206, 230, 259, 268, 272, 274, 322, 346, 352, 361, 374, 378, 417, 460, 484, 487, 494, 508, 520, 537]}, "green": {"prob": 0.001851851851851852, "count": 1, "pos": [3]}, "wizard": {"prob": 0.012962962962962963, "count": 7, "pos": [4, 23, 27, 32, 97, 187, 376]}, "carolinu": {"prob": 0.012962962962962963, "count": 7, "pos": [5, 121, 167, 201, 217, 312, 425]}, "discov": {"prob": 0.001851851851851852, "count": 1, "pos": [6]}, "magic": {"prob": 0.02962962962962963, "count": 16, "pos": [7, 16, 49, 65, 68, 112, 143, 148, 155, 242, 277, 291, 324, 407, 481, 498]}, "fail": {"prob": 0.001851851851851852, "count": 1, "pos": [8]}, "as": {"prob": 0.001851851851851852, "count": 1, "pos": [9]}, "human": {"prob": 0.001851851851851852, "count": 1, "pos": [10]}, "embrac": {"prob": 0.003703703703703704, "count": 2, "pos": [11, 539]}, "scienc": {"prob": 0.007407407407407408, "count": 4, "pos": [12, 279, 300, 476]}, "and": {"prob": 0.03148148148148148, "count": 17, "pos": [13, 28, 40, 52, 101, 149, 188, 267, 278, 301, 320, 338, 444, 470, 493, 510, 536]}, "summon": {"prob": 0.003703703703703704, "count": 2, "pos": [14, 168]}, "hi": {"prob": 0.009259259259259259, "count": 5, "pos": [15, 108, 210, 366, 504]}, "brother": {"prob": 0.003703703703703704, "count": 2, "pos": [17, 113]}, "lo": {"prob": 0.005555555555555556, "count": 3, "pos": [18, 150, 427]}, "tae": {"prob": 0.005555555555555556, "count": 3, "pos": [19, 151, 428]}, "zhao": {"prob": 0.005555555555555556, "count": 3, "pos": [20, 152, 429]}, "golden": {"prob": 0.001851851851851852, "count": 1, "pos": [22]}, "solariu": {"prob": 0.005555555555555556, "count": 3, "pos": [24, 140, 515]}, "blue": {"prob": 0.001851851851851852, "count": 1, "pos": [26]}, "ommadon": {"prob": 0.016666666666666666, "count": 9, "pos": [29, 84, 103, 204, 331, 410, 457, 478, 534]}, "red": {"prob": 0.003703703703703704, "count": 2, "pos": [31, 375]}, "accompani": {"prob": 0.001851851851851852, "count": 1, "pos": [33]}, "by": {"prob": 0.016666666666666666, "count": 9, "pos": [34, 59, 246, 258, 393, 426, 449, 514, 528]}, "their": {"prob": 0.003703703703703704, "count": 2, "pos": [35, 253]}, "dragon": {"prob": 0.014814814814814815, "count": 8, "pos": [36, 122, 160, 211, 239, 249, 289, 415]}, "shen": {"prob": 0.001851851851851852, "count": 1, "pos": [37]}, "tsu": {"prob": 0.001851851851851852, "count": 1, "pos": [38]}, "lunarian": {"prob": 0.001851851851851852, "count": 1, "pos": [39]}, "bryagh": {"prob": 0.005555555555555556, "count": 3, "pos": [41, 212, 437]}, "to": {"prob": 0.03888888888888889, "count": 21, "pos": [42, 56, 87, 99, 132, 136, 145, 161, 213, 221, 286, 308, 344, 398, 424, 434, 440, 467, 491, 503, 519]}, "whom": {"prob": 0.003703703703703704, "count": 2, "pos": [43, 171]}, "he": {"prob": 0.009259259259259259, "count": 5, "pos": [44, 172, 180, 517, 524]}, "explain": {"prob": 0.005555555555555556, "count": 3, "pos": [45, 177, 295]}, "that": {"prob": 0.007407407407407408, "count": 4, "pos": [46, 157, 386, 482]}, "world": {"prob": 0.005555555555555556, "count": 3, "pos": [48, 78, 92]}, "is": {"prob": 0.011111111111111112, "count": 6, "pos": [50, 244, 357, 447, 472, 525]}, "die": {"prob": 0.005555555555555556, "count": 3, "pos": [51, 364, 454]}, "outlin": {"prob": 0.001851851851851852, "count": 1, "pos": [53]}, "a": {"prob": 0.03333333333333333, "count": 18, "pos": [54, 61, 134, 142, 154, 164, 175, 178, 219, 238, 262, 288, 318, 383, 388, 406, 421, 511]}, "plan": {"prob": 0.003703703703703704, "count": 2, "pos": [55, 208]}, "save": {"prob": 0.003703703703703704, "count": 2, "pos": [57, 222]}, "it": {"prob": 0.003703703703703704, "count": 2, "pos": [58, 471]}, "creat": {"prob": 0.003703703703703704, "count": 2, "pos": [60, 182]}, "last": {"prob": 0.003703703703703704, "count": 2, "pos": [62, 495]}, "realm": {"prob": 0.007407407407407408, "count": 4, "pos": [63, 332, 377, 496]}, "of": {"prob": 0.027777777777777776, "count": 15, "pos": [64, 76, 90, 107, 198, 232, 271, 276, 299, 305, 365, 414, 475, 480, 497]}, "wherein": {"prob": 0.001851851851851852, "count": 1, "pos": [66]}, "all": {"prob": 0.003703703703703704, "count": 2, "pos": [67, 433]}, "be": {"prob": 0.005555555555555556, "count": 3, "pos": [69, 237, 287]}, "can": {"prob": 0.001851851851851852, "count": 1, "pos": [70]}, "live": {"prob": 0.001851851851851852, "count": 1, "pos": [71]}, "hidden": {"prob": 0.001851851851851852, "count": 1, "pos": [72]}, "from": {"prob": 0.005555555555555556, "count": 3, "pos": [73, 325, 465]}, "rest": {"prob": 0.001851851851851852, "count": 1, "pos": [75]}, "rather": {"prob": 0.001851851851851852, "count": 1, "pos": [79]}, "than": {"prob": 0.001851851851851852, "count": 1, "pos": [80]}, "join": {"prob": 0.005555555555555556, "count": 3, "pos": [81, 257, 527]}, "other": {"prob": 0.009259259259259259, "count": 5, "pos": [83, 96, 118, 207, 488]}, "instead": {"prob": 0.001851851851851852, "count": 1, "pos": [85]}, "offer": {"prob": 0.001851851851851852, "count": 1, "pos": [86]}, "take": {"prob": 0.005555555555555556, "count": 3, "pos": [88, 499, 507]}, "control": {"prob": 0.001851851851851852, "count": 1, "pos": [89]}, "himself": {"prob": 0.005555555555555556, "count": 3, "pos": [93, 354, 464]}, "whereupon": {"prob": 0.005555555555555556, "count": 3, "pos": [94, 216, 486]}, "decid": {"prob": 0.001851851851851852, "count": 1, "pos": [98]}, "seiz": {"prob": 0.001851851851851852, "count": 1, "pos": [100]}, "destroy": {"prob": 0.003703703703703704, "count": 2, "pos": [102, 483]}, "crown": {"prob": 0.003703703703703704, "count": 2, "pos": [104, 535]}, "sourc": {"prob": 0.001851851851851852, "count": 1, "pos": [106]}, "power": {"prob": 0.001851851851851852, "count": 1, "pos": [109]}, "sinc": {"prob": 0.001851851851851852, "count": 1, "pos": [110]}, "cannot": {"prob": 0.001851851851851852, "count": 1, "pos": [114]}, "war": {"prob": 0.001851851851851852, "count": 1, "pos": [115]}, "on": {"prob": 0.003703703703703704, "count": 2, "pos": [116, 459]}, "each": {"prob": 0.003703703703703704, "count": 2, "pos": [117, 306]}, "they": {"prob": 0.003703703703703704, "count": 2, "pos": [119, 255]}, "volunt": {"prob": 0.001851851851851852, "count": 1, "pos": [120]}, "gorbash": {"prob": 0.007407407407407408, "count": 4, "pos": [123, 189, 233, 466]}, "along": {"prob": 0.001851851851851852, "count": 1, "pos": [124]}, "with": {"prob": 0.009259259259259259, "count": 5, "pos": [125, 139, 229, 297, 369]}, "knight": {"prob": 0.001851851851851852, "count": 1, "pos": [127]}, "sir": {"prob": 0.005555555555555556, "count": 3, "pos": [128, 336, 450]}, "orrin": {"prob": 0.005555555555555556, "count": 3, "pos": [129, 337, 451]}, "nevil": {"prob": 0.001851851851851852, "count": 1, "pos": [130]}, "smyth": {"prob": 0.001851851851851852, "count": 1, "pos": [131]}, "begin": {"prob": 0.001851851851851852, "count": 1, "pos": [133]}, "quest": {"prob": 0.001851851851851852, "count": 1, "pos": [135]}, "do": {"prob": 0.001851851851851852, "count": 1, "pos": [137]}, "so": {"prob": 0.001851851851851852, "count": 1, "pos": [138]}, "give": {"prob": 0.003703703703703704, "count": 2, "pos": [141, 153]}, "shield": {"prob": 0.005555555555555556, "count": 3, "pos": [144, 408, 512]}, "deflect": {"prob": 0.001851851851851852, "count": 1, "pos": [146]}, "dark": {"prob": 0.001851851851851852, "count": 1, "pos": [147]}, "flute": {"prob": 0.005555555555555556, "count": 3, "pos": [156, 422, 509]}, "will": {"prob": 0.001851851851851852, "count": 1, "pos": [158]}, "lure": {"prob": 0.001851851851851852, "count": 1, "pos": [159]}, "sleep": {"prob": 0.003703703703703704, "count": 2, "pos": [162, 435]}, "requir": {"prob": 0.001851851851851852, "count": 1, "pos": [163]}, "third": {"prob": 0.001851851851851852,