{"__total__": 471, "__name__": "doc_1551_The_Fly_1958.txt", "scientist": {"prob": 0.0021231422505307855, "count": 1, "pos": [0]}, "andr": {"prob": 0.027600849256900213, "count": 13, "pos": [1, 50, 73, 77, 87, 146, 164, 184, 233, 259, 278, 351, 390]}, "delambr": {"prob": 0.0021231422505307855, "count": 1, "pos": [2]}, "is": {"prob": 0.010615711252653927, "count": 5, "pos": [3, 40, 126, 273, 418]}, "found": {"prob": 0.0021231422505307855, "count": 1, "pos": [4]}, "dead": {"prob": 0.0021231422505307855, "count": 1, "pos": [5]}, "with": {"prob": 0.012738853503184714, "count": 6, "pos": [6, 42, 165, 180, 388, 431]}, "hi": {"prob": 0.021231422505307854, "count": 10, "pos": [7, 17, 170, 177, 223, 231, 270, 290, 322, 328]}, "head": {"prob": 0.016985138004246284, "count": 8, "pos": [8, 48, 60, 171, 213, 225, 323, 391]}, "and": {"prob": 0.044585987261146494, "count": 21, "pos": [9, 30, 54, 62, 79, 120, 172, 214, 219, 226, 258, 276, 292, 306, 324, 339, 374, 392, 397, 441, 465]}, "arm": {"prob": 0.010615711252653927, "count": 5, "pos": [10, 215, 227, 330, 393]}, "crush": {"prob": 0.006369426751592357, "count": 3, "pos": [11, 321, 327]}, "in": {"prob": 0.021231422505307854, "count": 10, "pos": [12, 37, 75, 198, 203, 251, 361, 364, 385, 460]}, "a": {"prob": 0.03821656050955414, "count": 18, "pos": [13, 28, 32, 45, 84, 92, 121, 135, 156, 166, 173, 194, 204, 217, 283, 362, 406, 432]}, "hydraul": {"prob": 0.004246284501061571, "count": 2, "pos": [14, 304]}, "press": {"prob": 0.006369426751592357, "count": 3, "pos": [15, 305, 317]}, "although": {"prob": 0.004246284501061571, "count": 2, "pos": [16, 246]}, "wife": {"prob": 0.0021231422505307855, "count": 1, "pos": [18]}, "helen": {"prob": 0.02335456475583864, "count": 11, "pos": [19, 68, 78, 143, 186, 235, 294, 309, 337, 454, 463]}, "confess": {"prob": 0.004246284501061571, "count": 2, "pos": [20, 335]}, "to": {"prob": 0.03184713375796178, "count": 15, "pos": [21, 26, 112, 162, 190, 236, 262, 295, 310, 320, 326, 347, 372, 420, 444]}, "the": {"prob": 0.07006369426751592, "count": 33, "pos": [22, 58, 66, 70, 97, 116, 152, 199, 212, 220, 238, 244, 265, 287, 296, 303, 312, 316, 331, 358, 365, 370, 378, 382, 386, 412, 416, 424, 426, 438, 447, 450, 461]}, "crime": {"prob": 0.0021231422505307855, "count": 1, "pos": [23]}, "she": {"prob": 0.010615711252653927, "count": 5, "pos": [24, 39, 247, 254, 314]}, "refus": {"prob": 0.0021231422505307855, "count": 1, "pos": [25]}, "provid": {"prob": 0.0021231422505307855, "count": 1, "pos": [27]}, "motiv": {"prob": 0.0021231422505307855, "count": 1, "pos": [29]}, "exhibit": {"prob": 0.0021231422505307855, "count": 1, "pos": [31]}, "number": {"prob": 0.0021231422505307855, "count": 1, "pos": [33]}, "of": {"prob": 0.016985138004246284, "count": 8, "pos": [34, 139, 158, 206, 216, 341, 449, 458]}, "strang": {"prob": 0.004246284501061571, "count": 2, "pos": [35, 174]}, "behavior": {"prob": 0.0021231422505307855, "count": 1, "pos": [36]}, "particular": {"prob": 0.0021231422505307855, "count": 1, "pos": [38]}, "obsess": {"prob": 0.0021231422505307855, "count": 1, "pos": [41]}, "fli": {"prob": 0.02335456475583864, "count": 11, "pos": [43, 49, 61, 195, 218, 221, 239, 266, 359, 383, 417]}, "includ": {"prob": 0.004246284501061571, "count": 2, "pos": [44, 115]}, "supposed": {"prob": 0.0021231422505307855, "count": 1, "pos": [46]}, "white": {"prob": 0.004246284501061571, "count": 2, "pos": [47, 59]}, "brother": {"prob": 0.0021231422505307855, "count": 1, "pos": [51]}, "francoi": {"prob": 0.010615711252653927, "count": 5, "pos": [52, 355, 368, 442, 464]}, "lie": {"prob": 0.004246284501061571, "count": 2, "pos": [53, 445]}, "say": {"prob": 0.0021231422505307855, "count": 1, "pos": [55]}, "he": {"prob": 0.027600849256900213, "count": 13, "pos": [56, 64, 100, 125, 133, 188, 210, 229, 241, 285, 301, 356, 440]}, "caught": {"prob": 0.004246284501061571, "count": 2, "pos": [57, 197]}, "think": {"prob": 0.006369426751592357, "count": 3, "pos": [63, 281, 434]}, "know": {"prob": 0.0021231422505307855, "count": 1, "pos": [65]}, "truth": {"prob": 0.004246284501061571, "count": 2, "pos": [67, 439]}, "explain": {"prob": 0.0021231422505307855, "count": 1, "pos": [69]}, "circumst": {"prob": 0.0021231422505307855, "count": 1, "pos": [71]}, "surround": {"prob": 0.0021231422505307855, "count": 1, "pos": [72]}, "death": {"prob": 0.0021231422505307855, "count": 1, "pos": [74]}, "flashback": {"prob": 0.0021231422505307855, "count": 1, "pos": [76]}, "their": {"prob": 0.006369426751592357, "count": 3, "pos": [80, 207, 468]}, "son": {"prob": 0.004246284501061571, "count": 2, "pos": [81, 352]}, "philipp": {"prob": 0.006369426751592357, "count": 3, "pos": [82, 353, 466]}, "are": {"prob": 0.006369426751592357, "count": 3, "pos": [83, 131, 345]}, "happi": {"prob": 0.0021231422505307855, "count": 1, "pos": [85]}, "famili": {"prob": 0.004246284501061571, "count": 2, "pos": [86, 117]}, "ha": {"prob": 0.008492569002123142, "count": 4, "pos": [88, 147, 211, 222]}, "been": {"prob": 0.0021231422505307855, "count": 1, "pos": [89]}, "work": {"prob": 0.0021231422505307855, "count": 1, "pos": [90]}, "on": {"prob": 0.012738853503184714, "count": 6, "pos": [91, 104, 105, 176, 183, 411]}, "matter": {"prob": 0.0021231422505307855, "count": 1, "pos": [93]}, "transport": {"prob": 0.004246284501061571, "count": 2, "pos": [94, 191]}, "devic": {"prob": 0.0021231422505307855, "count": 1, "pos": [95]}, "call": {"prob": 0.0021231422505307855, "count": 1, "pos": [96]}, "disintegr": {"prob": 0.0021231422505307855, "count": 1, "pos": [98]}, "integr": {"prob": 0.0021231422505307855, "count": 1, "pos": [99]}, "initi": {"prob": 0.0021231422505307855, "count": 1, "pos": [101]}, "test": {"prob": 0.004246284501061571, "count": 2, "pos": [102, 130]}, "it": {"prob": 0.006369426751592357, "count": 3, "pos": [103, 257, 399]}, "small": {"prob": 0.0021231422505307855, "count": 1, "pos": [106]}, "inanim": {"prob": 0.0021231422505307855, "count": 1, "pos": [107]}, "object": {"prob": 0.0021231422505307855, "count": 1, "pos": [108]}, "but": {"prob": 0.004246284501061571, "count": 2, "pos": [109, 193]}, "eventu": {"prob": 0.0021231422505307855, "count": 1, "pos": [110]}, "proce": {"prob": 0.0021231422505307855, "count": 1, "pos": [111]}, "live": {"prob": 0.004246284501061571, "count": 2, "pos": [113, 470]}, "creatur": {"prob": 0.004246284501061571, "count": 2, "pos": [114, 413]}, "pet": {"prob": 0.0021231422505307855, "count": 1, "pos": [118]}, "cat": {"prob": 0.0021231422505307855, "count": 1, "pos": [119]}, "guinea": {"prob": 0.0021231422505307855, "count": 1, "pos": [122]}, "pig": {"prob": 0.0021231422505307855, "count": 1, "pos": [123]}, "after": {"prob": 0.0021231422505307855, "count": 1, "pos": [124]}, "satisfi": {"prob": 0.0021231422505307855, "count": 1, "pos": [127]}, "that": {"prob": 0.006369426751592357, "count": 3, "pos": [128, 187, 453]}, "these": {"prob": 0.0021231422505307855, "count": 1, "pos": [129]}, "succeed": {"prob": 0.0021231422505307855, "count": 1, "pos": [132]}, "build": {"prob": 0.0021231422505307855, "count": 1, "pos": [134]}, "man": {"prob": 0.0021231422505307855, "count": 1, "pos": [136]}, "size": {"prob": 0.0021231422505307855, "count": 1, "pos": [137]}, "pair": {"prob": 0.0021231422505307855, "count": 1, "pos": [138]}, "chamber": {"prob": 0.004246284501061571, "count": 2, "pos": [140, 200]}, "one": {"prob": 0.0021231422505307855, "count": 1, "pos": [141]}, "day": {"prob": 0.004246284501061571, "count": 2, "pos": [142, 159]}, "worri": {"prob": 0.0021231422505307855, "count": 1, "pos": [144]}, "sinc": {"prob": 0.0021231422505307855, "count": 1, "pos": [145]}, "not": {"prob": 0.0021231422505307855, "count": 1, "pos": [148]}, "come": {"prob": 0.004246284501061571, "count": 2, "pos": [149, 373]}, "up": {"prob": 0.0021231422505307855, "count": 1, "pos": [150]}, "from": {"prob": 0.0021231422505307855, "count": 1, "pos": [151]}, "basement": {"prob": 0.0021231422505307855, "count": 1, "pos": [153]}, "lab": {"prob": 0.0021231422505307855,