{"__total__": 658, "__name__": "doc_1571_The_Good_Son.txt", "in": {"prob": 0.019756838905775075, "count": 13, "pos": [0, 43, 46, 78, 145, 169, 206, 217, 230, 292, 318, 363, 478]}, "arizona": {"prob": 0.00303951367781155, "count": 2, "pos": [1, 631]}, "12": {"prob": 0.001519756838905775, "count": 1, "pos": [2]}, "year": {"prob": 0.001519756838905775, "count": 1, "pos": [3]}, "old": {"prob": 0.001519756838905775, "count": 1, "pos": [4]}, "mark": {"prob": 0.030395136778115502, "count": 20, "pos": [5, 34, 48, 62, 83, 101, 111, 141, 151, 332, 341, 354, 362, 379, 464, 510, 585, 596, 621, 628]}, "evan": {"prob": 0.001519756838905775, "count": 1, "pos": [6]}, "is": {"prob": 0.0121580547112462, "count": 8, "pos": [7, 49, 112, 182, 514, 557, 613, 651]}, "taken": {"prob": 0.004559270516717325, "count": 3, "pos": [8, 157, 185]}, "to": {"prob": 0.05167173252279635, "count": 34, "pos": [9, 16, 29, 35, 52, 72, 105, 114, 120, 131, 139, 153, 186, 200, 224, 254, 268, 279, 312, 326, 331, 343, 350, 357, 371, 430, 457, 517, 559, 583, 591, 603, 630, 642]}, "the": {"prob": 0.03951367781155015, "count": 26, "pos": [10, 80, 143, 148, 162, 170, 173, 187, 207, 231, 233, 250, 310, 313, 319, 364, 381, 420, 479, 482, 486, 549, 574, 609, 617, 639]}, "hospit": {"prob": 0.00303951367781155, "count": 2, "pos": [11, 188]}, "by": {"prob": 0.004559270516717325, "count": 3, "pos": [12, 491, 548]}, "hi": {"prob": 0.019756838905775075, "count": 13, "pos": [13, 18, 38, 53, 57, 133, 167, 393, 468, 507, 539, 567, 592]}, "father": {"prob": 0.001519756838905775, "count": 1, "pos": [14]}, "jack": {"prob": 0.00303951367781155, "count": 2, "pos": [15, 32]}, "visit": {"prob": 0.00303951367781155, "count": 2, "pos": [17, 196]}, "die": {"prob": 0.001519756838905775, "count": 1, "pos": [19]}, "mother": {"prob": 0.0060790273556231, "count": 4, "pos": [20, 84, 540, 568]}, "janic": {"prob": 0.001519756838905775, "count": 1, "pos": [21]}, "have": {"prob": 0.001519756838905775, "count": 1, "pos": [22]}, "been": {"prob": 0.00303951367781155, "count": 2, "pos": [23, 259]}, "assign": {"prob": 0.001519756838905775, "count": 1, "pos": [24]}, "for": {"prob": 0.0060790273556231, "count": 4, "pos": [25, 263, 274, 373]}, "a": {"prob": 0.015197568389057751, "count": 10, "pos": [26, 214, 293, 345, 351, 368, 374, 436, 452, 587]}, "busi": {"prob": 0.001519756838905775, "count": 1, "pos": [27]}, "trip": {"prob": 0.001519756838905775, "count": 1, "pos": [28]}, "tokyo": {"prob": 0.001519756838905775, "count": 1, "pos": [30]}, "japan": {"prob": 0.001519756838905775, "count": 1, "pos": [31]}, "take": {"prob": 0.00303951367781155, "count": 2, "pos": [33, 302]}, "stay": {"prob": 0.001519756838905775, "count": 1, "pos": [36]}, "with": {"prob": 0.010638297872340425, "count": 7, "pos": [37, 98, 228, 347, 376, 499, 505]}, "brother": {"prob": 0.004559270516717325, "count": 3, "pos": [39, 90, 394]}, "wallac": {"prob": 0.004559270516717325, "count": 3, "pos": [40, 116, 360]}, "and": {"prob": 0.034954407294832825, "count": 23, "pos": [41, 60, 63, 69, 75, 85, 117, 176, 184, 226, 261, 289, 306, 315, 383, 397, 422, 466, 470, 488, 521, 598, 620]}, "sister": {"prob": 0.004559270516717325, "count": 3, "pos": [42, 134, 168]}, "law": {"prob": 0.001519756838905775, "count": 1, "pos": [44]}, "susan": {"prob": 0.031914893617021274, "count": 21, "pos": [45, 118, 189, 204, 211, 243, 266, 283, 284, 305, 337, 370, 387, 410, 423, 474, 492, 531, 551, 619, 635]}, "main": {"prob": 0.001519756838905775, "count": 1, "pos": [47]}, "re": {"prob": 0.001519756838905775, "count": 1, "pos": [50]}, "introduc": {"prob": 0.001519756838905775, "count": 1, "pos": [51]}, "extend": {"prob": 0.001519756838905775, "count": 1, "pos": [54]}, "famili": {"prob": 0.001519756838905775, "count": 1, "pos": [55]}, "includ": {"prob": 0.001519756838905775, "count": 1, "pos": [56]}, "cousin": {"prob": 0.00303951367781155, "count": 2, "pos": [58, 469]}, "conni": {"prob": 0.007598784194528876, "count": 5, "pos": [59, 140, 158, 177, 197]}, "henri": {"prob": 0.04559270516717325, "count": 30, "pos": [61, 64, 70, 88, 93, 103, 121, 125, 155, 164, 193, 218, 245, 272, 290, 299, 328, 359, 366, 391, 395, 412, 439, 449, 502, 533, 556, 589, 605, 647]}, "get": {"prob": 0.00303951367781155, "count": 2, "pos": [65, 280]}, "along": {"prob": 0.001519756838905775, "count": 1, "pos": [66]}, "at": {"prob": 0.0060790273556231, "count": 4, "pos": [67, 161, 435, 460]}, "first": {"prob": 0.001519756838905775, "count": 1, "pos": [68]}, "seem": {"prob": 0.001519756838905775, "count": 1, "pos": [71]}, "be": {"prob": 0.001519756838905775, "count": 1, "pos": [73]}, "nice": {"prob": 0.001519756838905775, "count": 1, "pos": [74]}, "well": {"prob": 0.00303951367781155, "count": 2, "pos": [76, 320]}, "manner": {"prob": 0.001519756838905775, "count": 1, "pos": [77]}, "discuss": {"prob": 0.001519756838905775, "count": 1, "pos": [79]}, "death": {"prob": 0.004559270516717325, "count": 3, "pos": [81, 99, 593]}, "of": {"prob": 0.013677811550151976, "count": 9, "pos": [82, 87, 192, 295, 309, 404, 443, 529, 646]}, "that": {"prob": 0.0121580547112462, "count": 8, "pos": [86, 127, 322, 333, 353, 413, 538, 571]}, "babi": {"prob": 0.001519756838905775, "count": 1, "pos": [89]}, "richard": {"prob": 0.0060790273556231, "count": 4, "pos": [91, 225, 260, 323]}, "howev": {"prob": 0.001519756838905775, "count": 1, "pos": [92]}, "express": {"prob": 0.001519756838905775, "count": 1, "pos": [94]}, "an": {"prob": 0.00303951367781155, "count": 2, "pos": [95, 624]}, "abnorm": {"prob": 0.001519756838905775, "count": 1, "pos": [96]}, "fascin": {"prob": 0.001519756838905775, "count": 1, "pos": [97]}, "make": {"prob": 0.00303951367781155, "count": 2, "pos": [100, 638]}, "uneasi": {"prob": 0.001519756838905775, "count": 1, "pos": [102]}, "continu": {"prob": 0.00303951367781155, "count": 2, "pos": [104, 342]}, "display": {"prob": 0.001519756838905775, "count": 1, "pos": [106]}, "increasing": {"prob": 0.001519756838905775, "count": 1, "pos": [107]}, "psychopath": {"prob": 0.001519756838905775, "count": 1, "pos": [108]}, "behavior": {"prob": 0.001519756838905775, "count": 1, "pos": [109]}, "which": {"prob": 0.0060790273556231, "count": 4, "pos": [110, 238, 438, 612]}, "unabl": {"prob": 0.001519756838905775, "count": 1, "pos": [113]}, "tell": {"prob": 0.00303951367781155, "count": 2, "pos": [115, 411]}, "due": {"prob": 0.00303951367781155, "count": 2, "pos": [119, 349]}, "dark": {"prob": 0.00303951367781155, "count": 2, "pos": [122, 208]}, "threat": {"prob": 0.001519756838905775, "count": 1, "pos": [123]}, "later": {"prob": 0.00303951367781155, "count": 2, "pos": [124, 329]}, "impli": {"prob": 0.00303951367781155, "count": 2, "pos": [126, 330]}, "he": {"prob": 0.019756838905775075, "count": 13, "pos": [128, 195, 235, 246, 277, 334, 414, 417, 427, 455, 563, 632, 653]}, "will": {"prob": 0.010638297872340425, "count": 7, "pos": [129, 137, 335, 428, 541, 558, 564]}, "tri": {"prob": 0.0060790273556231, "count": 4, "pos": [130, 278, 356, 429]}, "kill": {"prob": 0.00911854103343465, "count": 6, "pos": [132, 336, 358, 392, 431, 566]}, "terrifi": {"prob": 0.001519756838905775, "count": 1, "pos": [135]}, "someth": {"prob": 0.00303951367781155, "count": 2, "pos": [136, 652]}, "happen": {"prob": 0.001519756838905775, "count": 1, "pos": [138]}, "spend": {"prob": 0.001519756838905775, "count": 1, "pos": [142]}, "night": {"prob": 0.00303951367781155, "count": 2, "pos": [144, 234]}, "her": {"prob": 0.013677811550151976, "count": 9, "pos": [146, 202, 249, 348, 406, 441, 461, 543, 657]}, "room": {"prob": 0.00303951367781155, "count": 2, "pos": [147, 198]}, "next": {"prob": 0.001519756838905775, "count": 1, "pos": [149]}, "morn": {"prob": 0.001519756838905775, "count": 1, "pos": [150]}, "awaken": {"prob": 0.001519756838905775, "count": 1, "pos": [152]}, "find": {"prob": 0.00303951367781155, "count": 2, "pos": [154, 213]}, "ha": {"prob": 0.00303951367781155, "count": 2, "pos": [156, 408]}, "ice": {"prob": 0.004559270516717325, "count": 3, "pos": [159, 172, 174]},