{"__total__": 587, "__name__": "doc_1574_The_Goonies.txt", "the": {"prob": 0.11584327086882454, "count": 68, "pos": [0, 8, 22, 54, 66, 95, 98, 114, 126, 132, 150, 166, 174, 182, 190, 192, 197, 209, 224, 232, 239, 243, 260, 263, 269, 273, 281, 284, 287, 291, 295, 298, 307, 311, 314, 323, 349, 361, 364, 375, 381, 389, 392, 398, 406, 410, 412, 417, 429, 432, 437, 443, 446, 449, 452, 455, 469, 474, 481, 498, 507, 521, 532, 538, 554, 572, 577, 583]}, "gooni": {"prob": 0.020442930153321975, "count": 12, "pos": [1, 61, 144, 193, 233, 292, 296, 377, 390, 413, 475, 499]}, "a": {"prob": 0.027257240204429302, "count": 16, "pos": [2, 75, 83, 86, 118, 155, 176, 236, 253, 339, 344, 441, 464, 478, 486, 547]}, "group": {"prob": 0.008517887563884156, "count": 5, "pos": [3, 127, 210, 315, 433]}, "of": {"prob": 0.03236797274275979, "count": 19, "pos": [4, 12, 29, 85, 100, 134, 178, 217, 255, 259, 283, 313, 380, 420, 431, 448, 454, 550, 582]}, "friend": {"prob": 0.005110732538330494, "count": 3, "pos": [5, 107, 426]}, "live": {"prob": 0.0017035775127768314, "count": 1, "pos": [6]}, "in": {"prob": 0.01192504258943782, "count": 7, "pos": [7, 56, 94, 111, 268, 480, 495]}, "goon": {"prob": 0.0017035775127768314, "count": 1, "pos": [9]}, "dock": {"prob": 0.0017035775127768314, "count": 1, "pos": [10]}, "neighborhood": {"prob": 0.0017035775127768314, "count": 1, "pos": [11]}, "astoria": {"prob": 0.005110732538330494, "count": 3, "pos": [13, 24, 522]}, "oregon": {"prob": 0.0017035775127768314, "count": 1, "pos": [14]}, "face": {"prob": 0.0017035775127768314, "count": 1, "pos": [15]}, "foreclosur": {"prob": 0.0017035775127768314, "count": 1, "pos": [16]}, "on": {"prob": 0.0068143100511073255, "count": 4, "pos": [17, 27, 363, 485]}, "their": {"prob": 0.017035775127768313, "count": 10, "pos": [18, 30, 33, 50, 59, 185, 203, 358, 402, 504]}, "famili": {"prob": 0.0068143100511073255, "count": 4, "pos": [19, 177, 191, 573]}, "home": {"prob": 0.005110732538330494, "count": 3, "pos": [20, 519, 570]}, "from": {"prob": 0.0034071550255536627, "count": 2, "pos": [21, 553]}, "expand": {"prob": 0.0017035775127768314, "count": 1, "pos": [23]}, "countri": {"prob": 0.0034071550255536627, "count": 2, "pos": [25, 523]}, "club": {"prob": 0.0034071550255536627, "count": 2, "pos": [26, 524]}, "one": {"prob": 0.0068143100511073255, "count": 4, "pos": [28, 121, 142, 332]}, "last": {"prob": 0.005110732538330494, "count": 3, "pos": [31, 60, 143]}, "day": {"prob": 0.0017035775127768314, "count": 1, "pos": [32]}, "moral": {"prob": 0.0017035775127768314, "count": 1, "pos": [34]}, "sink": {"prob": 0.0017035775127768314, "count": 1, "pos": [35]}, "particular": {"prob": 0.0017035775127768314, "count": 1, "pos": [36]}, "low": {"prob": 0.0017035775127768314, "count": 1, "pos": [37]}, "due": {"prob": 0.0017035775127768314, "count": 1, "pos": [38]}, "to": {"prob": 0.03577512776831346, "count": 21, "pos": [39, 52, 82, 104, 108, 130, 161, 220, 234, 241, 316, 318, 321, 356, 408, 434, 471, 514, 529, 534, 567]}, "mikey": {"prob": 0.015332197614991482, "count": 9, "pos": [40, 102, 135, 300, 366, 457, 527, 543, 556]}, "older": {"prob": 0.0034071550255536627, "count": 2, "pos": [41, 136]}, "brother": {"prob": 0.005110732538330494, "count": 3, "pos": [42, 137, 278]}, "have": {"prob": 0.0034071550255536627, "count": 2, "pos": [43, 199]}, "fail": {"prob": 0.0017035775127768314, "count": 1, "pos": [44]}, "hi": {"prob": 0.0068143100511073255, "count": 4, "pos": [45, 106, 518, 535]}, "driver": {"prob": 0.0017035775127768314, "count": 1, "pos": [46]}, "licen": {"prob": 0.0017035775127768314, "count": 1, "pos": [47]}, "exam": {"prob": 0.0017035775127768314, "count": 1, "pos": [48]}, "thwart": {"prob": 0.0017035775127768314, "count": 1, "pos": [49]}, "plan": {"prob": 0.0017035775127768314, "count": 1, "pos": [51]}, "crui": {"prob": 0.0017035775127768314, "count": 1, "pos": [53]}, "coast": {"prob": 0.0034071550255536627, "count": 2, "pos": [55, 151]}, "style": {"prob": 0.0017035775127768314, "count": 1, "pos": [57]}, "dure": {"prob": 0.0017035775127768314, "count": 1, "pos": [58]}, "weekend": {"prob": 0.0017035775127768314, "count": 1, "pos": [62]}, "while": {"prob": 0.0068143100511073255, "count": 4, "pos": [63, 280, 353, 506]}, "rummag": {"prob": 0.0017035775127768314, "count": 1, "pos": [64]}, "through": {"prob": 0.0034071550255536627, "count": 2, "pos": [65, 477]}, "walsh": {"prob": 0.0034071550255536627, "count": 2, "pos": [67, 539]}, "attic": {"prob": 0.0017035775127768314, "count": 1, "pos": [68]}, "they": {"prob": 0.010221465076660987, "count": 6, "pos": [69, 146, 228, 325, 394, 575]}, "find": {"prob": 0.0068143100511073255, "count": 4, "pos": [70, 322, 367, 483]}, "an": {"prob": 0.005110732538330494, "count": 3, "pos": [71, 79, 169]}, "old": {"prob": 0.0034071550255536627, "count": 2, "pos": [72, 170]}, "newspap": {"prob": 0.0017035775127768314, "count": 1, "pos": [73]}, "clip": {"prob": 0.0017035775127768314, "count": 1, "pos": [74]}, "spanish": {"prob": 0.0017035775127768314, "count": 1, "pos": [76]}, "map": {"prob": 0.005110732538330494, "count": 3, "pos": [77, 167, 308]}, "and": {"prob": 0.030664395229982964, "count": 18, "pos": [78, 139, 152, 168, 201, 206, 215, 247, 275, 289, 309, 335, 343, 370, 404, 422, 493, 511]}, "artifact": {"prob": 0.0017035775127768314, "count": 1, "pos": [80]}, "relat": {"prob": 0.0017035775127768314, "count": 1, "pos": [81]}, "rumor": {"prob": 0.0017035775127768314, "count": 1, "pos": [84]}, "lost": {"prob": 0.0017035775127768314, "count": 1, "pos": [87]}, "but": {"prob": 0.0017035775127768314, "count": 1, "pos": [88]}, "not": {"prob": 0.0017035775127768314, "count": 1, "pos": [89]}, "forgotten": {"prob": 0.0017035775127768314, "count": 1, "pos": [90]}, "pirat": {"prob": 0.0034071550255536627, "count": 2, "pos": [91, 119]}, "treasur": {"prob": 0.010221465076660987, "count": 6, "pos": [92, 115, 324, 382, 403, 456]}, "somewh": {"prob": 0.0017035775127768314, "count": 1, "pos": [93]}, "area": {"prob": 0.0017035775127768314, "count": 1, "pos": [96]}, "hear": {"prob": 0.0017035775127768314, "count": 1, "pos": [97]}, "call": {"prob": 0.005110732538330494, "count": 3, "pos": [99, 494, 525]}, "adventur": {"prob": 0.0034071550255536627, "count": 2, "pos": [101, 145]}, "tri": {"prob": 0.0017035775127768314, "count": 1, "pos": [103]}, "persuad": {"prob": 0.0017035775127768314, "count": 1, "pos": [105]}, "join": {"prob": 0.0017035775127768314, "count": 1, "pos": [109]}, "him": {"prob": 0.0068143100511073255, "count": 4, "pos": [110, 249, 373, 384]}, "search": {"prob": 0.0017035775127768314, "count": 1, "pos": [112]}, "for": {"prob": 0.0068143100511073255, "count": 4, "pos": [113, 141, 459, 496]}, "hoard": {"prob": 0.0017035775127768314, "count": 1, "pos": [116]}, "by": {"prob": 0.008517887563884156, "count": 5, "pos": [117, 165, 331, 397, 416]}, "name": {"prob": 0.0017035775127768314, "count": 1, "pos": [120]}, "eye": {"prob": 0.0034071550255536627, "count": 2, "pos": [122, 333]}, "willi": {"prob": 0.008517887563884156, "count": 5, "pos": [123, 334, 347, 368, 460]}, "initi": {"prob": 0.0017035775127768314, "count": 1, "pos": [124]}, "reluct": {"prob": 0.0017035775127768314, "count": 1, "pos": [125]}, "eventu": {"prob": 0.0034071550255536627, "count": 2, "pos": [128, 336]}, "decid": {"prob": 0.0017035775127768314, "count": 1, "pos": [129]}, "evad": {"prob": 0.0017035775127768314, "count": 1, "pos": [131]}, "author": {"prob": 0.0017035775127768314, "count": 1, "pos": [133]}, "brandon": {"prob": 0.0017035775127768314, "count": 1, "pos": [138]}, "escap": {"prob": 0.0034071550255536627, "count": 2, "pos": [140, 242]}, "then": {"prob": 0.0017035775127768314, "count": 1, "pos": [147]}, "head": {"prob": 0.0017035775127768314, "count": 1, "pos": [148]}, "down": {"prob": 0.0017035775127768314, "count": 1, "pos": [149]}, "stumbl": {"prob": 0.0017035775127768314, "count": 1, "pos": [153]}, "upon": {"prob": 0.0034071550255536627, "count": 2, "pos": [154, 526]}, "derelict": {"prob": 0.0017035775127768314,