{"__total__": 56, "__name__": "doc_1575_The_Gospel_According_to_St_Matthew.txt", "in": {"prob": 0.017857142857142856, "count": 1, "pos": [0]}, "israel": {"prob": 0.017857142857142856, "count": 1, "pos": [1]}, "dure": {"prob": 0.017857142857142856, "count": 1, "pos": [2]}, "the": {"prob": 0.125, "count": 7, "pos": [3, 12, 19, 32, 37, 44, 51]}, "roman": {"prob": 0.03571428571428571, "count": 2, "pos": [4, 45]}, "empir": {"prob": 0.017857142857142856, "count": 1, "pos": [5]}, "jesu": {"prob": 0.017857142857142856, "count": 1, "pos": [6]}, "christ": {"prob": 0.017857142857142856, "count": 1, "pos": [7]}, "of": {"prob": 0.05357142857142857, "count": 3, "pos": [8, 25, 34]}, "nazareth": {"prob": 0.017857142857142856, "count": 1, "pos": [9]}, "travel": {"prob": 0.017857142857142856, "count": 1, "pos": [10]}, "around": {"prob": 0.017857142857142856, "count": 1, "pos": [11]}, "countri": {"prob": 0.017857142857142856, "count": 1, "pos": [13]}, "with": {"prob": 0.017857142857142856, "count": 1, "pos": [14]}, "hi": {"prob": 0.017857142857142856, "count": 1, "pos": [15]}, "discipl": {"prob": 0.017857142857142856, "count": 1, "pos": [16]}, "preach": {"prob": 0.017857142857142856, "count": 1, "pos": [17]}, "to": {"prob": 0.03571428571428571, "count": 2, "pos": [18, 30]}, "peopl": {"prob": 0.017857142857142856, "count": 1, "pos": [20]}, "about": {"prob": 0.017857142857142856, "count": 1, "pos": [21]}, "god": {"prob": 0.03571428571428571, "count": 2, "pos": [22, 35]}, "and": {"prob": 0.05357142857142857, "count": 3, "pos": [23, 36, 46]}, "salvat": {"prob": 0.017857142857142856, "count": 1, "pos": [24]}, "their": {"prob": 0.017857142857142856, "count": 1, "pos": [26]}, "soul": {"prob": 0.017857142857142856, "count": 1, "pos": [27]}, "he": {"prob": 0.05357142857142857, "count": 3, "pos": [28, 40, 48]}, "claim": {"prob": 0.017857142857142856, "count": 1, "pos": [29]}, "be": {"prob": 0.017857142857142856, "count": 1, "pos": [31]}, "son": {"prob": 0.017857142857142856, "count": 1, "pos": [33]}, "proph": {"prob": 0.017857142857142856, "count": 1, "pos": [38]}, "messiah": {"prob": 0.017857142857142856, "count": 1, "pos": [39]}, "is": {"prob": 0.017857142857142856, "count": 1, "pos": [41]}, "arrest": {"prob": 0.017857142857142856, "count": 1, "pos": [42]}, "by": {"prob": 0.017857142857142856, "count": 1, "pos": [43]}, "crucifi": {"prob": 0.017857142857142856, "count": 1, "pos": [47]}, "rise": {"prob": 0.017857142857142856, "count": 1, "pos": [49]}, "from": {"prob": 0.017857142857142856, "count": 1, "pos": [50]}, "dead": {"prob": 0.017857142857142856, "count": 1, "pos": [52]}, "after": {"prob": 0.017857142857142856, "count": 1, "pos": [53]}, "three": {"prob": 0.017857142857142856, "count": 1, "pos": [54]}, "day": {"prob": 0.017857142857142856, "count": 1, "pos": [55]}}