{"__total__": 459, "__name__": "doc_1583_The_Great_Ziegfeld.txt", "the": {"prob": 0.04793028322440087, "count": 22, "pos": [0, 26, 31, 37, 135, 137, 142, 161, 178, 182, 231, 278, 300, 331, 341, 358, 375, 389, 393, 400, 414, 445]}, "son": {"prob": 0.002178649237472767, "count": 1, "pos": [1]}, "of": {"prob": 0.02832244008714597, "count": 13, "pos": [2, 39, 118, 172, 230, 258, 277, 366, 379, 395, 403, 426, 448]}, "a": {"prob": 0.030501089324618737, "count": 14, "pos": [3, 75, 82, 106, 125, 187, 221, 255, 270, 302, 319, 329, 418, 437]}, "high": {"prob": 0.002178649237472767, "count": 1, "pos": [4]}, "respect": {"prob": 0.002178649237472767, "count": 1, "pos": [5]}, "music": {"prob": 0.002178649237472767, "count": 1, "pos": [6]}, "professor": {"prob": 0.002178649237472767, "count": 1, "pos": [7]}, "florenz": {"prob": 0.002178649237472767, "count": 1, "pos": [8]}, "flo": {"prob": 0.026143790849673203, "count": 12, "pos": [9, 60, 93, 109, 148, 234, 280, 286, 288, 306, 314, 323]}, "ziegfeld": {"prob": 0.004357298474945534, "count": 2, "pos": [10, 183]}, "jr": {"prob": 0.002178649237472767, "count": 1, "pos": [11]}, "yearn": {"prob": 0.002178649237472767, "count": 1, "pos": [12]}, "to": {"prob": 0.037037037037037035, "count": 17, "pos": [13, 58, 73, 81, 111, 120, 133, 144, 212, 253, 265, 282, 309, 338, 351, 385, 433]}, "make": {"prob": 0.006535947712418301, "count": 3, "pos": [14, 195, 254]}, "hi": {"prob": 0.023965141612200435, "count": 11, "pos": [15, 43, 71, 87, 146, 246, 363, 396, 427, 449, 457]}, "mark": {"prob": 0.002178649237472767, "count": 1, "pos": [16]}, "in": {"prob": 0.010893246187363835, "count": 5, "pos": [17, 204, 413, 417, 456]}, "show": {"prob": 0.010893246187363835, "count": 5, "pos": [18, 173, 207, 371, 408]}, "busi": {"prob": 0.002178649237472767, "count": 1, "pos": [19]}, "he": {"prob": 0.0196078431372549, "count": 9, "pos": [20, 68, 163, 250, 349, 361, 409, 421, 439]}, "begin": {"prob": 0.004357298474945534, "count": 2, "pos": [21, 337]}, "by": {"prob": 0.010893246187363835, "count": 5, "pos": [22, 114, 227, 347, 392]}, "promot": {"prob": 0.002178649237472767, "count": 1, "pos": [23]}, "eugen": {"prob": 0.002178649237472767, "count": 1, "pos": [24]}, "sandow": {"prob": 0.002178649237472767, "count": 1, "pos": [25]}, "world": {"prob": 0.004357298474945534, "count": 2, "pos": [27, 34]}, "strongest": {"prob": 0.002178649237472767, "count": 1, "pos": [28]}, "man": {"prob": 0.002178649237472767, "count": 1, "pos": [29]}, "at": {"prob": 0.008714596949891068, "count": 4, "pos": [30, 90, 101, 357]}, "1893": {"prob": 0.002178649237472767, "count": 1, "pos": [32]}, "chicago": {"prob": 0.002178649237472767, "count": 1, "pos": [33]}, "fair": {"prob": 0.002178649237472767, "count": 1, "pos": [35]}, "overcom": {"prob": 0.002178649237472767, "count": 1, "pos": [36]}, "competit": {"prob": 0.002178649237472767, "count": 1, "pos": [38]}, "rival": {"prob": 0.002178649237472767, "count": 1, "pos": [40]}, "bill": {"prob": 0.006535947712418301, "count": 3, "pos": [41, 63, 136]}, "and": {"prob": 0.026143790849673203, "count": 12, "pos": [42, 65, 149, 208, 224, 241, 284, 294, 307, 315, 335, 399]}, "popular": {"prob": 0.004357298474945534, "count": 2, "pos": [44, 402]}, "attract": {"prob": 0.002178649237472767, "count": 1, "pos": [45]}, "belli": {"prob": 0.002178649237472767, "count": 1, "pos": [46]}, "dancer": {"prob": 0.002178649237472767, "count": 1, "pos": [47]}, "littl": {"prob": 0.002178649237472767, "count": 1, "pos": [48]}, "egypt": {"prob": 0.002178649237472767, "count": 1, "pos": [49]}, "with": {"prob": 0.006535947712418301, "count": 3, "pos": [50, 98, 191]}, "savvi": {"prob": 0.002178649237472767, "count": 1, "pos": [51]}, "market": {"prob": 0.004357298474945534, "count": 2, "pos": [52, 377]}, "later": {"prob": 0.002178649237472767, "count": 1, "pos": [53]}, "on": {"prob": 0.010893246187363835, "count": 5, "pos": [54, 70, 216, 355, 388]}, "an": {"prob": 0.008714596949891068, "count": 4, "pos": [55, 165, 168, 214]}, "ocean": {"prob": 0.002178649237472767, "count": 1, "pos": [56]}, "liner": {"prob": 0.002178649237472767, "count": 1, "pos": [57]}, "england": {"prob": 0.002178649237472767, "count": 1, "pos": [59]}, "run": {"prob": 0.002178649237472767, "count": 1, "pos": [61]}, "into": {"prob": 0.004357298474945534, "count": 2, "pos": [62, 96]}, "again": {"prob": 0.002178649237472767, "count": 1, "pos": [64]}, "discov": {"prob": 0.002178649237472767, "count": 1, "pos": [66]}, "that": {"prob": 0.004357298474945534, "count": 2, "pos": [67, 175]}, "is": {"prob": 0.015250544662309368, "count": 7, "pos": [69, 104, 157, 185, 201, 220, 225]}, "way": {"prob": 0.002178649237472767, "count": 1, "pos": [72]}, "sign": {"prob": 0.004357298474945534, "count": 2, "pos": [74, 97]}, "beauti": {"prob": 0.006535947712418301, "count": 3, "pos": [76, 129, 192]}, "french": {"prob": 0.002178649237472767, "count": 1, "pos": [77]}, "star": {"prob": 0.006535947712418301, "count": 3, "pos": [78, 256, 291]}, "anna": {"prob": 0.017429193899782137, "count": 8, "pos": [79, 95, 103, 121, 150, 196, 274, 304]}, "held": {"prob": 0.002178649237472767, "count": 1, "pos": [80]}, "contract": {"prob": 0.002178649237472767, "count": 1, "pos": [83]}, "despit": {"prob": 0.002178649237472767, "count": 1, "pos": [84]}, "lose": {"prob": 0.002178649237472767, "count": 1, "pos": [85]}, "all": {"prob": 0.002178649237472767, "count": 1, "pos": [86]}, "money": {"prob": 0.002178649237472767, "count": 1, "pos": [88]}, "gambl": {"prob": 0.002178649237472767, "count": 1, "pos": [89]}, "mont": {"prob": 0.002178649237472767, "count": 1, "pos": [91]}, "carlo": {"prob": 0.002178649237472767, "count": 1, "pos": [92]}, "charm": {"prob": 0.002178649237472767, "count": 1, "pos": [94]}, "him": {"prob": 0.008714596949891068, "count": 4, "pos": [99, 313, 346, 382]}, "instead": {"prob": 0.002178649237472767, "count": 1, "pos": [100]}, "first": {"prob": 0.002178649237472767, "count": 1, "pos": [102]}, "not": {"prob": 0.006535947712418301, "count": 3, "pos": [105, 158, 344]}, "success": {"prob": 0.004357298474945534, "count": 2, "pos": [107, 156]}, "howev": {"prob": 0.006535947712418301, "count": 3, "pos": [108, 154, 269]}, "manag": {"prob": 0.002178649237472767, "count": 1, "pos": [110]}, "gener": {"prob": 0.002178649237472767, "count": 1, "pos": [112]}, "public": {"prob": 0.004357298474945534, "count": 2, "pos": [113, 332]}, "send": {"prob": 0.002178649237472767, "count": 1, "pos": [115]}, "mani": {"prob": 0.002178649237472767, "count": 1, "pos": [116]}, "gallon": {"prob": 0.002178649237472767, "count": 1, "pos": [117]}, "milk": {"prob": 0.004357298474945534, "count": 2, "pos": [119, 127]}, "everi": {"prob": 0.002178649237472767, "count": 1, "pos": [122]}, "day": {"prob": 0.002178649237472767, "count": 1, "pos": [123]}, "for": {"prob": 0.008714596949891068, "count": 4, "pos": [124, 160, 167, 312]}, "fictiti": {"prob": 0.002178649237472767, "count": 1, "pos": [126]}, "bath": {"prob": 0.002178649237472767, "count": 1, "pos": [128]}, "treatment": {"prob": 0.002178649237472767, "count": 1, "pos": [130]}, "then": {"prob": 0.006535947712418301, "count": 3, "pos": [131, 151, 374]}, "refus": {"prob": 0.002178649237472767, "count": 1, "pos": [132]}, "pay": {"prob": 0.004357298474945534, "count": 2, "pos": [134, 281]}, "newspap": {"prob": 0.002178649237472767, "count": 1, "pos": [138]}, "stori": {"prob": 0.002178649237472767, "count": 1, "pos": [139]}, "soon": {"prob": 0.004357298474945534, "count": 2, "pos": [140, 233]}, "bring": {"prob": 0.002178649237472767, "count": 1, "pos": [141]}, "curiou": {"prob": 0.002178649237472767, "count": 1, "pos": [143]}, "pack": {"prob": 0.002178649237472767, "count": 1, "pos": [145]}, "theater": {"prob": 0.002178649237472767, "count": 1, "pos": [147]}, "get": {"prob": 0.002178649237472767, "count": 1, "pos": [152]}, "marri": {"prob": 0.004357298474945534, "count": 2, "pos": [153, 295]}, "one": {"prob": 0.006535947712418301, "count": 3, "pos": [155, 174, 365]},