{"__total__": 376, "__name__": "doc_1599_The_Hunted_2003.txt", "in": {"prob": 0.031914893617021274, "count": 12, "pos": [0, 37, 45, 91, 100, 116, 138, 151, 155, 233, 324, 350]}, "the": {"prob": 0.08244680851063829, "count": 31, "pos": [1, 15, 38, 42, 46, 73, 77, 92, 101, 135, 148, 165, 178, 191, 200, 221, 234, 246, 249, 260, 264, 269, 272, 276, 281, 298, 311, 330, 336, 351, 353]}, "pacif": {"prob": 0.0026595744680851063, "count": 1, "pos": [2]}, "northwest": {"prob": 0.0026595744680851063, "count": 1, "pos": [3]}, "wilder": {"prob": 0.007978723404255319, "count": 3, "pos": [4, 39, 47]}, "two": {"prob": 0.005319148936170213, "count": 2, "pos": [5, 149]}, "hunter": {"prob": 0.0026595744680851063, "count": 1, "pos": [6]}, "who": {"prob": 0.010638297872340425, "count": 4, "pos": [7, 34, 125, 215]}, "are": {"prob": 0.007978723404255319, "count": 3, "pos": [8, 22, 205]}, "later": {"prob": 0.0026595744680851063, "count": 1, "pos": [9]}, "impli": {"prob": 0.0026595744680851063, "count": 1, "pos": [10]}, "to": {"prob": 0.023936170212765957, "count": 9, "pos": [11, 62, 72, 182, 242, 251, 259, 361, 372]}, "be": {"prob": 0.005319148936170213, "count": 2, "pos": [12, 224]}, "oper": {"prob": 0.010638297872340425, "count": 4, "pos": [13, 33, 211, 247]}, "of": {"prob": 0.023936170212765957, "count": 9, "pos": [14, 41, 48, 69, 107, 220, 236, 254, 332]}, "central": {"prob": 0.0026595744680851063, "count": 1, "pos": [16]}, "intellig": {"prob": 0.0026595744680851063, "count": 1, "pos": [17]}, "agenc": {"prob": 0.0026595744680851063, "count": 1, "pos": [18]}, "special": {"prob": 0.005319148936170213, "count": 2, "pos": [19, 114]}, "activ": {"prob": 0.0026595744680851063, "count": 1, "pos": [20]}, "divi": {"prob": 0.0026595744680851063, "count": 1, "pos": [21]}, "vicious": {"prob": 0.0026595744680851063, "count": 1, "pos": [23]}, "murder": {"prob": 0.0026595744680851063, "count": 1, "pos": [24]}, "by": {"prob": 0.018617021276595744, "count": 7, "pos": [25, 103, 112, 164, 207, 226, 347]}, "aaron": {"prob": 0.0026595744680851063, "count": 1, "pos": [26]}, "hallam": {"prob": 0.026595744680851064, "count": 10, "pos": [27, 65, 129, 161, 171, 240, 279, 292, 342, 375]}, "a": {"prob": 0.015957446808510637, "count": 6, "pos": [28, 54, 66, 152, 315, 333]}, "former": {"prob": 0.010638297872340425, "count": 4, "pos": [29, 55, 67, 228]}, "1st": {"prob": 0.0026595744680851063, "count": 1, "pos": [30]}, "sfod": {"prob": 0.007978723404255319, "count": 3, "pos": [31, 209, 229]}, "d": {"prob": 0.007978723404255319, "count": 3, "pos": [32, 210, 230]}, "is": {"prob": 0.018617021276595744, "count": 7, "pos": [35, 58, 98, 121, 158, 162, 197]}, "live": {"prob": 0.005319148936170213, "count": 2, "pos": [36, 142]}, "north": {"prob": 0.0026595744680851063, "count": 1, "pos": [40]}, "canadian": {"prob": 0.0026595744680851063, "count": 1, "pos": [43]}, "border\u00e2": {"prob": 0.0026595744680851063, "count": 1, "pos": [44]}, "british": {"prob": 0.005319148936170213, "count": 2, "pos": [49, 362]}, "columbia\u00e2": {"prob": 0.0026595744680851063, "count": 1, "pos": [50]}, "l": {"prob": 0.0026595744680851063, "count": 1, "pos": [51]}, "t": {"prob": 0.005319148936170213, "count": 2, "pos": [52, 302]}, "bonham": {"prob": 0.023936170212765957, "count": 9, "pos": [53, 76, 95, 122, 157, 262, 304, 340, 359]}, "ussocom": {"prob": 0.0026595744680851063, "count": 1, "pos": [56]}, "instructor": {"prob": 0.0026595744680851063, "count": 1, "pos": [57]}, "approach": {"prob": 0.0026595744680851063, "count": 1, "pos": [59]}, "and": {"prob": 0.034574468085106384, "count": 13, "pos": [60, 97, 127, 133, 160, 203, 217, 244, 256, 263, 271, 310, 320]}, "ask": {"prob": 0.0026595744680851063, "count": 1, "pos": [61]}, "help": {"prob": 0.0026595744680851063, "count": 1, "pos": [63]}, "apprehend": {"prob": 0.005319148936170213, "count": 2, "pos": [64, 128]}, "student": {"prob": 0.005319148936170213, "count": 2, "pos": [68, 321]}, "hi": {"prob": 0.018617021276595744, "count": 7, "pos": [70, 89, 169, 227, 287, 308, 344]}, "accord": {"prob": 0.0026595744680851063, "count": 1, "pos": [71]}, "author": {"prob": 0.005319148936170213, "count": 2, "pos": [74, 202]}, "brief": {"prob": 0.0026595744680851063, "count": 1, "pos": [75]}, "younger": {"prob": 0.0026595744680851063, "count": 1, "pos": [78]}, "man": {"prob": 0.0026595744680851063, "count": 1, "pos": [79]}, "ha": {"prob": 0.0026595744680851063, "count": 1, "pos": [80]}, "gone": {"prob": 0.0026595744680851063, "count": 1, "pos": [81]}, "renegad": {"prob": 0.0026595744680851063, "count": 1, "pos": [82]}, "after": {"prob": 0.007978723404255319, "count": 3, "pos": [83, 130, 143]}, "suffer": {"prob": 0.0026595744680851063, "count": 1, "pos": [84]}, "sever": {"prob": 0.0026595744680851063, "count": 1, "pos": [85]}, "battl": {"prob": 0.005319148936170213, "count": 2, "pos": [86, 317]}, "stress": {"prob": 0.0026595744680851063, "count": 1, "pos": [87]}, "from": {"prob": 0.005319148936170213, "count": 2, "pos": [88, 374]}, "time": {"prob": 0.0026595744680851063, "count": 1, "pos": [90]}, "kosovo": {"prob": 0.0026595744680851063, "count": 1, "pos": [93]}, "war": {"prob": 0.0026595744680851063, "count": 1, "pos": [94]}, "agr": {"prob": 0.0026595744680851063, "count": 1, "pos": [96]}, "assist": {"prob": 0.005319148936170213, "count": 2, "pos": [99, 113]}, "manhunt": {"prob": 0.0026595744680851063, "count": 1, "pos": [102]}, "an": {"prob": 0.010638297872340425, "count": 4, "pos": [104, 144, 237, 325]}, "feder": {"prob": 0.0026595744680851063, "count": 1, "pos": [105]}, "bureau": {"prob": 0.0026595744680851063, "count": 1, "pos": [106]}, "investig": {"prob": 0.0026595744680851063, "count": 1, "pos": [108]}, "task": {"prob": 0.0026595744680851063, "count": 1, "pos": [109]}, "forc": {"prob": 0.0026595744680851063, "count": 1, "pos": [110]}, "led": {"prob": 0.0026595744680851063, "count": 1, "pos": [111]}, "agent": {"prob": 0.005319148936170213, "count": 2, "pos": [115, 167]}, "charg": {"prob": 0.0026595744680851063, "count": 1, "pos": [117]}, "abbi": {"prob": 0.0026595744680851063, "count": 1, "pos": [118]}, "durrel": {"prob": 0.0026595744680851063, "count": 1, "pos": [119]}, "it": {"prob": 0.0026595744680851063, "count": 1, "pos": [120]}, "himself": {"prob": 0.0026595744680851063, "count": 1, "pos": [123]}, "howev": {"prob": 0.0026595744680851063, "count": 1, "pos": [124]}, "locat": {"prob": 0.0026595744680851063, "count": 1, "pos": [126]}, "track": {"prob": 0.005319148936170213, "count": 2, "pos": [131, 278]}, "him": {"prob": 0.013297872340425532, "count": 5, "pos": [132, 184, 285, 349, 373]}, "find": {"prob": 0.0026595744680851063, "count": 1, "pos": [134]}, "subterranean": {"prob": 0.0026595744680851063, "count": 1, "pos": [136]}, "den": {"prob": 0.0026595744680851063, "count": 1, "pos": [137]}, "which": {"prob": 0.005319148936170213, "count": 2, "pos": [139, 156]}, "he": {"prob": 0.013297872340425532, "count": 5, "pos": [140, 174, 186, 193, 365]}, "been": {"prob": 0.0026595744680851063, "count": 1, "pos": [141]}, "inten": {"prob": 0.005319148936170213, "count": 2, "pos": [145, 326]}, "stand": {"prob": 0.0026595744680851063, "count": 1, "pos": [146]}, "off": {"prob": 0.0026595744680851063, "count": 1, "pos": [147]}, "struggl": {"prob": 0.0026595744680851063, "count": 1, "pos": [150]}, "quick": {"prob": 0.005319148936170213, "count": 2, "pos": [153, 313]}, "fight": {"prob": 0.005319148936170213, "count": 2, "pos": [154, 328]}, "injur": {"prob": 0.0026595744680851063, "count": 1, "pos": [159]}, "captur": {"prob": 0.0026595744680851063, "count": 1, "pos": [163]}, "arriv": {"prob": 0.010638297872340425, "count": 4, "pos": [166, 216, 267, 356]}, "dure": {"prob": 0.0026595744680851063, "count": 1, "pos": [168]}, "interrog": {"prob": 0.0026595744680851063, "count": 1, "pos": [170]}, "state": {"prob": 0.0026595744680851063, "count": 1, "pos": [172]}, "that": {"prob": 0.007978723404255319, "count": 3, "pos": [173, 297, 369]}, "went": {"prob": 0.0026595744680851063, "count": 1, "pos": [175]},