{"__total__": 370, "__name__": "doc_16_55_Days_at_Peking.txt", "55": {"prob": 0.002702702702702703, "count": 1, "pos": [0]}, "day": {"prob": 0.002702702702702703, "count": 1, "pos": [1]}, "at": {"prob": 0.005405405405405406, "count": 2, "pos": [2, 218]}, "peke": {"prob": 0.016216216216216217, "count": 6, "pos": [3, 16, 104, 109, 151, 253]}, "is": {"prob": 0.008108108108108109, "count": 3, "pos": [4, 175, 209]}, "a": {"prob": 0.01891891891891892, "count": 7, "pos": [5, 114, 139, 164, 184, 271, 355]}, "dramat": {"prob": 0.002702702702702703, "count": 1, "pos": [6]}, "of": {"prob": 0.051351351351351354, "count": 19, "pos": [7, 10, 73, 79, 81, 92, 99, 103, 116, 141, 171, 224, 230, 245, 252, 260, 283, 299, 343]}, "the": {"prob": 0.13513513513513514, "count": 50, "pos": [8, 11, 18, 32, 38, 49, 65, 67, 71, 74, 77, 82, 86, 90, 93, 96, 100, 105, 119, 147, 153, 156, 160, 169, 176, 190, 212, 216, 219, 222, 228, 231, 239, 243, 246, 250, 257, 261, 274, 284, 300, 303, 315, 332, 336, 339, 344, 358, 362, 367]}, "sieg": {"prob": 0.010810810810810811, "count": 4, "pos": [9, 50, 217, 244]}, "foreign": {"prob": 0.024324324324324326, "count": 9, "pos": [12, 30, 44, 56, 83, 106, 148, 247, 363]}, "legat": {"prob": 0.008108108108108109, "count": 3, "pos": [13, 75, 101]}, "compound": {"prob": 0.013513513513513514, "count": 5, "pos": [14, 149, 155, 220, 248]}, "in": {"prob": 0.024324324324324326, "count": 9, "pos": [15, 24, 108, 113, 125, 150, 168, 278, 290]}, "dure": {"prob": 0.002702702702702703, "count": 1, "pos": [17]}, "boxer": {"prob": 0.013513513513513514, "count": 5, "pos": [19, 39, 120, 213, 345]}, "rebellion": {"prob": 0.010810810810810811, "count": 4, "pos": [20, 66, 240, 346]}, "which": {"prob": 0.008108108108108109, "count": 3, "pos": [21, 59, 264]}, "took": {"prob": 0.002702702702702703, "count": 1, "pos": [22]}, "place": {"prob": 0.002702702702702703, "count": 1, "pos": [23]}, "1900": {"prob": 0.002702702702702703, "count": 1, "pos": [25]}, "china": {"prob": 0.008108108108108109, "count": 3, "pos": [26, 46, 267]}, "fed": {"prob": 0.002702702702702703, "count": 1, "pos": [27]}, "up": {"prob": 0.002702702702702703, "count": 1, "pos": [28]}, "by": {"prob": 0.010810810810810811, "count": 4, "pos": [29, 55, 95, 312]}, "encroach": {"prob": 0.002702702702702703, "count": 1, "pos": [31]}, "dowag": {"prob": 0.005405405405405406, "count": 2, "pos": [33, 305]}, "empress": {"prob": 0.008108108108108109, "count": 3, "pos": [34, 206, 304]}, "tzu": {"prob": 0.005405405405405406, "count": 2, "pos": [35, 207]}, "hsi": {"prob": 0.005405405405405406, "count": 2, "pos": [36, 208]}, "use": {"prob": 0.002702702702702703, "count": 1, "pos": [37]}, "secret": {"prob": 0.002702702702702703, "count": 1, "pos": [40]}, "societi": {"prob": 0.002702702702702703, "count": 1, "pos": [41]}, "to": {"prob": 0.024324324324324326, "count": 9, "pos": [42, 48, 62, 89, 198, 214, 236, 296, 357]}, "attack": {"prob": 0.002702702702702703, "count": 1, "pos": [43]}, "within": {"prob": 0.002702702702702703, "count": 1, "pos": [45]}, "lead": {"prob": 0.002702702702702703, "count": 1, "pos": [47]}, "and": {"prob": 0.02702702702702703, "count": 10, "pos": [51, 85, 144, 194, 241, 270, 293, 306, 329, 334]}, "subsequ": {"prob": 0.002702702702702703, "count": 1, "pos": [52]}, "direct": {"prob": 0.002702702702702703, "count": 1, "pos": [53]}, "interv": {"prob": 0.002702702702702703, "count": 1, "pos": [54]}, "expeditionari": {"prob": 0.002702702702702703, "count": 1, "pos": [57]}, "forc": {"prob": 0.005405405405405406, "count": 2, "pos": [58, 229]}, "were": {"prob": 0.002702702702702703, "count": 1, "pos": [60]}, "dispatch": {"prob": 0.002702702702702703, "count": 1, "pos": [61]}, "put": {"prob": 0.005405405405405406, "count": 2, "pos": [63, 237]}, "down": {"prob": 0.005405405405405406, "count": 2, "pos": [64, 238]}, "film": {"prob": 0.005405405405405406, "count": 2, "pos": [68, 337]}, "concentr": {"prob": 0.002702702702702703, "count": 1, "pos": [69]}, "on": {"prob": 0.010810810810810811, "count": 4, "pos": [70, 348, 352, 366]}, "defen": {"prob": 0.008108108108108109, "count": 3, "pos": [72, 94, 165]}, "from": {"prob": 0.002702702702702703, "count": 1, "pos": [76]}, "point": {"prob": 0.002702702702702703, "count": 1, "pos": [78]}, "view": {"prob": 0.002702702702702703, "count": 1, "pos": [80]}, "power": {"prob": 0.005405405405405406, "count": 2, "pos": [84, 98]}, "titl": {"prob": 0.002702702702702703, "count": 1, "pos": [87]}, "refer": {"prob": 0.002702702702702703, "count": 1, "pos": [88]}, "length": {"prob": 0.002702702702702703, "count": 1, "pos": [91]}, "coloni": {"prob": 0.002702702702702703, "count": 1, "pos": [97]}, "district": {"prob": 0.002702702702702703, "count": 1, "pos": [102]}, "embassi": {"prob": 0.002702702702702703, "count": 1, "pos": [107]}, "are": {"prob": 0.016216216216216217, "count": 6, "pos": [110, 276, 310, 317, 325, 327]}, "be": {"prob": 0.005405405405405406, "count": 2, "pos": [111, 354]}, "held": {"prob": 0.002702702702702703, "count": 1, "pos": [112]}, "grip": {"prob": 0.002702702702702703, "count": 1, "pos": [115]}, "terror": {"prob": 0.002702702702702703, "count": 1, "pos": [117]}, "as": {"prob": 0.005405405405405406, "count": 2, "pos": [118, 189]}, "set": {"prob": 0.002702702702702703, "count": 1, "pos": [121]}, "about": {"prob": 0.002702702702702703, "count": 1, "pos": [122]}, "massacr": {"prob": 0.002702702702702703, "count": 1, "pos": [123]}, "christian": {"prob": 0.008108108108108109, "count": 3, "pos": [124, 128, 341]}, "an": {"prob": 0.002702702702702703, "count": 1, "pos": [126]}, "anti": {"prob": 0.005405405405405406, "count": 2, "pos": [127, 340]}, "nationalist": {"prob": 0.002702702702702703, "count": 1, "pos": [129]}, "fever": {"prob": 0.002702702702702703, "count": 1, "pos": [130]}, "unit": {"prob": 0.002702702702702703, "count": 1, "pos": [131]}, "state": {"prob": 0.002702702702702703, "count": 1, "pos": [132]}, "marin": {"prob": 0.005405405405405406, "count": 2, "pos": [133, 145]}, "corp": {"prob": 0.002702702702702703, "count": 1, "pos": [134]}, "major": {"prob": 0.002702702702702703, "count": 1, "pos": [135]}, "matt": {"prob": 0.002702702702702703, "count": 1, "pos": [136]}, "lewi": {"prob": 0.005405405405405406, "count": 2, "pos": [137, 188]}, "head": {"prob": 0.002702702702702703, "count": 1, "pos": [138]}, "cont": {"prob": 0.002702702702702703, "count": 1, "pos": [140]}, "multin": {"prob": 0.002702702702702703, "count": 1, "pos": [142]}, "soldier": {"prob": 0.002702702702702703, "count": 1, "pos": [143]}, "defend": {"prob": 0.002702702702702703, "count": 1, "pos": [146]}, "insid": {"prob": 0.002702702702702703, "count": 1, "pos": [152]}, "besieg": {"prob": 0.002702702702702703, "count": 1, "pos": [154]}, "british": {"prob": 0.002702702702702703, "count": 1, "pos": [157]}, "ambassador": {"prob": 0.005405405405405406, "count": 2, "pos": [158, 162]}, "gather": {"prob": 0.002702702702702703, "count": 1, "pos": [159]}, "beleagu": {"prob": 0.002702702702702703, "count": 1, "pos": [161]}, "into": {"prob": 0.002702702702702703, "count": 1, "pos": [163]}, "format": {"prob": 0.002702702702702703, "count": 1, "pos": [166]}, "includ": {"prob": 0.005405405405405406, "count": 2, "pos": [167, 302]}, "group": {"prob": 0.005405405405405406, "count": 2, "pos": [170, 191]}, "high": {"prob": 0.002702702702702703, "count": 1, "pos": [172]}, "level": {"prob": 0.002702702702702703, "count": 1, "pos": [173]}, "dignitari": {"prob": 0.002702702702702703, "count": 1, "pos": [174]}, "sultri": {"prob": 0.002702702702702703, "count": 1, "pos": [177]}, "russian": {"prob": 0.002702702702702703, "count": 1, "pos": [178]}, "baro": {"prob": 0.002702702702702703, "count": 1, "pos": [179]}, "natali": {"prob": 0.002702702702702703, "count": 1, "pos": [180]}, "ivanoff": {"prob": 0.002702702702702703, "count": 1, "pos": [181]}, "who": {"prob": 0.002702702702702703, "count": 1, "pos": [182]}, "begin": {"prob": 0.002702702702702703, "count": 1, "pos": [183]}, "romant": {"prob": 0.002702702702702703,