{"__total__": 66, "__name__": "doc_1605_The_Informer_1935.txt", "a": {"prob": 0.030303030303030304, "count": 2, "pos": [0, 17]}, "brutish": {"prob": 0.015151515151515152, "count": 1, "pos": [1]}, "but": {"prob": 0.015151515151515152, "count": 1, "pos": [2]}, "well": {"prob": 0.015151515151515152, "count": 1, "pos": [3]}, "mean": {"prob": 0.015151515151515152, "count": 1, "pos": [4]}, "irishman": {"prob": 0.015151515151515152, "count": 1, "pos": [5]}, "gypo": {"prob": 0.015151515151515152, "count": 1, "pos": [6]}, "nolan": {"prob": 0.015151515151515152, "count": 1, "pos": [7]}, "inform": {"prob": 0.015151515151515152, "count": 1, "pos": [8]}, "on": {"prob": 0.015151515151515152, "count": 1, "pos": [9]}, "hi": {"prob": 0.045454545454545456, "count": 3, "pos": [10, 46, 53]}, "best": {"prob": 0.015151515151515152, "count": 1, "pos": [11]}, "friend": {"prob": 0.015151515151515152, "count": 1, "pos": [12]}, "franki": {"prob": 0.015151515151515152, "count": 1, "pos": [13]}, "mcphillip": {"prob": 0.015151515151515152, "count": 1, "pos": [14]}, "who": {"prob": 0.015151515151515152, "count": 1, "pos": [15]}, "is": {"prob": 0.015151515151515152, "count": 1, "pos": [16]}, "member": {"prob": 0.015151515151515152, "count": 1, "pos": [18]}, "of": {"prob": 0.030303030303030304, "count": 2, "pos": [19, 31]}, "the": {"prob": 0.07575757575757576, "count": 5, "pos": [20, 29, 36, 42, 50]}, "illeg": {"prob": 0.015151515151515152, "count": 1, "pos": [21]}, "irish": {"prob": 0.030303030303030304, "count": 2, "pos": [22, 37]}, "republican": {"prob": 0.015151515151515152, "count": 1, "pos": [23]}, "armi": {"prob": 0.015151515151515152, "count": 1, "pos": [24]}, "in": {"prob": 0.015151515151515152, "count": 1, "pos": [25]}, "order": {"prob": 0.015151515151515152, "count": 1, "pos": [26]}, "to": {"prob": 0.045454545454545456, "count": 3, "pos": [27, 41, 62]}, "collect": {"prob": 0.015151515151515152, "count": 1, "pos": [28]}, "reward": {"prob": 0.015151515151515152, "count": 1, "pos": [30]}, "\u00e2": {"prob": 0.015151515151515152, "count": 1, "pos": [32]}, "20": {"prob": 0.015151515151515152, "count": 1, "pos": [33]}, "offer": {"prob": 0.015151515151515152, "count": 1, "pos": [34]}, "by": {"prob": 0.015151515151515152, "count": 1, "pos": [35]}, "govern": {"prob": 0.015151515151515152, "count": 1, "pos": [38]}, "and": {"prob": 0.015151515151515152, "count": 1, "pos": [39]}, "sail": {"prob": 0.015151515151515152, "count": 1, "pos": [40]}, "unit": {"prob": 0.015151515151515152, "count": 1, "pos": [43]}, "state": {"prob": 0.015151515151515152, "count": 1, "pos": [44]}, "with": {"prob": 0.015151515151515152, "count": 1, "pos": [45]}, "girlfriend": {"prob": 0.015151515151515152, "count": 1, "pos": [47]}, "kati": {"prob": 0.015151515151515152, "count": 1, "pos": [48]}, "madden": {"prob": 0.015151515151515152, "count": 1, "pos": [49]}, "film": {"prob": 0.015151515151515152, "count": 1, "pos": [51]}, "trace": {"prob": 0.015151515151515152, "count": 1, "pos": [52]}, "conscienc": {"prob": 0.015151515151515152, "count": 1, "pos": [54]}, "stricken": {"prob": 0.015151515151515152, "count": 1, "pos": [55]}, "emot": {"prob": 0.015151515151515152, "count": 1, "pos": [56]}, "disintegr": {"prob": 0.015151515151515152, "count": 1, "pos": [57]}, "that": {"prob": 0.015151515151515152, "count": 1, "pos": [58]}, "eventu": {"prob": 0.015151515151515152, "count": 1, "pos": [59]}, "lead": {"prob": 0.015151515151515152, "count": 1, "pos": [60]}, "him": {"prob": 0.015151515151515152, "count": 1, "pos": [61]}, "give": {"prob": 0.015151515151515152, "count": 1, "pos": [63]}, "himself": {"prob": 0.015151515151515152, "count": 1, "pos": [64]}, "away": {"prob": 0.015151515151515152, "count": 1, "pos": [65]}}