{"__total__": 446, "__name__": "doc_1606_The_Inn_of_the_Sixth_Happiness.txt", "the": {"prob": 0.08520179372197309, "count": 38, "pos": [0, 21, 34, 45, 58, 63, 69, 82, 120, 122, 132, 140, 157, 166, 186, 189, 196, 218, 237, 242, 244, 265, 270, 274, 286, 294, 297, 317, 355, 366, 374, 383, 395, 397, 420, 424, 433, 436]}, "stori": {"prob": 0.004484304932735426, "count": 2, "pos": [1, 118]}, "begin": {"prob": 0.002242152466367713, "count": 1, "pos": [2]}, "with": {"prob": 0.011210762331838564, "count": 5, "pos": [3, 40, 264, 370, 423]}, "aylward": {"prob": 0.020179372197309416, "count": 9, "pos": [4, 49, 125, 144, 207, 255, 339, 402, 430]}, "be": {"prob": 0.004484304932735426, "count": 2, "pos": [5, 202]}, "reject": {"prob": 0.004484304932735426, "count": 2, "pos": [6, 413]}, "as": {"prob": 0.02242152466367713, "count": 10, "pos": [7, 92, 150, 182, 192, 194, 217, 236, 324, 415]}, "a": {"prob": 0.03139013452914798, "count": 14, "pos": [8, 31, 37, 55, 90, 95, 113, 145, 179, 335, 352, 364, 386, 416]}, "potenti": {"prob": 0.002242152466367713, "count": 1, "pos": [9]}, "missionari": {"prob": 0.008968609865470852, "count": 4, "pos": [10, 23, 97, 417]}, "to": {"prob": 0.042600896860986545, "count": 19, "pos": [11, 53, 68, 94, 154, 176, 212, 240, 251, 253, 280, 292, 296, 305, 328, 346, 380, 400, 441]}, "china": {"prob": 0.008968609865470852, "count": 4, "pos": [12, 43, 78, 200]}, "becaus": {"prob": 0.004484304932735426, "count": 2, "pos": [13, 71]}, "of": {"prob": 0.02242152466367713, "count": 10, "pos": [14, 17, 36, 84, 160, 188, 195, 220, 273, 426]}, "her": {"prob": 0.02242152466367713, "count": 10, "pos": [15, 27, 30, 51, 129, 185, 234, 257, 284, 414]}, "lack": {"prob": 0.002242152466367713, "count": 1, "pos": [16]}, "educ": {"prob": 0.002242152466367713, "count": 1, "pos": [18]}, "dr": {"prob": 0.004484304932735426, "count": 2, "pos": [19, 406]}, "robinson": {"prob": 0.004484304932735426, "count": 2, "pos": [20, 407]}, "senior": {"prob": 0.002242152466367713, "count": 1, "pos": [22]}, "feel": {"prob": 0.002242152466367713, "count": 1, "pos": [24]}, "sorri": {"prob": 0.002242152466367713, "count": 1, "pos": [25]}, "for": {"prob": 0.006726457399103139, "count": 3, "pos": [26, 106, 289]}, "and": {"prob": 0.017937219730941704, "count": 8, "pos": [28, 116, 174, 206, 216, 256, 340, 373]}, "secur": {"prob": 0.004484304932735426, "count": 2, "pos": [29, 89]}, "posit": {"prob": 0.002242152466367713, "count": 1, "pos": [32]}, "in": {"prob": 0.020179372197309416, "count": 9, "pos": [33, 42, 77, 81, 128, 137, 165, 172, 233]}, "home": {"prob": 0.002242152466367713, "count": 1, "pos": [35]}, "veteran": {"prob": 0.004484304932735426, "count": 2, "pos": [38, 96]}, "explor": {"prob": 0.002242152466367713, "count": 1, "pos": [39]}, "contact": {"prob": 0.002242152466367713, "count": 1, "pos": [41]}, "over": {"prob": 0.004484304932735426, "count": 2, "pos": [44, 131]}, "next": {"prob": 0.004484304932735426, "count": 2, "pos": [46, 298]}, "few": {"prob": 0.002242152466367713, "count": 1, "pos": [47]}, "month": {"prob": 0.002242152466367713, "count": 1, "pos": [48]}, "save": {"prob": 0.002242152466367713, "count": 1, "pos": [50]}, "money": {"prob": 0.002242152466367713, "count": 1, "pos": [52]}, "purcha": {"prob": 0.002242152466367713, "count": 1, "pos": [54]}, "ticket": {"prob": 0.002242152466367713, "count": 1, "pos": [56]}, "on": {"prob": 0.011210762331838564, "count": 5, "pos": [57, 287, 351, 360, 394]}, "tran": {"prob": 0.002242152466367713, "count": 1, "pos": [59]}, "siberian": {"prob": 0.002242152466367713, "count": 1, "pos": [60]}, "railway": {"prob": 0.002242152466367713, "count": 1, "pos": [61]}, "choo": {"prob": 0.002242152466367713, "count": 1, "pos": [62]}, "more": {"prob": 0.002242152466367713, "count": 1, "pos": [64]}, "danger": {"prob": 0.002242152466367713, "count": 1, "pos": [65]}, "overland": {"prob": 0.002242152466367713, "count": 1, "pos": [66]}, "rout": {"prob": 0.002242152466367713, "count": 1, "pos": [67]}, "east": {"prob": 0.002242152466367713, "count": 1, "pos": [70]}, "it": {"prob": 0.004484304932735426, "count": 2, "pos": [72, 358]}, "is": {"prob": 0.017937219730941704, "count": 8, "pos": [73, 163, 201, 208, 249, 260, 291, 403]}, "less": {"prob": 0.002242152466367713, "count": 1, "pos": [74]}, "expen": {"prob": 0.002242152466367713, "count": 1, "pos": [75]}, "onc": {"prob": 0.002242152466367713, "count": 1, "pos": [76]}, "she": {"prob": 0.020179372197309416, "count": 9, "pos": [79, 88, 170, 214, 226, 229, 259, 278, 409]}, "settl": {"prob": 0.002242152466367713, "count": 1, "pos": [80]}, "town": {"prob": 0.011210762331838564, "count": 5, "pos": [83, 219, 243, 337, 434]}, "yang": {"prob": 0.004484304932735426, "count": 2, "pos": [85, 221]}, "cheng": {"prob": 0.004484304932735426, "count": 2, "pos": [86, 222]}, "where": {"prob": 0.006726457399103139, "count": 3, "pos": [87, 109, 300]}, "post": {"prob": 0.002242152466367713, "count": 1, "pos": [91]}, "assist": {"prob": 0.002242152466367713, "count": 1, "pos": [93]}, "jeanni": {"prob": 0.002242152466367713, "count": 1, "pos": [98]}, "lawson": {"prob": 0.004484304932735426, "count": 2, "pos": [99, 135]}, "who": {"prob": 0.002242152466367713, "count": 1, "pos": [100]}, "ha": {"prob": 0.006726457399103139, "count": 3, "pos": [101, 230, 376]}, "set": {"prob": 0.002242152466367713, "count": 1, "pos": [102]}, "up": {"prob": 0.004484304932735426, "count": 2, "pos": [103, 443]}, "an": {"prob": 0.004484304932735426, "count": 2, "pos": [104, 138]}, "inn": {"prob": 0.004484304932735426, "count": 2, "pos": [105, 133]}, "travel": {"prob": 0.002242152466367713, "count": 1, "pos": [107]}, "merchant": {"prob": 0.002242152466367713, "count": 1, "pos": [108]}, "they": {"prob": 0.008968609865470852, "count": 4, "pos": [110, 308, 325, 390]}, "can": {"prob": 0.002242152466367713, "count": 1, "pos": [111]}, "get": {"prob": 0.004484304932735426, "count": 2, "pos": [112, 310]}, "hot": {"prob": 0.002242152466367713, "count": 1, "pos": [114]}, "meal": {"prob": 0.002242152466367713, "count": 1, "pos": [115]}, "hear": {"prob": 0.002242152466367713, "count": 1, "pos": [117]}, "from": {"prob": 0.004484304932735426, "count": 2, "pos": [119, 334]}, "bibl": {"prob": 0.002242152466367713, "count": 1, "pos": [121]}, "film": {"prob": 0.004484304932735426, "count": 2, "pos": [123, 421]}, "follow": {"prob": 0.002242152466367713, "count": 1, "pos": [124]}, "accultur": {"prob": 0.002242152466367713, "count": 1, "pos": [126]}, "culmin": {"prob": 0.004484304932735426, "count": 2, "pos": [127, 422]}, "take": {"prob": 0.004484304932735426, "count": 2, "pos": [130, 293]}, "when": {"prob": 0.002242152466367713, "count": 1, "pos": [134]}, "die": {"prob": 0.002242152466367713, "count": 1, "pos": [136]}, "accid": {"prob": 0.002242152466367713, "count": 1, "pos": [139]}, "local": {"prob": 0.004484304932735426, "count": 2, "pos": [141, 190]}, "mandarin": {"prob": 0.006726457399103139, "count": 3, "pos": [142, 197, 245]}, "appoint": {"prob": 0.002242152466367713, "count": 1, "pos": [143]}, "stubborn": {"prob": 0.002242152466367713, "count": 1, "pos": [146]}, "but": {"prob": 0.008968609865470852, "count": 4, "pos": [147, 307, 345, 379]}, "endear": {"prob": 0.002242152466367713, "count": 1, "pos": [148]}, "woman": {"prob": 0.002242152466367713, "count": 1, "pos": [149]}, "hi": {"prob": 0.002242152466367713, "count": 1, "pos": [151]}, "foot": {"prob": 0.004484304932735426, "count": 2, "pos": [152, 161]}, "inspector": {"prob": 0.002242152466367713, "count": 1, "pos": [153]}, "ensur": {"prob": 0.002242152466367713, "count": 1, "pos": [155]}, "that": {"prob": 0.011210762331838564, "count": 5, "pos": [156, 228, 247, 277, 285]}, "ancient": {"prob": 0.002242152466367713, "count": 1, "pos": [158]}, "practic": {"prob": 0.002242152466367713, "count": 1, "pos": [159]}, "bind": {"prob": 0.002242152466367713, "count": 1, "pos": [162]}, "erad": {"prob": 0.002242152466367713, "count": 1, "pos": [164]}, "region": {"prob": 0.002242152466367713, "count": 1, "pos": [167]},