{"__total__": 637, "__name__": "doc_1612_The_Jolson_Story.txt", "american": {"prob": 0.0015698587127158557, "count": 1, "pos": [0]}, "burlesqu": {"prob": 0.0031397174254317113, "count": 2, "pos": [1, 88]}, "perform": {"prob": 0.0031397174254317113, "count": 2, "pos": [2, 244]}, "steve": {"prob": 0.007849293563579277, "count": 5, "pos": [3, 30, 73, 135, 219]}, "martin": {"prob": 0.004709576138147566, "count": 3, "pos": [4, 74, 136]}, "offer": {"prob": 0.0031397174254317113, "count": 2, "pos": [5, 514]}, "to": {"prob": 0.03767660910518053, "count": 24, "pos": [6, 16, 67, 95, 104, 110, 118, 124, 157, 170, 200, 216, 353, 420, 463, 471, 507, 530, 542, 553, 578, 590, 607, 622]}, "play": {"prob": 0.0015698587127158557, "count": 1, "pos": [7]}, "a": {"prob": 0.02197802197802198, "count": 14, "pos": [8, 24, 125, 249, 320, 339, 347, 388, 412, 479, 554, 573, 602, 627]}, "song": {"prob": 0.004709576138147566, "count": 3, "pos": [9, 191, 574]}, "for": {"prob": 0.007849293563579277, "count": 5, "pos": [10, 127, 408, 521, 544]}, "hi": {"prob": 0.023547880690737835, "count": 15, "pos": [11, 49, 61, 99, 203, 238, 241, 263, 292, 329, 355, 362, 366, 618, 623]}, "audienc": {"prob": 0.004709576138147566, "count": 3, "pos": [12, 235, 276]}, "if": {"prob": 0.0015698587127158557, "count": 1, "pos": [13]}, "they": {"prob": 0.0141287284144427, "count": 9, "pos": [14, 142, 154, 222, 431, 476, 505, 528, 551]}, "agr": {"prob": 0.0031397174254317113, "count": 2, "pos": [15, 423]}, "sing": {"prob": 0.015698587127158554, "count": 10, "pos": [17, 23, 44, 85, 190, 519, 543, 591, 626, 631]}, "along": {"prob": 0.0015698587127158557, "count": 1, "pos": [18]}, "on": {"prob": 0.015698587127158554, "count": 10, "pos": [19, 184, 225, 231, 261, 286, 360, 385, 411, 572]}, "one": {"prob": 0.004709576138147566, "count": 3, "pos": [20, 295, 526]}, "person": {"prob": 0.0015698587127158557, "count": 1, "pos": [21]}, "doe": {"prob": 0.004709576138147566, "count": 3, "pos": [22, 332, 426]}, "young": {"prob": 0.0015698587127158557, "count": 1, "pos": [25]}, "boy": {"prob": 0.004709576138147566, "count": 3, "pos": [26, 36, 128]}, "name": {"prob": 0.004709576138147566, "count": 3, "pos": [27, 242, 399]}, "asa": {"prob": 0.02197802197802198, "count": 14, "pos": [28, 39, 53, 64, 84, 94, 107, 139, 144, 162, 172, 186, 229, 236]}, "yoelson": {"prob": 0.007849293563579277, "count": 5, "pos": [29, 52, 77, 102, 539]}, "is": {"prob": 0.02197802197802198, "count": 14, "pos": [31, 57, 65, 108, 122, 212, 298, 345, 403, 451, 460, 563, 584, 595]}, "bowl": {"prob": 0.0015698587127158557, "count": 1, "pos": [32]}, "over": {"prob": 0.0015698587127158557, "count": 1, "pos": [33]}, "by": {"prob": 0.004709576138147566, "count": 3, "pos": [34, 60, 439]}, "the": {"prob": 0.03139717425431711, "count": 20, "pos": [35, 46, 76, 87, 113, 129, 182, 192, 196, 234, 275, 304, 378, 383, 436, 508, 532, 569, 580, 613]}, "voic": {"prob": 0.0031397174254317113, "count": 2, "pos": [37, 204]}, "but": {"prob": 0.012558869701726845, "count": 8, "pos": [38, 72, 211, 331, 449, 482, 525, 568]}, "realiz": {"prob": 0.004709576138147566, "count": 3, "pos": [40, 278, 593]}, "he": {"prob": 0.03924646781789639, "count": 25, "pos": [41, 70, 79, 82, 92, 121, 148, 174, 207, 243, 302, 309, 315, 318, 337, 371, 376, 418, 459, 493, 502, 576, 588, 594, 598]}, "should": {"prob": 0.0015698587127158557, "count": 1, "pos": [42]}, "be": {"prob": 0.007849293563579277, "count": 5, "pos": [43, 96, 111, 168, 566]}, "at": {"prob": 0.007849293563579277, "count": 5, "pos": [45, 86, 248, 387, 405]}, "synagogu": {"prob": 0.0015698587127158557, "count": 1, "pos": [47]}, "with": {"prob": 0.006279434850863423, "count": 4, "pos": [48, 189, 447, 473]}, "father": {"prob": 0.004709576138147566, "count": 3, "pos": [50, 63, 132]}, "cantor": {"prob": 0.0015698587127158557, "count": 1, "pos": [51]}, "arriv": {"prob": 0.0015698587127158557, "count": 1, "pos": [54]}, "late": {"prob": 0.0015698587127158557, "count": 1, "pos": [55]}, "and": {"prob": 0.03767660910518053, "count": 24, "pos": [56, 90, 115, 137, 198, 214, 240, 258, 270, 288, 370, 381, 396, 410, 465, 475, 501, 515, 523, 546, 556, 587, 605, 615]}, "later": {"prob": 0.0015698587127158557, "count": 1, "pos": [58]}, "reprimand": {"prob": 0.0015698587127158557, "count": 1, "pos": [59]}, "strict": {"prob": 0.0015698587127158557, "count": 1, "pos": [62]}, "reluct": {"prob": 0.0015698587127158557, "count": 1, "pos": [66]}, "explain": {"prob": 0.0031397174254317113, "count": 2, "pos": [68, 80]}, "where": {"prob": 0.0031397174254317113, "count": 2, "pos": [69, 120]}, "wa": {"prob": 0.006279434850863423, "count": 4, "pos": [71, 281, 285, 633]}, "visit": {"prob": 0.0031397174254317113, "count": 2, "pos": [75, 328]}, "home": {"prob": 0.004709576138147566, "count": 3, "pos": [78, 126, 218]}, "that": {"prob": 0.01726844583987441, "count": 11, "pos": [81, 91, 147, 165, 221, 279, 314, 317, 322, 375, 492]}, "heard": {"prob": 0.0015698587127158557, "count": 1, "pos": [83]}, "hous": {"prob": 0.0015698587127158557, "count": 1, "pos": [89]}, "want": {"prob": 0.006279434850863423, "count": 4, "pos": [93, 175, 215, 462]}, "part": {"prob": 0.0015698587127158557, "count": 1, "pos": [97]}, "of": {"prob": 0.009419152276295133, "count": 6, "pos": [98, 455, 535, 565, 612, 617]}, "act": {"prob": 0.0031397174254317113, "count": 2, "pos": [100, 114]}, "papa": {"prob": 0.0031397174254317113, "count": 2, "pos": [101, 538]}, "refus": {"prob": 0.0031397174254317113, "count": 2, "pos": [103, 511]}, "consid": {"prob": 0.0015698587127158557, "count": 1, "pos": [105]}, "it": {"prob": 0.01098901098901099, "count": 7, "pos": [106, 166, 280, 311, 402, 474, 583]}, "determin": {"prob": 0.0015698587127158557, "count": 1, "pos": [109]}, "in": {"prob": 0.012558869701726845, "count": 8, "pos": [112, 233, 262, 274, 445, 478, 601, 635]}, "run": {"prob": 0.004709576138147566, "count": 3, "pos": [116, 151, 179]}, "away": {"prob": 0.004709576138147566, "count": 3, "pos": [117, 152, 180]}, "baltimor": {"prob": 0.0015698587127158557, "count": 1, "pos": [119]}, "taken": {"prob": 0.0015698587127158557, "count": 1, "pos": [123]}, "kind": {"prob": 0.0015698587127158557, "count": 1, "pos": [130]}, "superintend": {"prob": 0.0015698587127158557, "count": 1, "pos": [131]}, "mcgee": {"prob": 0.0015698587127158557, "count": 1, "pos": [133]}, "find": {"prob": 0.0015698587127158557, "count": 1, "pos": [134]}, "notifi": {"prob": 0.0015698587127158557, "count": 1, "pos": [138]}, "parent": {"prob": 0.004709576138147566, "count": 3, "pos": [140, 330, 537]}, "when": {"prob": 0.004709576138147566, "count": 3, "pos": [141, 202, 301]}, "appear": {"prob": 0.0015698587127158557, "count": 1, "pos": [143]}, "tell": {"prob": 0.0015698587127158557, "count": 1, "pos": [145]}, "them": {"prob": 0.0031397174254317113, "count": 2, "pos": [146, 545]}, "will": {"prob": 0.0031397174254317113, "count": 2, "pos": [149, 517]}, "keep": {"prob": 0.0015698587127158557, "count": 1, "pos": [150]}, "until": {"prob": 0.0015698587127158557, "count": 1, "pos": [153]}, "allow": {"prob": 0.0015698587127158557, "count": 1, "pos": [155]}, "him": {"prob": 0.01098901098901099, "count": 7, "pos": [156, 178, 290, 326, 429, 448, 541]}, "go": {"prob": 0.004709576138147566, "count": 3, "pos": [158, 217, 552]}, "into": {"prob": 0.0015698587127158557, "count": 1, "pos": [159]}, "show": {"prob": 0.0141287284144427, "count": 9, "pos": [160, 250, 294, 321, 357, 384, 456, 499, 561]}, "busi": {"prob": 0.004709576138147566, "count": 3, "pos": [161, 457, 500]}, "mother": {"prob": 0.0015698587127158557, "count": 1, "pos": [163]}, "believ": {"prob": 0.0015698587127158557, "count": 1, "pos": [164]}, "would": {"prob": 0.0031397174254317113, "count": 2, "pos": [167, 494]}, "better": {"prob": 0.0015698587127158557, "count": 1, "pos": [169]}, "give": {"prob": 0.0015698587127158557, "count": 1, "pos": [171]}, "what": {"prob": 0.0015698587127158557, "count": 1, "pos": [173]}, "than": {"prob": 0.004709576138147566, "count": 3, "pos": [176, 498, 597]},