{"__total__": 365, "__name__": "doc_1617_The_Killing.txt", "johnni": {"prob": 0.01643835616438356, "count": 6, "pos": [0, 189, 195, 223, 297, 340]}, "clay": {"prob": 0.0027397260273972603, "count": 1, "pos": [1]}, "is": {"prob": 0.021917808219178082, "count": 8, "pos": [2, 99, 147, 166, 171, 211, 240, 349]}, "a": {"prob": 0.038356164383561646, "count": 14, "pos": [3, 29, 32, 37, 41, 44, 54, 68, 76, 83, 203, 207, 313, 336]}, "veteran": {"prob": 0.0027397260273972603, "count": 1, "pos": [4]}, "crimin": {"prob": 0.0027397260273972603, "count": 1, "pos": [5]}, "plan": {"prob": 0.005479452054794521, "count": 2, "pos": [6, 17]}, "one": {"prob": 0.0027397260273972603, "count": 1, "pos": [7]}, "last": {"prob": 0.0027397260273972603, "count": 1, "pos": [8]}, "heist": {"prob": 0.005479452054794521, "count": 2, "pos": [9, 165]}, "befor": {"prob": 0.00821917808219178, "count": 3, "pos": [10, 194, 221]}, "settl": {"prob": 0.0027397260273972603, "count": 1, "pos": [11]}, "down": {"prob": 0.0027397260273972603, "count": 1, "pos": [12]}, "and": {"prob": 0.0410958904109589, "count": 15, "pos": [13, 82, 120, 131, 161, 173, 190, 199, 206, 218, 236, 255, 257, 287, 317]}, "marri": {"prob": 0.0027397260273972603, "count": 1, "pos": [14]}, "fay": {"prob": 0.00821917808219178, "count": 3, "pos": [15, 258, 338]}, "he": {"prob": 0.021917808219178082, "count": 8, "pos": [16, 35, 111, 215, 242, 247, 256, 344]}, "to": {"prob": 0.04657534246575343, "count": 17, "pos": [18, 48, 51, 56, 64, 70, 155, 187, 227, 250, 260, 275, 290, 302, 341, 353, 362]}, "rob": {"prob": 0.0027397260273972603, "count": 1, "pos": [19]}, "two": {"prob": 0.005479452054794521, "count": 2, "pos": [20, 359]}, "million": {"prob": 0.0027397260273972603, "count": 1, "pos": [21]}, "dollar": {"prob": 0.0027397260273972603, "count": 1, "pos": [22]}, "from": {"prob": 0.005479452054794521, "count": 2, "pos": [23, 159]}, "the": {"prob": 0.08767123287671233, "count": 32, "pos": [24, 52, 58, 62, 66, 79, 88, 95, 107, 115, 127, 145, 157, 164, 169, 176, 178, 182, 192, 212, 228, 234, 244, 252, 261, 264, 277, 309, 318, 325, 329, 355]}, "money": {"prob": 0.010958904109589041, "count": 4, "pos": [25, 158, 193, 253]}, "count": {"prob": 0.0027397260273972603, "count": 1, "pos": [26]}, "room": {"prob": 0.0027397260273972603, "count": 1, "pos": [27]}, "of": {"prob": 0.0136986301369863, "count": 5, "pos": [28, 40, 109, 117, 284]}, "racetrack": {"prob": 0.0027397260273972603, "count": 1, "pos": [30]}, "dure": {"prob": 0.005479452054794521, "count": 2, "pos": [31, 61]}, "featur": {"prob": 0.0027397260273972603, "count": 1, "pos": [33]}, "race": {"prob": 0.005479452054794521, "count": 2, "pos": [34, 63]}, "assembl": {"prob": 0.0027397260273972603, "count": 1, "pos": [36]}, "team": {"prob": 0.0027397260273972603, "count": 1, "pos": [38]}, "consist": {"prob": 0.0027397260273972603, "count": 1, "pos": [39]}, "corrupt": {"prob": 0.0027397260273972603, "count": 1, "pos": [42]}, "cop": {"prob": 0.0027397260273972603, "count": 1, "pos": [43]}, "bet": {"prob": 0.0027397260273972603, "count": 1, "pos": [45]}, "window": {"prob": 0.0027397260273972603, "count": 1, "pos": [46]}, "teller": {"prob": 0.005479452054794521, "count": 2, "pos": [47, 89]}, "give": {"prob": 0.0027397260273972603, "count": 1, "pos": [49]}, "access": {"prob": 0.0027397260273972603, "count": 1, "pos": [50]}, "backroom": {"prob": 0.0027397260273972603, "count": 1, "pos": [53]}, "sharpshoot": {"prob": 0.005479452054794521, "count": 2, "pos": [55, 170]}, "shoot": {"prob": 0.005479452054794521, "count": 2, "pos": [57, 219]}, "favorit": {"prob": 0.0027397260273972603, "count": 1, "pos": [59]}, "hor": {"prob": 0.0027397260273972603, "count": 1, "pos": [60]}, "distract": {"prob": 0.005479452054794521, "count": 2, "pos": [65, 73]}, "crowd": {"prob": 0.0027397260273972603, "count": 1, "pos": [67]}, "wrestler": {"prob": 0.0027397260273972603, "count": 1, "pos": [69]}, "provid": {"prob": 0.0027397260273972603, "count": 1, "pos": [71]}, "anoth": {"prob": 0.0027397260273972603, "count": 1, "pos": [72]}, "by": {"prob": 0.00821917808219178, "count": 3, "pos": [74, 175, 324]}, "provok": {"prob": 0.0027397260273972603, "count": 1, "pos": [75]}, "fight": {"prob": 0.0027397260273972603, "count": 1, "pos": [77]}, "at": {"prob": 0.019178082191780823, "count": 7, "pos": [78, 101, 114, 139, 181, 263, 334]}, "track": {"prob": 0.005479452054794521, "count": 2, "pos": [80, 84]}, "bar": {"prob": 0.0027397260273972603, "count": 1, "pos": [81]}, "bartend": {"prob": 0.0027397260273972603, "count": 1, "pos": [85]}, "georg": {"prob": 0.01643835616438356, "count": 6, "pos": [86, 102, 121, 160, 210, 231]}, "peatti": {"prob": 0.0027397260273972603, "count": 1, "pos": [87]}, "tell": {"prob": 0.005479452054794521, "count": 2, "pos": [90, 124]}, "hi": {"prob": 0.00821917808219178, "count": 3, "pos": [91, 162, 225]}, "wife": {"prob": 0.0027397260273972603, "count": 1, "pos": [92]}, "sherri": {"prob": 0.010958904109589041, "count": 4, "pos": [93, 98, 134, 220]}, "about": {"prob": 0.005479452054794521, "count": 2, "pos": [94, 126]}, "impend": {"prob": 0.0027397260273972603, "count": 1, "pos": [96]}, "robberi": {"prob": 0.00821917808219178, "count": 3, "pos": [97, 128, 146]}, "bitter": {"prob": 0.0027397260273972603, "count": 1, "pos": [100]}, "for": {"prob": 0.0027397260273972603, "count": 1, "pos": [103]}, "not": {"prob": 0.005479452054794521, "count": 2, "pos": [104, 136]}, "deliv": {"prob": 0.0027397260273972603, "count": 1, "pos": [105]}, "on": {"prob": 0.005479452054794521, "count": 2, "pos": [106, 224]}, "promi": {"prob": 0.0027397260273972603, "count": 1, "pos": [108]}, "wealth": {"prob": 0.0027397260273972603, "count": 1, "pos": [110]}, "made": {"prob": 0.0027397260273972603, "count": 1, "pos": [112]}, "her": {"prob": 0.010958904109589041, "count": 4, "pos": [113, 125, 133, 151]}, "time": {"prob": 0.0027397260273972603, "count": 1, "pos": [116]}, "their": {"prob": 0.005479452054794521, "count": 2, "pos": [118, 304]}, "marriag": {"prob": 0.0027397260273972603, "count": 1, "pos": [119]}, "hope": {"prob": 0.0027397260273972603, "count": 1, "pos": [122]}, "that": {"prob": 0.0136986301369863, "count": 5, "pos": [123, 144, 238, 270, 347]}, "will": {"prob": 0.0027397260273972603, "count": 1, "pos": [129]}, "placat": {"prob": 0.0027397260273972603, "count": 1, "pos": [130]}, "impress": {"prob": 0.0027397260273972603, "count": 1, "pos": [132]}, "doe": {"prob": 0.0027397260273972603, "count": 1, "pos": [135]}, "believ": {"prob": 0.0027397260273972603, "count": 1, "pos": [137]}, "him": {"prob": 0.005479452054794521, "count": 2, "pos": [138, 364]}, "first": {"prob": 0.0027397260273972603, "count": 1, "pos": [140]}, "but": {"prob": 0.00821917808219178, "count": 3, "pos": [141, 331, 343]}, "after": {"prob": 0.0027397260273972603, "count": 1, "pos": [142]}, "learn": {"prob": 0.0027397260273972603, "count": 1, "pos": [143]}, "real": {"prob": 0.0027397260273972603, "count": 1, "pos": [148]}, "she": {"prob": 0.0027397260273972603, "count": 1, "pos": [149]}, "enlist": {"prob": 0.0027397260273972603, "count": 1, "pos": [150]}, "lover": {"prob": 0.0027397260273972603, "count": 1, "pos": [152]}, "val": {"prob": 0.005479452054794521, "count": 2, "pos": [153, 197]}, "cannon": {"prob": 0.0027397260273972603, "count": 1, "pos": [154]}, "steal": {"prob": 0.0027397260273972603, "count": 1, "pos": [156]}, "associ": {"prob": 0.0027397260273972603, "count": 1, "pos": [163]}, "success": {"prob": 0.0027397260273972603, "count": 1, "pos": [167]}, "although": {"prob": 0.0027397260273972603, "count": 1, "pos": [168]}, "shot": {"prob": 0.0027397260273972603, "count": 1, "pos": [172]}, "kill": {"prob": 0.0027397260273972603, "count": 1, "pos": [174]}, "polic": {"prob": 0.0027397260273972603, "count": 1, "pos": [177]}, "conspir": {"prob": 0.0027397260273972603, "count": 1, "pos": [179]}, "gather": {"prob": 0.0027397260273972603, "count": 1, "pos": [180]}, "apart": {"prob": 0.005479452054794521, "count": 2, "pos": [183, 229]},