{"__total__": 642, "__name__": "doc_162_Baby_Boy.txt", "a": {"prob": 0.02336448598130841, "count": 15, "pos": [0, 38, 48, 66, 73, 76, 168, 294, 379, 560, 569, 580, 587, 626, 637]}, "young": {"prob": 0.001557632398753894, "count": 1, "pos": [1]}, "20": {"prob": 0.001557632398753894, "count": 1, "pos": [2]}, "year": {"prob": 0.001557632398753894, "count": 1, "pos": [3]}, "old": {"prob": 0.003115264797507788, "count": 2, "pos": [4, 634]}, "name": {"prob": 0.004672897196261682, "count": 3, "pos": [5, 54, 78]}, "jodi": {"prob": 0.03894080996884735, "count": 25, "pos": [6, 97, 105, 118, 129, 174, 191, 258, 310, 351, 372, 377, 421, 423, 434, 441, 455, 466, 477, 485, 504, 545, 565, 602, 612]}, "live": {"prob": 0.006230529595015576, "count": 4, "pos": [7, 82, 111, 340]}, "with": {"prob": 0.020249221183800622, "count": 13, "pos": [8, 25, 68, 75, 83, 112, 136, 245, 387, 555, 577, 611, 619]}, "hi": {"prob": 0.020249221183800622, "count": 13, "pos": [9, 23, 26, 64, 69, 163, 203, 396, 536, 550, 574, 590, 633]}, "mother": {"prob": 0.003115264797507788, "count": 2, "pos": [10, 85]}, "juanita": {"prob": 0.001557632398753894, "count": 1, "pos": [11]}, "amg": {"prob": 0.001557632398753894, "count": 1, "pos": [12]}, "movi": {"prob": 0.003115264797507788, "count": 2, "pos": [13, 91]}, "in": {"prob": 0.021806853582554516, "count": 14, "pos": [14, 36, 167, 177, 244, 271, 286, 341, 365, 378, 480, 512, 538, 554]}, "south": {"prob": 0.001557632398753894, "count": 1, "pos": [15]}, "central": {"prob": 0.001557632398753894, "count": 1, "pos": [16]}, "lo": {"prob": 0.001557632398753894, "count": 1, "pos": [17]}, "angel": {"prob": 0.001557632398753894, "count": 1, "pos": [18]}, "he": {"prob": 0.018691588785046728, "count": 12, "pos": [19, 42, 107, 127, 217, 384, 462, 473, 490, 532, 585, 593]}, "spend": {"prob": 0.001557632398753894, "count": 1, "pos": [20]}, "most": {"prob": 0.001557632398753894, "count": 1, "pos": [21]}, "of": {"prob": 0.02336448598130841, "count": 15, "pos": [22, 50, 89, 202, 273, 288, 301, 307, 337, 345, 399, 528, 549, 589, 600]}, "time": {"prob": 0.001557632398753894, "count": 1, "pos": [24]}, "unemploy": {"prob": 0.001557632398753894, "count": 1, "pos": [27]}, "best": {"prob": 0.001557632398753894, "count": 1, "pos": [28]}, "friend": {"prob": 0.003115264797507788, "count": 2, "pos": [29, 397]}, "p": {"prob": 0.001557632398753894, "count": 1, "pos": [30]}, "and": {"prob": 0.05763239875389408, "count": 37, "pos": [31, 72, 114, 122, 124, 133, 147, 154, 192, 205, 213, 237, 257, 260, 304, 325, 343, 349, 362, 370, 395, 409, 418, 431, 459, 467, 471, 519, 530, 535, 553, 583, 597, 603, 607, 615, 629]}, "doe": {"prob": 0.001557632398753894, "count": 1, "pos": [32]}, "not": {"prob": 0.004672897196261682, "count": 3, "pos": [33, 157, 541]}, "seem": {"prob": 0.001557632398753894, "count": 1, "pos": [34]}, "interest": {"prob": 0.001557632398753894, "count": 1, "pos": [35]}, "becom": {"prob": 0.006230529595015576, "count": 4, "pos": [37, 142, 568, 609]}, "respon": {"prob": 0.001557632398753894, "count": 1, "pos": [39]}, "adult": {"prob": 0.001557632398753894, "count": 1, "pos": [40]}, "howev": {"prob": 0.003115264797507788, "count": 2, "pos": [41, 383]}, "is": {"prob": 0.00778816199376947, "count": 5, "pos": [43, 63, 230, 385, 579]}, "forc": {"prob": 0.003115264797507788, "count": 2, "pos": [44, 98]}, "to": {"prob": 0.024922118380062305, "count": 16, "pos": [45, 100, 173, 207, 239, 242, 248, 262, 268, 368, 375, 475, 486, 506, 595, 623]}, "matur": {"prob": 0.003115264797507788, "count": 2, "pos": [46, 570]}, "as": {"prob": 0.00778816199376947, "count": 5, "pos": [47, 126, 149, 472, 636]}, "result": {"prob": 0.003115264797507788, "count": 2, "pos": [49, 172]}, "an": {"prob": 0.006230529595015576, "count": 4, "pos": [51, 94, 143, 196]}, "ex": {"prob": 0.003115264797507788, "count": 2, "pos": [52, 227]}, "con": {"prob": 0.001557632398753894, "count": 1, "pos": [53]}, "melvin": {"prob": 0.004672897196261682, "count": 3, "pos": [55, 516, 578]}, "who": {"prob": 0.004672897196261682, "count": 3, "pos": [56, 80, 353]}, "move": {"prob": 0.006230529595015576, "count": 4, "pos": [57, 243, 547, 558]}, "into": {"prob": 0.004672897196261682, "count": 3, "pos": [58, 195, 559]}, "their": {"prob": 0.004672897196261682, "count": 3, "pos": [59, 115, 198]}, "home": {"prob": 0.001557632398753894, "count": 1, "pos": [60]}, "anoth": {"prob": 0.001557632398753894, "count": 1, "pos": [61]}, "factor": {"prob": 0.001557632398753894, "count": 1, "pos": [62]}, "children": {"prob": 0.001557632398753894, "count": 1, "pos": [65]}, "son": {"prob": 0.014018691588785047, "count": 9, "pos": [67, 116, 199, 259, 275, 290, 299, 324, 537]}, "girlfriend": {"prob": 0.003115264797507788, "count": 2, "pos": [70, 411]}, "yvett": {"prob": 0.03426791277258567, "count": 22, "pos": [71, 92, 102, 148, 153, 176, 182, 210, 225, 246, 256, 264, 270, 320, 339, 392, 408, 415, 458, 534, 556, 604]}, "daughter": {"prob": 0.001557632398753894, "count": 1, "pos": [74]}, "girl": {"prob": 0.001557632398753894, "count": 1, "pos": [77]}, "peanut": {"prob": 0.004672897196261682, "count": 3, "pos": [79, 140, 155]}, "also": {"prob": 0.003115264797507788, "count": 2, "pos": [81, 130]}, "her": {"prob": 0.02336448598130841, "count": 15, "pos": [84, 99, 113, 249, 274, 298, 323, 360, 366, 400, 425, 437, 454, 465, 616]}, "at": {"prob": 0.004672897196261682, "count": 3, "pos": [86, 403, 492]}, "the": {"prob": 0.028037383177570093, "count": 18, "pos": [87, 90, 120, 178, 184, 187, 208, 240, 302, 308, 334, 357, 428, 481, 513, 521, 526, 563]}, "begin": {"prob": 0.001557632398753894, "count": 1, "pos": [88]}, "ha": {"prob": 0.006230529595015576, "count": 4, "pos": [93, 445, 566, 586]}, "abort": {"prob": 0.001557632398753894, "count": 1, "pos": [95]}, "that": {"prob": 0.00778816199376947, "count": 5, "pos": [96, 461, 573, 584, 592]}, "have": {"prob": 0.003115264797507788, "count": 2, "pos": [101, 134]}, "constant": {"prob": 0.001557632398753894, "count": 1, "pos": [103]}, "ask": {"prob": 0.001557632398753894, "count": 1, "pos": [104]}, "if": {"prob": 0.001557632398753894, "count": 1, "pos": [106]}, "will": {"prob": 0.001557632398753894, "count": 1, "pos": [108]}, "ever": {"prob": 0.001557632398753894, "count": 1, "pos": [109]}, "come": {"prob": 0.004672897196261682, "count": 3, "pos": [110, 123, 200]}, "but": {"prob": 0.004672897196261682, "count": 3, "pos": [117, 489, 515]}, "avoid": {"prob": 0.001557632398753894, "count": 1, "pos": [119]}, "subject": {"prob": 0.001557632398753894, "count": 1, "pos": [121]}, "goe": {"prob": 0.004672897196261682, "count": 3, "pos": [125, 417, 435]}, "plea": {"prob": 0.001557632398753894, "count": 1, "pos": [128]}, "continu": {"prob": 0.001557632398753894, "count": 1, "pos": [131]}, "see": {"prob": 0.003115264797507788, "count": 2, "pos": [132, 221]}, "sex": {"prob": 0.001557632398753894, "count": 1, "pos": [135]}, "other": {"prob": 0.001557632398753894, "count": 1, "pos": [137]}, "women": {"prob": 0.001557632398753894, "count": 1, "pos": [138]}, "includ": {"prob": 0.001557632398753894, "count": 1, "pos": [139]}, "thi": {"prob": 0.00778816199376947, "count": 5, "pos": [141, 181, 189, 355, 391]}, "issu": {"prob": 0.001557632398753894, "count": 1, "pos": [144]}, "between": {"prob": 0.001557632398753894, "count": 1, "pos": [145]}, "him": {"prob": 0.012461059190031152, "count": 8, "pos": [146, 212, 215, 278, 479, 518, 620, 641]}, "well": {"prob": 0.001557632398753894, "count": 1, "pos": [150]}, "especi": {"prob": 0.001557632398753894, "count": 1, "pos": [151]}, "sinc": {"prob": 0.001557632398753894, "count": 1, "pos": [152]}, "do": {"prob": 0.003115264797507788, "count": 2, "pos": [156, 331]}, "get": {"prob": 0.00778816199376947, "count": 5, "pos": [158, 166, 194, 605, 630]}, "along": {"prob": 0.001557632398753894, "count": 1, "pos": [159]}, "when": {"prob": 0.003115264797507788, "count": 2, "pos": [160, 422]}, "she": {"prob": 0.009345794392523364, "count": 6, "pos": [161, 276, 426, 438, 444, 608]},