{"__total__": 536, "__name__": "doc_1621_The_Last_Picture_Show.txt", "in": {"prob": 0.013059701492537313, "count": 7, "pos": [0, 52, 146, 195, 324, 389, 532]}, "1951": {"prob": 0.0018656716417910447, "count": 1, "pos": [1]}, "sonni": {"prob": 0.022388059701492536, "count": 12, "pos": [2, 54, 84, 167, 230, 300, 317, 341, 401, 437, 463, 496]}, "crawford": {"prob": 0.0018656716417910447, "count": 1, "pos": [3]}, "and": {"prob": 0.03917910447761194, "count": 21, "pos": [4, 17, 26, 32, 43, 45, 57, 75, 166, 182, 192, 225, 269, 285, 310, 346, 387, 409, 436, 489, 521]}, "duan": {"prob": 0.016791044776119403, "count": 9, "pos": [5, 38, 140, 165, 233, 261, 328, 423, 465]}, "jackson": {"prob": 0.0018656716417910447, "count": 1, "pos": [6]}, "are": {"prob": 0.007462686567164179, "count": 4, "pos": [7, 15, 357, 438]}, "small": {"prob": 0.0018656716417910447, "count": 1, "pos": [8]}, "town": {"prob": 0.013059701492537313, "count": 7, "pos": [9, 53, 108, 196, 208, 426, 476]}, "texa": {"prob": 0.0018656716417910447, "count": 1, "pos": [10]}, "high": {"prob": 0.005597014925373134, "count": 3, "pos": [11, 22, 99]}, "school": {"prob": 0.005597014925373134, "count": 3, "pos": [12, 23, 100]}, "senior": {"prob": 0.0018656716417910447, "count": 1, "pos": [13]}, "they": {"prob": 0.007462686567164179, "count": 4, "pos": [14, 76, 348, 356]}, "friend": {"prob": 0.0018656716417910447, "count": 1, "pos": [16]}, "co": {"prob": 0.0018656716417910447, "count": 1, "pos": [18]}, "captain": {"prob": 0.0018656716417910447, "count": 1, "pos": [19]}, "of": {"prob": 0.013059701492537313, "count": 7, "pos": [20, 97, 127, 199, 287, 299, 474]}, "anaren": {"prob": 0.0037313432835820895, "count": 2, "pos": [21, 383]}, "footbal": {"prob": 0.0018656716417910447, "count": 1, "pos": [24]}, "team": {"prob": 0.0018656716417910447, "count": 1, "pos": [25]}, "share": {"prob": 0.0037313432835820895, "count": 2, "pos": [27, 72]}, "a": {"prob": 0.03171641791044776, "count": 17, "pos": [28, 33, 60, 119, 130, 153, 170, 200, 203, 235, 247, 321, 325, 368, 428, 456, 528]}, "room": {"prob": 0.0018656716417910447, "count": 1, "pos": [29]}, "hous": {"prob": 0.0037313432835820895, "count": 2, "pos": [30, 451]}, "home": {"prob": 0.0037313432835820895, "count": 2, "pos": [31, 126]}, "batter": {"prob": 0.0018656716417910447, "count": 1, "pos": [34]}, "old": {"prob": 0.0037313432835820895, "count": 2, "pos": [35, 449]}, "pickup": {"prob": 0.0018656716417910447, "count": 1, "pos": [36]}, "truck": {"prob": 0.0018656716417910447, "count": 1, "pos": [37]}, "is": {"prob": 0.020522388059701493, "count": 11, "pos": [39, 55, 112, 143, 152, 241, 282, 379, 453, 486, 516]}, "good": {"prob": 0.0018656716417910447, "count": 1, "pos": [40]}, "look": {"prob": 0.0018656716417910447, "count": 1, "pos": [41]}, "amus": {"prob": 0.0018656716417910447, "count": 1, "pos": [42]}, "popular": {"prob": 0.0018656716417910447, "count": 1, "pos": [44]}, "date": {"prob": 0.0018656716417910447, "count": 1, "pos": [46]}, "jaci": {"prob": 0.020522388059701493, "count": 11, "pos": [47, 111, 231, 281, 297, 332, 335, 366, 396, 422, 507]}, "farrow": {"prob": 0.0018656716417910447, "count": 1, "pos": [48]}, "the": {"prob": 0.04291044776119403, "count": 23, "pos": [49, 92, 105, 125, 188, 207, 212, 216, 219, 226, 273, 377, 393, 405, 440, 444, 459, 468, 475, 480, 484, 494, 524]}, "prettiest": {"prob": 0.0018656716417910447, "count": 1, "pos": [50]}, "girl": {"prob": 0.005597014925373134, "count": 3, "pos": [51, 280, 334]}, "sensit": {"prob": 0.0018656716417910447, "count": 1, "pos": [56]}, "care": {"prob": 0.0018656716417910447, "count": 1, "pos": [58]}, "with": {"prob": 0.020522388059701493, "count": 11, "pos": [59, 89, 162, 265, 278, 291, 302, 320, 327, 417, 421]}, "dumpi": {"prob": 0.0018656716417910447, "count": 1, "pos": [61]}, "unplea": {"prob": 0.0018656716417910447, "count": 1, "pos": [62]}, "girlfriend": {"prob": 0.0018656716417910447, "count": 1, "pos": [63]}, "charlen": {"prob": 0.0018656716417910447, "count": 1, "pos": [64]}, "dugg": {"prob": 0.0018656716417910447, "count": 1, "pos": [65]}, "whom": {"prob": 0.0037313432835820895, "count": 2, "pos": [66, 501]}, "he": {"prob": 0.013059701492537313, "count": 7, "pos": [67, 240, 270, 412, 435, 492, 502]}, "doe": {"prob": 0.0018656716417910447, "count": 1, "pos": [68]}, "not": {"prob": 0.0037313432835820895, "count": 2, "pos": [69, 144]}, "love": {"prob": 0.0018656716417910447, "count": 1, "pos": [70]}, "she": {"prob": 0.013059701492537313, "count": 7, "pos": [71, 151, 155, 258, 262, 304, 402]}, "hi": {"prob": 0.005597014925373134, "count": 3, "pos": [73, 98, 333]}, "indiff": {"prob": 0.0018656716417910447, "count": 1, "pos": [74]}, "decid": {"prob": 0.0018656716417910447, "count": 1, "pos": [77]}, "to": {"prob": 0.03544776119402985, "count": 19, "pos": [78, 118, 135, 159, 173, 184, 211, 221, 229, 234, 243, 250, 337, 353, 382, 400, 425, 499, 517]}, "call": {"prob": 0.0018656716417910447, "count": 1, "pos": [79]}, "it": {"prob": 0.005597014925373134, "count": 3, "pos": [80, 222, 245]}, "quit": {"prob": 0.0018656716417910447, "count": 1, "pos": [81]}, "at": {"prob": 0.007462686567164179, "count": 4, "pos": [82, 104, 124, 447]}, "christmastim": {"prob": 0.0018656716417910447, "count": 1, "pos": [83]}, "stumbl": {"prob": 0.0018656716417910447, "count": 1, "pos": [85]}, "into": {"prob": 0.0037313432835820895, "count": 2, "pos": [86, 527]}, "an": {"prob": 0.0037313432835820895, "count": 2, "pos": [87, 360]}, "affair": {"prob": 0.0037313432835820895, "count": 2, "pos": [88, 301]}, "ruth": {"prob": 0.009328358208955223, "count": 5, "pos": [90, 303, 311, 418, 500]}, "popper": {"prob": 0.005597014925373134, "count": 3, "pos": [91, 103, 419]}, "depress": {"prob": 0.0018656716417910447, "count": 1, "pos": [93]}, "middl": {"prob": 0.0018656716417910447, "count": 1, "pos": [94]}, "age": {"prob": 0.0018656716417910447, "count": 1, "pos": [95]}, "wife": {"prob": 0.0018656716417910447, "count": 1, "pos": [96]}, "coach": {"prob": 0.0037313432835820895, "count": 2, "pos": [101, 102]}, "sad": {"prob": 0.0018656716417910447, "count": 1, "pos": [106]}, "littl": {"prob": 0.0018656716417910447, "count": 1, "pos": [107]}, "christma": {"prob": 0.0018656716417910447, "count": 1, "pos": [109]}, "danc": {"prob": 0.0018656716417910447, "count": 1, "pos": [110]}, "invit": {"prob": 0.0037313432835820895, "count": 2, "pos": [113, 232]}, "by": {"prob": 0.009328358208955223, "count": 5, "pos": [114, 267, 359, 384, 482]}, "unsavori": {"prob": 0.0018656716417910447, "count": 1, "pos": [115]}, "lester": {"prob": 0.0018656716417910447, "count": 1, "pos": [116]}, "marlow": {"prob": 0.0018656716417910447, "count": 1, "pos": [117]}, "nake": {"prob": 0.0018656716417910447, "count": 1, "pos": [120]}, "indoor": {"prob": 0.0018656716417910447, "count": 1, "pos": [121]}, "pool": {"prob": 0.0037313432835820895, "count": 2, "pos": [122, 227]}, "parti": {"prob": 0.0018656716417910447, "count": 1, "pos": [123]}, "bobbi": {"prob": 0.005597014925373134, "count": 3, "pos": [128, 142, 276]}, "sheen": {"prob": 0.0018656716417910447, "count": 1, "pos": [129]}, "wealthi": {"prob": 0.0018656716417910447, "count": 1, "pos": [131]}, "boy": {"prob": 0.0018656716417910447, "count": 1, "pos": [132]}, "who": {"prob": 0.005597014925373134, "count": 3, "pos": [133, 214, 329]}, "seem": {"prob": 0.0018656716417910447, "count": 1, "pos": [134]}, "offer": {"prob": 0.0018656716417910447, "count": 1, "pos": [136]}, "better": {"prob": 0.0037313432835820895, "count": 2, "pos": [137, 415]}, "prospect": {"prob": 0.0018656716417910447, "count": 1, "pos": [138]}, "than": {"prob": 0.0037313432835820895, "count": 2, "pos": [139, 420]}, "sinc": {"prob": 0.0037313432835820895, "count": 2, "pos": [141, 506]}, "interest": {"prob": 0.0018656716417910447, "count": 1, "pos": [145]}, "her": {"prob": 0.020522388059701493, "count": 11, "pos": [147, 163, 252, 293, 306, 345, 371, 385, 513, 519, 533]}, "as": {"prob": 0.005597014925373134, "count": 3, "pos": [148, 150, 491]},