{"__total__": 156, "__name__": "doc_163_Baby_Doll.txt", "in": {"prob": 0.02564102564102564, "count": 4, "pos": [0, 59, 66, 85]}, "the": {"prob": 0.02564102564102564, "count": 4, "pos": [1, 53, 60, 127]}, "mississippi": {"prob": 0.00641025641025641, "count": 1, "pos": [2]}, "delta": {"prob": 0.00641025641025641, "count": 1, "pos": [3]}, "fail": {"prob": 0.00641025641025641, "count": 1, "pos": [4]}, "bigot": {"prob": 0.00641025641025641, "count": 1, "pos": [5]}, "middl": {"prob": 0.00641025641025641, "count": 1, "pos": [6]}, "age": {"prob": 0.00641025641025641, "count": 1, "pos": [7]}, "cotton": {"prob": 0.01282051282051282, "count": 2, "pos": [8, 107]}, "gin": {"prob": 0.019230769230769232, "count": 3, "pos": [9, 108, 123]}, "owner": {"prob": 0.00641025641025641, "count": 1, "pos": [10]}, "archi": {"prob": 0.04487179487179487, "count": 7, "pos": [11, 31, 78, 95, 114, 117, 125]}, "lee": {"prob": 0.00641025641025641, "count": 1, "pos": [12]}, "meighan": {"prob": 0.01282051282051282, "count": 2, "pos": [13, 27]}, "ha": {"prob": 0.01282051282051282, "count": 2, "pos": [14, 109]}, "been": {"prob": 0.00641025641025641, "count": 1, "pos": [15]}, "marri": {"prob": 0.00641025641025641, "count": 1, "pos": [16]}, "to": {"prob": 0.00641025641025641, "count": 1, "pos": [17]}, "pretti": {"prob": 0.00641025641025641, "count": 1, "pos": [18]}, "empti": {"prob": 0.00641025641025641, "count": 1, "pos": [19]}, "head": {"prob": 0.00641025641025641, "count": 1, "pos": [20]}, "19": {"prob": 0.00641025641025641, "count": 1, "pos": [21]}, "year": {"prob": 0.01282051282051282, "count": 2, "pos": [22, 30]}, "old": {"prob": 0.00641025641025641, "count": 1, "pos": [23]}, "virgin": {"prob": 0.00641025641025641, "count": 1, "pos": [24]}, "babi": {"prob": 0.03205128205128205, "count": 5, "pos": [25, 35, 49, 62, 138]}, "doll": {"prob": 0.03205128205128205, "count": 5, "pos": [26, 36, 50, 63, 139]}, "for": {"prob": 0.01282051282051282, "count": 2, "pos": [28, 34]}, "two": {"prob": 0.00641025641025641, "count": 1, "pos": [29]}, "impati": {"prob": 0.00641025641025641, "count": 1, "pos": [32]}, "wait": {"prob": 0.00641025641025641, "count": 1, "pos": [33]}, "20th": {"prob": 0.00641025641025641, "count": 1, "pos": [37]}, "birthday": {"prob": 0.00641025641025641, "count": 1, "pos": [38]}, "just": {"prob": 0.00641025641025641, "count": 1, "pos": [39]}, "a": {"prob": 0.03205128205128205, "count": 5, "pos": [40, 67, 83, 86, 102]}, "few": {"prob": 0.00641025641025641, "count": 1, "pos": [41]}, "day": {"prob": 0.00641025641025641, "count": 1, "pos": [42]}, "away": {"prob": 0.01282051282051282, "count": 2, "pos": [43, 111]}, "when": {"prob": 0.00641025641025641, "count": 1, "pos": [44]}, "by": {"prob": 0.01282051282051282, "count": 2, "pos": [45, 119]}, "prior": {"prob": 0.00641025641025641, "count": 1, "pos": [46]}, "agreement": {"prob": 0.00641025641025641, "count": 1, "pos": [47]}, "with": {"prob": 0.00641025641025641, "count": 1, "pos": [48]}, "die": {"prob": 0.00641025641025641, "count": 1, "pos": [51]}, "father": {"prob": 0.00641025641025641, "count": 1, "pos": [52]}, "marriag": {"prob": 0.00641025641025641, "count": 1, "pos": [54]}, "can": {"prob": 0.00641025641025641, "count": 1, "pos": [55]}, "final": {"prob": 0.00641025641025641, "count": 1, "pos": [56]}, "be": {"prob": 0.00641025641025641, "count": 1, "pos": [57]}, "consumm": {"prob": 0.00641025641025641, "count": 1, "pos": [58]}, "meantim": {"prob": 0.00641025641025641, "count": 1, "pos": [61]}, "still": {"prob": 0.00641025641025641, "count": 1, "pos": [64]}, "sleep": {"prob": 0.00641025641025641, "count": 1, "pos": [65]}, "crib": {"prob": 0.00641025641025641, "count": 1, "pos": [68]}, "wear": {"prob": 0.00641025641025641, "count": 1, "pos": [69]}, "childish": {"prob": 0.00641025641025641, "count": 1, "pos": [70]}, "shorti": {"prob": 0.00641025641025641, "count": 1, "pos": [71]}, "nightgown": {"prob": 0.00641025641025641, "count": 1, "pos": [72]}, "and": {"prob": 0.03205128205128205, "count": 5, "pos": [73, 104, 116, 136, 140]}, "suck": {"prob": 0.00641025641025641, "count": 1, "pos": [74]}, "her": {"prob": 0.02564102564102564, "count": 4, "pos": [75, 81, 142, 148]}, "thumb": {"prob": 0.00641025641025641, "count": 1, "pos": [76]}, "while": {"prob": 0.00641025641025641, "count": 1, "pos": [77]}, "spi": {"prob": 0.00641025641025641, "count": 1, "pos": [79]}, "on": {"prob": 0.01282051282051282, "count": 2, "pos": [80, 153]}, "through": {"prob": 0.00641025641025641, "count": 1, "pos": [82]}, "hole": {"prob": 0.00641025641025641, "count": 1, "pos": [84]}, "wall": {"prob": 0.00641025641025641, "count": 1, "pos": [87]}, "of": {"prob": 0.01282051282051282, "count": 2, "pos": [88, 113]}, "their": {"prob": 0.00641025641025641, "count": 1, "pos": [89]}, "decrepit": {"prob": 0.00641025641025641, "count": 1, "pos": [90]}, "antebellum": {"prob": 0.00641025641025641, "count": 1, "pos": [91]}, "mansion": {"prob": 0.00641025641025641, "count": 1, "pos": [92]}, "fox": {"prob": 0.00641025641025641, "count": 1, "pos": [93]}, "tail": {"prob": 0.00641025641025641, "count": 1, "pos": [94]}, "competitor": {"prob": 0.00641025641025641, "count": 1, "pos": [96]}, "sicilian": {"prob": 0.00641025641025641, "count": 1, "pos": [97]}, "silva": {"prob": 0.00641025641025641, "count": 1, "pos": [98]}, "vacarro": {"prob": 0.019230769230769232, "count": 3, "pos": [99, 122, 129]}, "who": {"prob": 0.00641025641025641, "count": 1, "pos": [100]}, "own": {"prob": 0.00641025641025641, "count": 1, "pos": [101]}, "newer": {"prob": 0.00641025641025641, "count": 1, "pos": [103]}, "more": {"prob": 0.00641025641025641, "count": 1, "pos": [105]}, "modern": {"prob": 0.00641025641025641, "count": 1, "pos": [106]}, "taken": {"prob": 0.00641025641025641, "count": 1, "pos": [110]}, "all": {"prob": 0.00641025641025641, "count": 1, "pos": [112]}, "busi": {"prob": 0.00641025641025641, "count": 1, "pos": [115]}, "retali": {"prob": 0.00641025641025641, "count": 1, "pos": [118]}, "burn": {"prob": 0.00641025641025641, "count": 1, "pos": [120]}, "down": {"prob": 0.00641025641025641, "count": 1, "pos": [121]}, "suspect": {"prob": 0.00641025641025641, "count": 1, "pos": [124]}, "as": {"prob": 0.00641025641025641, "count": 1, "pos": [126]}, "arsonist": {"prob": 0.00641025641025641, "count": 1, "pos": [128]}, "plan": {"prob": 0.00641025641025641, "count": 1, "pos": [130]}, "hi": {"prob": 0.00641025641025641, "count": 1, "pos": [131]}, "reveng": {"prob": 0.00641025641025641, "count": 1, "pos": [132]}, "he": {"prob": 0.00641025641025641, "count": 1, "pos": [133]}, "will": {"prob": 0.00641025641025641, "count": 1, "pos": [134]}, "pursu": {"prob": 0.00641025641025641, "count": 1, "pos": [135]}, "seduc": {"prob": 0.00641025641025641, "count": 1, "pos": [137]}, "terror": {"prob": 0.00641025641025641, "count": 1, "pos": [141]}, "into": {"prob": 0.00641025641025641, "count": 1, "pos": [143]}, "sign": {"prob": 0.00641025641025641, "count": 1, "pos": [144]}, "an": {"prob": 0.00641025641025641, "count": 1, "pos": [145]}, "affidavit": {"prob": 0.00641025641025641, "count": 1, "pos": [146]}, "admit": {"prob": 0.00641025641025641, "count": 1, "pos": [147]}, "husband": {"prob": 0.00641025641025641, "count": 1, "pos": [149]}, "guilt": {"prob": 0.00641025641025641, "count": 1, "pos": [150]}, "full": {"prob": 0.00641025641025641, "count": 1, "pos": [151]}, "synopsi": {"prob": 0.00641025641025641, "count": 1, "pos": [152]}, "tcm": {"prob": 0.00641025641025641, "count": 1, "pos": [154]}, "com": {"prob": 0.00641025641025641, "count": 1, "pos": [155]}}