{"__total__": 391, "__name__": "doc_1630_The_Life_of_Emile_Zola.txt", "struggl": {"prob": 0.0025575447570332483, "count": 1, "pos": [0]}, "writer": {"prob": 0.0025575447570332483, "count": 1, "pos": [1]}, "\u00e3": {"prob": 0.0025575447570332483, "count": 1, "pos": [2]}, "mile": {"prob": 0.0025575447570332483, "count": 1, "pos": [3]}, "zola": {"prob": 0.020460358056265986, "count": 8, "pos": [4, 48, 85, 208, 215, 250, 309, 369]}, "share": {"prob": 0.0025575447570332483, "count": 1, "pos": [5]}, "a": {"prob": 0.04092071611253197, "count": 16, "pos": [6, 17, 21, 26, 60, 91, 102, 107, 111, 123, 195, 236, 247, 316, 341, 377]}, "drafti": {"prob": 0.0025575447570332483, "count": 1, "pos": [7]}, "pari": {"prob": 0.0025575447570332483, "count": 1, "pos": [8]}, "attic": {"prob": 0.0025575447570332483, "count": 1, "pos": [9]}, "with": {"prob": 0.01278772378516624, "count": 5, "pos": [10, 20, 131, 207, 304]}, "hi": {"prob": 0.028132992327365727, "count": 11, "pos": [11, 31, 64, 68, 99, 179, 221, 232, 276, 281, 326]}, "friend": {"prob": 0.0076726342710997444, "count": 3, "pos": [12, 70, 327]}, "painter": {"prob": 0.0025575447570332483, "count": 1, "pos": [13]}, "paul": {"prob": 0.0025575447570332483, "count": 1, "pos": [14]}, "c\u00e3": {"prob": 0.005115089514066497, "count": 2, "pos": [15, 71]}, "zann": {"prob": 0.005115089514066497, "count": 2, "pos": [16, 72]}, "chanc": {"prob": 0.0025575447570332483, "count": 1, "pos": [18]}, "encount": {"prob": 0.0025575447570332483, "count": 1, "pos": [19]}, "street": {"prob": 0.0025575447570332483, "count": 1, "pos": [22]}, "prostitut": {"prob": 0.0025575447570332483, "count": 1, "pos": [23]}, "hide": {"prob": 0.0025575447570332483, "count": 1, "pos": [24]}, "from": {"prob": 0.0076726342710997444, "count": 3, "pos": [25, 94, 253]}, "polic": {"prob": 0.0025575447570332483, "count": 1, "pos": [27]}, "raid": {"prob": 0.0025575447570332483, "count": 1, "pos": [28]}, "lead": {"prob": 0.0025575447570332483, "count": 1, "pos": [29]}, "to": {"prob": 0.03836317135549872, "count": 15, "pos": [30, 59, 110, 181, 194, 209, 218, 272, 288, 291, 315, 330, 335, 357, 376]}, "first": {"prob": 0.0025575447570332483, "count": 1, "pos": [32]}, "bestsel": {"prob": 0.0025575447570332483, "count": 1, "pos": [33]}, "nana": {"prob": 0.0025575447570332483, "count": 1, "pos": [34]}, "an": {"prob": 0.005115089514066497, "count": 2, "pos": [35, 254]}, "expos\u00e3": {"prob": 0.0025575447570332483, "count": 1, "pos": [36]}, "of": {"prob": 0.023017902813299233, "count": 9, "pos": [37, 41, 98, 163, 244, 307, 325, 339, 371]}, "the": {"prob": 0.058823529411764705, "count": 23, "pos": [38, 81, 95, 115, 118, 126, 134, 144, 160, 172, 225, 239, 242, 263, 284, 294, 298, 305, 323, 353, 366, 380, 383]}, "steami": {"prob": 0.0025575447570332483, "count": 1, "pos": [39]}, "undersid": {"prob": 0.0025575447570332483, "count": 1, "pos": [40]}, "parisian": {"prob": 0.0025575447570332483, "count": 1, "pos": [42]}, "life": {"prob": 0.0076726342710997444, "count": 3, "pos": [43, 62, 223]}, "other": {"prob": 0.0025575447570332483, "count": 1, "pos": [44]}, "success": {"prob": 0.0025575447570332483, "count": 1, "pos": [45]}, "book": {"prob": 0.0025575447570332483, "count": 1, "pos": [46]}, "follow": {"prob": 0.0025575447570332483, "count": 1, "pos": [47]}, "becom": {"prob": 0.005115089514066497, "count": 2, "pos": [49, 89]}, "rich": {"prob": 0.0025575447570332483, "count": 1, "pos": [50]}, "and": {"prob": 0.020460358056265986, "count": 8, "pos": [51, 56, 75, 149, 297, 313, 328, 362]}, "famou": {"prob": 0.0025575447570332483, "count": 1, "pos": [52]}, "he": {"prob": 0.028132992327365727, "count": 11, "pos": [53, 83, 87, 146, 175, 190, 234, 266, 269, 320, 333]}, "marri": {"prob": 0.0025575447570332483, "count": 1, "pos": [54]}, "alexandrin": {"prob": 0.0025575447570332483, "count": 1, "pos": [55]}, "settl": {"prob": 0.0025575447570332483, "count": 1, "pos": [57]}, "down": {"prob": 0.0025575447570332483, "count": 1, "pos": [58]}, "comfort": {"prob": 0.005115089514066497, "count": 2, "pos": [61, 222]}, "in": {"prob": 0.015345268542199489, "count": 6, "pos": [63, 114, 154, 238, 318, 386]}, "mansion": {"prob": 0.0025575447570332483, "count": 1, "pos": [65]}, "one": {"prob": 0.0025575447570332483, "count": 1, "pos": [66]}, "day": {"prob": 0.0025575447570332483, "count": 1, "pos": [67]}, "old": {"prob": 0.0025575447570332483, "count": 1, "pos": [69]}, "still": {"prob": 0.0025575447570332483, "count": 1, "pos": [73]}, "poor": {"prob": 0.0025575447570332483, "count": 1, "pos": [74]}, "unknown": {"prob": 0.0025575447570332483, "count": 1, "pos": [76]}, "visit": {"prob": 0.0025575447570332483, "count": 1, "pos": [77]}, "him": {"prob": 0.0076726342710997444, "count": 3, "pos": [78, 230, 290]}, "befor": {"prob": 0.005115089514066497, "count": 2, "pos": [79, 382]}, "leav": {"prob": 0.0025575447570332483, "count": 1, "pos": [80]}, "citi": {"prob": 0.0025575447570332483, "count": 1, "pos": [82]}, "tell": {"prob": 0.0025575447570332483, "count": 1, "pos": [84]}, "that": {"prob": 0.0076726342710997444, "count": 3, "pos": [86, 138, 346]}, "ha": {"prob": 0.005115089514066497, "count": 2, "pos": [88, 228]}, "complac": {"prob": 0.0025575447570332483, "count": 1, "pos": [90]}, "far": {"prob": 0.0025575447570332483, "count": 1, "pos": [92]}, "cri": {"prob": 0.0025575447570332483, "count": 1, "pos": [93]}, "zealou": {"prob": 0.0025575447570332483, "count": 1, "pos": [96]}, "reform": {"prob": 0.0025575447570332483, "count": 1, "pos": [97]}, "youth": {"prob": 0.0025575447570332483, "count": 1, "pos": [100]}, "meanwhil": {"prob": 0.0025575447570332483, "count": 1, "pos": [101]}, "french": {"prob": 0.0076726342710997444, "count": 3, "pos": [103, 128, 155]}, "secret": {"prob": 0.0025575447570332483, "count": 1, "pos": [104]}, "agent": {"prob": 0.005115089514066497, "count": 2, "pos": [105, 259]}, "steal": {"prob": 0.0025575447570332483, "count": 1, "pos": [106]}, "letter": {"prob": 0.0076726342710997444, "count": 3, "pos": [108, 119, 237]}, "address": {"prob": 0.0025575447570332483, "count": 1, "pos": [109]}, "militari": {"prob": 0.0076726342710997444, "count": 3, "pos": [112, 264, 299]}, "offic": {"prob": 0.0025575447570332483, "count": 1, "pos": [113]}, "german": {"prob": 0.0025575447570332483, "count": 1, "pos": [116]}, "embassi": {"prob": 0.0025575447570332483, "count": 1, "pos": [117]}, "confirm": {"prob": 0.0025575447570332483, "count": 1, "pos": [120]}, "there": {"prob": 0.0025575447570332483, "count": 1, "pos": [121]}, "is": {"prob": 0.02557544757033248, "count": 10, "pos": [122, 143, 147, 176, 191, 216, 270, 310, 348, 389]}, "spi": {"prob": 0.005115089514066497, "count": 2, "pos": [124, 173]}, "within": {"prob": 0.0025575447570332483, "count": 1, "pos": [125]}, "top": {"prob": 0.0025575447570332483, "count": 1, "pos": [127]}, "armi": {"prob": 0.0076726342710997444, "count": 3, "pos": [129, 135, 243]}, "staff": {"prob": 0.0025575447570332483, "count": 1, "pos": [130]}, "littl": {"prob": 0.0025575447570332483, "count": 1, "pos": [132]}, "thought": {"prob": 0.0025575447570332483, "count": 1, "pos": [133]}, "command": {"prob": 0.0025575447570332483, "count": 1, "pos": [136]}, "decid": {"prob": 0.0025575447570332483, "count": 1, "pos": [137]}, "jewish": {"prob": 0.0025575447570332483, "count": 1, "pos": [139]}, "captain": {"prob": 0.0025575447570332483, "count": 1, "pos": [140]}, "alfr": {"prob": 0.0025575447570332483, "count": 1, "pos": [141]}, "dreyfu": {"prob": 0.015345268542199489, "count": 6, "pos": [142, 202, 295, 340, 347, 388]}, "traitor": {"prob": 0.0025575447570332483, "count": 1, "pos": [145]}, "courtmarti": {"prob": 0.0025575447570332483, "count": 1, "pos": [148]}, "imprison": {"prob": 0.0025575447570332483, "count": 1, "pos": [150]}, "on": {"prob": 0.005115089514066497, "count": 2, "pos": [151, 337]}, "devil": {"prob": 0.0025575447570332483, "count": 1, "pos": [152]}, "island": {"prob": 0.0025575447570332483, "count": 1, "pos": [153]}, "guyana": {"prob": 0.0025575447570332483,