{"__total__": 630, "__name__": "doc_1633_The_Lion_King_1.txt", "the": {"prob": 0.06507936507936508, "count": 41, "pos": [0, 5, 16, 24, 47, 50, 66, 93, 114, 123, 133, 154, 158, 196, 203, 208, 241, 252, 268, 277, 352, 394, 419, 447, 450, 458, 466, 474, 482, 492, 515, 519, 534, 550, 556, 565, 589, 592, 596, 615, 618]}, "film": {"prob": 0.006349206349206349, "count": 4, "pos": [1, 197, 597, 616]}, "is": {"prob": 0.012698412698412698, "count": 8, "pos": [2, 72, 167, 314, 336, 374, 504, 563]}, "told": {"prob": 0.0015873015873015873, "count": 1, "pos": [3]}, "through": {"prob": 0.0015873015873015873, "count": 1, "pos": [4]}, "perspect": {"prob": 0.0015873015873015873, "count": 1, "pos": [6]}, "of": {"prob": 0.025396825396825397, "count": 16, "pos": [7, 15, 49, 153, 160, 210, 228, 232, 255, 418, 435, 507, 533, 588, 595, 604]}, "timon": {"prob": 0.03650793650793651, "count": 23, "pos": [8, 31, 58, 98, 139, 181, 226, 271, 289, 334, 366, 381, 390, 407, 412, 439, 484, 538, 544, 573, 599, 609, 623]}, "and": {"prob": 0.046031746031746035, "count": 29, "pos": [9, 64, 79, 117, 146, 166, 182, 214, 245, 265, 272, 301, 343, 367, 391, 400, 429, 440, 472, 487, 490, 498, 512, 539, 549, 567, 584, 601, 610]}, "pumbaa": {"prob": 0.026984126984126985, "count": 17, "pos": [10, 33, 112, 137, 183, 229, 264, 273, 305, 331, 356, 392, 441, 540, 568, 611, 621]}, "who": {"prob": 0.007936507936507936, "count": 5, "pos": [11, 85, 335, 403, 521]}, "watch": {"prob": 0.0031746031746031746, "count": 2, "pos": [12, 614]}, "their": {"prob": 0.007936507936507936, "count": 5, "pos": [13, 224, 249, 287, 575]}, "side": {"prob": 0.0015873015873015873, "count": 1, "pos": [14]}, "lion": {"prob": 0.0031746031746031746, "count": 2, "pos": [17, 279]}, "king": {"prob": 0.0031746031746031746, "count": 2, "pos": [18, 532]}, "in": {"prob": 0.023809523809523808, "count": 15, "pos": [19, 42, 62, 92, 144, 195, 202, 286, 351, 362, 464, 555, 591, 617, 628]}, "a": {"prob": 0.007936507936507936, "count": 5, "pos": [20, 216, 376, 433, 580]}, "cinema": {"prob": 0.0031746031746031746, "count": 2, "pos": [21, 619]}, "occas": {"prob": 0.0015873015873015873, "count": 1, "pos": [22]}, "stop": {"prob": 0.0015873015873015873, "count": 1, "pos": [23]}, "footag": {"prob": 0.0015873015873015873, "count": 1, "pos": [25]}, "to": {"prob": 0.031746031746031744, "count": 20, "pos": [26, 38, 88, 106, 108, 132, 179, 189, 222, 237, 275, 322, 328, 360, 365, 382, 409, 445, 553, 612]}, "talk": {"prob": 0.0015873015873015873, "count": 1, "pos": [27]}, "with": {"prob": 0.009523809523809525, "count": 6, "pos": [28, 192, 267, 299, 333, 570]}, "one": {"prob": 0.0015873015873015873, "count": 1, "pos": [29]}, "anoth": {"prob": 0.0015873015873015873, "count": 1, "pos": [30]}, "show": {"prob": 0.0015873015873015873, "count": 1, "pos": [32]}, "hi": {"prob": 0.01904761904761905, "count": 12, "pos": [34, 43, 55, 69, 90, 238, 295, 371, 385, 496, 529, 559]}, "backstori": {"prob": 0.0015873015873015873, "count": 1, "pos": [35]}, "reveal": {"prob": 0.0015873015873015873, "count": 1, "pos": [36]}, "him": {"prob": 0.011111111111111112, "count": 7, "pos": [37, 87, 173, 247, 369, 523, 543]}, "be": {"prob": 0.0015873015873015873, "count": 1, "pos": [39]}, "an": {"prob": 0.0031746031746031746, "count": 2, "pos": [40, 602]}, "outcast": {"prob": 0.0015873015873015873, "count": 1, "pos": [41]}, "meerkat": {"prob": 0.004761904761904762, "count": 3, "pos": [44, 551, 566]}, "coloni": {"prob": 0.004761904761904762, "count": 3, "pos": [45, 67, 552]}, "on": {"prob": 0.0031746031746031746, "count": 2, "pos": [46, 259]}, "outskirt": {"prob": 0.0015873015873015873, "count": 1, "pos": [48]}, "prideland": {"prob": 0.0031746031746031746, "count": 2, "pos": [51, 134]}, "while": {"prob": 0.0015873015873015873, "count": 1, "pos": [52]}, "support": {"prob": 0.0015873015873015873, "count": 1, "pos": [53]}, "by": {"prob": 0.007936507936507936, "count": 5, "pos": [54, 75, 421, 481, 510]}, "mother": {"prob": 0.0015873015873015873, "count": 1, "pos": [56]}, "ma": {"prob": 0.006349206349206349, "count": 4, "pos": [57, 399, 428, 546]}, "wish": {"prob": 0.0015873015873015873, "count": 1, "pos": [59]}, "for": {"prob": 0.011111111111111112, "count": 7, "pos": [60, 113, 185, 406, 524, 541, 577]}, "more": {"prob": 0.0015873015873015873, "count": 1, "pos": [61]}, "life": {"prob": 0.0031746031746031746, "count": 2, "pos": [63, 209]}, "left": {"prob": 0.0031746031746031746, "count": 2, "pos": [65, 341]}, "after": {"prob": 0.007936507936507936, "count": 5, "pos": [68, 262, 294, 325, 384]}, "uncl": {"prob": 0.006349206349206349, "count": 4, "pos": [70, 401, 430, 547]}, "max": {"prob": 0.006349206349206349, "count": 4, "pos": [71, 402, 431, 548]}, "near": {"prob": 0.0015873015873015873, "count": 1, "pos": [73]}, "eaten": {"prob": 0.0015873015873015873, "count": 1, "pos": [74]}, "hyena": {"prob": 0.011111111111111112, "count": 7, "pos": [76, 395, 420, 448, 483, 520, 590]}, "shenzi": {"prob": 0.0015873015873015873, "count": 1, "pos": [77]}, "banzai": {"prob": 0.0015873015873015873, "count": 1, "pos": [78]}, "ed": {"prob": 0.0015873015873015873, "count": 1, "pos": [80]}, "he": {"prob": 0.007936507936507936, "count": 5, "pos": [81, 141, 346, 349, 624]}, "meet": {"prob": 0.0031746031746031746, "count": 2, "pos": [82, 111]}, "mandril": {"prob": 0.0015873015873015873, "count": 1, "pos": [83]}, "rafiki": {"prob": 0.004761904761904762, "count": 3, "pos": [84, 316, 363]}, "advi": {"prob": 0.0015873015873015873, "count": 1, "pos": [86]}, "find": {"prob": 0.006349206349206349, "count": 4, "pos": [89, 215, 243, 578]}, "place": {"prob": 0.004761904761904762, "count": 3, "pos": [91, 188, 530]}, "world": {"prob": 0.0015873015873015873, "count": 1, "pos": [94]}, "via": {"prob": 0.0015873015873015873, "count": 1, "pos": [95]}, "hakuna": {"prob": 0.007936507936507936, "count": 5, "pos": [96, 233, 256, 372, 561]}, "matata": {"prob": 0.007936507936507936, "count": 5, "pos": [97, 234, 257, 373, 562]}, "wander": {"prob": 0.0015873015873015873, "count": 1, "pos": [99]}, "into": {"prob": 0.004761904761904762, "count": 3, "pos": [100, 398, 514]}, "some": {"prob": 0.0031746031746031746, "count": 2, "pos": [101, 152]}, "long": {"prob": 0.0015873015873015873, "count": 1, "pos": [102]}, "grass": {"prob": 0.0015873015873015873, "count": 1, "pos": [103]}, "upon": {"prob": 0.0015873015873015873, "count": 1, "pos": [104]}, "decid": {"prob": 0.0031746031746031746, "count": 2, "pos": [105, 221]}, "ventur": {"prob": 0.0015873015873015873, "count": 1, "pos": [107]}, "pride": {"prob": 0.009523809523809525, "count": 6, "pos": [109, 127, 388, 499, 508, 535]}, "rock": {"prob": 0.007936507936507936, "count": 5, "pos": [110, 128, 389, 500, 509]}, "first": {"prob": 0.0015873015873015873, "count": 1, "pos": [115]}, "time": {"prob": 0.0015873015873015873, "count": 1, "pos": [116]}, "they": {"prob": 0.009523809523809525, "count": 6, "pos": [118, 175, 198, 220, 415, 454]}, "becom": {"prob": 0.0015873015873015873, "count": 1, "pos": [119]}, "friend": {"prob": 0.0031746031746031746, "count": 2, "pos": [120, 386]}, "veri": {"prob": 0.0031746031746031746, "count": 2, "pos": [121, 168]}, "quick": {"prob": 0.004761904761904762, "count": 3, "pos": [122, 455, 488]}, "pair": {"prob": 0.0015873015873015873, "count": 1, "pos": [124]}, "arriv": {"prob": 0.0015873015873015873, "count": 1, "pos": [125]}, "at": {"prob": 0.0031746031746031746, "count": 2, "pos": [126, 387]}, "dure": {"prob": 0.0015873015873015873, "count": 1, "pos": [129]}, "simba": {"prob": 0.023809523809523808, "count": 15, "pos": [130, 180, 244, 270, 291, 313, 318, 330, 339, 411, 425, 511, 527, 571, 598]}, "present": {"prob": 0.0015873015873015873, "count": 1, "pos": [131]}, "anim": {"prob": 0.0031746031746031746, "count": 2, "pos": [135, 155]}, "howev": {"prob": 0.004761904761904762, "count": 3, "pos": [136, 240, 465]}, "inform": {"prob": 0.0031746031746031746, "count": 2, "pos": [138, 622]}, "that": {"prob": 0.011111111111111112, "count": 7,