{"__total__": 96, "__name__": "doc_1645_The_Love_Parade.txt", "count": {"prob": 0.020833333333333332, "count": 2, "pos": [0, 65]}, "alfr": {"prob": 0.03125, "count": 3, "pos": [1, 66, 90]}, "militari": {"prob": 0.010416666666666666, "count": 1, "pos": [2]}, "attach\u00e3": {"prob": 0.010416666666666666, "count": 1, "pos": [3]}, "to": {"prob": 0.07291666666666667, "count": 7, "pos": [4, 13, 15, 17, 72, 77, 92]}, "the": {"prob": 0.052083333333333336, "count": 5, "pos": [5, 32, 36, 78, 94]}, "sylvanian": {"prob": 0.010416666666666666, "count": 1, "pos": [6]}, "embassi": {"prob": 0.010416666666666666, "count": 1, "pos": [7]}, "in": {"prob": 0.03125, "count": 3, "pos": [8, 35, 43]}, "pari": {"prob": 0.010416666666666666, "count": 1, "pos": [9]}, "is": {"prob": 0.020833333333333332, "count": 2, "pos": [10, 47]}, "order": {"prob": 0.010416666666666666, "count": 1, "pos": [11]}, "back": {"prob": 0.010416666666666666, "count": 1, "pos": [12]}, "sylvania": {"prob": 0.020833333333333332, "count": 2, "pos": [14, 42]}, "report": {"prob": 0.010416666666666666, "count": 1, "pos": [16]}, "queen": {"prob": 0.041666666666666664, "count": 4, "pos": [18, 38, 68, 95]}, "loui": {"prob": 0.041666666666666664, "count": 4, "pos": [19, 39, 69, 89]}, "for": {"prob": 0.020833333333333332, "count": 2, "pos": [20, 86]}, "a": {"prob": 0.020833333333333332, "count": 2, "pos": [21, 24]}, "reprimand": {"prob": 0.010416666666666666, "count": 1, "pos": [22]}, "follow": {"prob": 0.010416666666666666, "count": 1, "pos": [23]}, "string": {"prob": 0.010416666666666666, "count": 1, "pos": [25]}, "of": {"prob": 0.041666666666666664, "count": 4, "pos": [26, 41, 80, 88]}, "scandal": {"prob": 0.010416666666666666, "count": 1, "pos": [27]}, "includ": {"prob": 0.010416666666666666, "count": 1, "pos": [28]}, "an": {"prob": 0.010416666666666666, "count": 1, "pos": [29]}, "affair": {"prob": 0.010416666666666666, "count": 1, "pos": [30]}, "with": {"prob": 0.03125, "count": 3, "pos": [31, 51, 55]}, "ambassador": {"prob": 0.010416666666666666, "count": 1, "pos": [33]}, "wife": {"prob": 0.010416666666666666, "count": 1, "pos": [34]}, "meantim": {"prob": 0.010416666666666666, "count": 1, "pos": [37]}, "ruler": {"prob": 0.010416666666666666, "count": 1, "pos": [40]}, "her": {"prob": 0.020833333333333332, "count": 2, "pos": [44, 52]}, "own": {"prob": 0.010416666666666666, "count": 1, "pos": [45]}, "right": {"prob": 0.010416666666666666, "count": 1, "pos": [46]}, "royal": {"prob": 0.010416666666666666, "count": 1, "pos": [48]}, "fed": {"prob": 0.010416666666666666, "count": 1, "pos": [49]}, "up": {"prob": 0.010416666666666666, "count": 1, "pos": [50]}, "subject": {"prob": 0.010416666666666666, "count": 1, "pos": [53]}, "preoccup": {"prob": 0.010416666666666666, "count": 1, "pos": [54]}, "whom": {"prob": 0.010416666666666666, "count": 1, "pos": [56]}, "she": {"prob": 0.010416666666666666, "count": 1, "pos": [57]}, "will": {"prob": 0.010416666666666666, "count": 1, "pos": [58]}, "marri": {"prob": 0.010416666666666666, "count": 1, "pos": [59]}, "intrigu": {"prob": 0.010416666666666666, "count": 1, "pos": [60]}, "rather": {"prob": 0.010416666666666666, "count": 1, "pos": [61]}, "than": {"prob": 0.010416666666666666, "count": 1, "pos": [62]}, "offend": {"prob": 0.010416666666666666, "count": 1, "pos": [63]}, "by": {"prob": 0.010416666666666666, "count": 1, "pos": [64]}, "dossier": {"prob": 0.010416666666666666, "count": 1, "pos": [67]}, "invit": {"prob": 0.010416666666666666, "count": 1, "pos": [70]}, "him": {"prob": 0.010416666666666666, "count": 1, "pos": [71]}, "dinner": {"prob": 0.010416666666666666, "count": 1, "pos": [73]}, "their": {"prob": 0.010416666666666666, "count": 1, "pos": [74]}, "romanc": {"prob": 0.010416666666666666, "count": 1, "pos": [75]}, "progress": {"prob": 0.010416666666666666, "count": 1, "pos": [76]}, "point": {"prob": 0.010416666666666666, "count": 1, "pos": [79]}, "marriag": {"prob": 0.010416666666666666, "count": 1, "pos": [81]}, "when": {"prob": 0.010416666666666666, "count": 1, "pos": [82]}, "despit": {"prob": 0.010416666666666666, "count": 1, "pos": [83]}, "hi": {"prob": 0.010416666666666666, "count": 1, "pos": [84]}, "qualm": {"prob": 0.010416666666666666, "count": 1, "pos": [85]}, "love": {"prob": 0.010416666666666666, "count": 1, "pos": [87]}, "agr": {"prob": 0.010416666666666666, "count": 1, "pos": [91]}, "obey": {"prob": 0.010416666666666666, "count": 1, "pos": [93]}}