{"__total__": 295, "__name__": "doc_1648_The_Madness_of_King_George.txt", "the": {"prob": 0.09830508474576272, "count": 29, "pos": [0, 3, 9, 12, 22, 46, 57, 63, 77, 88, 97, 109, 120, 131, 143, 167, 184, 187, 202, 225, 237, 244, 248, 253, 261, 273, 283, 287, 293]}, "film": {"prob": 0.003389830508474576, "count": 1, "pos": [1]}, "depict": {"prob": 0.003389830508474576, "count": 1, "pos": [2]}, "rel": {"prob": 0.003389830508474576, "count": 1, "pos": [4]}, "primit": {"prob": 0.003389830508474576, "count": 1, "pos": [5]}, "medic": {"prob": 0.003389830508474576, "count": 1, "pos": [6]}, "practic": {"prob": 0.003389830508474576, "count": 1, "pos": [7]}, "of": {"prob": 0.04745762711864407, "count": 14, "pos": [8, 48, 56, 80, 83, 119, 129, 145, 186, 214, 220, 243, 263, 290]}, "time": {"prob": 0.010169491525423728, "count": 3, "pos": [10, 258, 272]}, "and": {"prob": 0.030508474576271188, "count": 9, "pos": [11, 40, 66, 114, 136, 211, 230, 278, 285]}, "supposit": {"prob": 0.003389830508474576, "count": 1, "pos": [13]}, "that": {"prob": 0.006779661016949152, "count": 2, "pos": [14, 69]}, "physician": {"prob": 0.010169491525423728, "count": 3, "pos": [15, 51, 59]}, "made": {"prob": 0.006779661016949152, "count": 2, "pos": [16, 153]}, "in": {"prob": 0.010169491525423728, "count": 3, "pos": [17, 257, 271]}, "their": {"prob": 0.003389830508474576, "count": 1, "pos": [18]}, "effort": {"prob": 0.003389830508474576, "count": 1, "pos": [19]}, "to": {"prob": 0.05423728813559322, "count": 16, "pos": [20, 30, 76, 86, 96, 107, 150, 173, 205, 217, 233, 251, 255, 259, 282, 286]}, "understand": {"prob": 0.003389830508474576, "count": 1, "pos": [21]}, "human": {"prob": 0.003389830508474576, "count": 1, "pos": [23]}, "bodi": {"prob": 0.006779661016949152, "count": 2, "pos": [24, 70]}, "after": {"prob": 0.003389830508474576, "count": 1, "pos": [25]}, "king": {"prob": 0.04067796610169491, "count": 12, "pos": [26, 58, 64, 89, 121, 132, 163, 203, 226, 245, 254, 279]}, "georg": {"prob": 0.006779661016949152, "count": 2, "pos": [27, 280]}, "iii": {"prob": 0.003389830508474576, "count": 1, "pos": [28]}, "begin": {"prob": 0.010169491525423728, "count": 3, "pos": [29, 116, 250]}, "go": {"prob": 0.003389830508474576, "count": 1, "pos": [31]}, "mad": {"prob": 0.003389830508474576, "count": 1, "pos": [32]}, "hi": {"prob": 0.013559322033898305, "count": 4, "pos": [33, 117, 209, 291]}, "doctor": {"prob": 0.003389830508474576, "count": 1, "pos": [34]}, "attempt": {"prob": 0.010169491525423728, "count": 3, "pos": [35, 85, 106]}, "cure": {"prob": 0.010169491525423728, "count": 3, "pos": [36, 87, 108]}, "such": {"prob": 0.003389830508474576, "count": 1, "pos": [37]}, "as": {"prob": 0.013559322033898305, "count": 4, "pos": [38, 183, 190, 222]}, "blister": {"prob": 0.003389830508474576, "count": 1, "pos": [39]}, "purg": {"prob": 0.003389830508474576, "count": 1, "pos": [41]}, "led": {"prob": 0.006779661016949152, "count": 2, "pos": [42, 169]}, "on": {"prob": 0.003389830508474576, "count": 1, "pos": [43]}, "particular": {"prob": 0.003389830508474576, "count": 1, "pos": [44]}, "by": {"prob": 0.010169491525423728, "count": 3, "pos": [45, 124, 170]}, "princ": {"prob": 0.020338983050847456, "count": 6, "pos": [47, 144, 154, 188, 262, 274]}, "wale": {"prob": 0.010169491525423728, "count": 3, "pos": [49, 146, 264]}, "person": {"prob": 0.003389830508474576, "count": 1, "pos": [50]}, "dr": {"prob": 0.013559322033898305, "count": 4, "pos": [52, 60, 100, 195]}, "warren": {"prob": 0.003389830508474576, "count": 1, "pos": [53]}, "meanwhil": {"prob": 0.006779661016949152, "count": 2, "pos": [54, 142]}, "anoth": {"prob": 0.003389830508474576, "count": 1, "pos": [55]}, "pepi": {"prob": 0.003389830508474576, "count": 1, "pos": [61]}, "analyz": {"prob": 0.003389830508474576, "count": 1, "pos": [62]}, "stool": {"prob": 0.003389830508474576, "count": 1, "pos": [65]}, "urin": {"prob": 0.003389830508474576, "count": 1, "pos": [67]}, "believ": {"prob": 0.003389830508474576, "count": 1, "pos": [68]}, "wast": {"prob": 0.003389830508474576, "count": 1, "pos": [71]}, "may": {"prob": 0.003389830508474576, "count": 1, "pos": [72]}, "contain": {"prob": 0.003389830508474576, "count": 1, "pos": [73]}, "some": {"prob": 0.003389830508474576, "count": 1, "pos": [74]}, "clue": {"prob": 0.003389830508474576, "count": 1, "pos": [75]}, "royal": {"prob": 0.003389830508474576, "count": 1, "pos": [78]}, "maladi": {"prob": 0.003389830508474576, "count": 1, "pos": [79]}, "cour": {"prob": 0.003389830508474576, "count": 1, "pos": [81]}, "none": {"prob": 0.003389830508474576, "count": 1, "pos": [82]}, "these": {"prob": 0.003389830508474576, "count": 1, "pos": [84]}, "actual": {"prob": 0.003389830508474576, "count": 1, "pos": [90]}, "work": {"prob": 0.003389830508474576, "count": 1, "pos": [91]}, "final": {"prob": 0.003389830508474576, "count": 1, "pos": [92]}, "ladi": {"prob": 0.003389830508474576, "count": 1, "pos": [93]}, "pembrok": {"prob": 0.003389830508474576, "count": 1, "pos": [94]}, "attend": {"prob": 0.003389830508474576, "count": 1, "pos": [95]}, "queen": {"prob": 0.006779661016949152, "count": 2, "pos": [98, 294]}, "recommend": {"prob": 0.003389830508474576, "count": 1, "pos": [99]}, "willi": {"prob": 0.006779661016949152, "count": 2, "pos": [101, 196]}, "an": {"prob": 0.003389830508474576, "count": 1, "pos": [102]}, "ex": {"prob": 0.003389830508474576, "count": 1, "pos": [103]}, "minist": {"prob": 0.006779661016949152, "count": 2, "pos": [104, 175]}, "who": {"prob": 0.006779661016949152, "count": 2, "pos": [105, 115]}, "insan": {"prob": 0.003389830508474576, "count": 1, "pos": [110]}, "through": {"prob": 0.003389830508474576, "count": 1, "pos": [111]}, "behavior": {"prob": 0.003389830508474576, "count": 1, "pos": [112]}, "modif": {"prob": 0.003389830508474576, "count": 1, "pos": [113]}, "restor": {"prob": 0.003389830508474576, "count": 1, "pos": [118]}, "mental": {"prob": 0.003389830508474576, "count": 1, "pos": [122]}, "state": {"prob": 0.006779661016949152, "count": 2, "pos": [123, 213]}, "enforc": {"prob": 0.003389830508474576, "count": 1, "pos": [125]}, "a": {"prob": 0.010169491525423728, "count": 3, "pos": [126, 134, 218]}, "strict": {"prob": 0.003389830508474576, "count": 1, "pos": [127]}, "regim": {"prob": 0.003389830508474576, "count": 1, "pos": [128]}, "strap": {"prob": 0.003389830508474576, "count": 1, "pos": [130]}, "into": {"prob": 0.003389830508474576, "count": 1, "pos": [133]}, "waistcoat": {"prob": 0.003389830508474576, "count": 1, "pos": [135]}, "restrain": {"prob": 0.003389830508474576, "count": 1, "pos": [137]}, "him": {"prob": 0.006779661016949152, "count": 2, "pos": [138, 207]}, "whenev": {"prob": 0.003389830508474576, "count": 1, "pos": [139]}, "he": {"prob": 0.013559322033898305, "count": 4, "pos": [140, 159, 164, 223]}, "misbehav": {"prob": 0.003389830508474576, "count": 1, "pos": [141]}, "ha": {"prob": 0.003389830508474576, "count": 1, "pos": [147]}, "been": {"prob": 0.003389830508474576, "count": 1, "pos": [148]}, "scheme": {"prob": 0.003389830508474576, "count": 1, "pos": [149]}, "have": {"prob": 0.003389830508474576, "count": 1, "pos": [151]}, "himself": {"prob": 0.003389830508474576, "count": 1, "pos": [152]}, "regent": {"prob": 0.010169491525423728, "count": 3, "pos": [155, 191, 267]}, "at": {"prob": 0.003389830508474576, "count": 1, "pos": [156]}, "which": {"prob": 0.003389830508474576, "count": 1, "pos": [157]}, "point": {"prob": 0.003389830508474576, "count": 1, "pos": [158]}, "will": {"prob": 0.003389830508474576, "count": 1, "pos": [160]}, "effect": {"prob": 0.003389830508474576, "count": 1, "pos": [161]}, "be": {"prob": 0.006779661016949152, "count": 2, "pos": [162, 265]}, "alli": {"prob": 0.003389830508474576, "count": 1, "pos": [165]}, "with": {"prob": 0.006779661016949152, "count": 2, "pos": [166, 201]}, "opposit": {"prob": 0.003389830508474576, "count": 1, "pos": [168]}, "charl": {"prob": 0.003389830508474576, "count": 1, "pos": [171]}, "fox": {"prob": 0.003389830508474576, "count": 1,