{"__total__": 509, "__name__": "doc_1654_The_Man_with_the_Golden_Arm.txt", "franki": {"prob": 0.029469548133595286, "count": 15, "pos": [0, 20, 51, 76, 137, 173, 230, 266, 290, 350, 365, 386, 403, 456, 499]}, "machin": {"prob": 0.003929273084479371, "count": 2, "pos": [1, 72]}, "is": {"prob": 0.021611001964636542, "count": 11, "pos": [2, 82, 155, 207, 224, 233, 351, 359, 395, 406, 432]}, "relea": {"prob": 0.0019646365422396855, "count": 1, "pos": [3]}, "from": {"prob": 0.005893909626719057, "count": 3, "pos": [4, 226, 422]}, "prison": {"prob": 0.003929273084479371, "count": 2, "pos": [5, 24]}, "with": {"prob": 0.009823182711198428, "count": 5, "pos": [6, 216, 286, 400, 507]}, "a": {"prob": 0.03929273084479371, "count": 20, "pos": [7, 12, 17, 36, 45, 91, 121, 141, 149, 156, 165, 184, 248, 251, 259, 264, 360, 374, 398, 415]}, "set": {"prob": 0.0019646365422396855, "count": 1, "pos": [8]}, "of": {"prob": 0.015717092337917484, "count": 8, "pos": [9, 108, 183, 281, 300, 330, 340, 455]}, "drum": {"prob": 0.005893909626719057, "count": 3, "pos": [10, 119, 303]}, "and": {"prob": 0.03143418467583497, "count": 16, "pos": [11, 31, 101, 143, 159, 215, 219, 232, 237, 296, 325, 405, 439, 457, 476, 495]}, "new": {"prob": 0.003929273084479371, "count": 2, "pos": [13, 150]}, "outlook": {"prob": 0.0019646365422396855, "count": 1, "pos": [14]}, "on": {"prob": 0.011787819253438114, "count": 6, "pos": [15, 25, 187, 212, 235, 289]}, "life": {"prob": 0.0019646365422396855, "count": 1, "pos": [16]}, "heroin": {"prob": 0.007858546168958742, "count": 4, "pos": [18, 74, 213, 282]}, "addict": {"prob": 0.003929273084479371, "count": 2, "pos": [19, 186]}, "becam": {"prob": 0.0019646365422396855, "count": 1, "pos": [21]}, "clean": {"prob": 0.003929273084479371, "count": 2, "pos": [22, 426]}, "in": {"prob": 0.015717092337917484, "count": 8, "pos": [23, 56, 164, 362, 408, 442, 453, 501]}, "the": {"prob": 0.03732809430255403, "count": 19, "pos": [26, 153, 171, 181, 188, 198, 284, 294, 302, 338, 341, 378, 401, 420, 458, 468, 474, 480, 493]}, "outsid": {"prob": 0.003929273084479371, "count": 2, "pos": [27, 469]}, "he": {"prob": 0.0275049115913556, "count": 14, "pos": [28, 110, 112, 130, 160, 200, 246, 358, 388, 394, 412, 428, 431, 503]}, "greet": {"prob": 0.0019646365422396855, "count": 1, "pos": [29]}, "friend": {"prob": 0.0019646365422396855, "count": 1, "pos": [30]}, "acquaint": {"prob": 0.0019646365422396855, "count": 1, "pos": [32]}, "sparrow": {"prob": 0.003929273084479371, "count": 2, "pos": [33, 145]}, "who": {"prob": 0.003929273084479371, "count": 2, "pos": [34, 81]}, "run": {"prob": 0.003929273084479371, "count": 2, "pos": [35, 461]}, "con": {"prob": 0.0019646365422396855, "count": 1, "pos": [37]}, "sell": {"prob": 0.0019646365422396855, "count": 1, "pos": [38]}, "homeless": {"prob": 0.0019646365422396855, "count": 1, "pos": [39]}, "dog": {"prob": 0.0019646365422396855, "count": 1, "pos": [40]}, "cling": {"prob": 0.0019646365422396855, "count": 1, "pos": [41]}, "to": {"prob": 0.043222003929273084, "count": 22, "pos": [42, 53, 105, 117, 126, 146, 169, 196, 209, 221, 308, 311, 313, 343, 367, 370, 396, 418, 434, 482, 489, 492]}, "him": {"prob": 0.01768172888015717, "count": 9, "pos": [43, 67, 148, 194, 211, 271, 315, 336, 383]}, "like": {"prob": 0.0019646365422396855, "count": 1, "pos": [44]}, "young": {"prob": 0.0019646365422396855, "count": 1, "pos": [46]}, "brother": {"prob": 0.0019646365422396855, "count": 1, "pos": [47]}, "but": {"prob": 0.015717092337917484, "count": 8, "pos": [48, 86, 152, 175, 253, 275, 346, 462]}, "schwiefka": {"prob": 0.007858546168958742, "count": 4, "pos": [49, 167, 204, 245]}, "whom": {"prob": 0.0019646365422396855, "count": 1, "pos": [50]}, "use": {"prob": 0.0019646365422396855, "count": 1, "pos": [52]}, "deal": {"prob": 0.007858546168958742, "count": 4, "pos": [54, 202, 238, 258]}, "for": {"prob": 0.01768172888015717, "count": 9, "pos": [55, 65, 120, 193, 203, 244, 353, 373, 382]}, "hi": {"prob": 0.01768172888015717, "count": 9, "pos": [57, 78, 103, 178, 273, 279, 298, 344, 423]}, "illeg": {"prob": 0.0019646365422396855, "count": 1, "pos": [58]}, "card": {"prob": 0.003929273084479371, "count": 2, "pos": [59, 242]}, "game": {"prob": 0.005893909626719057, "count": 3, "pos": [60, 243, 261]}, "ha": {"prob": 0.005893909626719057, "count": 3, "pos": [61, 113, 320]}, "more": {"prob": 0.0019646365422396855, "count": 1, "pos": [62]}, "sinist": {"prob": 0.0019646365422396855, "count": 1, "pos": [63]}, "reason": {"prob": 0.0019646365422396855, "count": 1, "pos": [64]}, "welcom": {"prob": 0.0019646365422396855, "count": 1, "pos": [66]}, "back": {"prob": 0.005893909626719057, "count": 3, "pos": [68, 163, 234]}, "as": {"prob": 0.003929273084479371, "count": 2, "pos": [69, 250]}, "doe": {"prob": 0.0019646365422396855, "count": 1, "pos": [70]}, "loui": {"prob": 0.009823182711198428, "count": 5, "pos": [71, 206, 268, 306, 316]}, "former": {"prob": 0.0019646365422396855, "count": 1, "pos": [73]}, "dealer": {"prob": 0.0019646365422396855, "count": 1, "pos": [75]}, "see": {"prob": 0.003929273084479371, "count": 2, "pos": [77, 309]}, "wife": {"prob": 0.0019646365422396855, "count": 1, "pos": [79]}, "zosh": {"prob": 0.01768172888015717, "count": 9, "pos": [80, 97, 220, 310, 319, 328, 430, 445, 491]}, "supposed": {"prob": 0.0019646365422396855, "count": 1, "pos": [83]}, "wheelchair": {"prob": 0.0019646365422396855, "count": 1, "pos": [84]}, "bound": {"prob": 0.0019646365422396855, "count": 1, "pos": [85]}, "secret": {"prob": 0.0019646365422396855, "count": 1, "pos": [87]}, "fulli": {"prob": 0.0019646365422396855, "count": 1, "pos": [88]}, "recov": {"prob": 0.0019646365422396855, "count": 1, "pos": [89]}, "after": {"prob": 0.003929273084479371, "count": 2, "pos": [90, 376]}, "car": {"prob": 0.0019646365422396855, "count": 1, "pos": [92]}, "crash": {"prob": 0.0019646365422396855, "count": 1, "pos": [93]}, "some": {"prob": 0.0019646365422396855, "count": 1, "pos": [94]}, "year": {"prob": 0.0019646365422396855, "count": 1, "pos": [95]}, "ago": {"prob": 0.0019646365422396855, "count": 1, "pos": [96]}, "smother": {"prob": 0.0019646365422396855, "count": 1, "pos": [98]}, "her": {"prob": 0.009823182711198428, "count": 5, "pos": [99, 323, 436, 443, 483]}, "husband": {"prob": 0.0019646365422396855, "count": 1, "pos": [100]}, "hinder": {"prob": 0.0019646365422396855, "count": 1, "pos": [102]}, "attempt": {"prob": 0.0019646365422396855, "count": 1, "pos": [104]}, "make": {"prob": 0.003929273084479371, "count": 2, "pos": [106, 127]}, "someth": {"prob": 0.0019646365422396855, "count": 1, "pos": [107]}, "himself": {"prob": 0.003929273084479371, "count": 2, "pos": [109, 140]}, "think": {"prob": 0.0019646365422396855, "count": 1, "pos": [111]}, "what": {"prob": 0.0019646365422396855, "count": 1, "pos": [114]}, "it": {"prob": 0.0019646365422396855, "count": 1, "pos": [115]}, "take": {"prob": 0.003929273084479371, "count": 2, "pos": [116, 490]}, "play": {"prob": 0.0019646365422396855, "count": 1, "pos": [118]}, "big": {"prob": 0.0019646365422396855, "count": 1, "pos": [122]}, "band": {"prob": 0.0019646365422396855, "count": 1, "pos": [123]}, "while": {"prob": 0.003929273084479371, "count": 2, "pos": [124, 498]}, "call": {"prob": 0.0019646365422396855, "count": 1, "pos": [125]}, "an": {"prob": 0.005893909626719057, "count": 3, "pos": [128, 133, 485]}, "appoint": {"prob": 0.0019646365422396855, "count": 1, "pos": [129]}, "bump": {"prob": 0.0019646365422396855, "count": 1, "pos": [131]}, "into": {"prob": 0.0019646365422396855, "count": 1, "pos": [132]}, "old": {"prob": 0.0019646365422396855, "count": 1, "pos": [134]}, "flame": {"prob": 0.0019646365422396855, "count": 1, "pos": [135]}, "molli": {"prob": 0.009823182711198428, "count": 5, "pos": [136, 368, 384, 409, 508]}, "soon": {"prob": 0.005893909626719057, "count": 3, "pos": [138, 176, 229]}, "get": {"prob": 0.009823182711198428, "count": 5, "pos": [139, 147, 247, 371, 464]}, "tryout": {"prob": 0.003929273084479371, "count": 2,