{"__total__": 174, "__name__": "doc_1667_The_Mexican.txt", "the": {"prob": 0.07471264367816093, "count": 13, "pos": [0, 15, 21, 37, 51, 57, 69, 113, 142, 149, 160, 167, 172]}, "stori": {"prob": 0.011494252873563218, "count": 2, "pos": [1, 173]}, "follow": {"prob": 0.011494252873563218, "count": 2, "pos": [2, 56]}, "jerri": {"prob": 0.005747126436781609, "count": 1, "pos": [3]}, "welbach": {"prob": 0.022988505747126436, "count": 4, "pos": [4, 27, 72, 92]}, "as": {"prob": 0.011494252873563218, "count": 2, "pos": [5, 138]}, "he": {"prob": 0.011494252873563218, "count": 2, "pos": [6, 35]}, "travel": {"prob": 0.005747126436781609, "count": 1, "pos": [7]}, "through": {"prob": 0.005747126436781609, "count": 1, "pos": [8]}, "mexico": {"prob": 0.005747126436781609, "count": 1, "pos": [9]}, "to": {"prob": 0.017241379310344827, "count": 3, "pos": [10, 110, 124]}, "find": {"prob": 0.011494252873563218, "count": 2, "pos": [11, 59]}, "an": {"prob": 0.011494252873563218, "count": 2, "pos": [12, 156]}, "antiqu": {"prob": 0.005747126436781609, "count": 1, "pos": [13]}, "gun": {"prob": 0.011494252873563218, "count": 2, "pos": [14, 114]}, "mexican": {"prob": 0.005747126436781609, "count": 1, "pos": [16]}, "and": {"prob": 0.017241379310344827, "count": 3, "pos": [17, 126, 152]}, "smuggl": {"prob": 0.005747126436781609, "count": 1, "pos": [18]}, "it": {"prob": 0.022988505747126436, "count": 4, "pos": [19, 122, 127, 135]}, "into": {"prob": 0.005747126436781609, "count": 1, "pos": [20]}, "unit": {"prob": 0.005747126436781609, "count": 1, "pos": [22]}, "state": {"prob": 0.005747126436781609, "count": 1, "pos": [23]}, "five": {"prob": 0.011494252873563218, "count": 2, "pos": [24, 48]}, "year": {"prob": 0.011494252873563218, "count": 2, "pos": [25, 49]}, "earlier": {"prob": 0.005747126436781609, "count": 1, "pos": [26]}, "had": {"prob": 0.005747126436781609, "count": 1, "pos": [28]}, "caus": {"prob": 0.005747126436781609, "count": 1, "pos": [29]}, "a": {"prob": 0.034482758620689655, "count": 6, "pos": [30, 94, 116, 119, 130, 139]}, "traffic": {"prob": 0.005747126436781609, "count": 1, "pos": [31]}, "accid": {"prob": 0.005747126436781609, "count": 1, "pos": [32]}, "in": {"prob": 0.040229885057471264, "count": 7, "pos": [33, 63, 66, 82, 129, 146, 171]}, "which": {"prob": 0.005747126436781609, "count": 1, "pos": [34]}, "hit": {"prob": 0.005747126436781609, "count": 1, "pos": [36]}, "car": {"prob": 0.011494252873563218, "count": 2, "pos": [38, 55]}, "of": {"prob": 0.022988505747126436, "count": 4, "pos": [39, 108, 162, 165]}, "local": {"prob": 0.005747126436781609, "count": 1, "pos": [40]}, "mobster": {"prob": 0.005747126436781609, "count": 1, "pos": [41]}, "arnold": {"prob": 0.005747126436781609, "count": 1, "pos": [42]}, "margol": {"prob": 0.011494252873563218, "count": 2, "pos": [43, 80]}, "who": {"prob": 0.011494252873563218, "count": 2, "pos": [44, 97]}, "wa": {"prob": 0.022988505747126436, "count": 4, "pos": [45, 136, 145, 153]}, "jail": {"prob": 0.011494252873563218, "count": 2, "pos": [46, 70]}, "for": {"prob": 0.011494252873563218, "count": 2, "pos": [47, 68]}, "after": {"prob": 0.005747126436781609, "count": 1, "pos": [50]}, "polic": {"prob": 0.005747126436781609, "count": 1, "pos": [52]}, "search": {"prob": 0.005747126436781609, "count": 1, "pos": [53]}, "hi": {"prob": 0.022988505747126436, "count": 4, "pos": [54, 64, 89, 106]}, "crash": {"prob": 0.005747126436781609, "count": 1, "pos": [58]}, "someon": {"prob": 0.005747126436781609, "count": 1, "pos": [60]}, "tie": {"prob": 0.005747126436781609, "count": 1, "pos": [61]}, "up": {"prob": 0.005747126436781609, "count": 1, "pos": [62]}, "trunk": {"prob": 0.005747126436781609, "count": 1, "pos": [65]}, "compen": {"prob": 0.005747126436781609, "count": 1, "pos": [67]}, "time": {"prob": 0.005747126436781609, "count": 1, "pos": [71]}, "ha": {"prob": 0.017241379310344827, "count": 3, "pos": [73, 93, 115]}, "been": {"prob": 0.005747126436781609, "count": 1, "pos": [74]}, "sent": {"prob": 0.005747126436781609, "count": 1, "pos": [75]}, "on": {"prob": 0.005747126436781609, "count": 1, "pos": [76]}, "variou": {"prob": 0.005747126436781609, "count": 1, "pos": [77]}, "errand": {"prob": 0.011494252873563218, "count": 2, "pos": [78, 91]}, "by": {"prob": 0.011494252873563218, "count": 2, "pos": [79, 155]}, "second": {"prob": 0.005747126436781609, "count": 1, "pos": [81]}, "command": {"prob": 0.005747126436781609, "count": 1, "pos": [83]}, "berni": {"prob": 0.005747126436781609, "count": 1, "pos": [84]}, "nayman": {"prob": 0.005747126436781609, "count": 1, "pos": [85]}, "thi": {"prob": 0.005747126436781609, "count": 1, "pos": [86]}, "will": {"prob": 0.005747126436781609, "count": 1, "pos": [87]}, "be": {"prob": 0.005747126436781609, "count": 1, "pos": [88]}, "final": {"prob": 0.005747126436781609, "count": 1, "pos": [90]}, "girlfriend": {"prob": 0.005747126436781609, "count": 1, "pos": [95]}, "samantha": {"prob": 0.005747126436781609, "count": 1, "pos": [96]}, "constant": {"prob": 0.005747126436781609, "count": 1, "pos": [98]}, "argu": {"prob": 0.005747126436781609, "count": 1, "pos": [99]}, "with": {"prob": 0.011494252873563218, "count": 2, "pos": [100, 148]}, "him": {"prob": 0.005747126436781609, "count": 1, "pos": [101]}, "about": {"prob": 0.005747126436781609, "count": 1, "pos": [102]}, "among": {"prob": 0.005747126436781609, "count": 1, "pos": [103]}, "other": {"prob": 0.005747126436781609, "count": 1, "pos": [104]}, "thing": {"prob": 0.005747126436781609, "count": 1, "pos": [105]}, "lack": {"prob": 0.005747126436781609, "count": 1, "pos": [107]}, "commit": {"prob": 0.005747126436781609, "count": 1, "pos": [109]}, "their": {"prob": 0.011494252873563218, "count": 2, "pos": [111, 163]}, "relationship": {"prob": 0.005747126436781609, "count": 1, "pos": [112]}, "legendari": {"prob": 0.005747126436781609, "count": 1, "pos": [117]}, "histori": {"prob": 0.005747126436781609, "count": 1, "pos": [118]}, "cur": {"prob": 0.005747126436781609, "count": 1, "pos": [120]}, "regard": {"prob": 0.005747126436781609, "count": 1, "pos": [121]}, "likelihood": {"prob": 0.005747126436781609, "count": 1, "pos": [123]}, "misfir": {"prob": 0.005747126436781609, "count": 1, "pos": [125]}, "involv": {"prob": 0.005747126436781609, "count": 1, "pos": [128]}, "jilt": {"prob": 0.005747126436781609, "count": 1, "pos": [131]}, "love": {"prob": 0.011494252873563218, "count": 2, "pos": [132, 147]}, "triangl": {"prob": 0.005747126436781609, "count": 1, "pos": [133]}, "where": {"prob": 0.005747126436781609, "count": 1, "pos": [134]}, "use": {"prob": 0.005747126436781609, "count": 1, "pos": [137]}, "suicid": {"prob": 0.011494252873563218, "count": 2, "pos": [140, 161]}, "weapon": {"prob": 0.005747126436781609, "count": 1, "pos": [141]}, "gunsmith": {"prob": 0.011494252873563218, "count": 2, "pos": [143, 150]}, "assist": {"prob": 0.005747126436781609, "count": 1, "pos": [144]}, "daughter": {"prob": 0.005747126436781609, "count": 1, "pos": [151]}, "kill": {"prob": 0.005747126436781609, "count": 1, "pos": [154]}, "interest": {"prob": 0.005747126436781609, "count": 1, "pos": [157]}, "nobleman": {"prob": 0.005747126436781609, "count": 1, "pos": [158]}, "prompt": {"prob": 0.005747126436781609, "count": 1, "pos": [159]}, "object": {"prob": 0.005747126436781609, "count": 1, "pos": [164]}, "affect": {"prob": 0.005747126436781609, "count": 1, "pos": [166]}, "legend": {"prob": 0.005747126436781609, "count": 1, "pos": [168]}, "is": {"prob": 0.005747126436781609, "count": 1, "pos": [169]}, "repri": {"prob": 0.005747126436781609, "count": 1, "pos": [170]}}