{"__total__": 555, "__name__": "doc_1680_The_Net_1995.txt", "the": {"prob": 0.05945945945945946, "count": 33, "pos": [0, 47, 126, 130, 149, 160, 198, 220, 254, 265, 269, 296, 312, 324, 339, 350, 363, 373, 378, 393, 397, 400, 417, 459, 469, 488, 494, 497, 500, 511, 519, 542, 552]}, "film": {"prob": 0.0036036036036036037, "count": 2, "pos": [1, 543]}, "open": {"prob": 0.0018018018018018018, "count": 1, "pos": [2]}, "with": {"prob": 0.023423423423423424, "count": 13, "pos": [3, 51, 59, 70, 74, 125, 148, 157, 349, 406, 534, 545, 548]}, "unit": {"prob": 0.0018018018018018018, "count": 1, "pos": [4]}, "state": {"prob": 0.0018018018018018018, "count": 1, "pos": [5]}, "undersecretari": {"prob": 0.0018018018018018018, "count": 1, "pos": [6]}, "of": {"prob": 0.014414414414414415, "count": 8, "pos": [7, 178, 188, 219, 311, 355, 493, 513]}, "defen": {"prob": 0.0018018018018018018, "count": 1, "pos": [8]}, "michael": {"prob": 0.0018018018018018018, "count": 1, "pos": [9]}, "bergstrom": {"prob": 0.0036036036036036037, "count": 2, "pos": [10, 332]}, "who": {"prob": 0.010810810810810811, "count": 6, "pos": [11, 31, 56, 241, 273, 333]}, "commit": {"prob": 0.0018018018018018018, "count": 1, "pos": [12]}, "suicid": {"prob": 0.0018018018018018018, "count": 1, "pos": [13]}, "after": {"prob": 0.0036036036036036037, "count": 2, "pos": [14, 412]}, "discov": {"prob": 0.0036036036036036037, "count": 2, "pos": [15, 435]}, "that": {"prob": 0.005405405405405406, "count": 3, "pos": [16, 175, 331]}, "he": {"prob": 0.007207207207207207, "count": 4, "pos": [17, 132, 284, 436]}, "ha": {"prob": 0.005405405405405406, "count": 3, "pos": [18, 242, 248]}, "test": {"prob": 0.0018018018018018018, "count": 1, "pos": [19]}, "posit": {"prob": 0.0018018018018018018, "count": 1, "pos": [20]}, "for": {"prob": 0.012612612612612612, "count": 7, "pos": [21, 166, 214, 264, 305, 392, 445]}, "hiv": {"prob": 0.0018018018018018018, "count": 1, "pos": [22]}, "angela": {"prob": 0.0018018018018018018, "count": 1, "pos": [23]}, "bennett": {"prob": 0.032432432432432434, "count": 18, "pos": [24, 62, 91, 105, 123, 134, 154, 170, 208, 230, 257, 321, 384, 413, 447, 490, 530, 546]}, "is": {"prob": 0.012612612612612612, "count": 7, "pos": [25, 57, 194, 210, 234, 414, 437]}, "a": {"prob": 0.023423423423423424, "count": 13, "pos": [26, 67, 71, 77, 119, 238, 288, 293, 315, 352, 389, 421, 535]}, "venic": {"prob": 0.0018018018018018018, "count": 1, "pos": [27]}, "california": {"prob": 0.0036036036036036037, "count": 2, "pos": [28, 418]}, "system": {"prob": 0.007207207207207207, "count": 4, "pos": [29, 82, 100, 475]}, "analyst": {"prob": 0.0018018018018018018, "count": 1, "pos": [30]}, "telecommut": {"prob": 0.0018018018018018018, "count": 1, "pos": [32]}, "to": {"prob": 0.02702702702702703, "count": 15, "pos": [33, 76, 93, 107, 121, 237, 291, 300, 358, 367, 449, 461, 481, 496, 540]}, "cathedr": {"prob": 0.005405405405405406, "count": 3, "pos": [34, 253, 450]}, "softwar": {"prob": 0.0018018018018018018, "count": 1, "pos": [35]}, "in": {"prob": 0.005405405405405406, "count": 3, "pos": [36, 262, 318]}, "san": {"prob": 0.0018018018018018018, "count": 1, "pos": [37]}, "francisco": {"prob": 0.0018018018018018018, "count": 1, "pos": [38]}, "her": {"prob": 0.03783783783783784, "count": 21, "pos": [39, 54, 66, 164, 179, 189, 192, 203, 224, 228, 250, 258, 275, 286, 302, 306, 309, 430, 454, 514, 549]}, "interperson": {"prob": 0.0018018018018018018, "count": 1, "pos": [40]}, "relationship": {"prob": 0.0018018018018018018, "count": 1, "pos": [41]}, "are": {"prob": 0.0036036036036036037, "count": 2, "pos": [42, 206]}, "complet": {"prob": 0.0018018018018018018, "count": 1, "pos": [43]}, "onlin": {"prob": 0.0036036036036036037, "count": 2, "pos": [44, 382]}, "and": {"prob": 0.03783783783783784, "count": 21, "pos": [45, 53, 90, 102, 143, 151, 162, 202, 212, 216, 279, 298, 314, 329, 408, 440, 464, 483, 503, 527, 551]}, "on": {"prob": 0.010810810810810811, "count": 6, "pos": [46, 110, 135, 270, 372, 518]}, "phone": {"prob": 0.0018018018018018018, "count": 1, "pos": [48]}, "limit": {"prob": 0.0018018018018018018, "count": 1, "pos": [49]}, "interact": {"prob": 0.0018018018018018018, "count": 1, "pos": [50]}, "neighbor": {"prob": 0.0036036036036036037, "count": 2, "pos": [52, 221]}, "mother": {"prob": 0.005405405405405406, "count": 3, "pos": [55, 303, 550]}, "institut": {"prob": 0.0018018018018018018, "count": 1, "pos": [58]}, "alzheim": {"prob": 0.0018018018018018018, "count": 1, "pos": [60]}, "disea": {"prob": 0.0018018018018018018, "count": 1, "pos": [61]}, "cowork": {"prob": 0.0018018018018018018, "count": 1, "pos": [63]}, "dale": {"prob": 0.0036036036036036037, "count": 2, "pos": [64, 89]}, "send": {"prob": 0.0018018018018018018, "count": 1, "pos": [65]}, "floppi": {"prob": 0.0018018018018018018, "count": 1, "pos": [68]}, "disk": {"prob": 0.009009009009009009, "count": 5, "pos": [69, 127, 150, 161, 266]}, "backdoor": {"prob": 0.007207207207207207, "count": 4, "pos": [72, 313, 489, 495]}, "label": {"prob": 0.0018018018018018018, "count": 1, "pos": [73]}, "\u00ef": {"prob": 0.0036036036036036037, "count": 2, "pos": [75, 348]}, "common": {"prob": 0.0018018018018018018, "count": 1, "pos": [78]}, "use": {"prob": 0.007207207207207207, "count": 4, "pos": [79, 308, 337, 453]}, "comput": {"prob": 0.010810810810810811, "count": 6, "pos": [80, 328, 360, 410, 456, 474]}, "secur": {"prob": 0.0036036036036036037, "count": 2, "pos": [81, 232]}, "call": {"prob": 0.0018018018018018018, "count": 1, "pos": [83]}, "gatekeep": {"prob": 0.005405405405405406, "count": 3, "pos": [84, 336, 479]}, "sold": {"prob": 0.0018018018018018018, "count": 1, "pos": [85]}, "by": {"prob": 0.009009009009009009, "count": 5, "pos": [86, 276, 338, 404, 416]}, "gregg": {"prob": 0.007207207207207207, "count": 4, "pos": [87, 462, 476, 508]}, "microsystem": {"prob": 0.0036036036036036037, "count": 2, "pos": [88, 463]}, "agr": {"prob": 0.0018018018018018018, "count": 1, "pos": [92]}, "meet": {"prob": 0.005405405405405406, "count": 3, "pos": [94, 114, 368]}, "but": {"prob": 0.009009009009009009, "count": 5, "pos": [95, 138, 377, 399, 433]}, "hi": {"prob": 0.007207207207207207, "count": 4, "pos": [96, 136, 141, 478]}, "privat": {"prob": 0.0018018018018018018, "count": 1, "pos": [97]}, "plane": {"prob": 0.0018018018018018018, "count": 1, "pos": [98]}, "navig": {"prob": 0.0018018018018018018, "count": 1, "pos": [99]}, "malfunct": {"prob": 0.0018018018018018018, "count": 1, "pos": [101]}, "it": {"prob": 0.0018018018018018018, "count": 1, "pos": [103]}, "crash": {"prob": 0.0036036036036036037, "count": 2, "pos": [104, 507]}, "travel": {"prob": 0.0036036036036036037, "count": 2, "pos": [106, 448]}, "cozumel": {"prob": 0.0018018018018018018, "count": 1, "pos": [108]}, "mexico": {"prob": 0.0018018018018018018, "count": 1, "pos": [109]}, "vacat": {"prob": 0.0018018018018018018, "count": 1, "pos": [111]}, "where": {"prob": 0.005405405405405406, "count": 3, "pos": [112, 452, 523]}, "she": {"prob": 0.012612612612612612, "count": 7, "pos": [113, 139, 173, 184, 267, 434, 457]}, "jack": {"prob": 0.0018018018018018018, "count": 1, "pos": [115]}, "devlin": {"prob": 0.014414414414414415, "count": 8, "pos": [116, 117, 152, 319, 387, 505, 524, 533]}, "pay": {"prob": 0.0018018018018018018, "count": 1, "pos": [118]}, "mugger": {"prob": 0.0018018018018018018, "count": 1, "pos": [120]}, "steal": {"prob": 0.0018018018018018018, "count": 1, "pos": [122]}, "pur": {"prob": 0.0018018018018018018, "count": 1, "pos": [124]}, "then": {"prob": 0.0036036036036036037, "count": 2, "pos": [128, 531]}, "shoot": {"prob": 0.0036036036036036037, "count": 2, "pos": [129, 526]}, "thief": {"prob": 0.0018018018018018018, "count": 1, "pos": [131]}, "seduc": {"prob": 0.0018018018018018018, "count": 1, "pos": [133]}, "speedboat": {"prob": 0.0018018018018018018, "count": 1, "pos": [137]}, "find": {"prob": 0.0036036036036036037, "count": 2, "pos": [140, 174]}, "gun": {"prob": 0.0018018018018018018, "count": 1, "pos": [142]},