{"__total__": 423, "__name__": "doc_1685_The_Notorious_Bettie_Page.txt", "betti": {"prob": 0.018912529550827423, "count": 8, "pos": [0, 81, 149, 188, 213, 283, 406, 416]}, "page": {"prob": 0.002364066193853428, "count": 1, "pos": [1]}, "is": {"prob": 0.009456264775413711, "count": 4, "pos": [2, 189, 214, 359]}, "an": {"prob": 0.0070921985815602835, "count": 3, "pos": [3, 44, 260]}, "ambiti": {"prob": 0.002364066193853428, "count": 1, "pos": [4]}, "na\u00e3": {"prob": 0.002364066193853428, "count": 1, "pos": [5]}, "ve": {"prob": 0.002364066193853428, "count": 1, "pos": [6]}, "and": {"prob": 0.04728132387706856, "count": 20, "pos": [7, 28, 60, 88, 111, 115, 126, 135, 137, 153, 161, 168, 256, 294, 308, 338, 362, 371, 382, 408]}, "devout": {"prob": 0.002364066193853428, "count": 1, "pos": [8]}, "young": {"prob": 0.002364066193853428, "count": 1, "pos": [9]}, "christian": {"prob": 0.002364066193853428, "count": 1, "pos": [10]}, "woman": {"prob": 0.002364066193853428, "count": 1, "pos": [11]}, "who": {"prob": 0.004728132387706856, "count": 2, "pos": [12, 118]}, "long": {"prob": 0.004728132387706856, "count": 2, "pos": [13, 103]}, "to": {"prob": 0.02127659574468085, "count": 9, "pos": [14, 63, 216, 242, 249, 285, 333, 340, 387]}, "leav": {"prob": 0.004728132387706856, "count": 2, "pos": [15, 334]}, "nashvil": {"prob": 0.002364066193853428, "count": 1, "pos": [16]}, "tenness": {"prob": 0.002364066193853428, "count": 1, "pos": [17]}, "follow": {"prob": 0.002364066193853428, "count": 1, "pos": [18]}, "a": {"prob": 0.026004728132387706, "count": 11, "pos": [19, 24, 29, 83, 120, 181, 204, 219, 295, 303, 313]}, "childhood": {"prob": 0.002364066193853428, "count": 1, "pos": [20]}, "of": {"prob": 0.030732860520094562, "count": 13, "pos": [21, 85, 105, 178, 192, 196, 210, 230, 322, 348, 379, 403, 405]}, "sexual": {"prob": 0.004728132387706856, "count": 2, "pos": [22, 194]}, "abus": {"prob": 0.002364066193853428, "count": 1, "pos": [23]}, "fail": {"prob": 0.002364066193853428, "count": 1, "pos": [25]}, "wartim": {"prob": 0.002364066193853428, "count": 1, "pos": [26]}, "marriag": {"prob": 0.002364066193853428, "count": 1, "pos": [27]}, "gang": {"prob": 0.002364066193853428, "count": 1, "pos": [30]}, "rape": {"prob": 0.002364066193853428, "count": 1, "pos": [31]}, "in": {"prob": 0.018912529550827423, "count": 8, "pos": [32, 43, 206, 272, 276, 327, 355, 385]}, "1949": {"prob": 0.002364066193853428, "count": 1, "pos": [33]}, "she": {"prob": 0.030732860520094562, "count": 13, "pos": [34, 41, 61, 69, 89, 154, 236, 280, 300, 317, 319, 324, 330]}, "depart": {"prob": 0.002364066193853428, "count": 1, "pos": [35]}, "for": {"prob": 0.016548463356973995, "count": 7, "pos": [36, 65, 97, 141, 170, 239, 420]}, "new": {"prob": 0.004728132387706856, "count": 2, "pos": [37, 356]}, "york": {"prob": 0.004728132387706856, "count": 2, "pos": [38, 357]}, "citi": {"prob": 0.002364066193853428, "count": 1, "pos": [39]}, "where": {"prob": 0.002364066193853428, "count": 1, "pos": [40]}, "enrol": {"prob": 0.002364066193853428, "count": 1, "pos": [42]}, "act": {"prob": 0.004728132387706856, "count": 2, "pos": [45, 278]}, "class": {"prob": 0.002364066193853428, "count": 1, "pos": [46]}, "amateur": {"prob": 0.002364066193853428, "count": 1, "pos": [47]}, "photograph": {"prob": 0.009456264775413711, "count": 4, "pos": [48, 87, 99, 171]}, "jerri": {"prob": 0.002364066193853428, "count": 1, "pos": [49]}, "tibb": {"prob": 0.002364066193853428, "count": 1, "pos": [50]}, "discov": {"prob": 0.002364066193853428, "count": 1, "pos": [51]}, "her": {"prob": 0.030732860520094562, "count": 13, "pos": [52, 71, 79, 95, 151, 203, 252, 258, 273, 328, 335, 341, 395]}, "walk": {"prob": 0.004728132387706856, "count": 2, "pos": [53, 306]}, "on": {"prob": 0.0070921985815602835, "count": 3, "pos": [54, 232, 351]}, "the": {"prob": 0.03546099290780142, "count": 15, "pos": [55, 74, 98, 106, 176, 193, 197, 207, 228, 244, 254, 346, 349, 401, 411]}, "beach": {"prob": 0.004728132387706856, "count": 2, "pos": [56, 287]}, "at": {"prob": 0.004728132387706856, "count": 2, "pos": [57, 175]}, "coney": {"prob": 0.002364066193853428, "count": 1, "pos": [58]}, "island": {"prob": 0.002364066193853428, "count": 1, "pos": [59]}, "agr": {"prob": 0.002364066193853428, "count": 1, "pos": [62]}, "model": {"prob": 0.004728132387706856, "count": 2, "pos": [64, 146]}, "him": {"prob": 0.002364066193853428, "count": 1, "pos": [66]}, "he": {"prob": 0.0070921985815602835, "count": 3, "pos": [67, 367, 370]}, "suggest": {"prob": 0.002364066193853428, "count": 1, "pos": [68]}, "restyl": {"prob": 0.002364066193853428, "count": 1, "pos": [70]}, "hair": {"prob": 0.002364066193853428, "count": 1, "pos": [72]}, "with": {"prob": 0.01182033096926714, "count": 5, "pos": [73, 131, 185, 290, 394]}, "bang": {"prob": 0.002364066193853428, "count": 1, "pos": [75]}, "that": {"prob": 0.01182033096926714, "count": 5, "pos": [76, 199, 266, 369, 415]}, "would": {"prob": 0.002364066193853428, "count": 1, "pos": [77]}, "becom": {"prob": 0.0070921985815602835, "count": 3, "pos": [78, 82, 264]}, "trademark": {"prob": 0.002364066193853428, "count": 1, "pos": [80]}, "favorit": {"prob": 0.002364066193853428, "count": 1, "pos": [84]}, "natur": {"prob": 0.004728132387706856, "count": 2, "pos": [86, 195]}, "ha": {"prob": 0.004728132387706856, "count": 2, "pos": [90, 325]}, "no": {"prob": 0.002364066193853428, "count": 1, "pos": [91]}, "hesit": {"prob": 0.002364066193853428, "count": 1, "pos": [92]}, "about": {"prob": 0.002364066193853428, "count": 1, "pos": [93]}, "remov": {"prob": 0.002364066193853428, "count": 1, "pos": [94]}, "cloth": {"prob": 0.002364066193853428, "count": 1, "pos": [96]}, "when": {"prob": 0.004728132387706856, "count": 2, "pos": [100, 262]}, "ask": {"prob": 0.002364066193853428, "count": 1, "pos": [101]}, "befor": {"prob": 0.0070921985815602835, "count": 3, "pos": [102, 218, 253]}, "imag": {"prob": 0.004728132387706856, "count": 2, "pos": [104, 198]}, "shape": {"prob": 0.002364066193853428, "count": 1, "pos": [107]}, "brunett": {"prob": 0.002364066193853428, "count": 1, "pos": [108]}, "reach": {"prob": 0.002364066193853428, "count": 1, "pos": [109]}, "brother": {"prob": 0.004728132387706856, "count": 2, "pos": [110, 396]}, "sister": {"prob": 0.004728132387706856, "count": 2, "pos": [112, 373]}, "entrepreneur": {"prob": 0.002364066193853428, "count": 1, "pos": [113]}, "paula": {"prob": 0.004728132387706856, "count": 2, "pos": [114, 391]}, "irv": {"prob": 0.004728132387706856, "count": 2, "pos": [116, 358]}, "klaw": {"prob": 0.002364066193853428, "count": 1, "pos": [117]}, "run": {"prob": 0.002364066193853428, "count": 1, "pos": [119]}, "respect": {"prob": 0.002364066193853428, "count": 1, "pos": [121]}, "busi": {"prob": 0.002364066193853428, "count": 1, "pos": [122]}, "sell": {"prob": 0.002364066193853428, "count": 1, "pos": [123]}, "movi": {"prob": 0.0070921985815602835, "count": 3, "pos": [124, 383, 409]}, "still": {"prob": 0.002364066193853428, "count": 1, "pos": [125]}, "memorabilia": {"prob": 0.002364066193853428, "count": 1, "pos": [127]}, "but": {"prob": 0.004728132387706856, "count": 2, "pos": [128, 398]}, "also": {"prob": 0.002364066193853428, "count": 1, "pos": [129]}, "deal": {"prob": 0.002364066193853428, "count": 1, "pos": [130]}, "fetish": {"prob": 0.002364066193853428, "count": 1, "pos": [132]}, "photo": {"prob": 0.004728132387706856, "count": 2, "pos": [133, 381]}, "magazin": {"prob": 0.002364066193853428, "count": 1, "pos": [134]}, "8": {"prob": 0.002364066193853428, "count": 1, "pos": [136]}, "16": {"prob": 0.002364066193853428, "count": 1, "pos": [138]}, "millimet": {"prob": 0.002364066193853428, "count": 1, "pos": [139]}, "film": {"prob": 0.002364066193853428, "count": 1, "pos": [140]}, "addit": {"prob": 0.002364066193853428, "count": 1, "pos": [142]}, "incom": {"prob": 0.002364066193853428, "count": 1, "pos": [143]}, "their": {"prob": 0.004728132387706856, "count": 2, "pos": [144, 376]}, "top": {"prob": 0.002364066193853428, "count": 1,