{"__total__": 510, "__name__": "doc_1687_The_Official_Story.txt", "the": {"prob": 0.06470588235294118, "count": 33, "pos": [0, 10, 27, 31, 35, 60, 74, 94, 99, 114, 131, 140, 151, 190, 205, 213, 216, 231, 262, 268, 280, 285, 300, 320, 332, 349, 354, 405, 431, 452, 456, 478, 484]}, "film": {"prob": 0.00784313725490196, "count": 4, "pos": [1, 286, 333, 457]}, "look": {"prob": 0.00392156862745098, "count": 2, "pos": [2, 352]}, "upon": {"prob": 0.00392156862745098, "count": 2, "pos": [3, 356]}, "a": {"prob": 0.029411764705882353, "count": 15, "pos": [4, 44, 51, 65, 79, 91, 198, 227, 244, 329, 336, 462, 472, 489, 507]}, "marri": {"prob": 0.00196078431372549, "count": 1, "pos": [5]}, "coupl": {"prob": 0.00196078431372549, "count": 1, "pos": [6]}, "torn": {"prob": 0.00196078431372549, "count": 1, "pos": [7]}, "apart": {"prob": 0.00196078431372549, "count": 1, "pos": [8]}, "by": {"prob": 0.00784313725490196, "count": 4, "pos": [9, 150, 183, 404]}, "campaign": {"prob": 0.00196078431372549, "count": 1, "pos": [11]}, "of": {"prob": 0.029411764705882353, "count": 15, "pos": [12, 19, 77, 93, 101, 113, 121, 207, 215, 265, 267, 282, 312, 322, 455]}, "kill": {"prob": 0.00392156862745098, "count": 2, "pos": [13, 124]}, "and": {"prob": 0.03137254901960784, "count": 16, "pos": [14, 49, 54, 125, 173, 234, 257, 273, 276, 297, 314, 324, 340, 351, 398, 411]}, "tortur": {"prob": 0.00392156862745098, "count": 2, "pos": [15, 182]}, "that": {"prob": 0.01764705882352941, "count": 9, "pos": [16, 139, 223, 288, 302, 362, 388, 423, 502]}, "sent": {"prob": 0.00196078431372549, "count": 1, "pos": [17]}, "thousand": {"prob": 0.00196078431372549, "count": 1, "pos": [18]}, "accus": {"prob": 0.00196078431372549, "count": 1, "pos": [20]}, "polit": {"prob": 0.00784313725490196, "count": 4, "pos": [21, 172, 251, 263]}, "leftist": {"prob": 0.00196078431372549, "count": 1, "pos": [22]}, "to": {"prob": 0.03333333333333333, "count": 17, "pos": [23, 59, 86, 107, 137, 146, 168, 189, 318, 328, 346, 353, 369, 414, 420, 435, 442]}, "unmark": {"prob": 0.00196078431372549, "count": 1, "pos": [24]}, "grave": {"prob": 0.00196078431372549, "count": 1, "pos": [25]}, "in": {"prob": 0.021568627450980392, "count": 11, "pos": [26, 130, 164, 230, 236, 326, 367, 461, 483, 488, 506]}, "mid": {"prob": 0.00196078431372549, "count": 1, "pos": [28]}, "1970": {"prob": 0.00196078431372549, "count": 1, "pos": [29]}, "dure": {"prob": 0.00196078431372549, "count": 1, "pos": [30]}, "period": {"prob": 0.00196078431372549, "count": 1, "pos": [32]}, "known": {"prob": 0.00392156862745098, "count": 2, "pos": [33, 309]}, "as": {"prob": 0.0058823529411764705, "count": 3, "pos": [34, 88, 110]}, "dirti": {"prob": 0.00196078431372549, "count": 1, "pos": [36]}, "war": {"prob": 0.00392156862745098, "count": 2, "pos": [37, 330]}, "it": {"prob": 0.00784313725490196, "count": 4, "pos": [38, 89, 376, 410]}, "begin": {"prob": 0.0058823529411764705, "count": 3, "pos": [39, 136, 167]}, "five": {"prob": 0.00196078431372549, "count": 1, "pos": [40]}, "year": {"prob": 0.00196078431372549, "count": 1, "pos": [41]}, "after": {"prob": 0.00392156862745098, "count": 2, "pos": [42, 154]}, "alicia": {"prob": 0.021568627450980392, "count": 11, "pos": [43, 70, 109, 156, 166, 203, 339, 372, 416, 438, 480]}, "histori": {"prob": 0.00392156862745098, "count": 2, "pos": [45, 143]}, "high": {"prob": 0.00196078431372549, "count": 1, "pos": [46]}, "school": {"prob": 0.00196078431372549, "count": 1, "pos": [47]}, "teacher": {"prob": 0.00196078431372549, "count": 1, "pos": [48]}, "roberto": {"prob": 0.00784313725490196, "count": 4, "pos": [50, 247, 359, 450]}, "wealthi": {"prob": 0.00196078431372549, "count": 1, "pos": [52]}, "businessman": {"prob": 0.00196078431372549, "count": 1, "pos": [53]}, "lawyer": {"prob": 0.00196078431372549, "count": 1, "pos": [55]}, "with": {"prob": 0.013725490196078431, "count": 7, "pos": [56, 197, 239, 253, 335, 429, 449]}, "close": {"prob": 0.00196078431372549, "count": 1, "pos": [57]}, "tie": {"prob": 0.00196078431372549, "count": 1, "pos": [58]}, "militari": {"prob": 0.00392156862745098, "count": 2, "pos": [61, 271]}, "junta": {"prob": 0.00196078431372549, "count": 1, "pos": [62]}, "had": {"prob": 0.0058823529411764705, "count": 3, "pos": [63, 180, 504]}, "adopt": {"prob": 0.00784313725490196, "count": 4, "pos": [64, 95, 104, 468]}, "babi": {"prob": 0.00196078431372549, "count": 1, "pos": [66]}, "girl": {"prob": 0.00392156862745098, "count": 2, "pos": [67, 217]}, "name": {"prob": 0.00196078431372549, "count": 1, "pos": [68]}, "gabi": {"prob": 0.0196078431372549, "count": 10, "pos": [69, 78, 208, 294, 303, 363, 389, 415, 441, 459]}, "start": {"prob": 0.00392156862745098, "count": 2, "pos": [71, 412]}, "wonder": {"prob": 0.00392156862745098, "count": 2, "pos": [72, 436]}, "about": {"prob": 0.0058823529411764705, "count": 3, "pos": [73, 348, 486]}, "real": {"prob": 0.0058823529411764705, "count": 3, "pos": [75, 295, 444]}, "parent": {"prob": 0.0058823529411764705, "count": 3, "pos": [76, 219, 499]}, "topic": {"prob": 0.00196078431372549, "count": 1, "pos": [80]}, "her": {"prob": 0.029411764705882353, "count": 15, "pos": [81, 85, 134, 162, 177, 224, 341, 345, 400, 418, 443, 448, 467, 493, 498]}, "husband": {"prob": 0.0058823529411764705, "count": 3, "pos": [82, 225, 342]}, "ha": {"prob": 0.0058823529411764705, "count": 3, "pos": [83, 127, 248]}, "told": {"prob": 0.00392156862745098, "count": 2, "pos": [84, 361]}, "forget": {"prob": 0.00392156862745098, "count": 2, "pos": [87, 347]}, "wa": {"prob": 0.00196078431372549, "count": 1, "pos": [90]}, "condit": {"prob": 0.00196078431372549, "count": 1, "pos": [92]}, "yet": {"prob": 0.00196078431372549, "count": 1, "pos": [96]}, "he": {"prob": 0.00980392156862745, "count": 5, "pos": [97, 260, 343, 395, 408]}, "know": {"prob": 0.0058823529411764705, "count": 3, "pos": [98, 379, 501]}, "stori": {"prob": 0.0058823529411764705, "count": 3, "pos": [100, 479, 485]}, "hi": {"prob": 0.011764705882352941, "count": 6, "pos": [102, 254, 274, 357, 370, 392]}, "daughter": {"prob": 0.00196078431372549, "count": 1, "pos": [103]}, "while": {"prob": 0.00196078431372549, "count": 1, "pos": [105]}, "hard": {"prob": 0.00196078431372549, "count": 1, "pos": [106]}, "believ": {"prob": 0.00196078431372549, "count": 1, "pos": [108]}, "other": {"prob": 0.00196078431372549, "count": 1, "pos": [111]}, "member": {"prob": 0.00196078431372549, "count": 1, "pos": [112]}, "argentin": {"prob": 0.00392156862745098, "count": 2, "pos": [115, 192]}, "middl": {"prob": 0.00196078431372549, "count": 1, "pos": [116]}, "class": {"prob": 0.00196078431372549, "count": 1, "pos": [117]}, "is": {"prob": 0.013725490196078431, "count": 7, "pos": [118, 360, 364, 383, 390, 402, 433]}, "not": {"prob": 0.00980392156862745, "count": 5, "pos": [119, 291, 365, 378, 500]}, "awar": {"prob": 0.00196078431372549, "count": 1, "pos": [120]}, "how": {"prob": 0.00392156862745098, "count": 2, "pos": [122, 374]}, "much": {"prob": 0.00196078431372549, "count": 1, "pos": [123]}, "suffer": {"prob": 0.00196078431372549, "count": 1, "pos": [126]}, "gone": {"prob": 0.00196078431372549, "count": 1, "pos": [128]}, "on": {"prob": 0.00392156862745098, "count": 2, "pos": [129, 176]}, "countri": {"prob": 0.00196078431372549, "count": 1, "pos": [132]}, "until": {"prob": 0.00196078431372549, "count": 1, "pos": [133]}, "student": {"prob": 0.00196078431372549, "count": 1, "pos": [135]}, "complain": {"prob": 0.00196078431372549, "count": 1, "pos": [138]}, "govern": {"prob": 0.00196078431372549, "count": 1, "pos": [141]}, "approv": {"prob": 0.00196078431372549, "count": 1, "pos": [142]}, "book": {"prob": 0.00196078431372549, "count": 1, "pos": [144]}, "given": {"prob": 0.00196078431372549, "count": 1, "pos": [145]}, "them": {"prob": 0.00196078431372549, "count": 1, "pos": [147]}, "were": {"prob": 0.00196078431372549, "count": 1, "pos": [148]}, "written": {"prob": 0.00196078431372549, "count": 1, "pos": [149]}, "regim": {"prob": 0.0058823529411764705, "count": 3,