{"__total__": 321, "__name__": "doc_1693_The_Outlaw_Josey_Wales.txt", "josey": {"prob": 0.003115264797507788, "count": 1, "pos": [0]}, "wale": {"prob": 0.0529595015576324, "count": 17, "pos": [1, 31, 64, 88, 107, 157, 163, 190, 207, 234, 249, 257, 280, 294, 301, 309, 318]}, "a": {"prob": 0.03426791277258567, "count": 11, "pos": [2, 18, 33, 69, 96, 102, 131, 144, 170, 232, 261]}, "missouri": {"prob": 0.006230529595015576, "count": 2, "pos": [3, 38]}, "farmer": {"prob": 0.003115264797507788, "count": 1, "pos": [4]}, "is": {"prob": 0.012461059190031152, "count": 4, "pos": [5, 109, 174, 281]}, "driven": {"prob": 0.003115264797507788, "count": 1, "pos": [6]}, "to": {"prob": 0.024922118380062305, "count": 8, "pos": [7, 56, 66, 125, 176, 248, 277, 289]}, "reveng": {"prob": 0.003115264797507788, "count": 1, "pos": [8]}, "by": {"prob": 0.012461059190031152, "count": 4, "pos": [9, 17, 41, 187]}, "the": {"prob": 0.056074766355140186, "count": 18, "pos": [10, 46, 49, 54, 77, 85, 112, 121, 180, 188, 197, 227, 241, 244, 254, 267, 297, 310]}, "murder": {"prob": 0.003115264797507788, "count": 1, "pos": [11]}, "of": {"prob": 0.018691588785046728, "count": 6, "pos": [12, 20, 35, 48, 134, 194]}, "hi": {"prob": 0.012461059190031152, "count": 4, "pos": [13, 165, 210, 222]}, "wife": {"prob": 0.003115264797507788, "count": 1, "pos": [14]}, "and": {"prob": 0.028037383177570093, "count": 9, "pos": [15, 72, 90, 117, 148, 154, 164, 272, 291]}, "son": {"prob": 0.003115264797507788, "count": 1, "pos": [16]}, "band": {"prob": 0.003115264797507788, "count": 1, "pos": [19]}, "pro": {"prob": 0.006230529595015576, "count": 2, "pos": [21, 36]}, "union": {"prob": 0.006230529595015576, "count": 2, "pos": [22, 115]}, "jayhawkers\u00e2": {"prob": 0.003115264797507788, "count": 1, "pos": [23]}, "senat": {"prob": 0.006230529595015576, "count": 2, "pos": [24, 99]}, "jame": {"prob": 0.003115264797507788, "count": 1, "pos": [25]}, "h": {"prob": 0.003115264797507788, "count": 1, "pos": [26]}, "lane": {"prob": 0.006230529595015576, "count": 2, "pos": [27, 100]}, "redleg": {"prob": 0.012461059190031152, "count": 4, "pos": [28, 83, 94, 181]}, "from": {"prob": 0.012461059190031152, "count": 4, "pos": [29, 114, 152, 159]}, "kansa": {"prob": 0.006230529595015576, "count": 2, "pos": [30, 153]}, "join": {"prob": 0.003115264797507788, "count": 1, "pos": [32]}, "group": {"prob": 0.006230529595015576, "count": 2, "pos": [34, 133]}, "confed": {"prob": 0.003115264797507788, "count": 1, "pos": [37]}, "bushwhack": {"prob": 0.003115264797507788, "count": 1, "pos": [39]}, "led": {"prob": 0.003115264797507788, "count": 1, "pos": [40]}, "william": {"prob": 0.003115264797507788, "count": 1, "pos": [42]}, "t": {"prob": 0.003115264797507788, "count": 1, "pos": [43]}, "anderson": {"prob": 0.003115264797507788, "count": 1, "pos": [44]}, "at": {"prob": 0.009345794392523364, "count": 3, "pos": [45, 226, 243]}, "conclus": {"prob": 0.003115264797507788, "count": 1, "pos": [47]}, "war": {"prob": 0.003115264797507788, "count": 1, "pos": [50]}, "captain": {"prob": 0.009345794392523364, "count": 3, "pos": [51, 81, 199]}, "fletcher": {"prob": 0.012461059190031152, "count": 4, "pos": [52, 236, 275, 303]}, "persuad": {"prob": 0.003115264797507788, "count": 1, "pos": [53]}, "guerrilla": {"prob": 0.003115264797507788, "count": 1, "pos": [55]}, "surrend": {"prob": 0.009345794392523364, "count": 3, "pos": [57, 67, 86]}, "say": {"prob": 0.009345794392523364, "count": 3, "pos": [58, 284, 304]}, "they": {"prob": 0.006230529595015576, "count": 2, "pos": [59, 136]}, "have": {"prob": 0.003115264797507788, "count": 1, "pos": [60]}, "been": {"prob": 0.003115264797507788, "count": 1, "pos": [61]}, "grant": {"prob": 0.003115264797507788, "count": 1, "pos": [62]}, "amnesti": {"prob": 0.003115264797507788, "count": 1, "pos": [63]}, "refus": {"prob": 0.006230529595015576, "count": 2, "pos": [65, 276]}, "as": {"prob": 0.006230529595015576, "count": 2, "pos": [68, 250]}, "result": {"prob": 0.003115264797507788, "count": 1, "pos": [70]}, "he": {"prob": 0.021806853582554516, "count": 7, "pos": [71, 129, 204, 283, 286, 306, 314]}, "one": {"prob": 0.003115264797507788, "count": 1, "pos": [73]}, "young": {"prob": 0.006230529595015576, "count": 2, "pos": [74, 145]}, "man": {"prob": 0.003115264797507788, "count": 1, "pos": [75]}, "are": {"prob": 0.009345794392523364, "count": 3, "pos": [76, 167, 184]}, "on": {"prob": 0.018691588785046728, "count": 6, "pos": [78, 106, 111, 201, 274, 300]}, "survivor": {"prob": 0.003115264797507788, "count": 1, "pos": [79]}, "when": {"prob": 0.006230529595015576, "count": 2, "pos": [80, 203]}, "terril": {"prob": 0.009345794392523364, "count": 3, "pos": [82, 200, 220]}, "massacr": {"prob": 0.003115264797507788, "count": 1, "pos": [84]}, "men": {"prob": 0.003115264797507788, "count": 1, "pos": [87]}, "interven": {"prob": 0.003115264797507788, "count": 1, "pos": [89]}, "gun": {"prob": 0.009345794392523364, "count": 3, "pos": [91, 98, 185]}, "down": {"prob": 0.006230529595015576, "count": 2, "pos": [92, 186]}, "sever": {"prob": 0.003115264797507788, "count": 1, "pos": [93]}, "with": {"prob": 0.009345794392523364, "count": 3, "pos": [95, 221, 237]}, "gatl": {"prob": 0.003115264797507788, "count": 1, "pos": [97]}, "put": {"prob": 0.003115264797507788, "count": 1, "pos": [101]}, "$5": {"prob": 0.003115264797507788, "count": 1, "pos": [103]}, "000": {"prob": 0.003115264797507788, "count": 1, "pos": [104]}, "bounti": {"prob": 0.006230529595015576, "count": 2, "pos": [105, 118]}, "who": {"prob": 0.006230529595015576, "count": 2, "pos": [108, 246]}, "now": {"prob": 0.003115264797507788, "count": 1, "pos": [110]}, "run": {"prob": 0.003115264797507788, "count": 1, "pos": [113]}, "militia": {"prob": 0.003115264797507788, "count": 1, "pos": [116]}, "hunter": {"prob": 0.003115264797507788, "count": 1, "pos": [119]}, "along": {"prob": 0.003115264797507788, "count": 1, "pos": [120]}, "way": {"prob": 0.003115264797507788, "count": 1, "pos": [122]}, "despit": {"prob": 0.006230529595015576, "count": 2, "pos": [123, 191]}, "wish": {"prob": 0.003115264797507788, "count": 1, "pos": [124]}, "be": {"prob": 0.006230529595015576, "count": 2, "pos": [126, 192]}, "left": {"prob": 0.003115264797507788, "count": 1, "pos": [127]}, "alon": {"prob": 0.003115264797507788, "count": 1, "pos": [128]}, "accumul": {"prob": 0.003115264797507788, "count": 1, "pos": [130]}, "diver": {"prob": 0.003115264797507788, "count": 1, "pos": [132]}, "companion": {"prob": 0.006230529595015576, "count": 2, "pos": [135, 166]}, "includ": {"prob": 0.003115264797507788, "count": 1, "pos": [137]}, "an": {"prob": 0.006230529595015576, "count": 2, "pos": [138, 149]}, "old": {"prob": 0.003115264797507788, "count": 1, "pos": [139]}, "cherok": {"prob": 0.003115264797507788, "count": 1, "pos": [140]}, "name": {"prob": 0.003115264797507788, "count": 1, "pos": [141]}, "lone": {"prob": 0.003115264797507788, "count": 1, "pos": [142]}, "wati": {"prob": 0.003115264797507788, "count": 1, "pos": [143]}, "navajo": {"prob": 0.003115264797507788, "count": 1, "pos": [146]}, "woman": {"prob": 0.006230529595015576, "count": 2, "pos": [147, 151]}, "elder": {"prob": 0.003115264797507788, "count": 1, "pos": [150]}, "her": {"prob": 0.003115264797507788, "count": 1, "pos": [155]}, "granddaught": {"prob": 0.003115264797507788, "count": 1, "pos": [156]}, "rescu": {"prob": 0.003115264797507788, "count": 1, "pos": [158]}, "comanchero": {"prob": 0.003115264797507788, "count": 1, "pos": [160]}, "in": {"prob": 0.01557632398753894, "count": 5, "pos": [161, 169, 229, 260, 264]}, "texa": {"prob": 0.006230529595015576, "count": 2, "pos": [162, 239]}, "corner": {"prob": 0.003115264797507788, "count": 1, "pos": [168]}, "ranch": {"prob": 0.003115264797507788, "count": 1, "pos": [171]}, "hous": {"prob": 0.003115264797507788, "count": 1, "pos": [172]}, "which": {"prob": 0.003115264797507788, "count": 1, "pos": [173]}, "fortifi": {"prob": 0.003115264797507788, "count": 1, "pos": [175]},