{"__total__": 448, "__name__": "doc_1699_The_Passion_of_the_Christ.txt", "the": {"prob": 0.08482142857142858, "count": 38, "pos": [0, 35, 45, 48, 58, 65, 67, 73, 83, 95, 100, 107, 116, 151, 157, 167, 174, 208, 227, 248, 256, 263, 292, 305, 323, 326, 346, 358, 393, 400, 404, 407, 414, 419, 434, 437, 442, 446]}, "film": {"prob": 0.002232142857142857, "count": 1, "pos": [1]}, "open": {"prob": 0.002232142857142857, "count": 1, "pos": [2]}, "in": {"prob": 0.013392857142857142, "count": 6, "pos": [3, 51, 287, 411, 427, 436]}, "gethseman": {"prob": 0.002232142857142857, "count": 1, "pos": [4]}, "as": {"prob": 0.011160714285714286, "count": 5, "pos": [5, 47, 212, 320, 354]}, "jesu": {"prob": 0.06919642857142858, "count": 31, "pos": [6, 29, 40, 54, 63, 71, 87, 120, 132, 144, 161, 190, 202, 213, 222, 233, 244, 254, 271, 284, 295, 311, 318, 321, 333, 349, 350, 360, 379, 429, 439]}, "pray": {"prob": 0.004464285714285714, "count": 2, "pos": [7, 361]}, "and": {"prob": 0.04017857142857143, "count": 18, "pos": [8, 18, 38, 72, 79, 127, 131, 176, 234, 270, 277, 298, 314, 370, 384, 402, 418, 444]}, "is": {"prob": 0.026785714285714284, "count": 12, "pos": [9, 115, 125, 133, 164, 214, 223, 280, 341, 351, 423, 430]}, "tempt": {"prob": 0.002232142857142857, "count": 1, "pos": [10]}, "by": {"prob": 0.011160714285714286, "count": 5, "pos": [11, 111, 166, 170, 246]}, "satan": {"prob": 0.004464285714285714, "count": 2, "pos": [12, 422]}, "while": {"prob": 0.002232142857142857, "count": 1, "pos": [13]}, "hi": {"prob": 0.011160714285714286, "count": 5, "pos": [14, 129, 261, 275, 382]}, "apostl": {"prob": 0.006696428571428571, "count": 3, "pos": [15, 31, 74]}, "peter": {"prob": 0.008928571428571428, "count": 4, "pos": [16, 55, 85, 141]}, "jame": {"prob": 0.002232142857142857, "count": 1, "pos": [17]}, "john": {"prob": 0.004464285714285714, "count": 2, "pos": [19, 76]}, "sleep": {"prob": 0.002232142857142857, "count": 1, "pos": [20]}, "after": {"prob": 0.008928571428571428, "count": 4, "pos": [21, 200, 221, 378]}, "receiv": {"prob": 0.002232142857142857, "count": 1, "pos": [22]}, "thirti": {"prob": 0.002232142857142857, "count": 1, "pos": [23]}, "piec": {"prob": 0.002232142857142857, "count": 1, "pos": [24]}, "of": {"prob": 0.03571428571428571, "count": 16, "pos": [25, 28, 60, 82, 97, 99, 118, 210, 219, 252, 283, 303, 339, 389, 409, 416]}, "silver": {"prob": 0.002232142857142857, "count": 1, "pos": [26]}, "one": {"prob": 0.002232142857142857, "count": 1, "pos": [27]}, "other": {"prob": 0.006696428571428571, "count": 3, "pos": [30, 101, 420]}, "juda": {"prob": 0.004464285714285714, "count": 2, "pos": [32, 153]}, "approach": {"prob": 0.002232142857142857, "count": 1, "pos": [33]}, "with": {"prob": 0.013392857142857142, "count": 6, "pos": [34, 41, 179, 300, 335, 348]}, "templ": {"prob": 0.006696428571428571, "count": 3, "pos": [36, 68, 401]}, "guard": {"prob": 0.006696428571428571, "count": 3, "pos": [37, 49, 69]}, "betray": {"prob": 0.002232142857142857, "count": 1, "pos": [39]}, "a": {"prob": 0.015625, "count": 7, "pos": [42, 89, 180, 185, 301, 372, 386]}, "kiss": {"prob": 0.002232142857142857, "count": 1, "pos": [43]}, "on": {"prob": 0.004464285714285714, "count": 2, "pos": [44, 184]}, "cheek": {"prob": 0.002232142857142857, "count": 1, "pos": [46]}, "move": {"prob": 0.002232142857142857, "count": 1, "pos": [50]}, "to": {"prob": 0.03571428571428571, "count": 16, "pos": [52, 135, 155, 159, 194, 197, 207, 242, 260, 266, 290, 308, 329, 368, 376, 413]}, "arrest": {"prob": 0.006696428571428571, "count": 3, "pos": [53, 70, 84]}, "cut": {"prob": 0.002232142857142857, "count": 1, "pos": [56]}, "off": {"prob": 0.002232142857142857, "count": 1, "pos": [57]}, "ear": {"prob": 0.004464285714285714, "count": 2, "pos": [59, 66]}, "malchu": {"prob": 0.002232142857142857, "count": 1, "pos": [61]}, "but": {"prob": 0.011160714285714286, "count": 5, "pos": [62, 145, 163, 199, 286]}, "heal": {"prob": 0.002232142857142857, "count": 1, "pos": [64]}, "flee": {"prob": 0.004464285714285714, "count": 2, "pos": [75, 173]}, "tell": {"prob": 0.002232142857142857, "count": 1, "pos": [77]}, "mari": {"prob": 0.004464285714285714, "count": 2, "pos": [78, 80]}, "magdalen": {"prob": 0.002232142857142857, "count": 1, "pos": [81]}, "follow": {"prob": 0.002232142857142857, "count": 1, "pos": [86]}, "at": {"prob": 0.002232142857142857, "count": 1, "pos": [88]}, "distanc": {"prob": 0.002232142857142857, "count": 1, "pos": [90]}, "caiapha": {"prob": 0.011160714285714286, "count": 5, "pos": [91, 112, 124, 188, 417]}, "hold": {"prob": 0.002232142857142857, "count": 1, "pos": [92]}, "trial": {"prob": 0.002232142857142857, "count": 1, "pos": [93]}, "over": {"prob": 0.002232142857142857, "count": 1, "pos": [94]}, "object": {"prob": 0.002232142857142857, "count": 1, "pos": [96]}, "some": {"prob": 0.002232142857142857, "count": 1, "pos": [98]}, "priest": {"prob": 0.006696428571428571, "count": 3, "pos": [102, 168, 421]}, "who": {"prob": 0.004464285714285714, "count": 2, "pos": [103, 365]}, "are": {"prob": 0.002232142857142857, "count": 1, "pos": [104]}, "expel": {"prob": 0.002232142857142857, "count": 1, "pos": [105]}, "from": {"prob": 0.013392857142857142, "count": 6, "pos": [106, 215, 357, 392, 433, 441]}, "court": {"prob": 0.004464285714285714, "count": 2, "pos": [108, 209]}, "when": {"prob": 0.002232142857142857, "count": 1, "pos": [109]}, "question": {"prob": 0.004464285714285714, "count": 2, "pos": [110, 201]}, "whether": {"prob": 0.002232142857142857, "count": 1, "pos": [113]}, "he": {"prob": 0.013392857142857142, "count": 6, "pos": [114, 172, 182, 230, 279, 355]}, "son": {"prob": 0.002232142857142857, "count": 1, "pos": [117]}, "god": {"prob": 0.002232142857142857, "count": 1, "pos": [119]}, "repli": {"prob": 0.002232142857142857, "count": 1, "pos": [121]}, "i": {"prob": 0.002232142857142857, "count": 1, "pos": [122]}, "am": {"prob": 0.002232142857142857, "count": 1, "pos": [123]}, "horrifi": {"prob": 0.002232142857142857, "count": 1, "pos": [126]}, "tear": {"prob": 0.002232142857142857, "count": 1, "pos": [128]}, "robe": {"prob": 0.002232142857142857, "count": 1, "pos": [130]}, "condemn": {"prob": 0.004464285714285714, "count": 2, "pos": [134, 196]}, "death": {"prob": 0.004464285714285714, "count": 2, "pos": [136, 198]}, "for": {"prob": 0.004464285714285714, "count": 2, "pos": [137, 363]}, "blasphemi": {"prob": 0.002232142857142857, "count": 1, "pos": [138]}, "three": {"prob": 0.002232142857142857, "count": 1, "pos": [139]}, "time": {"prob": 0.002232142857142857, "count": 1, "pos": [140]}, "deni": {"prob": 0.002232142857142857, "count": 1, "pos": [142]}, "know": {"prob": 0.002232142857142857, "count": 1, "pos": [143]}, "then": {"prob": 0.008928571428571428, "count": 4, "pos": [146, 235, 352, 424]}, "run": {"prob": 0.002232142857142857, "count": 1, "pos": [147]}, "away": {"prob": 0.002232142857142857, "count": 1, "pos": [148]}, "sob": {"prob": 0.002232142857142857, "count": 1, "pos": [149]}, "meanwhil": {"prob": 0.002232142857142857, "count": 1, "pos": [150]}, "remor": {"prob": 0.002232142857142857, "count": 1, "pos": [152]}, "attempt": {"prob": 0.006696428571428571, "count": 3, "pos": [154, 241, 289]}, "return": {"prob": 0.004464285714285714, "count": 2, "pos": [156, 224]}, "money": {"prob": 0.002232142857142857, "count": 1, "pos": [158]}, "have": {"prob": 0.006696428571428571, "count": 3, "pos": [160, 243, 267]}, "freed": {"prob": 0.006696428571428571, "count": 3, "pos": [162, 245, 269]}, "refus": {"prob": 0.002232142857142857, "count": 1, "pos": [165]}, "torment": {"prob": 0.002232142857142857, "count": 1, "pos": [169]}, "demon": {"prob": 0.002232142857142857, "count": 1, "pos": [171]}, "citi": {"prob": 0.002232142857142857, "count": 1, "pos": [175]}, "hang": {"prob": 0.004464285714285714, "count": 2, "pos": [177, 356]}, "himself": {"prob": 0.002232142857142857, "count": 1, "pos": [178]}, "rope": {"prob": 0.002232142857142857, "count": 1, "pos": [181]}, "find": {"prob": 0.002232142857142857, "count": 1,