{"__total__": 321, "__name__": "doc_1706_The_Philadelphia_Story.txt", "traci": {"prob": 0.04361370716510903, "count": 14, "pos": [0, 89, 111, 115, 129, 133, 157, 162, 166, 193, 211, 236, 267, 305]}, "samantha": {"prob": 0.003115264797507788, "count": 1, "pos": [1]}, "lord": {"prob": 0.003115264797507788, "count": 1, "pos": [2]}, "haven": {"prob": 0.006230529595015576, "count": 2, "pos": [3, 17]}, "is": {"prob": 0.021806853582554516, "count": 7, "pos": [4, 35, 52, 90, 117, 126, 147]}, "a": {"prob": 0.009345794392523364, "count": 3, "pos": [5, 18, 122]}, "wealthi": {"prob": 0.003115264797507788, "count": 1, "pos": [6]}, "main": {"prob": 0.003115264797507788, "count": 1, "pos": [7]}, "line": {"prob": 0.003115264797507788, "count": 1, "pos": [8]}, "philadelphia": {"prob": 0.003115264797507788, "count": 1, "pos": [9]}, "socialit": {"prob": 0.003115264797507788, "count": 1, "pos": [10]}, "who": {"prob": 0.006230529595015576, "count": 2, "pos": [11, 114]}, "had": {"prob": 0.003115264797507788, "count": 1, "pos": [12]}, "divorc": {"prob": 0.003115264797507788, "count": 1, "pos": [13]}, "c": {"prob": 0.003115264797507788, "count": 1, "pos": [14]}, "k": {"prob": 0.003115264797507788, "count": 1, "pos": [15]}, "dexter": {"prob": 0.01557632398753894, "count": 5, "pos": [16, 61, 101, 146, 311]}, "member": {"prob": 0.003115264797507788, "count": 1, "pos": [19]}, "of": {"prob": 0.01557632398753894, "count": 5, "pos": [20, 42, 63, 79, 273]}, "her": {"prob": 0.03115264797507788, "count": 10, "pos": [21, 31, 143, 198, 200, 220, 250, 276, 303, 316]}, "social": {"prob": 0.003115264797507788, "count": 1, "pos": [22]}, "set": {"prob": 0.003115264797507788, "count": 1, "pos": [23]}, "becaus": {"prob": 0.003115264797507788, "count": 1, "pos": [24]}, "he": {"prob": 0.01557632398753894, "count": 5, "pos": [25, 59, 241, 248, 252]}, "did": {"prob": 0.003115264797507788, "count": 1, "pos": [26]}, "not": {"prob": 0.006230529595015576, "count": 2, "pos": [27, 91]}, "measur": {"prob": 0.003115264797507788, "count": 1, "pos": [28]}, "up": {"prob": 0.003115264797507788, "count": 1, "pos": [29]}, "to": {"prob": 0.037383177570093455, "count": 12, "pos": [30, 37, 54, 67, 96, 141, 161, 180, 258, 270, 297, 301]}, "exact": {"prob": 0.003115264797507788, "count": 1, "pos": [32]}, "standard": {"prob": 0.003115264797507788, "count": 1, "pos": [33]}, "she": {"prob": 0.01557632398753894, "count": 5, "pos": [34, 139, 175, 283, 319]}, "about": {"prob": 0.006230529595015576, "count": 2, "pos": [36, 110]}, "marri": {"prob": 0.006230529595015576, "count": 2, "pos": [38, 302]}, "nouveau": {"prob": 0.003115264797507788, "count": 1, "pos": [39]}, "rich": {"prob": 0.003115264797507788, "count": 1, "pos": [40]}, "man": {"prob": 0.003115264797507788, "count": 1, "pos": [41]}, "the": {"prob": 0.056074766355140186, "count": 18, "pos": [43, 56, 80, 87, 178, 186, 190, 204, 206, 209, 216, 238, 243, 245, 265, 280, 287, 295]}, "peopl": {"prob": 0.003115264797507788, "count": 1, "pos": [44]}, "georg": {"prob": 0.006230529595015576, "count": 2, "pos": [45, 230]}, "kittredg": {"prob": 0.003115264797507788, "count": 1, "pos": [46]}, "spi": {"prob": 0.003115264797507788, "count": 1, "pos": [47]}, "magazin": {"prob": 0.003115264797507788, "count": 1, "pos": [48]}, "publish": {"prob": 0.006230529595015576, "count": 2, "pos": [49, 183]}, "sidney": {"prob": 0.003115264797507788, "count": 1, "pos": [50]}, "kidd": {"prob": 0.006230529595015576, "count": 2, "pos": [51, 104]}, "eager": {"prob": 0.003115264797507788, "count": 1, "pos": [53]}, "cover": {"prob": 0.003115264797507788, "count": 1, "pos": [55]}, "wed": {"prob": 0.01557632398753894, "count": 5, "pos": [57, 88, 191, 210, 266]}, "and": {"prob": 0.03115264797507788, "count": 10, "pos": [58, 73, 132, 155, 174, 203, 222, 255, 277, 291]}, "enlist": {"prob": 0.003115264797507788, "count": 1, "pos": [60]}, "one": {"prob": 0.003115264797507788, "count": 1, "pos": [62]}, "hi": {"prob": 0.012461059190031152, "count": 4, "pos": [64, 182, 271, 313]}, "former": {"prob": 0.003115264797507788, "count": 1, "pos": [65]}, "employ": {"prob": 0.003115264797507788, "count": 1, "pos": [66]}, "introduc": {"prob": 0.003115264797507788, "count": 1, "pos": [68]}, "report": {"prob": 0.009345794392523364, "count": 3, "pos": [69, 85, 205]}, "macaulay": {"prob": 0.003115264797507788, "count": 1, "pos": [70]}, "mike": {"prob": 0.01557632398753894, "count": 5, "pos": [71, 170, 228, 232, 299]}, "connor": {"prob": 0.003115264797507788, "count": 1, "pos": [72]}, "photograph": {"prob": 0.003115264797507788, "count": 1, "pos": [74]}, "liz": {"prob": 0.003115264797507788, "count": 1, "pos": [75]}, "imbri": {"prob": 0.003115264797507788, "count": 1, "pos": [76]}, "as": {"prob": 0.006230529595015576, "count": 2, "pos": [77, 189]}, "friend": {"prob": 0.003115264797507788, "count": 1, "pos": [78]}, "famili": {"prob": 0.006230529595015576, "count": 2, "pos": [81, 144]}, "so": {"prob": 0.003115264797507788, "count": 1, "pos": [82]}, "they": {"prob": 0.003115264797507788, "count": 1, "pos": [83]}, "can": {"prob": 0.003115264797507788, "count": 1, "pos": [84]}, "on": {"prob": 0.006230529595015576, "count": 2, "pos": [86, 215]}, "fool": {"prob": 0.003115264797507788, "count": 1, "pos": [92]}, "but": {"prob": 0.006230529595015576, "count": 2, "pos": [93, 304]}, "reluct": {"prob": 0.003115264797507788, "count": 1, "pos": [94]}, "agr": {"prob": 0.003115264797507788, "count": 1, "pos": [95]}, "let": {"prob": 0.003115264797507788, "count": 1, "pos": [97]}, "them": {"prob": 0.003115264797507788, "count": 1, "pos": [98]}, "stay\u00e2": {"prob": 0.003115264797507788, "count": 1, "pos": [99]}, "after": {"prob": 0.003115264797507788, "count": 1, "pos": [100]}, "explain": {"prob": 0.003115264797507788, "count": 1, "pos": [102]}, "that": {"prob": 0.012461059190031152, "count": 4, "pos": [103, 169, 251, 285]}, "ha": {"prob": 0.006230529595015576, "count": 2, "pos": [105, 171]}, "an": {"prob": 0.01557632398753894, "count": 5, "pos": [106, 119, 224, 234, 259]}, "innuendo": {"prob": 0.003115264797507788, "count": 1, "pos": [107]}, "laden": {"prob": 0.003115264797507788, "count": 1, "pos": [108]}, "articl": {"prob": 0.003115264797507788, "count": 1, "pos": [109]}, "father": {"prob": 0.003115264797507788, "count": 1, "pos": [112]}, "seth": {"prob": 0.006230529595015576, "count": 2, "pos": [113, 125]}, "believ": {"prob": 0.003115264797507788, "count": 1, "pos": [116]}, "have": {"prob": 0.006230529595015576, "count": 2, "pos": [118, 289]}, "affair": {"prob": 0.003115264797507788, "count": 1, "pos": [120]}, "with": {"prob": 0.012461059190031152, "count": 4, "pos": [121, 150, 227, 264]}, "dancer": {"prob": 0.003115264797507788, "count": 1, "pos": [123]}, "though": {"prob": 0.003115264797507788, "count": 1, "pos": [124]}, "separ": {"prob": 0.003115264797507788, "count": 1, "pos": [127]}, "from": {"prob": 0.003115264797507788, "count": 1, "pos": [128]}, "mother": {"prob": 0.003115264797507788, "count": 1, "pos": [130]}, "margaret": {"prob": 0.006230529595015576, "count": 2, "pos": [131, 154]}, "harbor": {"prob": 0.003115264797507788, "count": 1, "pos": [134]}, "great": {"prob": 0.003115264797507788, "count": 1, "pos": [135]}, "resent": {"prob": 0.003115264797507788, "count": 1, "pos": [136]}, "against": {"prob": 0.003115264797507788, "count": 1, "pos": [137]}, "him": {"prob": 0.003115264797507788, "count": 1, "pos": [138]}, "want": {"prob": 0.003115264797507788, "count": 1, "pos": [140]}, "protect": {"prob": 0.003115264797507788, "count": 1, "pos": [142]}, "reput": {"prob": 0.003115264797507788, "count": 1, "pos": [145]}, "welcom": {"prob": 0.003115264797507788, "count": 1, "pos": [148]}, "back": {"prob": 0.003115264797507788, "count": 1, "pos": [149]}, "open": {"prob": 0.003115264797507788, "count": 1, "pos": [151]}, "arm": {"prob": 0.003115264797507788, "count": 1, "pos": [152]}, "by": {"prob": 0.003115264797507788, "count": 1, "pos": [153]}, "dinah": {"prob": 0.003115264797507788, "count": 1, "pos": [156]},