{"__total__": 426, "__name__": "doc_1707_The_Piano_Teacher.txt", "erika": {"prob": 0.028169014084507043, "count": 12, "pos": [0, 44, 84, 140, 206, 234, 243, 259, 266, 299, 356, 399]}, "kohut": {"prob": 0.002347417840375587, "count": 1, "pos": [1]}, "is": {"prob": 0.03051643192488263, "count": 13, "pos": [2, 28, 39, 53, 65, 132, 263, 288, 306, 367, 395, 412, 419]}, "a": {"prob": 0.035211267605633804, "count": 15, "pos": [3, 7, 29, 34, 54, 68, 88, 96, 99, 133, 224, 245, 296, 358, 362]}, "piano": {"prob": 0.002347417840375587, "count": 1, "pos": [4]}, "professor": {"prob": 0.002347417840375587, "count": 1, "pos": [5]}, "at": {"prob": 0.004694835680751174, "count": 2, "pos": [6, 201]}, "vienna": {"prob": 0.002347417840375587, "count": 1, "pos": [8]}, "music": {"prob": 0.004694835680751174, "count": 2, "pos": [9, 143]}, "conservatori": {"prob": 0.004694835680751174, "count": 2, "pos": [10, 121]}, "although": {"prob": 0.002347417840375587, "count": 1, "pos": [11]}, "alreadi": {"prob": 0.002347417840375587, "count": 1, "pos": [12]}, "in": {"prob": 0.028169014084507043, "count": 12, "pos": [13, 19, 33, 67, 223, 291, 324, 327, 364, 371, 384, 402]}, "her": {"prob": 0.051643192488262914, "count": 22, "pos": [14, 23, 26, 48, 125, 128, 155, 168, 175, 192, 197, 220, 253, 281, 285, 310, 323, 325, 340, 347, 352, 409]}, "forti": {"prob": 0.002347417840375587, "count": 1, "pos": [15]}, "she": {"prob": 0.028169014084507043, "count": 12, "pos": [16, 52, 105, 177, 249, 262, 302, 330, 334, 341, 366, 376]}, "still": {"prob": 0.002347417840375587, "count": 1, "pos": [17]}, "live": {"prob": 0.002347417840375587, "count": 1, "pos": [18]}, "an": {"prob": 0.004694835680751174, "count": 2, "pos": [20, 146]}, "apart": {"prob": 0.004694835680751174, "count": 2, "pos": [21, 326]}, "with": {"prob": 0.009389671361502348, "count": 4, "pos": [22, 161, 284, 298]}, "domin": {"prob": 0.002347417840375587, "count": 1, "pos": [24]}, "mother": {"prob": 0.011737089201877934, "count": 5, "pos": [25, 215, 231, 286, 381]}, "father": {"prob": 0.002347417840375587, "count": 1, "pos": [27]}, "long": {"prob": 0.004694835680751174, "count": 2, "pos": [30, 69]}, "stand": {"prob": 0.002347417840375587, "count": 1, "pos": [31]}, "resid": {"prob": 0.002347417840375587, "count": 1, "pos": [32]}, "lunat": {"prob": 0.002347417840375587, "count": 1, "pos": [35]}, "asylum": {"prob": 0.002347417840375587, "count": 1, "pos": [36]}, "the": {"prob": 0.03990610328638498, "count": 17, "pos": [37, 120, 142, 158, 202, 213, 229, 316, 328, 344, 373, 385, 388, 393, 403, 407, 417]}, "audienc": {"prob": 0.002347417840375587, "count": 1, "pos": [38]}, "gradual": {"prob": 0.002347417840375587, "count": 1, "pos": [40]}, "shown": {"prob": 0.002347417840375587, "count": 1, "pos": [41]}, "truth": {"prob": 0.002347417840375587, "count": 1, "pos": [42]}, "about": {"prob": 0.002347417840375587, "count": 1, "pos": [43]}, "privat": {"prob": 0.002347417840375587, "count": 1, "pos": [45]}, "life": {"prob": 0.004694835680751174, "count": 2, "pos": [46, 172]}, "behind": {"prob": 0.002347417840375587, "count": 1, "pos": [47]}, "assur": {"prob": 0.002347417840375587, "count": 1, "pos": [49]}, "fa\u00e3": {"prob": 0.002347417840375587, "count": 1, "pos": [50]}, "ade": {"prob": 0.002347417840375587, "count": 1, "pos": [51]}, "woman": {"prob": 0.002347417840375587, "count": 1, "pos": [55]}, "whose": {"prob": 0.002347417840375587, "count": 1, "pos": [56]}, "sexual": {"prob": 0.004694835680751174, "count": 2, "pos": [57, 80]}, "repress": {"prob": 0.002347417840375587, "count": 1, "pos": [58]}, "verg": {"prob": 0.002347417840375587, "count": 1, "pos": [59]}, "into": {"prob": 0.004694835680751174, "count": 2, "pos": [60, 244]}, "full": {"prob": 0.002347417840375587, "count": 1, "pos": [61]}, "fledg": {"prob": 0.002347417840375587, "count": 1, "pos": [62]}, "desper": {"prob": 0.002347417840375587, "count": 1, "pos": [63]}, "and": {"prob": 0.028169014084507043, "count": 12, "pos": [64, 75, 112, 131, 138, 164, 195, 277, 337, 379, 382, 405]}, "manifest": {"prob": 0.002347417840375587, "count": 1, "pos": [66]}, "list": {"prob": 0.002347417840375587, "count": 1, "pos": [70]}, "of": {"prob": 0.023474178403755867, "count": 10, "pos": [71, 136, 145, 157, 183, 187, 226, 346, 354, 387]}, "paraphilia": {"prob": 0.002347417840375587, "count": 1, "pos": [72]}, "includ": {"prob": 0.002347417840375587, "count": 1, "pos": [73]}, "voyeur": {"prob": 0.002347417840375587, "count": 1, "pos": [74]}, "sadomasochist": {"prob": 0.002347417840375587, "count": 1, "pos": [76]}, "fetish": {"prob": 0.002347417840375587, "count": 1, "pos": [77]}, "such": {"prob": 0.002347417840375587, "count": 1, "pos": [78]}, "as": {"prob": 0.002347417840375587, "count": 1, "pos": [79]}, "self": {"prob": 0.004694835680751174, "count": 2, "pos": [81, 422]}, "mutil": {"prob": 0.002347417840375587, "count": 1, "pos": [82]}, "when": {"prob": 0.009389671361502348, "count": 4, "pos": [83, 212, 301, 320]}, "meet": {"prob": 0.004694835680751174, "count": 2, "pos": [85, 377]}, "walter": {"prob": 0.01643192488262911, "count": 7, "pos": [86, 162, 241, 256, 279, 287, 383]}, "klemmer": {"prob": 0.002347417840375587, "count": 1, "pos": [87]}, "charm": {"prob": 0.002347417840375587, "count": 1, "pos": [89]}, "17": {"prob": 0.002347417840375587, "count": 1, "pos": [90]}, "year": {"prob": 0.002347417840375587, "count": 1, "pos": [91]}, "old": {"prob": 0.002347417840375587, "count": 1, "pos": [92]}, "engin": {"prob": 0.002347417840375587, "count": 1, "pos": [93]}, "student": {"prob": 0.002347417840375587, "count": 1, "pos": [94]}, "from": {"prob": 0.002347417840375587, "count": 1, "pos": [95]}, "bourgeoi": {"prob": 0.002347417840375587, "count": 1, "pos": [97]}, "background": {"prob": 0.002347417840375587, "count": 1, "pos": [98]}, "mutual": {"prob": 0.002347417840375587, "count": 1, "pos": [100]}, "obsess": {"prob": 0.002347417840375587, "count": 1, "pos": [101]}, "develop": {"prob": 0.002347417840375587, "count": 1, "pos": [102]}, "even": {"prob": 0.007042253521126761, "count": 3, "pos": [103, 113, 260]}, "though": {"prob": 0.004694835680751174, "count": 2, "pos": [104, 261]}, "initi": {"prob": 0.002347417840375587, "count": 1, "pos": [106]}, "attempt": {"prob": 0.002347417840375587, "count": 1, "pos": [107]}, "to": {"prob": 0.025821596244131457, "count": 11, "pos": [108, 115, 119, 199, 209, 269, 294, 308, 361, 369, 397]}, "prevent": {"prob": 0.002347417840375587, "count": 1, "pos": [109]}, "consist": {"prob": 0.002347417840375587, "count": 1, "pos": [110]}, "contact": {"prob": 0.004694835680751174, "count": 2, "pos": [111, 160]}, "tri": {"prob": 0.002347417840375587, "count": 1, "pos": [114]}, "undermin": {"prob": 0.002347417840375587, "count": 1, "pos": [116]}, "hi": {"prob": 0.007042253521126761, "count": 3, "pos": [117, 270, 292]}, "applic": {"prob": 0.002347417840375587, "count": 1, "pos": [118]}, "he": {"prob": 0.009389671361502348, "count": 4, "pos": [122, 129, 305, 321]}, "eventu": {"prob": 0.002347417840375587, "count": 1, "pos": [123]}, "becom": {"prob": 0.002347417840375587, "count": 1, "pos": [124]}, "pupil": {"prob": 0.004694835680751174, "count": 2, "pos": [126, 254]}, "like": {"prob": 0.002347417840375587, "count": 1, "pos": [127]}, "appreci": {"prob": 0.002347417840375587, "count": 1, "pos": [130]}, "gift": {"prob": 0.002347417840375587, "count": 1, "pos": [134]}, "interpret": {"prob": 0.002347417840375587, "count": 1, "pos": [135]}, "schumann": {"prob": 0.002347417840375587, "count": 1, "pos": [137]}, "schubert": {"prob": 0.002347417840375587, "count": 1, "pos": [139]}, "destroy": {"prob": 0.002347417840375587, "count": 1, "pos": [141]}, "prospect": {"prob": 0.002347417840375587, "count": 1, "pos": [144]}, "insecur": {"prob": 0.002347417840375587, "count": 1, "pos": [147]}, "but": {"prob": 0.009389671361502348, "count": 4, "pos": [148, 272, 300, 416]}, "talent": {"prob": 0.002347417840375587, "count": 1, "pos": [149]}, "girl": {"prob": 0.009389671361502348, "count": 4,