{"__total__": 102, "__name__": "doc_1709_The_Pope_Must_Die.txt", "the": {"prob": 0.18627450980392157, "count": 19, "pos": [0, 5, 10, 12, 16, 19, 23, 29, 35, 40, 44, 47, 57, 71, 74, 79, 84, 93, 98]}, "plot": {"prob": 0.0196078431372549, "count": 2, "pos": [1, 72]}, "is": {"prob": 0.0196078431372549, "count": 2, "pos": [2, 51]}, "predic": {"prob": 0.00980392156862745, "count": 1, "pos": [3]}, "on": {"prob": 0.00980392156862745, "count": 1, "pos": [4]}, "vatican": {"prob": 0.0196078431372549, "count": 2, "pos": [6, 80]}, "be": {"prob": 0.00980392156862745, "count": 1, "pos": [7]}, "control": {"prob": 0.00980392156862745, "count": 1, "pos": [8]}, "by": {"prob": 0.00980392156862745, "count": 1, "pos": [9]}, "mafia": {"prob": 0.0196078431372549, "count": 2, "pos": [11, 36]}, "movi": {"prob": 0.00980392156862745, "count": 1, "pos": [13]}, "open": {"prob": 0.00980392156862745, "count": 1, "pos": [14]}, "with": {"prob": 0.00980392156862745, "count": 1, "pos": [15]}, "death": {"prob": 0.00980392156862745, "count": 1, "pos": [17]}, "of": {"prob": 0.058823529411764705, "count": 6, "pos": [18, 31, 46, 49, 53, 60]}, "previou": {"prob": 0.00980392156862745, "count": 1, "pos": [20]}, "pope": {"prob": 0.0392156862745098, "count": 4, "pos": [21, 69, 75, 99]}, "and": {"prob": 0.049019607843137254, "count": 5, "pos": [22, 55, 82, 87, 91]}, "mob": {"prob": 0.0196078431372549, "count": 2, "pos": [24, 94]}, "tame": {"prob": 0.00980392156862745, "count": 1, "pos": [25]}, "cardin": {"prob": 0.029411764705882353, "count": 3, "pos": [26, 32, 50]}, "success": {"prob": 0.00980392156862745, "count": 1, "pos": [27]}, "persuad": {"prob": 0.00980392156862745, "count": 1, "pos": [28]}, "colleg": {"prob": 0.0196078431372549, "count": 2, "pos": [30, 48]}, "to": {"prob": 0.029411764705882353, "count": 3, "pos": [33, 39, 77]}, "elect": {"prob": 0.00980392156862745, "count": 1, "pos": [34]}, "favour": {"prob": 0.00980392156862745, "count": 1, "pos": [37]}, "candid": {"prob": 0.00980392156862745, "count": 1, "pos": [38]}, "papaci": {"prob": 0.00980392156862745, "count": 1, "pos": [41]}, "albini": {"prob": 0.00980392156862745, "count": 1, "pos": [42]}, "unfortun": {"prob": 0.00980392156862745, "count": 1, "pos": [43]}, "secretari": {"prob": 0.00980392156862745, "count": 1, "pos": [45]}, "hard": {"prob": 0.00980392156862745, "count": 1, "pos": [52]}, "hear": {"prob": 0.00980392156862745, "count": 1, "pos": [54]}, "announc": {"prob": 0.00980392156862745, "count": 1, "pos": [56]}, "similar": {"prob": 0.00980392156862745, "count": 1, "pos": [58]}, "name": {"prob": 0.00980392156862745, "count": 1, "pos": [59]}, "an": {"prob": 0.00980392156862745, "count": 1, "pos": [61]}, "honest": {"prob": 0.00980392156862745, "count": 1, "pos": [62]}, "parish": {"prob": 0.00980392156862745, "count": 1, "pos": [63]}, "priest": {"prob": 0.00980392156862745, "count": 1, "pos": [64]}, "albinizi": {"prob": 0.00980392156862745, "count": 1, "pos": [65]}, "who": {"prob": 0.0196078431372549, "count": 2, "pos": [66, 95]}, "thu": {"prob": 0.00980392156862745, "count": 1, "pos": [67]}, "becom": {"prob": 0.00980392156862745, "count": 1, "pos": [68]}, "as": {"prob": 0.00980392156862745, "count": 1, "pos": [70]}, "develop": {"prob": 0.00980392156862745, "count": 1, "pos": [73]}, "demand": {"prob": 0.00980392156862745, "count": 1, "pos": [76]}, "see": {"prob": 0.00980392156862745, "count": 1, "pos": [78]}, "account": {"prob": 0.00980392156862745, "count": 1, "pos": [81]}, "discov": {"prob": 0.00980392156862745, "count": 1, "pos": [83]}, "gun": {"prob": 0.00980392156862745, "count": 1, "pos": [85]}, "smuggl": {"prob": 0.00980392156862745, "count": 1, "pos": [86]}, "stolen": {"prob": 0.00980392156862745, "count": 1, "pos": [88]}, "merchandi": {"prob": 0.00980392156862745, "count": 1, "pos": [89]}, "oper": {"prob": 0.00980392156862745, "count": 1, "pos": [90]}, "confront": {"prob": 0.00980392156862745, "count": 1, "pos": [92]}, "decid": {"prob": 0.00980392156862745, "count": 1, "pos": [96]}, "that": {"prob": 0.00980392156862745, "count": 1, "pos": [97]}, "must": {"prob": 0.00980392156862745, "count": 1, "pos": [100]}, "die": {"prob": 0.00980392156862745, "count": 1, "pos": [101]}}