{"__total__": 191, "__name__": "doc_171_Bad_News_Bears.txt", "morri": {"prob": 0.005235602094240838, "count": 1, "pos": [0]}, "buttermak": {"prob": 0.020942408376963352, "count": 4, "pos": [1, 104, 130, 157]}, "is": {"prob": 0.020942408376963352, "count": 4, "pos": [2, 28, 66, 187]}, "a": {"prob": 0.02617801047120419, "count": 5, "pos": [3, 29, 36, 63, 87]}, "wash": {"prob": 0.005235602094240838, "count": 1, "pos": [4]}, "up": {"prob": 0.005235602094240838, "count": 1, "pos": [5]}, "alcohol": {"prob": 0.010471204188481676, "count": 2, "pos": [6, 161]}, "minor": {"prob": 0.005235602094240838, "count": 1, "pos": [7]}, "leagu": {"prob": 0.005235602094240838, "count": 1, "pos": [8]}, "baseb": {"prob": 0.015706806282722512, "count": 3, "pos": [9, 17, 38]}, "player": {"prob": 0.010471204188481676, "count": 2, "pos": [10, 145]}, "who": {"prob": 0.005235602094240838, "count": 1, "pos": [11]}, "wa": {"prob": 0.005235602094240838, "count": 1, "pos": [12]}, "kick": {"prob": 0.005235602094240838, "count": 1, "pos": [13]}, "out": {"prob": 0.015706806282722512, "count": 3, "pos": [14, 55, 140]}, "of": {"prob": 0.031413612565445025, "count": 6, "pos": [15, 72, 74, 121, 142, 182]}, "profess": {"prob": 0.005235602094240838, "count": 1, "pos": [16]}, "for": {"prob": 0.005235602094240838, "count": 1, "pos": [18]}, "attack": {"prob": 0.005235602094240838, "count": 1, "pos": [19]}, "an": {"prob": 0.015706806282722512, "count": 3, "pos": [20, 25, 54]}, "umpir": {"prob": 0.005235602094240838, "count": 1, "pos": [21]}, "he": {"prob": 0.015706806282722512, "count": 3, "pos": [22, 32, 57]}, "work": {"prob": 0.005235602094240838, "count": 1, "pos": [23]}, "as": {"prob": 0.005235602094240838, "count": 1, "pos": [24]}, "extermin": {"prob": 0.005235602094240838, "count": 1, "pos": [26]}, "and": {"prob": 0.031413612565445025, "count": 6, "pos": [27, 49, 94, 126, 138, 163]}, "crude": {"prob": 0.005235602094240838, "count": 1, "pos": [30]}, "woman": {"prob": 0.005235602094240838, "count": 1, "pos": [31]}, "coach": {"prob": 0.005235602094240838, "count": 1, "pos": [33]}, "the": {"prob": 0.09424083769633508, "count": 18, "pos": [34, 59, 67, 83, 92, 95, 109, 115, 119, 124, 132, 135, 143, 146, 149, 155, 176, 180]}, "bear": {"prob": 0.02617801047120419, "count": 5, "pos": [35, 96, 110, 125, 147]}, "children": {"prob": 0.005235602094240838, "count": 1, "pos": [37]}, "team": {"prob": 0.015706806282722512, "count": 3, "pos": [39, 84, 93]}, "with": {"prob": 0.005235602094240838, "count": 1, "pos": [40]}, "poor": {"prob": 0.005235602094240838, "count": 1, "pos": [41]}, "play": {"prob": 0.010471204188481676, "count": 2, "pos": [42, 45]}, "skill": {"prob": 0.010471204188481676, "count": 2, "pos": [43, 64]}, "they": {"prob": 0.020942408376963352, "count": 4, "pos": [44, 164, 172, 178]}, "their": {"prob": 0.010471204188481676, "count": 2, "pos": [46, 101]}, "first": {"prob": 0.010471204188481676, "count": 2, "pos": [47, 102]}, "game": {"prob": 0.03664921465968586, "count": 7, "pos": [48, 60, 99, 117, 123, 150, 156]}, "do": {"prob": 0.005235602094240838, "count": 1, "pos": [50]}, "not": {"prob": 0.015706806282722512, "count": 3, "pos": [51, 174, 188]}, "even": {"prob": 0.005235602094240838, "count": 1, "pos": [52]}, "make": {"prob": 0.010471204188481676, "count": 2, "pos": [53, 112]}, "befor": {"prob": 0.005235602094240838, "count": 1, "pos": [56]}, "forfeit": {"prob": 0.005235602094240838, "count": 1, "pos": [58]}, "amanda": {"prob": 0.005235602094240838, "count": 1, "pos": [61]}, "whurlitz": {"prob": 0.005235602094240838, "count": 1, "pos": [62]}, "pitcher": {"prob": 0.005235602094240838, "count": 1, "pos": [65]}, "12": {"prob": 0.005235602094240838, "count": 1, "pos": [68]}, "year": {"prob": 0.005235602094240838, "count": 1, "pos": [69]}, "old": {"prob": 0.005235602094240838, "count": 1, "pos": [70]}, "daughter": {"prob": 0.005235602094240838, "count": 1, "pos": [71]}, "one": {"prob": 0.005235602094240838, "count": 1, "pos": [73]}, "hi": {"prob": 0.010471204188481676, "count": 2, "pos": [75, 79]}, "ex": {"prob": 0.005235602094240838, "count": 1, "pos": [76]}, "girlfriend": {"prob": 0.005235602094240838, "count": 1, "pos": [77]}, "at": {"prob": 0.005235602094240838, "count": 1, "pos": [78]}, "request": {"prob": 0.005235602094240838, "count": 1, "pos": [80]}, "she": {"prob": 0.005235602094240838, "count": 1, "pos": [81]}, "join": {"prob": 0.010471204188481676, "count": 2, "pos": [82, 91]}, "kelli": {"prob": 0.005235602094240838, "count": 1, "pos": [85]}, "leak": {"prob": 0.005235602094240838, "count": 1, "pos": [86]}, "local": {"prob": 0.005235602094240838, "count": 1, "pos": [88]}, "troublemak": {"prob": 0.005235602094240838, "count": 1, "pos": [89]}, "also": {"prob": 0.005235602094240838, "count": 1, "pos": [90]}, "start": {"prob": 0.005235602094240838, "count": 1, "pos": [97]}, "win": {"prob": 0.015706806282722512, "count": 3, "pos": [98, 175, 186]}, "after": {"prob": 0.010471204188481676, "count": 2, "pos": [100, 154]}, "victori": {"prob": 0.005235602094240838, "count": 1, "pos": [103]}, "take": {"prob": 0.010471204188481676, "count": 2, "pos": [105, 139]}, "them": {"prob": 0.010471204188481676, "count": 2, "pos": [106, 159]}, "to": {"prob": 0.015706806282722512, "count": 3, "pos": [107, 114, 152]}, "hooter": {"prob": 0.005235602094240838, "count": 1, "pos": [108]}, "eventu": {"prob": 0.005235602094240838, "count": 1, "pos": [111]}, "it": {"prob": 0.010471204188481676, "count": 2, "pos": [113, 166]}, "championship": {"prob": 0.010471204188481676, "count": 2, "pos": [116, 177]}, "in": {"prob": 0.010471204188481676, "count": 2, "pos": [118, 137]}, "middl": {"prob": 0.005235602094240838, "count": 1, "pos": [120]}, "that": {"prob": 0.010471204188481676, "count": 2, "pos": [122, 185]}, "yank": {"prob": 0.005235602094240838, "count": 1, "pos": [127]}, "fight": {"prob": 0.005235602094240838, "count": 1, "pos": [128]}, "later": {"prob": 0.005235602094240838, "count": 1, "pos": [129]}, "chang": {"prob": 0.005235602094240838, "count": 1, "pos": [131]}, "lineup": {"prob": 0.005235602094240838, "count": 1, "pos": [133]}, "put": {"prob": 0.005235602094240838, "count": 1, "pos": [134]}, "benchwarm": {"prob": 0.005235602094240838, "count": 1, "pos": [136]}, "some": {"prob": 0.005235602094240838, "count": 1, "pos": [141]}, "good": {"prob": 0.005235602094240838, "count": 1, "pos": [144]}, "lose": {"prob": 0.005235602094240838, "count": 1, "pos": [148]}, "8": {"prob": 0.005235602094240838, "count": 1, "pos": [151]}, "7": {"prob": 0.005235602094240838, "count": 1, "pos": [153]}, "give": {"prob": 0.005235602094240838, "count": 1, "pos": [158]}, "non": {"prob": 0.005235602094240838, "count": 1, "pos": [160]}, "beer": {"prob": 0.005235602094240838, "count": 1, "pos": [162]}, "spray": {"prob": 0.005235602094240838, "count": 1, "pos": [165]}, "all": {"prob": 0.005235602094240838, "count": 1, "pos": [167]}, "over": {"prob": 0.005235602094240838, "count": 1, "pos": [168]}, "each": {"prob": 0.005235602094240838, "count": 1, "pos": [169]}, "other": {"prob": 0.005235602094240838, "count": 1, "pos": [170]}, "although": {"prob": 0.005235602094240838, "count": 1, "pos": [171]}, "did": {"prob": 0.005235602094240838, "count": 1, "pos": [173]}, "have": {"prob": 0.005235602094240838, "count": 1, "pos": [179]}, "satisfact": {"prob": 0.005235602094240838, "count": 1, "pos": [181]}, "tri": {"prob": 0.005235602094240838, "count": 1, "pos": [183]}, "know": {"prob": 0.005235602094240838, "count": 1, "pos": [184]}, "so": {"prob": 0.005235602094240838, "count": 1, "pos": [189]}, "import": {"prob": 0.005235602094240838, "count": 1, "pos": [190]}}