{"__total__": 580, "__name__": "doc_173_Bad_Taste.txt", "the": {"prob": 0.0603448275862069, "count": 35, "pos": [0, 14, 19, 27, 42, 72, 76, 114, 117, 139, 184, 212, 256, 261, 268, 272, 281, 294, 322, 330, 334, 339, 382, 394, 421, 442, 451, 474, 478, 500, 528, 555, 565, 570, 575]}, "astro": {"prob": 0.0017241379310344827, "count": 1, "pos": [1]}, "investig": {"prob": 0.005172413793103448, "count": 3, "pos": [2, 13, 517]}, "and": {"prob": 0.04655172413793104, "count": 27, "pos": [3, 10, 44, 53, 86, 128, 141, 153, 195, 208, 215, 228, 266, 301, 327, 342, 350, 369, 375, 392, 409, 426, 444, 456, 477, 516, 526]}, "defenc": {"prob": 0.0017241379310344827, "count": 1, "pos": [4]}, "servic": {"prob": 0.0017241379310344827, "count": 1, "pos": [5]}, "send": {"prob": 0.0017241379310344827, "count": 1, "pos": [6]}, "derek": {"prob": 0.02413793103448276, "count": 14, "pos": [7, 50, 74, 162, 296, 385, 416, 459, 469, 492, 497, 522, 535, 578]}, "frank": {"prob": 0.017241379310344827, "count": 10, "pos": [8, 52, 206, 229, 263, 360, 368, 408, 425, 445]}, "ozzi": {"prob": 0.013793103448275862, "count": 8, "pos": [9, 54, 207, 352, 370, 410, 427, 440]}, "barri": {"prob": 0.006896551724137931, "count": 4, "pos": [11, 38, 122, 209]}, "to": {"prob": 0.022413793103448276, "count": 13, "pos": [12, 91, 159, 166, 199, 233, 277, 288, 357, 406, 430, 502, 547]}, "disappear": {"prob": 0.0017241379310344827, "count": 1, "pos": [15]}, "of": {"prob": 0.020689655172413793, "count": 12, "pos": [16, 21, 41, 69, 116, 151, 186, 271, 306, 324, 379, 397]}, "everyon": {"prob": 0.0017241379310344827, "count": 1, "pos": [17]}, "in": {"prob": 0.01896551724137931, "count": 11, "pos": [18, 71, 125, 148, 171, 194, 202, 441, 465, 530, 577]}, "town": {"prob": 0.0034482758620689655, "count": 2, "pos": [20, 28]}, "kaihoro": {"prob": 0.005172413793103448, "count": 3, "pos": [22, 104, 242]}, "new": {"prob": 0.0017241379310344827, "count": 1, "pos": [23]}, "zealand": {"prob": 0.0017241379310344827, "count": 1, "pos": [24]}, "they": {"prob": 0.010344827586206896, "count": 6, "pos": [25, 61, 224, 274, 286, 435]}, "find": {"prob": 0.008620689655172414, "count": 5, "pos": [26, 167, 177, 216, 239]}, "ha": {"prob": 0.005172413793103448, "count": 3, "pos": [29, 111, 363]}, "been": {"prob": 0.005172413793103448, "count": 3, "pos": [30, 112, 364]}, "overrun": {"prob": 0.0034482758620689655, "count": 2, "pos": [31, 365]}, "by": {"prob": 0.017241379310344827, "count": 10, "pos": [32, 47, 84, 108, 121, 293, 366, 415, 473, 521]}, "space": {"prob": 0.005172413793103448, "count": 3, "pos": [33, 484, 490]}, "alien": {"prob": 0.041379310344827586, "count": 24, "pos": [34, 43, 60, 70, 118, 137, 213, 227, 236, 247, 257, 282, 295, 331, 340, 367, 380, 388, 401, 404, 475, 529, 556, 566]}, "disgui": {"prob": 0.0034482758620689655, "count": 2, "pos": [35, 262]}, "as": {"prob": 0.010344827586206896, "count": 6, "pos": [36, 280, 314, 333, 434, 561]}, "human": {"prob": 0.0017241379310344827, "count": 1, "pos": [37]}, "kill": {"prob": 0.010344827586206896, "count": 6, "pos": [39, 75, 119, 376, 386, 520]}, "one": {"prob": 0.0017241379310344827, "count": 1, "pos": [40]}, "is": {"prob": 0.022413793103448276, "count": 13, "pos": [45, 82, 101, 106, 154, 157, 181, 243, 298, 413, 470, 506, 519]}, "attack": {"prob": 0.006896551724137931, "count": 4, "pos": [46, 83, 107, 292]}, "other": {"prob": 0.0017241379310344827, "count": 1, "pos": [48]}, "after": {"prob": 0.0034482758620689655, "count": 2, "pos": [49, 417]}, "notifi": {"prob": 0.0017241379310344827, "count": 1, "pos": [51]}, "he": {"prob": 0.03103448275862069, "count": 18, "pos": [55, 81, 105, 144, 156, 169, 175, 190, 238, 264, 302, 310, 317, 418, 505, 518, 551, 562]}, "begin": {"prob": 0.0017241379310344827, "count": 1, "pos": [56]}, "tortur": {"prob": 0.0017241379310344827, "count": 1, "pos": [57]}, "robert": {"prob": 0.010344827586206896, "count": 6, "pos": [58, 64, 85, 109, 250, 338]}, "an": {"prob": 0.008620689655172414, "count": 5, "pos": [59, 226, 235, 387, 403]}, "caught": {"prob": 0.0017241379310344827, "count": 1, "pos": [62]}, "earlier": {"prob": 0.0034482758620689655, "count": 2, "pos": [63, 120]}, "scream": {"prob": 0.0017241379310344827, "count": 1, "pos": [65]}, "attract": {"prob": 0.0017241379310344827, "count": 1, "pos": [66]}, "a": {"prob": 0.029310344827586206, "count": 17, "pos": [67, 89, 96, 131, 149, 172, 197, 217, 253, 315, 319, 354, 377, 463, 466, 482, 512]}, "number": {"prob": 0.0017241379310344827, "count": 1, "pos": [68]}, "area": {"prob": 0.0017241379310344827, "count": 1, "pos": [73]}, "would": {"prob": 0.0017241379310344827, "count": 1, "pos": [77]}, "be": {"prob": 0.005172413793103448, "count": 3, "pos": [78, 160, 244]}, "rescuer": {"prob": 0.0017241379310344827, "count": 1, "pos": [79]}, "but": {"prob": 0.006896551724137931, "count": 4, "pos": [80, 290, 411, 453]}, "fall": {"prob": 0.0017241379310344827, "count": 1, "pos": [87]}, "over": {"prob": 0.0017241379310344827, "count": 1, "pos": [88]}, "cliff": {"prob": 0.0017241379310344827, "count": 1, "pos": [90]}, "hi": {"prob": 0.022413793103448276, "count": 13, "pos": [92, 126, 179, 187, 307, 312, 325, 343, 390, 398, 447, 533, 538]}, "presum": {"prob": 0.0017241379310344827, "count": 1, "pos": [93]}, "death": {"prob": 0.0017241379310344827, "count": 1, "pos": [94]}, "meanwhil": {"prob": 0.0034482758620689655, "count": 2, "pos": [95, 384]}, "chariti": {"prob": 0.0017241379310344827, "count": 1, "pos": [97]}, "collector": {"prob": 0.0017241379310344827, "count": 1, "pos": [98]}, "name": {"prob": 0.0017241379310344827, "count": 1, "pos": [99]}, "gile": {"prob": 0.006896551724137931, "count": 4, "pos": [100, 123, 143, 279]}, "pass": {"prob": 0.0017241379310344827, "count": 1, "pos": [102]}, "through": {"prob": 0.0034482758620689655, "count": 2, "pos": [103, 420]}, "who": {"prob": 0.0034482758620689655, "count": 2, "pos": [110, 523]}, "eat": {"prob": 0.0017241379310344827, "count": 1, "pos": [113]}, "brain": {"prob": 0.008620689655172414, "count": 5, "pos": [115, 180, 308, 399, 402]}, "escap": {"prob": 0.0034482758620689655, "count": 2, "pos": [124, 265]}, "car": {"prob": 0.006896551724137931, "count": 4, "pos": [127, 326, 361, 579]}, "stop": {"prob": 0.0017241379310344827, "count": 1, "pos": [129]}, "at": {"prob": 0.005172413793103448, "count": 3, "pos": [130, 284, 450]}, "nearbi": {"prob": 0.0034482758620689655, "count": 2, "pos": [132, 467]}, "hous": {"prob": 0.006896551724137931, "count": 4, "pos": [133, 214, 332, 479]}, "for": {"prob": 0.006896551724137931, "count": 4, "pos": [134, 246, 329, 372]}, "help": {"prob": 0.0017241379310344827, "count": 1, "pos": [135]}, "anoth": {"prob": 0.0017241379310344827, "count": 1, "pos": [136]}, "answer": {"prob": 0.0017241379310344827, "count": 1, "pos": [138]}, "door": {"prob": 0.0017241379310344827, "count": 1, "pos": [140]}, "captur": {"prob": 0.0017241379310344827, "count": 1, "pos": [142]}, "later": {"prob": 0.0017241379310344827, "count": 1, "pos": [145]}, "wake": {"prob": 0.0034482758620689655, "count": 2, "pos": [146, 164]}, "up": {"prob": 0.005172413793103448, "count": 3, "pos": [147, 165, 359]}, "tub": {"prob": 0.0017241379310344827, "count": 1, "pos": [150]}, "water": {"prob": 0.0017241379310344827, "count": 1, "pos": [152]}, "told": {"prob": 0.0017241379310344827, "count": 1, "pos": [155]}, "about": {"prob": 0.0017241379310344827, "count": 1, "pos": [158]}, "eaten": {"prob": 0.0017241379310344827, "count": 1, "pos": [161]}, "also": {"prob": 0.0034482758620689655, "count": 2, "pos": [163, 176]}, "that": {"prob": 0.008620689655172414, "count": 5, "pos": [168, 178, 204, 241, 504]}, "land": {"prob": 0.0017241379310344827, "count": 1, "pos": [170]}, "seagul": {"prob": 0.0017241379310344827, "count": 1, "pos": [173]}, "nest": {"prob": 0.0017241379310344827, "count": 1, "pos": [174]}, "leak": {"prob": 0.0017241379310344827, "count": 1, "pos": [182]}, "out": {"prob": 0.010344827586206896, "count": 6, "pos": [183, 240, 276, 462, 472, 499]},