{"__total__": 403, "__name__": "doc_1748_The_Shoes_of_the_Fisherman.txt", "set": {"prob": 0.004962779156327543, "count": 2, "pos": [0, 26]}, "dure": {"prob": 0.004962779156327543, "count": 2, "pos": [1, 104]}, "the": {"prob": 0.10669975186104218, "count": 43, "pos": [2, 5, 8, 11, 19, 44, 47, 56, 65, 68, 79, 82, 88, 102, 105, 139, 145, 161, 167, 171, 195, 198, 206, 216, 220, 228, 232, 247, 256, 261, 271, 281, 286, 310, 313, 325, 328, 331, 341, 361, 372, 376, 379]}, "height": {"prob": 0.0024813895781637717, "count": 1, "pos": [3]}, "of": {"prob": 0.04218362282878412, "count": 17, "pos": [4, 10, 22, 46, 70, 90, 101, 125, 163, 173, 208, 215, 222, 243, 312, 348, 378]}, "cold": {"prob": 0.0024813895781637717, "count": 1, "pos": [6]}, "war": {"prob": 0.007444168734491315, "count": 3, "pos": [7, 175, 266]}, "shoe": {"prob": 0.0024813895781637717, "count": 1, "pos": [9]}, "fisherman": {"prob": 0.0024813895781637717, "count": 1, "pos": [12]}, "open": {"prob": 0.004962779156327543, "count": 2, "pos": [13, 290]}, "as": {"prob": 0.01240694789081886, "count": 5, "pos": [14, 99, 132, 283, 285]}, "protagonist": {"prob": 0.0024813895781637717, "count": 1, "pos": [15]}, "kiril": {"prob": 0.01240694789081886, "count": 5, "pos": [16, 165, 204, 251, 300]}, "pavlovich": {"prob": 0.0024813895781637717, "count": 1, "pos": [17]}, "lakota": {"prob": 0.01240694789081886, "count": 5, "pos": [18, 73, 97, 127, 159]}, "metropolitan": {"prob": 0.0024813895781637717, "count": 1, "pos": [20]}, "archbishop": {"prob": 0.0024813895781637717, "count": 1, "pos": [21]}, "lviv": {"prob": 0.0024813895781637717, "count": 1, "pos": [23]}, "is": {"prob": 0.009925558312655087, "count": 4, "pos": [24, 51, 169, 330]}, "unexpected": {"prob": 0.0024813895781637717, "count": 1, "pos": [25]}, "free": {"prob": 0.0024813895781637717, "count": 1, "pos": [27]}, "after": {"prob": 0.009925558312655087, "count": 4, "pos": [28, 122, 138, 200]}, "twenti": {"prob": 0.0024813895781637717, "count": 1, "pos": [29]}, "year": {"prob": 0.0024813895781637717, "count": 1, "pos": [30]}, "in": {"prob": 0.017369727047146403, "count": 7, "pos": [31, 67, 110, 258, 315, 324, 354]}, "a": {"prob": 0.02481389578163772, "count": 10, "pos": [32, 91, 133, 178, 185, 265, 320, 335, 344, 400]}, "siberian": {"prob": 0.0024813895781637717, "count": 1, "pos": [33]}, "labor": {"prob": 0.0024813895781637717, "count": 1, "pos": [34]}, "camp": {"prob": 0.0024813895781637717, "count": 1, "pos": [35]}, "by": {"prob": 0.01488833746898263, "count": 6, "pos": [36, 136, 153, 184, 188, 194]}, "hi": {"prob": 0.02729528535980149, "count": 11, "pos": [37, 154, 157, 201, 209, 297, 302, 351, 355, 368, 383]}, "former": {"prob": 0.0024813895781637717, "count": 1, "pos": [38]}, "jailer": {"prob": 0.0024813895781637717, "count": 1, "pos": [39]}, "piotr": {"prob": 0.0024813895781637717, "count": 1, "pos": [40]}, "ilyich": {"prob": 0.0024813895781637717, "count": 1, "pos": [41]}, "kamenev": {"prob": 0.004962779156327543, "count": 2, "pos": [42, 239]}, "now": {"prob": 0.0024813895781637717, "count": 1, "pos": [43]}, "premier": {"prob": 0.0024813895781637717, "count": 1, "pos": [45]}, "soviet": {"prob": 0.007444168734491315, "count": 3, "pos": [48, 180, 233]}, "union": {"prob": 0.004962779156327543, "count": 2, "pos": [49, 234]}, "he": {"prob": 0.007444168734491315, "count": 3, "pos": [50, 276, 358]}, "sent": {"prob": 0.0024813895781637717, "count": 1, "pos": [52]}, "to": {"prob": 0.03722084367245657, "count": 15, "pos": [53, 64, 119, 142, 177, 231, 235, 245, 279, 289, 294, 309, 350, 364, 371]}, "rome": {"prob": 0.004962779156327543, "count": 2, "pos": [54, 223]}, "where": {"prob": 0.0024813895781637717, "count": 1, "pos": [55]}, "elder": {"prob": 0.0024813895781637717, "count": 1, "pos": [57]}, "fiction": {"prob": 0.0024813895781637717, "count": 1, "pos": [58]}, "pope": {"prob": 0.022332506203473945, "count": 9, "pos": [59, 131, 164, 203, 229, 250, 332, 342, 373]}, "piu": {"prob": 0.0024813895781637717, "count": 1, "pos": [60]}, "xiii": {"prob": 0.0024813895781637717, "count": 1, "pos": [61]}, "rai": {"prob": 0.0024813895781637717, "count": 1, "pos": [62]}, "him": {"prob": 0.004962779156327543, "count": 2, "pos": [63, 149]}, "cardin": {"prob": 0.01488833746898263, "count": 6, "pos": [66, 96, 109, 112, 115, 140]}, "titl": {"prob": 0.0024813895781637717, "count": 1, "pos": [69]}, "st": {"prob": 0.004962779156327543, "count": 2, "pos": [71, 316]}, "athanasiu": {"prob": 0.0024813895781637717, "count": 1, "pos": [72]}, "initi": {"prob": 0.0024813895781637717, "count": 1, "pos": [74]}, "declin": {"prob": 0.0024813895781637717, "count": 1, "pos": [75]}, "but": {"prob": 0.0024813895781637717, "count": 1, "pos": [76]}, "reluct": {"prob": 0.0024813895781637717, "count": 1, "pos": [77]}, "accept": {"prob": 0.0024813895781637717, "count": 1, "pos": [78]}, "promot": {"prob": 0.0024813895781637717, "count": 1, "pos": [80]}, "when": {"prob": 0.0024813895781637717, "count": 1, "pos": [81]}, "pontiff": {"prob": 0.0024813895781637717, "count": 1, "pos": [83]}, "sudden": {"prob": 0.0024813895781637717, "count": 1, "pos": [84]}, "collap": {"prob": 0.0024813895781637717, "count": 1, "pos": [85]}, "and": {"prob": 0.02481389578163772, "count": 10, "pos": [86, 95, 114, 150, 156, 218, 240, 304, 327, 337]}, "die": {"prob": 0.004962779156327543, "count": 2, "pos": [87, 395]}, "process": {"prob": 0.0024813895781637717, "count": 1, "pos": [89]}, "papal": {"prob": 0.004962779156327543, "count": 2, "pos": [92, 298]}, "conclav": {"prob": 0.0024813895781637717, "count": 1, "pos": [93]}, "begin": {"prob": 0.0024813895781637717, "count": 1, "pos": [94]}, "particip": {"prob": 0.0024813895781637717, "count": 1, "pos": [98]}, "one": {"prob": 0.0024813895781637717, "count": 1, "pos": [100]}, "elector": {"prob": 0.0024813895781637717, "count": 1, "pos": [103]}, "sede": {"prob": 0.0024813895781637717, "count": 1, "pos": [106]}, "vacant": {"prob": 0.0024813895781637717, "count": 1, "pos": [107]}, "two": {"prob": 0.0024813895781637717, "count": 1, "pos": [108]}, "particular": {"prob": 0.0024813895781637717, "count": 1, "pos": [111]}, "leon": {"prob": 0.0024813895781637717, "count": 1, "pos": [113]}, "rinaldi": {"prob": 0.0024813895781637717, "count": 1, "pos": [116]}, "are": {"prob": 0.004962779156327543, "count": 2, "pos": [117, 151]}, "shown": {"prob": 0.0024813895781637717, "count": 1, "pos": [118]}, "be": {"prob": 0.007444168734491315, "count": 3, "pos": [120, 225, 264]}, "papabil": {"prob": 0.0024813895781637717, "count": 1, "pos": [121]}, "seven": {"prob": 0.0024813895781637717, "count": 1, "pos": [123]}, "ballot": {"prob": 0.0024813895781637717, "count": 1, "pos": [124]}, "deadlock": {"prob": 0.0024813895781637717, "count": 1, "pos": [126]}, "find": {"prob": 0.0024813895781637717, "count": 1, "pos": [128]}, "himself": {"prob": 0.0024813895781637717, "count": 1, "pos": [129]}, "elect": {"prob": 0.004962779156327543, "count": 2, "pos": [130, 202]}, "compromi": {"prob": 0.0024813895781637717, "count": 1, "pos": [134]}, "candid": {"prob": 0.004962779156327543, "count": 2, "pos": [135, 147]}, "acclam": {"prob": 0.0024813895781637717, "count": 1, "pos": [137]}, "unabl": {"prob": 0.0024813895781637717, "count": 1, "pos": [141]}, "decid": {"prob": 0.0024813895781637717, "count": 1, "pos": [143]}, "between": {"prob": 0.0024813895781637717, "count": 1, "pos": [144]}, "lead": {"prob": 0.0024813895781637717, "count": 1, "pos": [146]}, "interview": {"prob": 0.0024813895781637717, "count": 1, "pos": [148]}, "impress": {"prob": 0.0024813895781637717, "count": 1, "pos": [152]}, "idea": {"prob": 0.0024813895781637717, "count": 1, "pos": [155]}, "humil": {"prob": 0.0024813895781637717, "count": 1, "pos": [158]}, "take": {"prob": 0.0024813895781637717, "count": 1, "pos": [160]}, "name": {"prob": 0.0024813895781637717, "count": 1, "pos": [162]}, "meanwhil": {"prob": 0.0024813895781637717, "count": 1, "pos": [166]}, "world": {"prob": 0.004962779156327543, "count": 2, "pos": [168, 272]},