{"__total__": 620, "__name__": "doc_1783_The_Third_Man.txt", "american": {"prob": 0.0016129032258064516, "count": 1, "pos": [0]}, "pulp": {"prob": 0.0016129032258064516, "count": 1, "pos": [1]}, "western": {"prob": 0.0016129032258064516, "count": 1, "pos": [2]}, "writer": {"prob": 0.0016129032258064516, "count": 1, "pos": [3]}, "holli": {"prob": 0.0016129032258064516, "count": 1, "pos": [4]}, "martin": {"prob": 0.054838709677419356, "count": 34, "pos": [5, 25, 41, 52, 60, 86, 115, 122, 158, 180, 210, 218, 223, 238, 265, 268, 286, 293, 305, 310, 343, 348, 372, 393, 397, 434, 450, 470, 476, 498, 516, 534, 584, 592]}, "arriv": {"prob": 0.0064516129032258064, "count": 4, "pos": [6, 191, 224, 530]}, "in": {"prob": 0.004838709677419355, "count": 3, "pos": [7, 486, 554]}, "post": {"prob": 0.0016129032258064516, "count": 1, "pos": [8]}, "world": {"prob": 0.0016129032258064516, "count": 1, "pos": [9]}, "war": {"prob": 0.0016129032258064516, "count": 1, "pos": [10]}, "ii": {"prob": 0.0016129032258064516, "count": 1, "pos": [11]}, "vienna": {"prob": 0.008064516129032258, "count": 5, "pos": [12, 308, 441, 485, 606]}, "seek": {"prob": 0.0016129032258064516, "count": 1, "pos": [13]}, "hi": {"prob": 0.008064516129032258, "count": 5, "pos": [14, 55, 456, 461, 602]}, "childhood": {"prob": 0.0016129032258064516, "count": 1, "pos": [15]}, "friend": {"prob": 0.004838709677419355, "count": 3, "pos": [16, 79, 91]}, "harri": {"prob": 0.0016129032258064516, "count": 1, "pos": [17]}, "lime": {"prob": 0.043548387096774194, "count": 27, "pos": [18, 28, 39, 81, 94, 108, 117, 131, 140, 145, 182, 196, 315, 322, 357, 389, 403, 413, 430, 437, 447, 474, 526, 529, 556, 569, 594]}, "who": {"prob": 0.01129032258064516, "count": 7, "pos": [19, 84, 169, 187, 390, 400, 425]}, "ha": {"prob": 0.004838709677419355, "count": 3, "pos": [20, 353, 404]}, "offer": {"prob": 0.004838709677419355, "count": 3, "pos": [21, 207, 463]}, "him": {"prob": 0.014516129032258065, "count": 9, "pos": [22, 216, 221, 248, 299, 538, 566, 587, 616]}, "a": {"prob": 0.025806451612903226, "count": 16, "pos": [23, 32, 49, 65, 68, 71, 78, 171, 244, 256, 278, 377, 380, 512, 573, 576]}, "job": {"prob": 0.0032258064516129032, "count": 2, "pos": [24, 462]}, "discov": {"prob": 0.004838709677419355, "count": 3, "pos": [26, 161, 416]}, "that": {"prob": 0.027419354838709678, "count": 17, "pos": [27, 87, 130, 144, 150, 162, 189, 228, 270, 287, 314, 321, 350, 402, 417, 421, 521]}, "wa": {"prob": 0.008064516129032258, "count": 5, "pos": [29, 133, 146, 197, 324]}, "kill": {"prob": 0.008064516129032258, "count": 5, "pos": [30, 147, 215, 559, 586]}, "by": {"prob": 0.0032258064516129032, "count": 2, "pos": [31, 282]}, "car": {"prob": 0.0016129032258064516, "count": 1, "pos": [33]}, "while": {"prob": 0.0016129032258064516, "count": 1, "pos": [34]}, "cross": {"prob": 0.0016129032258064516, "count": 1, "pos": [35]}, "the": {"prob": 0.04838709677419355, "count": 30, "pos": [36, 96, 99, 102, 137, 154, 163, 177, 193, 205, 225, 241, 250, 275, 336, 366, 385, 407, 409, 418, 423, 427, 431, 444, 452, 504, 507, 546, 550, 598]}, "street": {"prob": 0.004838709677419355, "count": 3, "pos": [37, 100, 577]}, "at": {"prob": 0.008064516129032258, "count": 5, "pos": [38, 139, 192, 511, 597]}, "funer": {"prob": 0.0032258064516129032, "count": 2, "pos": [40, 596]}, "meet": {"prob": 0.004838709677419355, "count": 3, "pos": [42, 77, 435]}, "two": {"prob": 0.0064516129032258064, "count": 4, "pos": [43, 157, 201, 295]}, "british": {"prob": 0.0032258064516129032, "count": 2, "pos": [44, 410]}, "armi": {"prob": 0.0016129032258064516, "count": 1, "pos": [45]}, "polic": {"prob": 0.0064516129032258064, "count": 4, "pos": [46, 164, 411, 551]}, "sergeant": {"prob": 0.0016129032258064516, "count": 1, "pos": [47]}, "pain": {"prob": 0.004838709677419355, "count": 3, "pos": [48, 560, 589]}, "fan": {"prob": 0.0016129032258064516, "count": 1, "pos": [50]}, "of": {"prob": 0.017741935483870968, "count": 11, "pos": [51, 80, 98, 114, 382, 422, 455, 484, 519, 600, 605]}, "book": {"prob": 0.0064516129032258064, "count": 4, "pos": [53, 69, 251, 267]}, "and": {"prob": 0.037096774193548385, "count": 23, "pos": [54, 89, 104, 116, 127, 149, 159, 174, 199, 232, 243, 300, 312, 332, 359, 395, 415, 438, 458, 475, 558, 564, 617]}, "superior": {"prob": 0.0016129032258064516, "count": 1, "pos": [56]}, "major": {"prob": 0.0016129032258064516, "count": 1, "pos": [57]}, "calloway": {"prob": 0.01129032258064516, "count": 7, "pos": [58, 302, 319, 399, 467, 509, 562]}, "afterward": {"prob": 0.0016129032258064516, "count": 1, "pos": [59]}, "is": {"prob": 0.0064516129032258064, "count": 4, "pos": [61, 230, 360, 420]}, "ask": {"prob": 0.008064516129032258, "count": 5, "pos": [62, 109, 263, 469, 478]}, "to": {"prob": 0.04032258064516129, "count": 25, "pos": [63, 67, 95, 111, 124, 208, 240, 249, 291, 306, 340, 346, 362, 365, 387, 471, 495, 500, 506, 514, 531, 543, 575, 609, 611]}, "give": {"prob": 0.0032258064516129032, "count": 2, "pos": [64, 209]}, "lectur": {"prob": 0.0016129032258064516, "count": 1, "pos": [66]}, "club": {"prob": 0.0032258064516129032, "count": 2, "pos": [70, 252]}, "few": {"prob": 0.0016129032258064516, "count": 1, "pos": [72]}, "day": {"prob": 0.0032258064516129032, "count": 2, "pos": [73, 433]}, "later": {"prob": 0.0032258064516129032, "count": 2, "pos": [74, 591]}, "he": {"prob": 0.017741935483870968, "count": 11, "pos": [75, 88, 106, 190, 229, 254, 262, 288, 539, 580, 607]}, "then": {"prob": 0.0064516129032258064, "count": 4, "pos": [76, 459, 468, 585]}, "baron": {"prob": 0.0016129032258064516, "count": 1, "pos": [82]}, "kurtz": {"prob": 0.0016129032258064516, "count": 1, "pos": [83]}, "tell": {"prob": 0.0032258064516129032, "count": 2, "pos": [85, 285]}, "anoth": {"prob": 0.0016129032258064516, "count": 1, "pos": [90]}, "popescu": {"prob": 0.004838709677419355, "count": 3, "pos": [92, 260, 284]}, "carri": {"prob": 0.0032258064516129032, "count": 2, "pos": [93, 153]}, "side": {"prob": 0.0016129032258064516, "count": 1, "pos": [97]}, "after": {"prob": 0.0032258064516129032, "count": 2, "pos": [101, 195]}, "accid": {"prob": 0.004838709677419355, "count": 3, "pos": [103, 136, 194]}, "befor": {"prob": 0.004838709677419355, "count": 3, "pos": [105, 217, 464]}, "die": {"prob": 0.0032258064516129032, "count": 2, "pos": [107, 518]}, "them": {"prob": 0.0032258064516129032, "count": 2, "pos": [110, 237]}, "take": {"prob": 0.0032258064516129032, "count": 2, "pos": [112, 247]}, "care": {"prob": 0.0016129032258064516, "count": 1, "pos": [113]}, "actress": {"prob": 0.0016129032258064516, "count": 1, "pos": [118]}, "girlfriend": {"prob": 0.0016129032258064516, "count": 1, "pos": [119]}, "anna": {"prob": 0.012903225806451613, "count": 8, "pos": [120, 126, 160, 351, 480, 490, 536, 612]}, "schmidt": {"prob": 0.0016129032258064516, "count": 1, "pos": [121]}, "goe": {"prob": 0.0016129032258064516, "count": 1, "pos": [123]}, "see": {"prob": 0.004838709677419355, "count": 3, "pos": [125, 220, 294]}, "becom": {"prob": 0.0032258064516129032, "count": 2, "pos": [128, 233]}, "suspici": {"prob": 0.0016129032258064516, "count": 1, "pos": [129]}, "death": {"prob": 0.004838709677419355, "count": 3, "pos": [132, 316, 342]}, "not": {"prob": 0.0032258064516129032, "count": 2, "pos": [134, 156]}, "an": {"prob": 0.0016129032258064516, "count": 1, "pos": [135]}, "porter": {"prob": 0.0032258064516129032, "count": 2, "pos": [138, 206]}, "apart": {"prob": 0.0032258064516129032, "count": 2, "pos": [141, 371]}, "build": {"prob": 0.0016129032258064516, "count": 1, "pos": [142]}, "say": {"prob": 0.004838709677419355, "count": 3, "pos": [143, 188, 269]}, "immedi": {"prob": 0.0032258064516129032, "count": 2, "pos": [148, 246]}, "three": {"prob": 0.0016129032258064516, "count": 1, "pos": [151]}, "men": {"prob": 0.0032258064516129032, "count": 2, "pos": [152, 202]}, "bodi": {"prob": 0.0032258064516129032, "count": 2, "pos": [155, 419]}, "are": {"prob": 0.0032258064516129032, "count": 2, "pos": [165, 552]},