{"__total__": 341, "__name__": "doc_1790_The_Trouble_with_Harry.txt", "the": {"prob": 0.08504398826979472, "count": 29, "pos": [0, 8, 17, 29, 32, 34, 41, 53, 59, 63, 73, 86, 125, 149, 156, 169, 182, 211, 215, 220, 223, 226, 241, 245, 262, 277, 295, 306, 323]}, "quirki": {"prob": 0.002932551319648094, "count": 1, "pos": [1]}, "but": {"prob": 0.002932551319648094, "count": 1, "pos": [2]}, "down": {"prob": 0.005865102639296188, "count": 2, "pos": [3, 144]}, "to": {"prob": 0.026392961876832845, "count": 9, "pos": [4, 38, 188, 217, 219, 253, 315, 319, 326]}, "earth": {"prob": 0.002932551319648094, "count": 1, "pos": [5]}, "resid": {"prob": 0.002932551319648094, "count": 1, "pos": [6]}, "of": {"prob": 0.03225806451612903, "count": 11, "pos": [7, 11, 21, 36, 58, 158, 168, 210, 222, 228, 286]}, "small": {"prob": 0.005865102639296188, "count": 2, "pos": [9, 119]}, "hamlet": {"prob": 0.002932551319648094, "count": 1, "pos": [10]}, "highwat": {"prob": 0.002932551319648094, "count": 1, "pos": [12]}, "vermont": {"prob": 0.002932551319648094, "count": 1, "pos": [13]}, "are": {"prob": 0.005865102639296188, "count": 2, "pos": [14, 72]}, "face": {"prob": 0.002932551319648094, "count": 1, "pos": [15]}, "with": {"prob": 0.017595307917888565, "count": 6, "pos": [16, 40, 55, 88, 117, 136]}, "fresh": {"prob": 0.002932551319648094, "count": 1, "pos": [18]}, "dead": {"prob": 0.002932551319648094, "count": 1, "pos": [19]}, "bodi": {"prob": 0.01466275659824047, "count": 5, "pos": [20, 42, 216, 246, 263]}, "harri": {"prob": 0.017595307917888565, "count": 6, "pos": [22, 49, 56, 78, 112, 283]}, "worp": {"prob": 0.002932551319648094, "count": 1, "pos": [23]}, "which": {"prob": 0.002932551319648094, "count": 1, "pos": [24]}, "ha": {"prob": 0.005865102639296188, "count": 2, "pos": [25, 312]}, "inconveni": {"prob": 0.002932551319648094, "count": 1, "pos": [26]}, "appear": {"prob": 0.002932551319648094, "count": 1, "pos": [27]}, "on": {"prob": 0.002932551319648094, "count": 1, "pos": [28]}, "hillsid": {"prob": 0.002932551319648094, "count": 1, "pos": [30]}, "abov": {"prob": 0.002932551319648094, "count": 1, "pos": [31]}, "town": {"prob": 0.002932551319648094, "count": 1, "pos": [33]}, "problem": {"prob": 0.002932551319648094, "count": 1, "pos": [35]}, "what": {"prob": 0.002932551319648094, "count": 1, "pos": [37]}, "do": {"prob": 0.002932551319648094, "count": 1, "pos": [39]}, "and": {"prob": 0.03225806451612903, "count": 11, "pos": [43, 47, 107, 175, 185, 192, 250, 298, 308, 329, 339]}, "more": {"prob": 0.002932551319648094, "count": 1, "pos": [44]}, "import": {"prob": 0.002932551319648094, "count": 1, "pos": [45]}, "how": {"prob": 0.002932551319648094, "count": 1, "pos": [46]}, "whi": {"prob": 0.002932551319648094, "count": 1, "pos": [48]}, "wa": {"prob": 0.005865102639296188, "count": 2, "pos": [50, 292]}, "kill": {"prob": 0.008797653958944282, "count": 3, "pos": [51, 77, 85]}, "is": {"prob": 0.02346041055718475, "count": 8, "pos": [52, 81, 99, 178, 186, 203, 264, 280]}, "troubl": {"prob": 0.002932551319648094, "count": 1, "pos": [54]}, "three": {"prob": 0.002932551319648094, "count": 1, "pos": [57]}, "main": {"prob": 0.005865102639296188, "count": 2, "pos": [60, 242]}, "charact": {"prob": 0.008797653958944282, "count": 3, "pos": [61, 213, 243]}, "in": {"prob": 0.02346041055718475, "count": 8, "pos": [62, 194, 199, 225, 273, 276, 294, 302]}, "film": {"prob": 0.002932551319648094, "count": 1, "pos": [64]}, "each": {"prob": 0.002932551319648094, "count": 1, "pos": [65]}, "believ": {"prob": 0.005865102639296188, "count": 2, "pos": [66, 128]}, "at": {"prob": 0.008797653958944282, "count": 3, "pos": [67, 165, 267]}, "some": {"prob": 0.002932551319648094, "count": 1, "pos": [68]}, "point": {"prob": 0.005865102639296188, "count": 2, "pos": [69, 269]}, "that": {"prob": 0.01466275659824047, "count": 5, "pos": [70, 83, 129, 148, 282]}, "they": {"prob": 0.002932551319648094, "count": 1, "pos": [71]}, "one": {"prob": 0.005865102639296188, "count": 2, "pos": [74, 268]}, "who": {"prob": 0.008797653958944282, "count": 3, "pos": [75, 115, 235]}, "actual": {"prob": 0.008797653958944282, "count": 3, "pos": [76, 102, 284]}, "captain": {"prob": 0.005865102639296188, "count": 2, "pos": [79, 307]}, "wile": {"prob": 0.002932551319648094, "count": 1, "pos": [80]}, "sure": {"prob": 0.002932551319648094, "count": 1, "pos": [82]}, "he": {"prob": 0.017595307917888565, "count": 6, "pos": [84, 101, 130, 141, 163, 197]}, "man": {"prob": 0.005865102639296188, "count": 2, "pos": [87, 150]}, "a": {"prob": 0.020527859237536656, "count": 7, "pos": [89, 104, 137, 153, 274, 320, 332]}, "stray": {"prob": 0.002932551319648094, "count": 1, "pos": [90]}, "shot": {"prob": 0.005865102639296188, "count": 2, "pos": [91, 103]}, "from": {"prob": 0.008797653958944282, "count": 3, "pos": [92, 124, 155]}, "hi": {"prob": 0.01466275659824047, "count": 5, "pos": [93, 190, 237, 317, 337]}, "rifl": {"prob": 0.002932551319648094, "count": 1, "pos": [94]}, "while": {"prob": 0.002932551319648094, "count": 1, "pos": [95]}, "hunt": {"prob": 0.002932551319648094, "count": 1, "pos": [96]}, "until": {"prob": 0.002932551319648094, "count": 1, "pos": [97]}, "it": {"prob": 0.01466275659824047, "count": 5, "pos": [98, 249, 255, 272, 279]}, "shown": {"prob": 0.002932551319648094, "count": 1, "pos": [100]}, "rabbit": {"prob": 0.002932551319648094, "count": 1, "pos": [105]}, "spunki": {"prob": 0.002932551319648094, "count": 1, "pos": [106]}, "independ": {"prob": 0.002932551319648094, "count": 1, "pos": [108]}, "young": {"prob": 0.002932551319648094, "count": 1, "pos": [109]}, "jennif": {"prob": 0.005865102639296188, "count": 2, "pos": [110, 299]}, "roger": {"prob": 0.002932551319648094, "count": 1, "pos": [111]}, "estrang": {"prob": 0.002932551319648094, "count": 1, "pos": [113]}, "wife": {"prob": 0.002932551319648094, "count": 1, "pos": [114]}, "along": {"prob": 0.002932551319648094, "count": 1, "pos": [116]}, "her": {"prob": 0.011730205278592375, "count": 4, "pos": [118, 143, 159, 166]}, "son": {"prob": 0.002932551319648094, "count": 1, "pos": [120]}, "arni": {"prob": 0.002932551319648094, "count": 1, "pos": [121]}, "ran": {"prob": 0.002932551319648094, "count": 1, "pos": [122]}, "away": {"prob": 0.002932551319648094, "count": 1, "pos": [123]}, "loveless": {"prob": 0.002932551319648094, "count": 1, "pos": [126]}, "marriag": {"prob": 0.002932551319648094, "count": 1, "pos": [127]}, "die": {"prob": 0.008797653958944282, "count": 3, "pos": [131, 151, 285]}, "after": {"prob": 0.011730205278592375, "count": 4, "pos": [132, 140, 152, 162]}, "she": {"prob": 0.002932551319648094, "count": 1, "pos": [133]}, "hit": {"prob": 0.002932551319648094, "count": 1, "pos": [134]}, "him": {"prob": 0.002932551319648094, "count": 1, "pos": [135]}, "milk": {"prob": 0.002932551319648094, "count": 1, "pos": [138]}, "bottl": {"prob": 0.002932551319648094, "count": 1, "pos": [139]}, "track": {"prob": 0.002932551319648094, "count": 1, "pos": [142]}, "miss": {"prob": 0.005865102639296188, "count": 2, "pos": [145, 309]}, "grave": {"prob": 0.005865102639296188, "count": 2, "pos": [146, 310]}, "feel": {"prob": 0.002932551319648094, "count": 1, "pos": [147]}, "blow": {"prob": 0.002932551319648094, "count": 1, "pos": [154]}, "heel": {"prob": 0.002932551319648094, "count": 1, "pos": [157]}, "hike": {"prob": 0.002932551319648094, "count": 1, "pos": [160]}, "boot": {"prob": 0.002932551319648094, "count": 1, "pos": [161]}, "came": {"prob": 0.002932551319648094, "count": 1, "pos": [164]}, "out": {"prob": 0.002932551319648094, "count": 1, "pos": [167]}, "bush": {"prob": 0.002932551319648094, "count": 1, "pos": [170]}, "sam": {"prob": 0.008797653958944282, "count": 3, "pos": [171, 297, 311]}, "marlow": {"prob": 0.002932551319648094, "count": 1, "pos": [172]}, "an": {"prob": 0.002932551319648094, "count": 1, "pos": [173]}, "attract": {"prob": 0.002932551319648094, "count": 1, "pos": [174]}, "nonconformist": {"prob": 0.002932551319648094, "count": 1, "pos": [176]},