{"__total__": 630, "__name__": "doc_1793_The_Valley_of_Gwangi.txt", "in": {"prob": 0.025396825396825397, "count": 16, "pos": [0, 93, 119, 177, 182, 208, 337, 436, 461, 474, 481, 522, 540, 566, 575, 579]}, "mexico": {"prob": 0.0015873015873015873, "count": 1, "pos": [1]}, "at": {"prob": 0.0031746031746031746, "count": 2, "pos": [2, 76]}, "the": {"prob": 0.07301587301587302, "count": 46, "pos": [3, 6, 42, 57, 125, 131, 140, 172, 178, 183, 187, 198, 210, 225, 237, 258, 282, 288, 295, 298, 306, 324, 338, 345, 361, 379, 391, 403, 416, 434, 439, 442, 445, 471, 488, 505, 515, 520, 523, 560, 567, 580, 588, 601, 607, 622]}, "turn": {"prob": 0.0015873015873015873, "count": 1, "pos": [4]}, "of": {"prob": 0.022222222222222223, "count": 14, "pos": [5, 165, 185, 197, 274, 297, 340, 393, 438, 441, 470, 504, 609, 624]}, "20th": {"prob": 0.0015873015873015873, "count": 1, "pos": [7]}, "centuri": {"prob": 0.0015873015873015873, "count": 1, "pos": [8]}, "a": {"prob": 0.03968253968253968, "count": 25, "pos": [9, 17, 25, 48, 60, 79, 84, 94, 121, 136, 143, 153, 163, 195, 272, 314, 330, 356, 369, 501, 512, 541, 597, 610, 617]}, "beauti": {"prob": 0.0015873015873015873, "count": 1, "pos": [10]}, "cowgirl": {"prob": 0.0015873015873015873, "count": 1, "pos": [11]}, "name": {"prob": 0.004761904761904762, "count": 3, "pos": [12, 51, 87]}, "t": {"prob": 0.01746031746031746, "count": 11, "pos": [13, 66, 111, 204, 249, 268, 292, 462, 534, 553, 585]}, "j": {"prob": 0.01746031746031746, "count": 11, "pos": [14, 67, 112, 205, 250, 269, 293, 463, 535, 554, 586]}, "breckenridg": {"prob": 0.0015873015873015873, "count": 1, "pos": [15]}, "host": {"prob": 0.0015873015873015873, "count": 1, "pos": [16]}, "struggl": {"prob": 0.0015873015873015873, "count": 1, "pos": [18]}, "rodeo": {"prob": 0.0031746031746031746, "count": 2, "pos": [19, 58]}, "her": {"prob": 0.006349206349206349, "count": 4, "pos": [20, 39, 77, 252]}, "former": {"prob": 0.0031746031746031746, "count": 2, "pos": [21, 27]}, "fianc\u00e3": {"prob": 0.0015873015873015873, "count": 1, "pos": [22]}, "tuck": {"prob": 0.020634920634920634, "count": 13, "pos": [23, 82, 100, 105, 116, 221, 264, 277, 291, 533, 551, 583, 592]}, "kirbi": {"prob": 0.0015873015873015873, "count": 1, "pos": [24]}, "heroic": {"prob": 0.0015873015873015873, "count": 1, "pos": [26]}, "stuntman": {"prob": 0.0015873015873015873, "count": 1, "pos": [28]}, "work": {"prob": 0.004761904761904762, "count": 3, "pos": [29, 92, 202]}, "for": {"prob": 0.006349206349206349, "count": 4, "pos": [30, 62, 120, 203]}, "buffalo": {"prob": 0.0015873015873015873, "count": 1, "pos": [31]}, "bill": {"prob": 0.0015873015873015873, "count": 1, "pos": [32]}, "wild": {"prob": 0.0015873015873015873, "count": 1, "pos": [33]}, "west": {"prob": 0.0015873015873015873, "count": 1, "pos": [34]}, "show": {"prob": 0.006349206349206349, "count": 4, "pos": [35, 78, 99, 464]}, "want": {"prob": 0.0015873015873015873, "count": 1, "pos": [36]}, "to": {"prob": 0.03492063492063492, "count": 22, "pos": [37, 55, 107, 110, 127, 170, 189, 214, 280, 310, 349, 381, 389, 398, 414, 421, 432, 451, 456, 477, 484, 556]}, "buy": {"prob": 0.0015873015873015873, "count": 1, "pos": [38]}, "out": {"prob": 0.004761904761904762, "count": 3, "pos": [40, 220, 429]}, "along": {"prob": 0.0015873015873015873, "count": 1, "pos": [41]}, "way": {"prob": 0.0031746031746031746, "count": 2, "pos": [43, 286]}, "he": {"prob": 0.004761904761904762, "count": 3, "pos": [44, 229, 233]}, "is": {"prob": 0.01904761904761905, "count": 12, "pos": [45, 218, 239, 260, 308, 347, 352, 387, 455, 491, 498, 527]}, "follow": {"prob": 0.0031746031746031746, "count": 2, "pos": [46, 186]}, "by": {"prob": 0.009523809523809525, "count": 6, "pos": [47, 354, 500, 606, 621, 627]}, "mexican": {"prob": 0.0031746031746031746, "count": 2, "pos": [49, 96]}, "boy": {"prob": 0.0015873015873015873, "count": 1, "pos": [50]}, "lope": {"prob": 0.006349206349206349, "count": 4, "pos": [52, 320, 537, 584]}, "who": {"prob": 0.0031746031746031746, "count": 2, "pos": [53, 90]}, "intend": {"prob": 0.0015873015873015873, "count": 1, "pos": [54]}, "join": {"prob": 0.0015873015873015873, "count": 1, "pos": [56]}, "on": {"prob": 0.009523809523809525, "count": 6, "pos": [59, 209, 459, 466, 545, 591]}, "quest": {"prob": 0.0015873015873015873, "count": 1, "pos": [61]}, "fame": {"prob": 0.0015873015873015873, "count": 1, "pos": [63]}, "and": {"prob": 0.04126984126984127, "count": 26, "pos": [64, 155, 174, 212, 241, 246, 251, 256, 278, 294, 302, 318, 365, 372, 406, 423, 475, 493, 507, 510, 529, 536, 552, 558, 587, 620]}, "fortun": {"prob": 0.0015873015873015873, "count": 1, "pos": [65]}, "ha": {"prob": 0.004761904761904762, "count": 3, "pos": [68, 152, 265]}, "an": {"prob": 0.006349206349206349, "count": 4, "pos": [69, 129, 328, 482]}, "ace": {"prob": 0.0015873015873015873, "count": 1, "pos": [70]}, "she": {"prob": 0.0015873015873015873, "count": 1, "pos": [71]}, "hope": {"prob": 0.004761904761904762, "count": 3, "pos": [72, 184, 339]}, "will": {"prob": 0.0015873015873015873, "count": 1, "pos": [73]}, "boost": {"prob": 0.0015873015873015873, "count": 1, "pos": [74]}, "attend": {"prob": 0.0015873015873015873, "count": 1, "pos": [75]}, "tini": {"prob": 0.0031746031746031746, "count": 2, "pos": [80, 132]}, "hor": {"prob": 0.015873015873015872, "count": 10, "pos": [81, 102, 113, 126, 133, 173, 188, 238, 259, 283]}, "meet": {"prob": 0.0031746031746031746, "count": 2, "pos": [83, 300]}, "british": {"prob": 0.0015873015873015873, "count": 1, "pos": [85]}, "paleontologist": {"prob": 0.0015873015873015873, "count": 1, "pos": [86]}, "horac": {"prob": 0.0015873015873015873, "count": 1, "pos": [88]}, "bromley": {"prob": 0.015873015873015872, "count": 10, "pos": [89, 98, 118, 123, 169, 180, 247, 279, 367, 497]}, "wa": {"prob": 0.0015873015873015873, "count": 1, "pos": [91]}, "nearbi": {"prob": 0.0015873015873015873, "count": 1, "pos": [95]}, "desert": {"prob": 0.0015873015873015873, "count": 1, "pos": [97]}, "fossil": {"prob": 0.0015873015873015873, "count": 1, "pos": [101]}, "track": {"prob": 0.0015873015873015873, "count": 1, "pos": [103]}, "which": {"prob": 0.007936507936507936, "count": 5, "pos": [104, 333, 359, 543, 570]}, "notic": {"prob": 0.0031746031746031746, "count": 2, "pos": [106, 236]}, "be": {"prob": 0.007936507936507936, "count": 5, "pos": [108, 128, 160, 311, 457]}, "similar": {"prob": 0.0015873015873015873, "count": 1, "pos": [109]}, "feet": {"prob": 0.0015873015873015873, "count": 1, "pos": [114]}, "so": {"prob": 0.0015873015873015873, "count": 1, "pos": [115]}, "sneak": {"prob": 0.0031746031746031746, "count": 2, "pos": [117, 473]}, "peek": {"prob": 0.0015873015873015873, "count": 1, "pos": [122]}, "declar": {"prob": 0.0015873015873015873, "count": 1, "pos": [124]}, "eohippu": {"prob": 0.0015873015873015873, "count": 1, "pos": [130]}, "came": {"prob": 0.0015873015873015873, "count": 1, "pos": [134]}, "from": {"prob": 0.0031746031746031746, "count": 2, "pos": [135, 519]}, "place": {"prob": 0.0015873015873015873, "count": 1, "pos": [137]}, "known": {"prob": 0.0031746031746031746, "count": 2, "pos": [138, 145]}, "as": {"prob": 0.011111111111111112, "count": 7, "pos": [139, 146, 224, 232, 313, 344, 582]}, "forbidden": {"prob": 0.0031746031746031746, "count": 2, "pos": [141, 289]}, "valley": {"prob": 0.007936507936507936, "count": 5, "pos": [142, 179, 290, 307, 435]}, "gypsi": {"prob": 0.006349206349206349, "count": 4, "pos": [144, 199, 226, 472]}, "tia": {"prob": 0.0031746031746031746, "count": 2, "pos": [147, 525]}, "zorina": {"prob": 0.0031746031746031746, "count": 2, "pos": [148, 526]}, "claim": {"prob": 0.0031746031746031746, "count": 2, "pos": [149, 263]}, "that": {"prob": 0.004761904761904762, "count": 3, "pos": [150, 157, 257]}, "it": {"prob": 0.023809523809523808, "count": 15, "pos": [151, 158, 176, 190, 216, 245, 267, 342, 351, 386, 400, 449, 454, 486, 573]}, "cur": {"prob": 0.0031746031746031746, "count": 2, "pos": [154, 312]},