{"__total__": 431, "__name__": "doc_180_Bandits.txt", "two": {"prob": 0.013921113689095127, "count": 6, "pos": [0, 174, 187, 248, 255, 280]}, "friend": {"prob": 0.002320185614849188, "count": 1, "pos": [1]}, "and": {"prob": 0.03944315545243619, "count": 17, "pos": [2, 17, 92, 146, 160, 180, 246, 271, 316, 323, 332, 338, 375, 387, 404, 424, 428]}, "convict": {"prob": 0.002320185614849188, "count": 1, "pos": [3]}, "joe": {"prob": 0.018561484918793503, "count": 8, "pos": [4, 137, 261, 317, 339, 388, 401, 427]}, "terri": {"prob": 0.016241299303944315, "count": 7, "pos": [5, 145, 315, 337, 386, 402, 429]}, "break": {"prob": 0.002320185614849188, "count": 1, "pos": [6]}, "out": {"prob": 0.0069605568445475635, "count": 3, "pos": [7, 351, 412]}, "of": {"prob": 0.027842227378190254, "count": 12, "pos": [8, 38, 46, 101, 131, 154, 207, 212, 232, 281, 290, 305]}, "oregon": {"prob": 0.002320185614849188, "count": 1, "pos": [9]}, "state": {"prob": 0.002320185614849188, "count": 1, "pos": [10]}, "penitentiari": {"prob": 0.002320185614849188, "count": 1, "pos": [11]}, "in": {"prob": 0.02088167053364269, "count": 9, "pos": [12, 128, 142, 201, 251, 328, 340, 343, 422]}, "a": {"prob": 0.037122969837587005, "count": 16, "pos": [13, 19, 26, 47, 53, 99, 115, 118, 147, 165, 171, 222, 238, 359, 367, 377]}, "concret": {"prob": 0.002320185614849188, "count": 1, "pos": [14]}, "mix": {"prob": 0.002320185614849188, "count": 1, "pos": [15]}, "truck": {"prob": 0.002320185614849188, "count": 1, "pos": [16]}, "start": {"prob": 0.002320185614849188, "count": 1, "pos": [18]}, "bank": {"prob": 0.009280742459396751, "count": 4, "pos": [20, 49, 74, 215]}, "rob": {"prob": 0.002320185614849188, "count": 1, "pos": [21]}, "spree": {"prob": 0.002320185614849188, "count": 1, "pos": [22]}, "hope": {"prob": 0.002320185614849188, "count": 1, "pos": [23]}, "to": {"prob": 0.04176334106728538, "count": 18, "pos": [24, 72, 75, 122, 136, 162, 176, 183, 191, 236, 258, 275, 309, 349, 379, 394, 408, 410]}, "fund": {"prob": 0.002320185614849188, "count": 1, "pos": [25]}, "dream": {"prob": 0.004640371229698376, "count": 2, "pos": [27, 414]}, "they": {"prob": 0.009280742459396751, "count": 4, "pos": [28, 30, 42, 68]}, "share": {"prob": 0.002320185614849188, "count": 1, "pos": [29]}, "becom": {"prob": 0.002320185614849188, "count": 1, "pos": [31]}, "known": {"prob": 0.002320185614849188, "count": 1, "pos": [32]}, "as": {"prob": 0.01160092807424594, "count": 5, "pos": [33, 88, 216, 313, 330]}, "the": {"prob": 0.0951276102088167, "count": 41, "pos": [34, 44, 50, 58, 61, 65, 70, 73, 94, 108, 129, 132, 152, 158, 173, 186, 197, 205, 208, 213, 227, 230, 233, 244, 247, 252, 254, 263, 272, 276, 279, 288, 291, 293, 297, 334, 344, 356, 390, 396, 415]}, "sleepov": {"prob": 0.002320185614849188, "count": 1, "pos": [35]}, "bandit": {"prob": 0.002320185614849188, "count": 1, "pos": [36]}, "becaus": {"prob": 0.002320185614849188, "count": 1, "pos": [37]}, "their": {"prob": 0.009280742459396751, "count": 4, "pos": [39, 77, 89, 413]}, "modu": {"prob": 0.002320185614849188, "count": 1, "pos": [40]}, "operandi": {"prob": 0.002320185614849188, "count": 1, "pos": [41]}, "kidnap": {"prob": 0.002320185614849188, "count": 1, "pos": [43]}, "manag": {"prob": 0.009280742459396751, "count": 4, "pos": [45, 62, 71, 161]}, "target": {"prob": 0.002320185614849188, "count": 1, "pos": [48]}, "night": {"prob": 0.004640371229698376, "count": 2, "pos": [51, 59]}, "befor": {"prob": 0.002320185614849188, "count": 1, "pos": [52]}, "plan": {"prob": 0.002320185614849188, "count": 1, "pos": [54]}, "robberi": {"prob": 0.009280742459396751, "count": 4, "pos": [55, 102, 168, 211]}, "then": {"prob": 0.009280742459396751, "count": 4, "pos": [56, 189, 256, 326]}, "spend": {"prob": 0.002320185614849188, "count": 1, "pos": [57]}, "with": {"prob": 0.0069605568445475635, "count": 3, "pos": [60, 117, 144]}, "famili": {"prob": 0.002320185614849188, "count": 1, "pos": [63]}, "ear": {"prob": 0.002320185614849188, "count": 1, "pos": [64]}, "next": {"prob": 0.002320185614849188, "count": 1, "pos": [66]}, "morn": {"prob": 0.002320185614849188, "count": 1, "pos": [67]}, "accompani": {"prob": 0.002320185614849188, "count": 1, "pos": [69]}, "get": {"prob": 0.009280742459396751, "count": 4, "pos": [76, 104, 274, 420]}, "money": {"prob": 0.004640371229698376, "count": 2, "pos": [78, 336]}, "use": {"prob": 0.0069605568445475635, "count": 3, "pos": [79, 303, 347]}, "dim": {"prob": 0.002320185614849188, "count": 1, "pos": [80]}, "wit": {"prob": 0.002320185614849188, "count": 1, "pos": [81]}, "would": {"prob": 0.002320185614849188, "count": 1, "pos": [82]}, "be": {"prob": 0.004640371229698376, "count": 2, "pos": [83, 237]}, "stunt": {"prob": 0.002320185614849188, "count": 1, "pos": [84]}, "man": {"prob": 0.002320185614849188, "count": 1, "pos": [85]}, "harvey": {"prob": 0.02088167053364269, "count": 9, "pos": [86, 302, 322, 346, 364, 383, 384, 403, 419]}, "pollard": {"prob": 0.002320185614849188, "count": 1, "pos": [87]}, "getaway": {"prob": 0.002320185614849188, "count": 1, "pos": [90]}, "driver": {"prob": 0.002320185614849188, "count": 1, "pos": [91]}, "lookout": {"prob": 0.002320185614849188, "count": 1, "pos": [93]}, "three": {"prob": 0.004640371229698376, "count": 2, "pos": [95, 153]}, "success": {"prob": 0.002320185614849188, "count": 1, "pos": [96]}, "pull": {"prob": 0.0069605568445475635, "count": 3, "pos": [97, 163, 192]}, "off": {"prob": 0.01160092807424594, "count": 5, "pos": [98, 164, 193, 243, 381]}, "seri": {"prob": 0.002320185614849188, "count": 1, "pos": [100]}, "that": {"prob": 0.002320185614849188, "count": 1, "pos": [103]}, "them": {"prob": 0.009280742459396751, "count": 4, "pos": [105, 155, 185, 282]}, "recognit": {"prob": 0.002320185614849188, "count": 1, "pos": [106]}, "on": {"prob": 0.0069605568445475635, "count": 3, "pos": [107, 157, 373]}, "fbi": {"prob": 0.002320185614849188, "count": 1, "pos": [109]}, "ten": {"prob": 0.002320185614849188, "count": 1, "pos": [110]}, "most": {"prob": 0.002320185614849188, "count": 1, "pos": [111]}, "want": {"prob": 0.002320185614849188, "count": 1, "pos": [112]}, "list": {"prob": 0.002320185614849188, "count": 1, "pos": [113]}, "when": {"prob": 0.0069605568445475635, "count": 3, "pos": [114, 240, 260]}, "housewif": {"prob": 0.002320185614849188, "count": 1, "pos": [116]}, "fail": {"prob": 0.002320185614849188, "count": 1, "pos": [119]}, "marriag": {"prob": 0.002320185614849188, "count": 1, "pos": [120]}, "decid": {"prob": 0.0069605568445475635, "count": 3, "pos": [121, 182, 190]}, "run": {"prob": 0.002320185614849188, "count": 1, "pos": [123]}, "away": {"prob": 0.002320185614849188, "count": 1, "pos": [124]}, "she": {"prob": 0.0069605568445475635, "count": 3, "pos": [125, 138, 181]}, "end": {"prob": 0.0069605568445475635, "count": 3, "pos": [126, 140, 289]}, "up": {"prob": 0.004640371229698376, "count": 2, "pos": [127, 141]}, "hand": {"prob": 0.002320185614849188, "count": 1, "pos": [130]}, "crimin": {"prob": 0.0069605568445475635, "count": 3, "pos": [133, 188, 219]}, "initi": {"prob": 0.002320185614849188, "count": 1, "pos": [134]}, "attract": {"prob": 0.002320185614849188, "count": 1, "pos": [135]}, "also": {"prob": 0.002320185614849188, "count": 1, "pos": [139]}, "bed": {"prob": 0.002320185614849188, "count": 1, "pos": [143]}, "confus": {"prob": 0.002320185614849188, "count": 1, "pos": [148]}, "love": {"prob": 0.002320185614849188, "count": 1, "pos": [149]}, "triangl": {"prob": 0.002320185614849188, "count": 1, "pos": [150]}, "begin": {"prob": 0.0069605568445475635, "count": 3, "pos": [151, 175, 257]}, "go": {"prob": 0.004640371229698376, "count": 2, "pos": [156, 380]}, "lam": {"prob": 0.002320185614849188, "count": 1, "pos": [159]}, "few": {"prob": 0.002320185614849188, "count": 1, "pos": [166]}, "more": {"prob": 0.002320185614849188, "count": 1, "pos": [167]}, "but": {"prob": 0.002320185614849188, "count": 1, "pos": [169]}, "after": {"prob": 0.002320185614849188, "count": 1, "pos": [170]},