{"__total__": 386, "__name__": "doc_1815_The_Year_of_Living_Dangerously.txt", "guy": {"prob": 0.0051813471502590676, "count": 2, "pos": [0, 71]}, "hamilton": {"prob": 0.038860103626943004, "count": 15, "pos": [1, 51, 67, 104, 116, 141, 144, 171, 201, 228, 277, 293, 321, 331, 363]}, "a": {"prob": 0.02072538860103627, "count": 8, "pos": [2, 39, 101, 120, 256, 323, 333, 360]}, "neophyt": {"prob": 0.0025906735751295338, "count": 1, "pos": [3]}, "foreign": {"prob": 0.0051813471502590676, "count": 2, "pos": [4, 23]}, "correspond": {"prob": 0.0051813471502590676, "count": 2, "pos": [5, 24]}, "for": {"prob": 0.007772020725388601, "count": 3, "pos": [6, 81, 108]}, "an": {"prob": 0.0051813471502590676, "count": 2, "pos": [7, 318]}, "australian": {"prob": 0.0051813471502590676, "count": 2, "pos": [8, 41]}, "network": {"prob": 0.0025906735751295338, "count": 1, "pos": [9]}, "arriv": {"prob": 0.0025906735751295338, "count": 1, "pos": [10]}, "in": {"prob": 0.015544041450777202, "count": 6, "pos": [11, 61, 153, 276, 287, 328]}, "jakarta": {"prob": 0.007772020725388601, "count": 3, "pos": [12, 192, 380]}, "on": {"prob": 0.0051813471502590676, "count": 2, "pos": [13, 240]}, "assign": {"prob": 0.0025906735751295338, "count": 1, "pos": [14]}, "he": {"prob": 0.012953367875647668, "count": 5, "pos": [15, 135, 177, 203, 373]}, "meet": {"prob": 0.0051813471502590676, "count": 2, "pos": [16, 247]}, "the": {"prob": 0.06476683937823834, "count": 25, "pos": [17, 22, 29, 31, 76, 88, 94, 125, 149, 159, 164, 181, 188, 207, 248, 259, 269, 290, 295, 299, 312, 336, 350, 370, 375]}, "close": {"prob": 0.0051813471502590676, "count": 2, "pos": [18, 132]}, "knit": {"prob": 0.0025906735751295338, "count": 1, "pos": [19]}, "member": {"prob": 0.0025906735751295338, "count": 1, "pos": [20]}, "of": {"prob": 0.023316062176165803, "count": 9, "pos": [21, 43, 59, 83, 91, 250, 289, 311, 379]}, "commun": {"prob": 0.0051813471502590676, "count": 2, "pos": [25, 78]}, "includ": {"prob": 0.0025906735751295338, "count": 1, "pos": [26]}, "journalist": {"prob": 0.007772020725388601, "count": 3, "pos": [27, 77, 209]}, "from": {"prob": 0.018134715025906734, "count": 7, "pos": [28, 75, 85, 200, 258, 268, 335]}, "uk": {"prob": 0.0051813471502590676, "count": 2, "pos": [30, 150]}, "us": {"prob": 0.0025906735751295338, "count": 1, "pos": [32]}, "and": {"prob": 0.04145077720207254, "count": 16, "pos": [33, 38, 46, 93, 105, 129, 134, 195, 202, 212, 216, 229, 274, 305, 346, 381]}, "new": {"prob": 0.0025906735751295338, "count": 1, "pos": [34]}, "zealand": {"prob": 0.0025906735751295338, "count": 1, "pos": [35]}, "diplomat": {"prob": 0.0025906735751295338, "count": 1, "pos": [36]}, "personnel": {"prob": 0.0025906735751295338, "count": 1, "pos": [37]}, "chine": {"prob": 0.0051813471502590676, "count": 2, "pos": [40, 161]}, "dwarf": {"prob": 0.0025906735751295338, "count": 1, "pos": [42]}, "high": {"prob": 0.0025906735751295338, "count": 1, "pos": [44]}, "intellig": {"prob": 0.0025906735751295338, "count": 1, "pos": [45]}, "moral": {"prob": 0.0025906735751295338, "count": 1, "pos": [47]}, "serious": {"prob": 0.0025906735751295338, "count": 1, "pos": [48]}, "billi": {"prob": 0.0051813471502590676, "count": 2, "pos": [49, 340]}, "kwan": {"prob": 0.018134715025906734, "count": 7, "pos": [50, 99, 114, 128, 194, 241, 329]}, "is": {"prob": 0.018134715025906734, "count": 7, "pos": [52, 204, 220, 238, 266, 281, 382]}, "initi": {"prob": 0.0025906735751295338, "count": 1, "pos": [53]}, "unsuccess": {"prob": 0.0025906735751295338, "count": 1, "pos": [54]}, "becaus": {"prob": 0.0051813471502590676, "count": 2, "pos": [55, 145]}, "hi": {"prob": 0.02072538860103627, "count": 8, "pos": [56, 69, 174, 213, 233, 263, 279, 358]}, "predecessor": {"prob": 0.0025906735751295338, "count": 1, "pos": [57]}, "tire": {"prob": 0.0025906735751295338, "count": 1, "pos": [58]}, "life": {"prob": 0.0051813471502590676, "count": 2, "pos": [60, 175]}, "indonesia": {"prob": 0.007772020725388601, "count": 3, "pos": [62, 92, 261]}, "had": {"prob": 0.0025906735751295338, "count": 1, "pos": [63]}, "depart": {"prob": 0.0025906735751295338, "count": 1, "pos": [64]}, "without": {"prob": 0.0025906735751295338, "count": 1, "pos": [65]}, "introduc": {"prob": 0.0051813471502590676, "count": 2, "pos": [66, 115]}, "to": {"prob": 0.038860103626943004, "count": 15, "pos": [68, 103, 117, 148, 170, 172, 179, 227, 231, 235, 246, 254, 357, 366, 369]}, "contact": {"prob": 0.0025906735751295338, "count": 1, "pos": [70]}, "receiv": {"prob": 0.0025906735751295338, "count": 1, "pos": [72]}, "limit": {"prob": 0.0025906735751295338, "count": 1, "pos": [73]}, "sympathi": {"prob": 0.0025906735751295338, "count": 1, "pos": [74]}, "which": {"prob": 0.0051813471502590676, "count": 2, "pos": [79, 339]}, "compet": {"prob": 0.0025906735751295338, "count": 1, "pos": [80]}, "scrap": {"prob": 0.0025906735751295338, "count": 1, "pos": [82]}, "inform": {"prob": 0.0051813471502590676, "count": 2, "pos": [84, 169]}, "sukarno": {"prob": 0.0051813471502590676, "count": 2, "pos": [86, 244]}, "govern": {"prob": 0.0025906735751295338, "count": 1, "pos": [87]}, "communist": {"prob": 0.010362694300518135, "count": 4, "pos": [89, 160, 182, 313]}, "parti": {"prob": 0.0025906735751295338, "count": 1, "pos": [90]}, "conserv": {"prob": 0.0025906735751295338, "count": 1, "pos": [95]}, "muslim": {"prob": 0.0025906735751295338, "count": 1, "pos": [96]}, "militari": {"prob": 0.0025906735751295338, "count": 1, "pos": [97]}, "howev": {"prob": 0.0051813471502590676, "count": 2, "pos": [98, 224]}, "take": {"prob": 0.0025906735751295338, "count": 1, "pos": [100]}, "like": {"prob": 0.0025906735751295338, "count": 1, "pos": [102]}, "arrang": {"prob": 0.0025906735751295338, "count": 1, "pos": [106]}, "interview": {"prob": 0.0025906735751295338, "count": 1, "pos": [107]}, "him": {"prob": 0.015544041450777202, "count": 6, "pos": [109, 156, 342, 345, 348, 368]}, "with": {"prob": 0.012953367875647668, "count": 5, "pos": [110, 140, 155, 206, 384]}, "key": {"prob": 0.0025906735751295338, "count": 1, "pos": [111]}, "polit": {"prob": 0.0025906735751295338, "count": 1, "pos": [112]}, "figur": {"prob": 0.0025906735751295338, "count": 1, "pos": [113]}, "jill": {"prob": 0.0051813471502590676, "count": 2, "pos": [118, 285]}, "bryant": {"prob": 0.015544041450777202, "count": 6, "pos": [119, 130, 151, 166, 196, 385]}, "beauti": {"prob": 0.0025906735751295338, "count": 1, "pos": [121]}, "young": {"prob": 0.0025906735751295338, "count": 1, "pos": [122]}, "assist": {"prob": 0.0051813471502590676, "count": 2, "pos": [123, 215]}, "at": {"prob": 0.0025906735751295338, "count": 1, "pos": [124]}, "british": {"prob": 0.0025906735751295338, "count": 1, "pos": [126]}, "embassi": {"prob": 0.0025906735751295338, "count": 1, "pos": [127]}, "are": {"prob": 0.0051813471502590676, "count": 2, "pos": [131, 162]}, "friend": {"prob": 0.0025906735751295338, "count": 1, "pos": [133]}, "subt": {"prob": 0.0025906735751295338, "count": 1, "pos": [136]}, "manipul": {"prob": 0.0025906735751295338, "count": 1, "pos": [137]}, "her": {"prob": 0.0025906735751295338, "count": 1, "pos": [138]}, "encount": {"prob": 0.0025906735751295338, "count": 1, "pos": [139]}, "after": {"prob": 0.007772020725388601, "count": 3, "pos": [142, 298, 308]}, "resist": {"prob": 0.0025906735751295338, "count": 1, "pos": [143]}, "she": {"prob": 0.0025906735751295338, "count": 1, "pos": [146]}, "return": {"prob": 0.0025906735751295338, "count": 1, "pos": [147]}, "fall": {"prob": 0.0025906735751295338, "count": 1, "pos": [152]}, "love": {"prob": 0.0025906735751295338, "count": 1, "pos": [154]}, "discov": {"prob": 0.0025906735751295338, "count": 1, "pos": [157]}, "that": {"prob": 0.007772020725388601, "count": 3, "pos": [158, 184, 237]}, "arm": {"prob": 0.007772020725388601, "count": 3, "pos": [163, 189, 278]}, "pki": {"prob": 0.0051813471502590676, "count": 2, "pos": [165, 222]}, "pass": {"prob": 0.0025906735751295338, "count": 1, "pos": [167]}, "thi": {"prob": 0.0025906735751295338,