{"__total__": 270, "__name__": "doc_1827_This_Sporting_Life.txt", "set": {"prob": 0.003703703703703704, "count": 1, "pos": [0]}, "in": {"prob": 0.025925925925925925, "count": 7, "pos": [1, 18, 48, 133, 159, 227, 247]}, "wakefield": {"prob": 0.003703703703703704, "count": 1, "pos": [2]}, "the": {"prob": 0.05185185185185185, "count": 14, "pos": [3, 23, 26, 36, 42, 61, 76, 83, 103, 107, 110, 205, 248, 264]}, "film": {"prob": 0.003703703703703704, "count": 1, "pos": [4]}, "concern": {"prob": 0.003703703703703704, "count": 1, "pos": [5]}, "a": {"prob": 0.04814814814814815, "count": 13, "pos": [6, 15, 33, 87, 124, 151, 177, 192, 212, 220, 234, 255, 259]}, "bitter": {"prob": 0.003703703703703704, "count": 1, "pos": [7]}, "young": {"prob": 0.007407407407407408, "count": 2, "pos": [8, 128]}, "yorkshir": {"prob": 0.003703703703703704, "count": 1, "pos": [9]}, "coal": {"prob": 0.003703703703703704, "count": 1, "pos": [10]}, "miner": {"prob": 0.003703703703703704, "count": 1, "pos": [11]}, "frank": {"prob": 0.007407407407407408, "count": 2, "pos": [12, 112]}, "machin": {"prob": 0.003703703703703704, "count": 1, "pos": [13]}, "follow": {"prob": 0.003703703703703704, "count": 1, "pos": [14]}, "nightclub": {"prob": 0.003703703703703704, "count": 1, "pos": [16]}, "alterc": {"prob": 0.003703703703703704, "count": 1, "pos": [17]}, "which": {"prob": 0.003703703703703704, "count": 1, "pos": [19]}, "he": {"prob": 0.040740740740740744, "count": 11, "pos": [20, 38, 59, 78, 98, 153, 184, 189, 203, 222, 250]}, "take": {"prob": 0.003703703703703704, "count": 1, "pos": [21]}, "on": {"prob": 0.007407407407407408, "count": 2, "pos": [22, 258]}, "captain": {"prob": 0.003703703703703704, "count": 1, "pos": [24]}, "of": {"prob": 0.022222222222222223, "count": 6, "pos": [25, 35, 71, 126, 171, 266]}, "local": {"prob": 0.003703703703703704, "count": 1, "pos": [27]}, "rugbi": {"prob": 0.003703703703703704, "count": 1, "pos": [28]}, "leagu": {"prob": 0.007407407407407408, "count": 2, "pos": [29, 58]}, "club": {"prob": 0.003703703703703704, "count": 1, "pos": [30]}, "and": {"prob": 0.02962962962962963, "count": 8, "pos": [31, 69, 90, 183, 199, 208, 217, 268]}, "smack": {"prob": 0.003703703703703704, "count": 1, "pos": [32]}, "coupl": {"prob": 0.003703703703703704, "count": 1, "pos": [34]}, "other": {"prob": 0.003703703703703704, "count": 1, "pos": [37]}, "is": {"prob": 0.025925925925925925, "count": 7, "pos": [39, 79, 113, 185, 226, 230, 251]}, "recruit": {"prob": 0.003703703703703704, "count": 1, "pos": [40]}, "by": {"prob": 0.003703703703703704, "count": 1, "pos": [41]}, "team": {"prob": 0.011111111111111112, "count": 3, "pos": [43, 62, 85]}, "manag": {"prob": 0.003703703703703704, "count": 1, "pos": [44]}, "who": {"prob": 0.003703703703703704, "count": 1, "pos": [45]}, "see": {"prob": 0.003703703703703704, "count": 1, "pos": [46]}, "profit": {"prob": 0.003703703703703704, "count": 1, "pos": [47]}, "hi": {"prob": 0.025925925925925925, "count": 7, "pos": [49, 67, 72, 94, 117, 169, 200]}, "aggress": {"prob": 0.007407407407407408, "count": 2, "pos": [50, 95]}, "streak": {"prob": 0.003703703703703704, "count": 1, "pos": [51]}, "although": {"prob": 0.003703703703703704, "count": 1, "pos": [52]}, "at": {"prob": 0.014814814814814815, "count": 4, "pos": [53, 57, 136, 176]}, "first": {"prob": 0.003703703703703704, "count": 1, "pos": [54]}, "somewhat": {"prob": 0.007407407407407408, "count": 2, "pos": [55, 180]}, "uncoordin": {"prob": 0.003703703703703704, "count": 1, "pos": [56]}, "impress": {"prob": 0.007407407407407408, "count": 2, "pos": [60, 91]}, "owner": {"prob": 0.003703703703703704, "count": 1, "pos": [63]}, "gerald": {"prob": 0.003703703703703704, "count": 1, "pos": [64]}, "weaver": {"prob": 0.011111111111111112, "count": 3, "pos": [65, 137, 198]}, "with": {"prob": 0.007407407407407408, "count": 2, "pos": [66, 93]}, "spirit": {"prob": 0.003703703703703704, "count": 1, "pos": [68]}, "brutal": {"prob": 0.003703703703703704, "count": 1, "pos": [70]}, "play": {"prob": 0.007407407407407408, "count": 2, "pos": [73, 97]}, "style": {"prob": 0.003703703703703704, "count": 1, "pos": [74]}, "dure": {"prob": 0.003703703703703704, "count": 1, "pos": [75]}, "trial": {"prob": 0.003703703703703704, "count": 1, "pos": [77]}, "sign": {"prob": 0.003703703703703704, "count": 1, "pos": [80]}, "up": {"prob": 0.003703703703703704, "count": 1, "pos": [81]}, "to": {"prob": 0.014814814814814815, "count": 4, "pos": [82, 148, 214, 263]}, "top": {"prob": 0.003703703703703704, "count": 1, "pos": [84]}, "as": {"prob": 0.011111111111111112, "count": 3, "pos": [86, 211, 253]}, "loo": {"prob": 0.003703703703703704, "count": 1, "pos": [88]}, "forward": {"prob": 0.007407407407407408, "count": 2, "pos": [89, 96]}, "all": {"prob": 0.003703703703703704, "count": 1, "pos": [92]}, "often": {"prob": 0.003703703703703704, "count": 1, "pos": [99]}, "punch": {"prob": 0.003703703703703704, "count": 1, "pos": [100]}, "or": {"prob": 0.003703703703703704, "count": 1, "pos": [101]}, "elbow": {"prob": 0.003703703703703704, "count": 1, "pos": [102]}, "opposit": {"prob": 0.003703703703703704, "count": 1, "pos": [104]}, "player": {"prob": 0.003703703703703704, "count": 1, "pos": [105]}, "throughout": {"prob": 0.003703703703703704, "count": 1, "pos": [106]}, "game": {"prob": 0.003703703703703704, "count": 1, "pos": [108]}, "off": {"prob": 0.007407407407407408, "count": 2, "pos": [109, 181]}, "field": {"prob": 0.007407407407407408, "count": 2, "pos": [111, 261]}, "much": {"prob": 0.003703703703703704, "count": 1, "pos": [114]}, "less": {"prob": 0.003703703703703704, "count": 1, "pos": [115]}, "success": {"prob": 0.003703703703703704, "count": 1, "pos": [116]}, "recent": {"prob": 0.003703703703703704, "count": 1, "pos": [118]}, "widow": {"prob": 0.003703703703703704, "count": 1, "pos": [119]}, "landladi": {"prob": 0.003703703703703704, "count": 1, "pos": [120]}, "mr": {"prob": 0.003703703703703704, "count": 1, "pos": [121]}, "margaret": {"prob": 0.007407407407407408, "count": 2, "pos": [122, 225]}, "hammond": {"prob": 0.003703703703703704, "count": 1, "pos": [123]}, "mother": {"prob": 0.003703703703703704, "count": 1, "pos": [125]}, "two": {"prob": 0.003703703703703704, "count": 1, "pos": [127]}, "children": {"prob": 0.003703703703703704, "count": 1, "pos": [129]}, "lost": {"prob": 0.003703703703703704, "count": 1, "pos": [130]}, "her": {"prob": 0.022222222222222223, "count": 6, "pos": [131, 155, 160, 188, 195, 210]}, "husband": {"prob": 0.007407407407407408, "count": 2, "pos": [132, 197]}, "an": {"prob": 0.003703703703703704, "count": 1, "pos": [134]}, "accid": {"prob": 0.003703703703703704, "count": 1, "pos": [135]}, "engin": {"prob": 0.003703703703703704, "count": 1, "pos": [138]}, "firm": {"prob": 0.003703703703703704, "count": 1, "pos": [139]}, "but": {"prob": 0.007407407407407408, "count": 2, "pos": [140, 158]}, "gain": {"prob": 0.003703703703703704, "count": 1, "pos": [141]}, "no": {"prob": 0.003703703703703704, "count": 1, "pos": [142]}, "compen": {"prob": 0.003703703703703704, "count": 1, "pos": [143]}, "becaus": {"prob": 0.003703703703703704, "count": 1, "pos": [144]}, "it": {"prob": 0.003703703703703704, "count": 1, "pos": [145]}, "wa": {"prob": 0.003703703703703704, "count": 1, "pos": [146]}, "rule": {"prob": 0.003703703703703704, "count": 1, "pos": [147]}, "have": {"prob": 0.007407407407407408, "count": 2, "pos": [149, 232]}, "been": {"prob": 0.003703703703703704, "count": 1, "pos": [150]}, "suicid": {"prob": 0.003703703703703704, "count": 1, "pos": [152]}, "use": {"prob": 0.007407407407407408, "count": 2, "pos": [154, 216]}, "for": {"prob": 0.007407407407407408, "count": 2, "pos": [156, 174]}, "sex": {"prob": 0.003703703703703704, "count": 1, "pos": [157]}, "grief": {"prob": 0.003703703703703704, "count": 1, "pos": [161]}, "she": {"prob": 0.014814814814814815, "count": 4, "pos": [162, 167, 229, 241]}, "cannot": {"prob": 0.003703703703703704, "count": 1, "pos": [163]}, "return": {"prob": 0.003703703703703704, "count": 1,