{"__total__": 415, "__name__": "doc_183_Bat_21.txt", "dure": {"prob": 0.007228915662650603, "count": 3, "pos": [0, 272, 402]}, "the": {"prob": 0.05542168674698795, "count": 23, "pos": [1, 5, 19, 23, 44, 66, 80, 101, 143, 165, 169, 172, 196, 220, 226, 241, 250, 265, 329, 348, 353, 358, 372]}, "last": {"prob": 0.0024096385542168677, "count": 1, "pos": [2]}, "day": {"prob": 0.004819277108433735, "count": 2, "pos": [3, 271]}, "of": {"prob": 0.02650602409638554, "count": 11, "pos": [4, 22, 25, 68, 171, 186, 201, 219, 233, 257, 302]}, "vietnam": {"prob": 0.012048192771084338, "count": 5, "pos": [6, 103, 283, 350, 373]}, "war": {"prob": 0.0024096385542168677, "count": 1, "pos": [7]}, "lieuten": {"prob": 0.0024096385542168677, "count": 1, "pos": [8]}, "colonel": {"prob": 0.0024096385542168677, "count": 1, "pos": [9]}, "iceal": {"prob": 0.0024096385542168677, "count": 1, "pos": [10]}, "e": {"prob": 0.0024096385542168677, "count": 1, "pos": [11]}, "gene": {"prob": 0.0024096385542168677, "count": 1, "pos": [12]}, "hambleton": {"prob": 0.01927710843373494, "count": 8, "pos": [13, 60, 87, 91, 152, 295, 365, 375]}, "unit": {"prob": 0.0024096385542168677, "count": 1, "pos": [14]}, "state": {"prob": 0.0024096385542168677, "count": 1, "pos": [15]}, "air": {"prob": 0.00963855421686747, "count": 4, "pos": [16, 39, 75, 311]}, "forc": {"prob": 0.007228915662650603, "count": 3, "pos": [17, 116, 374]}, "is": {"prob": 0.016867469879518072, "count": 7, "pos": [18, 33, 98, 128, 139, 151, 168]}, "sole": {"prob": 0.0024096385542168677, "count": 1, "pos": [20]}, "survivor": {"prob": 0.0024096385542168677, "count": 1, "pos": [21]}, "crew": {"prob": 0.004819277108433735, "count": 2, "pos": [24, 304]}, "an": {"prob": 0.012048192771084338, "count": 5, "pos": [26, 92, 106, 118, 335]}, "eb": {"prob": 0.004819277108433735, "count": 2, "pos": [27, 81]}, "66": {"prob": 0.004819277108433735, "count": 2, "pos": [28, 82]}, "electron": {"prob": 0.007228915662650603, "count": 3, "pos": [29, 52, 95]}, "warfar": {"prob": 0.0024096385542168677, "count": 1, "pos": [30]}, "aircraft": {"prob": 0.007228915662650603, "count": 3, "pos": [31, 133, 313]}, "which": {"prob": 0.007228915662650603, "count": 3, "pos": [32, 167, 273]}, "down": {"prob": 0.004819277108433735, "count": 2, "pos": [34, 316]}, "by": {"prob": 0.00963855421686747, "count": 4, "pos": [35, 352, 371, 383]}, "a": {"prob": 0.02650602409638554, "count": 11, "pos": [36, 56, 69, 73, 154, 162, 183, 274, 309, 380, 403]}, "surfac": {"prob": 0.0024096385542168677, "count": 1, "pos": [37]}, "to": {"prob": 0.04578313253012048, "count": 19, "pos": [38, 55, 89, 100, 111, 122, 134, 136, 156, 164, 180, 198, 209, 214, 293, 328, 345, 356, 363]}, "missil": {"prob": 0.0024096385542168677, "count": 1, "pos": [40]}, "over": {"prob": 0.004819277108433735, "count": 2, "pos": [41, 269]}, "enemi": {"prob": 0.004819277108433735, "count": 2, "pos": [42, 413]}, "territori": {"prob": 0.004819277108433735, "count": 2, "pos": [43, 159]}, "plane": {"prob": 0.0024096385542168677, "count": 1, "pos": [45]}, "callsign": {"prob": 0.0024096385542168677, "count": 1, "pos": [46]}, "bat": {"prob": 0.0024096385542168677, "count": 1, "pos": [47]}, "two": {"prob": 0.004819277108433735, "count": 2, "pos": [48, 296]}, "one": {"prob": 0.0024096385542168677, "count": 1, "pos": [49]}, "wa": {"prob": 0.016867469879518072, "count": 7, "pos": [50, 83, 256, 277, 314, 367, 376]}, "do": {"prob": 0.0024096385542168677, "count": 1, "pos": [51]}, "scan": {"prob": 0.0024096385542168677, "count": 1, "pos": [53]}, "preparatori": {"prob": 0.0024096385542168677, "count": 1, "pos": [54]}, "major": {"prob": 0.004819277108433735, "count": 2, "pos": [57, 275]}, "bomb": {"prob": 0.004819277108433735, "count": 2, "pos": [58, 144]}, "strike": {"prob": 0.0024096385542168677, "count": 1, "pos": [59]}, "make": {"prob": 0.004819277108433735, "count": 2, "pos": [61, 204]}, "radio": {"prob": 0.0024096385542168677, "count": 1, "pos": [62]}, "contact": {"prob": 0.0024096385542168677, "count": 1, "pos": [63]}, "with": {"prob": 0.0024096385542168677, "count": 1, "pos": [64]}, "birddog": {"prob": 0.007228915662650603, "count": 3, "pos": [65, 85, 181]}, "pilot": {"prob": 0.0024096385542168677, "count": 1, "pos": [67]}, "cessna": {"prob": 0.0024096385542168677, "count": 1, "pos": [70]}, "skymast": {"prob": 0.0024096385542168677, "count": 1, "pos": [71]}, "fli": {"prob": 0.0024096385542168677, "count": 1, "pos": [72]}, "forward": {"prob": 0.004819277108433735, "count": 2, "pos": [74, 310]}, "control": {"prob": 0.0024096385542168677, "count": 1, "pos": [76]}, "mission": {"prob": 0.0024096385542168677, "count": 1, "pos": [77]}, "near": {"prob": 0.0024096385542168677, "count": 1, "pos": [78]}, "where": {"prob": 0.007228915662650603, "count": 3, "pos": [79, 137, 149]}, "destroy": {"prob": 0.0024096385542168677, "count": 1, "pos": [84]}, "becom": {"prob": 0.0024096385542168677, "count": 1, "pos": [86]}, "link": {"prob": 0.0024096385542168677, "count": 1, "pos": [88]}, "rescu": {"prob": 0.014457831325301205, "count": 6, "pos": [90, 123, 132, 267, 346, 378]}, "expert": {"prob": 0.0024096385542168677, "count": 1, "pos": [93]}, "on": {"prob": 0.0024096385542168677, "count": 1, "pos": [94]}, "weapon": {"prob": 0.0024096385542168677, "count": 1, "pos": [96]}, "system": {"prob": 0.0024096385542168677, "count": 1, "pos": [97]}, "known": {"prob": 0.0024096385542168677, "count": 1, "pos": [99]}, "north": {"prob": 0.004819277108433735, "count": 2, "pos": [102, 349]}, "who": {"prob": 0.0024096385542168677, "count": 1, "pos": [104]}, "begin": {"prob": 0.004819277108433735, "count": 2, "pos": [105, 117]}, "all": {"prob": 0.004819277108433735, "count": 2, "pos": [107, 119]}, "out": {"prob": 0.004819277108433735, "count": 2, "pos": [108, 120]}, "search": {"prob": 0.0024096385542168677, "count": 1, "pos": [109]}, "attempt": {"prob": 0.00963855421686747, "count": 4, "pos": [110, 121, 290, 344]}, "captur": {"prob": 0.007228915662650603, "count": 3, "pos": [112, 308, 333]}, "him": {"prob": 0.00963855421686747, "count": 4, "pos": [113, 124, 211, 347]}, "meanwhil": {"prob": 0.0024096385542168677, "count": 1, "pos": [114]}, "american": {"prob": 0.007228915662650603, "count": 3, "pos": [115, 259, 340]}, "know": {"prob": 0.007228915662650603, "count": 3, "pos": [125, 141, 191]}, "that": {"prob": 0.007228915662650603, "count": 3, "pos": [126, 142, 252]}, "it": {"prob": 0.007228915662650603, "count": 3, "pos": [127, 205, 303]}, "too": {"prob": 0.0024096385542168677, "count": 1, "pos": [129]}, "danger": {"prob": 0.0024096385542168677, "count": 1, "pos": [130]}, "for": {"prob": 0.007228915662650603, "count": 3, "pos": [131, 207, 240]}, "come": {"prob": 0.0024096385542168677, "count": 1, "pos": [135]}, "he": {"prob": 0.00963855421686747, "count": 4, "pos": [138, 150, 160, 190]}, "and": {"prob": 0.016867469879518072, "count": 7, "pos": [140, 287, 300, 317, 322, 369, 393]}, "will": {"prob": 0.004819277108433735, "count": 2, "pos": [145, 194]}, "soon": {"prob": 0.0024096385542168677, "count": 1, "pos": [146]}, "be": {"prob": 0.004819277108433735, "count": 2, "pos": [147, 285]}, "fall": {"prob": 0.0024096385542168677, "count": 1, "pos": [148]}, "devi": {"prob": 0.0024096385542168677, "count": 1, "pos": [153]}, "plan": {"prob": 0.0024096385542168677, "count": 1, "pos": [155]}, "reach": {"prob": 0.0024096385542168677, "count": 1, "pos": [157]}, "safer": {"prob": 0.0024096385542168677, "count": 1, "pos": [158]}, "plot": {"prob": 0.0024096385542168677, "count": 1, "pos": [161]}, "cour": {"prob": 0.004819277108433735, "count": 2, "pos": [163, 189]}, "river": {"prob": 0.0024096385542168677, "count": 1, "pos": [166]}, "boundari": {"prob": 0.0024096385542168677, "count": 1, "pos": [170]}, "target": {"prob": 0.0024096385542168677, "count": 1, "pos": [173]}, "area": {"prob": 0.0024096385542168677, "count": 1, "pos": [174]}, "then": {"prob": 0.0024096385542168677, "count": 1, "pos": [175]}, "commun": {"prob": 0.0024096385542168677, "count": 1, "pos": [176]},