{"__total__": 276, "__name__": "doc_1836_Thunder_Road.txt", "korean": {"prob": 0.0036231884057971015, "count": 1, "pos": [0]}, "war": {"prob": 0.0036231884057971015, "count": 1, "pos": [1]}, "veteran": {"prob": 0.0036231884057971015, "count": 1, "pos": [2]}, "luca": {"prob": 0.025362318840579712, "count": 7, "pos": [3, 32, 48, 116, 135, 173, 198]}, "doolin": {"prob": 0.0036231884057971015, "count": 1, "pos": [4]}, "work": {"prob": 0.0036231884057971015, "count": 1, "pos": [5]}, "in": {"prob": 0.036231884057971016, "count": 10, "pos": [6, 25, 66, 103, 118, 131, 193, 224, 241, 259]}, "the": {"prob": 0.04710144927536232, "count": 13, "pos": [7, 12, 23, 38, 86, 106, 119, 148, 176, 188, 216, 256, 271]}, "famili": {"prob": 0.0036231884057971015, "count": 1, "pos": [8]}, "moonshin": {"prob": 0.021739130434782608, "count": 6, "pos": [9, 72, 89, 129, 179, 229]}, "business\u00e2": {"prob": 0.0036231884057971015, "count": 1, "pos": [10]}, "deliv": {"prob": 0.0036231884057971015, "count": 1, "pos": [11]}, "illeg": {"prob": 0.0036231884057971015, "count": 1, "pos": [13]}, "liquor": {"prob": 0.0036231884057971015, "count": 1, "pos": [14]}, "hi": {"prob": 0.03260869565217391, "count": 9, "pos": [15, 26, 52, 59, 67, 104, 161, 204, 236]}, "father": {"prob": 0.007246376811594203, "count": 2, "pos": [16, 174]}, "distil": {"prob": 0.0036231884057971015, "count": 1, "pos": [17]}, "to": {"prob": 0.03260869565217391, "count": 9, "pos": [18, 82, 98, 114, 186, 209, 232, 235, 274]}, "clandestin": {"prob": 0.0036231884057971015, "count": 1, "pos": [19]}, "distribut": {"prob": 0.007246376811594203, "count": 2, "pos": [20, 93]}, "point": {"prob": 0.007246376811594203, "count": 2, "pos": [21, 94]}, "throughout": {"prob": 0.0036231884057971015, "count": 1, "pos": [22]}, "south": {"prob": 0.0036231884057971015, "count": 1, "pos": [24]}, "soup": {"prob": 0.0036231884057971015, "count": 1, "pos": [27]}, "up": {"prob": 0.0036231884057971015, "count": 1, "pos": [28]}, "hot": {"prob": 0.0036231884057971015, "count": 1, "pos": [29]}, "rod": {"prob": 0.0036231884057971015, "count": 1, "pos": [30]}, "howev": {"prob": 0.0036231884057971015, "count": 1, "pos": [31]}, "ha": {"prob": 0.007246376811594203, "count": 2, "pos": [33, 153]}, "more": {"prob": 0.0036231884057971015, "count": 1, "pos": [34]}, "problem": {"prob": 0.0036231884057971015, "count": 1, "pos": [35]}, "than": {"prob": 0.0036231884057971015, "count": 1, "pos": [36]}, "evad": {"prob": 0.0036231884057971015, "count": 1, "pos": [37]}, "u": {"prob": 0.0036231884057971015, "count": 1, "pos": [39]}, "treasuri": {"prob": 0.0036231884057971015, "count": 1, "pos": [40]}, "agent": {"prob": 0.007246376811594203, "count": 2, "pos": [41, 124]}, "led": {"prob": 0.0036231884057971015, "count": 1, "pos": [42]}, "by": {"prob": 0.014492753623188406, "count": 4, "pos": [43, 112, 201, 266]}, "determin": {"prob": 0.0036231884057971015, "count": 1, "pos": [44]}, "newcom": {"prob": 0.0036231884057971015, "count": 1, "pos": [45]}, "troy": {"prob": 0.0036231884057971015, "count": 1, "pos": [46]}, "barrett": {"prob": 0.0036231884057971015, "count": 1, "pos": [47]}, "is": {"prob": 0.018115942028985508, "count": 5, "pos": [49, 57, 96, 144, 199]}, "concern": {"prob": 0.0036231884057971015, "count": 1, "pos": [50]}, "that": {"prob": 0.0036231884057971015, "count": 1, "pos": [51]}, "younger": {"prob": 0.0036231884057971015, "count": 1, "pos": [53]}, "brother": {"prob": 0.0036231884057971015, "count": 1, "pos": [54]}, "robin": {"prob": 0.0036231884057971015, "count": 1, "pos": [55]}, "who": {"prob": 0.010869565217391304, "count": 3, "pos": [56, 101, 269]}, "also": {"prob": 0.0036231884057971015, "count": 1, "pos": [58]}, "mechan": {"prob": 0.0036231884057971015, "count": 1, "pos": [60]}, "will": {"prob": 0.007246376811594203, "count": 2, "pos": [61, 97]}, "be": {"prob": 0.0036231884057971015, "count": 1, "pos": [62]}, "tempt": {"prob": 0.0036231884057971015, "count": 1, "pos": [63]}, "into": {"prob": 0.0036231884057971015, "count": 1, "pos": [64]}, "follow": {"prob": 0.0036231884057971015, "count": 1, "pos": [65]}, "footstep": {"prob": 0.0036231884057971015, "count": 1, "pos": [68]}, "and": {"prob": 0.028985507246376812, "count": 8, "pos": [69, 91, 95, 158, 175, 203, 247, 261]}, "becom": {"prob": 0.007246376811594203, "count": 2, "pos": [70, 136]}, "a": {"prob": 0.03260869565217391, "count": 9, "pos": [71, 74, 122, 132, 154, 164, 184, 211, 226]}, "runner": {"prob": 0.0036231884057971015, "count": 1, "pos": [73]}, "well": {"prob": 0.007246376811594203, "count": 2, "pos": [75, 126]}, "fund": {"prob": 0.0036231884057971015, "count": 1, "pos": [76]}, "outsid": {"prob": 0.0036231884057971015, "count": 1, "pos": [77]}, "gangster": {"prob": 0.0036231884057971015, "count": 1, "pos": [78]}, "carl": {"prob": 0.0036231884057971015, "count": 1, "pos": [79]}, "kogan": {"prob": 0.010869565217391304, "count": 3, "pos": [80, 113, 192]}, "tri": {"prob": 0.0036231884057971015, "count": 1, "pos": [81]}, "gain": {"prob": 0.0036231884057971015, "count": 1, "pos": [83]}, "control": {"prob": 0.0036231884057971015, "count": 1, "pos": [84]}, "of": {"prob": 0.018115942028985508, "count": 5, "pos": [85, 121, 147, 166, 207]}, "independ": {"prob": 0.0036231884057971015, "count": 1, "pos": [87]}, "local": {"prob": 0.007246376811594203, "count": 2, "pos": [88, 178]}, "produc": {"prob": 0.0036231884057971015, "count": 1, "pos": [90]}, "their": {"prob": 0.007246376811594203, "count": 2, "pos": [92, 170]}, "kill": {"prob": 0.007246376811594203, "count": 2, "pos": [99, 115]}, "anyon": {"prob": 0.0036231884057971015, "count": 1, "pos": [100]}, "stand": {"prob": 0.0036231884057971015, "count": 1, "pos": [102]}, "way": {"prob": 0.0036231884057971015, "count": 1, "pos": [105]}, "stake": {"prob": 0.0036231884057971015, "count": 1, "pos": [107]}, "rise": {"prob": 0.0036231884057971015, "count": 1, "pos": [108]}, "when": {"prob": 0.007246376811594203, "count": 2, "pos": [109, 163]}, "an": {"prob": 0.007246376811594203, "count": 2, "pos": [110, 222]}, "attempt": {"prob": 0.0036231884057971015, "count": 1, "pos": [111]}, "result": {"prob": 0.0036231884057971015, "count": 1, "pos": [117]}, "death": {"prob": 0.007246376811594203, "count": 2, "pos": [120, 237]}, "govern": {"prob": 0.010869565217391304, "count": 3, "pos": [123, 167, 189]}, "as": {"prob": 0.007246376811594203, "count": 2, "pos": [125, 127]}, "anoth": {"prob": 0.0036231884057971015, "count": 1, "pos": [128]}, "driver": {"prob": 0.007246376811594203, "count": 2, "pos": [130, 227]}, "romant": {"prob": 0.0036231884057971015, "count": 1, "pos": [133]}, "subplot": {"prob": 0.0036231884057971015, "count": 1, "pos": [134]}, "involv": {"prob": 0.0036231884057971015, "count": 1, "pos": [137]}, "with": {"prob": 0.007246376811594203, "count": 2, "pos": [138, 191]}, "nightclub": {"prob": 0.0036231884057971015, "count": 1, "pos": [139]}, "singer": {"prob": 0.0036231884057971015, "count": 1, "pos": [140]}, "franci": {"prob": 0.0036231884057971015, "count": 1, "pos": [141]}, "wymor": {"prob": 0.0036231884057971015, "count": 1, "pos": [142]}, "he": {"prob": 0.0036231884057971015, "count": 1, "pos": [143]}, "unawar": {"prob": 0.0036231884057971015, "count": 1, "pos": [145]}, "one": {"prob": 0.0036231884057971015, "count": 1, "pos": [146]}, "neighbor": {"prob": 0.0036231884057971015, "count": 1, "pos": [149]}, "girl": {"prob": 0.0036231884057971015, "count": 1, "pos": [150]}, "roxanna": {"prob": 0.0036231884057971015, "count": 1, "pos": [151]}, "ledbett": {"prob": 0.0036231884057971015, "count": 1, "pos": [152]}, "crush": {"prob": 0.0036231884057971015, "count": 1, "pos": [155]}, "on": {"prob": 0.014492753623188406, "count": 4, "pos": [156, 221, 238, 273]}, "him": {"prob": 0.0036231884057971015, "count": 1, "pos": [157]}, "fear": {"prob": 0.0036231884057971015, "count": 1, "pos": [159]}, "for": {"prob": 0.007246376811594203, "count": 2, "pos": [160, 183]}, "life": {"prob": 0.0036231884057971015, "count": 1, "pos": [162]},