{"__total__": 465, "__name__": "doc_1850_To_Die_For.txt", "live": {"prob": 0.002150537634408602, "count": 1, "pos": [0]}, "in": {"prob": 0.01935483870967742, "count": 9, "pos": [1, 221, 262, 276, 298, 313, 395, 417, 432]}, "the": {"prob": 0.034408602150537634, "count": 16, "pos": [2, 50, 176, 187, 201, 203, 242, 263, 279, 282, 314, 344, 382, 430, 439, 451]}, "fiction": {"prob": 0.002150537634408602, "count": 1, "pos": [3]}, "seasid": {"prob": 0.002150537634408602, "count": 1, "pos": [4]}, "villag": {"prob": 0.002150537634408602, "count": 1, "pos": [5]}, "of": {"prob": 0.015053763440860216, "count": 7, "pos": [6, 20, 91, 180, 216, 269, 429]}, "littl": {"prob": 0.002150537634408602, "count": 1, "pos": [7]}, "hope": {"prob": 0.002150537634408602, "count": 1, "pos": [8]}, "new": {"prob": 0.004301075268817204, "count": 2, "pos": [9, 337]}, "hampshir": {"prob": 0.002150537634408602, "count": 1, "pos": [10]}, "suzann": {"prob": 0.025806451612903226, "count": 12, "pos": [11, 70, 161, 217, 229, 247, 257, 270, 317, 366, 385, 455]}, "stone": {"prob": 0.002150537634408602, "count": 1, "pos": [12]}, "a": {"prob": 0.03870967741935484, "count": 18, "pos": [13, 22, 56, 60, 83, 98, 108, 122, 211, 226, 239, 249, 324, 336, 407, 418, 433, 437]}, "young": {"prob": 0.004301075268817204, "count": 2, "pos": [14, 124]}, "beauti": {"prob": 0.002150537634408602, "count": 1, "pos": [15]}, "and": {"prob": 0.04086021505376344, "count": 19, "pos": [16, 45, 106, 126, 130, 136, 150, 166, 178, 182, 232, 256, 288, 292, 300, 339, 348, 363, 372]}, "ruthless": {"prob": 0.002150537634408602, "count": 1, "pos": [17]}, "woman": {"prob": 0.002150537634408602, "count": 1, "pos": [18]}, "dream": {"prob": 0.002150537634408602, "count": 1, "pos": [19]}, "be": {"prob": 0.004301075268817204, "count": 2, "pos": [21, 393]}, "world": {"prob": 0.002150537634408602, "count": 1, "pos": [23]}, "famou": {"prob": 0.002150537634408602, "count": 1, "pos": [24]}, "news": {"prob": 0.004301075268817204, "count": 2, "pos": [25, 52]}, "anchor": {"prob": 0.002150537634408602, "count": 1, "pos": [26]}, "to": {"prob": 0.034408602150537634, "count": 16, "pos": [27, 48, 74, 81, 88, 93, 168, 244, 253, 286, 296, 330, 333, 352, 378, 392]}, "that": {"prob": 0.0064516129032258064, "count": 3, "pos": [28, 281, 365]}, "end": {"prob": 0.0064516129032258064, "count": 3, "pos": [29, 95, 315]}, "she": {"prob": 0.01935483870967742, "count": 9, "pos": [30, 35, 85, 96, 118, 146, 273, 322, 414]}, "marri": {"prob": 0.002150537634408602, "count": 1, "pos": [31]}, "larri": {"prob": 0.017204301075268817, "count": 8, "pos": [32, 66, 115, 144, 196, 327, 356, 443]}, "maretto": {"prob": 0.002150537634408602, "count": 1, "pos": [33]}, "becaus": {"prob": 0.002150537634408602, "count": 1, "pos": [34]}, "believ": {"prob": 0.002150537634408602, "count": 1, "pos": [36]}, "hi": {"prob": 0.008602150537634409, "count": 4, "pos": [37, 131, 369, 375]}, "famili": {"prob": 0.004301075268817204, "count": 2, "pos": [38, 84]}, "busi": {"prob": 0.002150537634408602, "count": 1, "pos": [39]}, "will": {"prob": 0.002150537634408602, "count": 1, "pos": [40]}, "keep": {"prob": 0.004301075268817204, "count": 2, "pos": [41, 353]}, "her": {"prob": 0.03655913978494624, "count": 17, "pos": [42, 73, 79, 112, 254, 260, 311, 319, 380, 388, 397, 401, 405, 410, 427, 447, 463]}, "financ": {"prob": 0.002150537634408602, "count": 1, "pos": [43]}, "comfort": {"prob": 0.002150537634408602, "count": 1, "pos": [44]}, "start": {"prob": 0.0064516129032258064, "count": 3, "pos": [46, 71, 82]}, "attempt": {"prob": 0.002150537634408602, "count": 1, "pos": [47]}, "climb": {"prob": 0.002150537634408602, "count": 1, "pos": [49]}, "network": {"prob": 0.002150537634408602, "count": 1, "pos": [51]}, "ladder": {"prob": 0.002150537634408602, "count": 1, "pos": [53]}, "begin": {"prob": 0.0064516129032258064, "count": 3, "pos": [54, 97, 205]}, "as": {"prob": 0.004301075268817204, "count": 2, "pos": [55, 148]}, "weather": {"prob": 0.002150537634408602, "count": 1, "pos": [57]}, "girl": {"prob": 0.002150537634408602, "count": 1, "pos": [58]}, "at": {"prob": 0.008602150537634409, "count": 4, "pos": [59, 111, 156, 218]}, "local": {"prob": 0.002150537634408602, "count": 1, "pos": [61]}, "cabl": {"prob": 0.002150537634408602, "count": 1, "pos": [62]}, "station": {"prob": 0.002150537634408602, "count": 1, "pos": [63]}, "wwen": {"prob": 0.002150537634408602, "count": 1, "pos": [64]}, "when": {"prob": 0.008602150537634409, "count": 4, "pos": [65, 160, 207, 321]}, "who": {"prob": 0.004301075268817204, "count": 2, "pos": [67, 350]}, "truli": {"prob": 0.002150537634408602, "count": 1, "pos": [68]}, "love": {"prob": 0.002150537634408602, "count": 1, "pos": [69]}, "ask": {"prob": 0.002150537634408602, "count": 1, "pos": [72]}, "take": {"prob": 0.002150537634408602, "count": 1, "pos": [75]}, "time": {"prob": 0.002150537634408602, "count": 1, "pos": [76]}, "off": {"prob": 0.002150537634408602, "count": 1, "pos": [77]}, "from": {"prob": 0.004301075268817204, "count": 2, "pos": [78, 387]}, "career": {"prob": 0.002150537634408602, "count": 1, "pos": [80]}, "immedi": {"prob": 0.002150537634408602, "count": 1, "pos": [86]}, "plot": {"prob": 0.002150537634408602, "count": 1, "pos": [87]}, "get": {"prob": 0.008602150537634409, "count": 4, "pos": [89, 306, 318, 341]}, "rid": {"prob": 0.002150537634408602, "count": 1, "pos": [90]}, "him": {"prob": 0.010752688172043012, "count": 5, "pos": [92, 129, 163, 170, 354]}, "thi": {"prob": 0.0064516129032258064, "count": 3, "pos": [94, 266, 360]}, "high": {"prob": 0.002150537634408602, "count": 1, "pos": [99]}, "school": {"prob": 0.004301075268817204, "count": 2, "pos": [100, 220]}, "project": {"prob": 0.004301075268817204, "count": 2, "pos": [101, 110]}, "call": {"prob": 0.002150537634408602, "count": 1, "pos": [102]}, "teen": {"prob": 0.004301075268817204, "count": 2, "pos": [103, 212]}, "speak": {"prob": 0.004301075268817204, "count": 2, "pos": [104, 213]}, "out": {"prob": 0.0064516129032258064, "count": 3, "pos": [105, 214, 307]}, "dure": {"prob": 0.004301075268817204, "count": 2, "pos": [107, 200]}, "danc": {"prob": 0.004301075268817204, "count": 2, "pos": [109, 461]}, "hous": {"prob": 0.002150537634408602, "count": 1, "pos": [113]}, "while": {"prob": 0.004301075268817204, "count": 2, "pos": [114, 304]}, "is": {"prob": 0.010752688172043012, "count": 5, "pos": [116, 154, 190, 274, 457]}, "away": {"prob": 0.004301075268817204, "count": 2, "pos": [117, 386]}, "seduc": {"prob": 0.002150537634408602, "count": 1, "pos": [119]}, "jimmi": {"prob": 0.017204301075268817, "count": 8, "pos": [120, 153, 184, 219, 223, 230, 291, 347]}, "emmett": {"prob": 0.002150537634408602, "count": 1, "pos": [121]}, "disturb": {"prob": 0.002150537634408602, "count": 1, "pos": [123]}, "man": {"prob": 0.002150537634408602, "count": 1, "pos": [125]}, "strong": {"prob": 0.002150537634408602, "count": 1, "pos": [127]}, "arm": {"prob": 0.002150537634408602, "count": 1, "pos": [128]}, "friend": {"prob": 0.002150537634408602, "count": 1, "pos": [132]}, "delinqu": {"prob": 0.002150537634408602, "count": 1, "pos": [133]}, "russel": {"prob": 0.010752688172043012, "count": 5, "pos": [134, 181, 231, 293, 349]}, "hein": {"prob": 0.002150537634408602, "count": 1, "pos": [135]}, "low": {"prob": 0.002150537634408602, "count": 1, "pos": [137]}, "self": {"prob": 0.004301075268817204, "count": 2, "pos": [138, 151]}, "esteem": {"prob": 0.002150537634408602, "count": 1, "pos": [139]}, "lydia": {"prob": 0.012903225806451613, "count": 6, "pos": [140, 183, 233, 237, 305, 421]}, "mertz": {"prob": 0.002150537634408602, "count": 1, "pos": [141]}, "into": {"prob": 0.002150537634408602, "count": 1, "pos": [142]}, "kill": {"prob": 0.004301075268817204, "count": 2, "pos": [143, 342]}, "whom": {"prob": 0.002150537634408602, "count": 1, "pos": [145]}, "describ": {"prob": 0.002150537634408602, "count": 1, "pos": [147]}, "abus": {"prob": 0.002150537634408602, "count": 1, "pos": [149]}, "center": {"prob": 0.002150537634408602,