{"__total__": 549, "__name__": "doc_1852_Tokyo_Godfathers.txt", "one": {"prob": 0.0018214936247723133, "count": 1, "pos": [0]}, "christma": {"prob": 0.0036429872495446266, "count": 2, "pos": [1, 85]}, "eve": {"prob": 0.0036429872495446266, "count": 2, "pos": [2, 86]}, "in": {"prob": 0.009107468123861567, "count": 5, "pos": [3, 35, 165, 227, 350]}, "present": {"prob": 0.0018214936247723133, "count": 1, "pos": [4]}, "day": {"prob": 0.0018214936247723133, "count": 1, "pos": [5]}, "tokyo": {"prob": 0.0018214936247723133, "count": 1, "pos": [6]}, "three": {"prob": 0.0018214936247723133, "count": 1, "pos": [7]}, "homeless": {"prob": 0.0036429872495446266, "count": 2, "pos": [8, 221]}, "peopl": {"prob": 0.0018214936247723133, "count": 1, "pos": [9]}, "mdash": {"prob": 0.0036429872495446266, "count": 2, "pos": [10, 28]}, "nihongo": {"prob": 0.00546448087431694, "count": 3, "pos": [11, 16, 24]}, "a": {"prob": 0.04189435336976321, "count": 23, "pos": [12, 17, 25, 44, 56, 88, 93, 137, 154, 160, 174, 237, 264, 272, 316, 333, 345, 374, 406, 440, 462, 516, 533]}, "middl": {"prob": 0.0018214936247723133, "count": 1, "pos": [13]}, "age": {"prob": 0.0018214936247723133, "count": 1, "pos": [14]}, "alcohol": {"prob": 0.0018214936247723133, "count": 1, "pos": [15]}, "transwoman": {"prob": 0.0018214936247723133, "count": 1, "pos": [18]}, "and": {"prob": 0.03460837887067395, "count": 19, "pos": [19, 23, 55, 183, 186, 200, 212, 248, 258, 329, 355, 366, 389, 418, 457, 469, 486, 492, 504]}, "former": {"prob": 0.0036429872495446266, "count": 2, "pos": [20, 138]}, "drag": {"prob": 0.0018214936247723133, "count": 1, "pos": [21]}, "queen": {"prob": 0.0018214936247723133, "count": 1, "pos": [22]}, "runaway": {"prob": 0.0018214936247723133, "count": 1, "pos": [26]}, "girl": {"prob": 0.0036429872495446266, "count": 2, "pos": [27, 257]}, "discov": {"prob": 0.0018214936247723133, "count": 1, "pos": [29]}, "an": {"prob": 0.00546448087431694, "count": 3, "pos": [30, 219, 423]}, "abandon": {"prob": 0.0018214936247723133, "count": 1, "pos": [31]}, "newborn": {"prob": 0.0018214936247723133, "count": 1, "pos": [32]}, "while": {"prob": 0.0036429872495446266, "count": 2, "pos": [33, 214]}, "search": {"prob": 0.0036429872495446266, "count": 2, "pos": [34, 209]}, "some": {"prob": 0.00546448087431694, "count": 3, "pos": [36, 203, 241]}, "trash": {"prob": 0.0018214936247723133, "count": 1, "pos": [37]}, "deposit": {"prob": 0.0018214936247723133, "count": 1, "pos": [38]}, "with": {"prob": 0.007285974499089253, "count": 4, "pos": [39, 173, 309, 363]}, "the": {"prob": 0.08378870673952642, "count": 46, "pos": [40, 47, 61, 64, 70, 73, 90, 102, 107, 110, 122, 126, 128, 133, 149, 170, 178, 184, 196, 228, 230, 249, 256, 287, 292, 304, 312, 325, 336, 359, 384, 412, 414, 419, 428, 437, 447, 472, 476, 484, 497, 506, 513, 526, 539, 541]}, "unnam": {"prob": 0.0018214936247723133, "count": 1, "pos": [41]}, "babi": {"prob": 0.018214936247723135, "count": 10, "pos": [42, 71, 74, 134, 185, 385, 407, 420, 473, 485]}, "is": {"prob": 0.020036429872495445, "count": 11, "pos": [43, 75, 82, 118, 136, 151, 156, 289, 330, 404, 543]}, "note": {"prob": 0.0018214936247723133, "count": 1, "pos": [45]}, "ask": {"prob": 0.0036429872495446266, "count": 2, "pos": [46, 525]}, "finder": {"prob": 0.0018214936247723133, "count": 1, "pos": [48]}, "to": {"prob": 0.04918032786885246, "count": 27, "pos": [49, 60, 68, 105, 115, 121, 158, 168, 190, 245, 262, 266, 271, 276, 296, 322, 332, 371, 393, 436, 444, 460, 496, 524, 528, 538, 545]}, "take": {"prob": 0.007285974499089253, "count": 4, "pos": [50, 187, 216, 269]}, "good": {"prob": 0.0018214936247723133, "count": 1, "pos": [51]}, "care": {"prob": 0.0036429872495446266, "count": 2, "pos": [52, 217]}, "of": {"prob": 0.02185792349726776, "count": 12, "pos": [53, 109, 205, 218, 286, 303, 352, 358, 383, 439, 454, 475]}, "her": {"prob": 0.018214936247723135, "count": 10, "pos": [54, 202, 206, 310, 379, 387, 394, 450, 459, 530]}, "bag": {"prob": 0.00546448087431694, "count": 3, "pos": [57, 240, 511]}, "contain": {"prob": 0.0018214936247723133, "count": 1, "pos": [58]}, "clue": {"prob": 0.0018214936247723133, "count": 1, "pos": [59]}, "parent": {"prob": 0.00546448087431694, "count": 3, "pos": [62, 72, 522]}, "ident": {"prob": 0.0018214936247723133, "count": 1, "pos": [63]}, "trio": {"prob": 0.007285974499089253, "count": 4, "pos": [65, 293, 527, 540]}, "set": {"prob": 0.0036429872495446266, "count": 2, "pos": [66, 294]}, "out": {"prob": 0.007285974499089253, "count": 4, "pos": [67, 295, 357, 453]}, "find": {"prob": 0.014571948998178506, "count": 8, "pos": [69, 225, 255, 263, 297, 339, 368, 397]}, "name": {"prob": 0.0036429872495446266, "count": 2, "pos": [76, 141]}, "kiyoko": {"prob": 0.012750455373406194, "count": 7, "pos": [77, 112, 213, 364, 403, 481, 520]}, "pure": {"prob": 0.0018214936247723133, "count": 1, "pos": [78]}, "child": {"prob": 0.0018214936247723133, "count": 1, "pos": [79]}, "as": {"prob": 0.00546448087431694, "count": 3, "pos": [80, 344, 433]}, "she": {"prob": 0.007285974499089253, "count": 4, "pos": [81, 274, 434, 482]}, "born": {"prob": 0.0018214936247723133, "count": 1, "pos": [83]}, "on": {"prob": 0.0036429872495446266, "count": 2, "pos": [84, 512]}, "outsid": {"prob": 0.0018214936247723133, "count": 1, "pos": [87]}, "cemeteri": {"prob": 0.0018214936247723133, "count": 1, "pos": [89]}, "group": {"prob": 0.0036429872495446266, "count": 2, "pos": [91, 313]}, "encount": {"prob": 0.0018214936247723133, "count": 1, "pos": [92]}, "high": {"prob": 0.0018214936247723133, "count": 1, "pos": [94]}, "rank": {"prob": 0.0018214936247723133, "count": 1, "pos": [95]}, "yakuza": {"prob": 0.0018214936247723133, "count": 1, "pos": [96]}, "man": {"prob": 0.018214936247723135, "count": 10, "pos": [97, 103, 123, 164, 180, 198, 222, 232, 252, 508]}, "trap": {"prob": 0.0018214936247723133, "count": 1, "pos": [98]}, "under": {"prob": 0.0018214936247723133, "count": 1, "pos": [99]}, "hi": {"prob": 0.01092896174863388, "count": 6, "pos": [100, 191, 340, 353, 455, 502]}, "car": {"prob": 0.0036429872495446266, "count": 2, "pos": [101, 425]}, "happen": {"prob": 0.0018214936247723133, "count": 1, "pos": [104]}, "know": {"prob": 0.0018214936247723133, "count": 1, "pos": [106]}, "owner": {"prob": 0.0018214936247723133, "count": 1, "pos": [108]}, "club": {"prob": 0.007285974499089253, "count": 4, "pos": [111, 139, 273, 288]}, "mother": {"prob": 0.0036429872495446266, "count": 2, "pos": [113, 135]}, "use": {"prob": 0.0036429872495446266, "count": 2, "pos": [114, 275]}, "visit": {"prob": 0.0018214936247723133, "count": 1, "pos": [116]}, "he": {"prob": 0.00546448087431694, "count": 3, "pos": [117, 143, 224]}, "get": {"prob": 0.0018214936247723133, "count": 1, "pos": [119]}, "marri": {"prob": 0.0018214936247723133, "count": 1, "pos": [120]}, "daughter": {"prob": 0.00546448087431694, "count": 3, "pos": [124, 341, 354]}, "at": {"prob": 0.007285974499089253, "count": 4, "pos": [125, 278, 315, 335]}, "wed": {"prob": 0.0018214936247723133, "count": 1, "pos": [127]}, "groom": {"prob": 0.0018214936247723133, "count": 1, "pos": [129]}, "tell": {"prob": 0.0018214936247723133, "count": 1, "pos": [130]}, "them": {"prob": 0.009107468123861567, "count": 5, "pos": [131, 145, 188, 270, 537]}, "that": {"prob": 0.007285974499089253, "count": 4, "pos": [132, 378, 402, 408]}, "member": {"prob": 0.0036429872495446266, "count": 2, "pos": [140, 285]}, "sachiko": {"prob": 0.02185792349726776, "count": 12, "pos": [142, 146, 298, 307, 369, 376, 398, 409, 417, 432, 442, 465]}, "give": {"prob": 0.0036429872495446266, "count": 2, "pos": [144, 235]}, "address": {"prob": 0.0018214936247723133, "count": 1, "pos": [147]}, "but": {"prob": 0.0036429872495446266, "count": 2, "pos": [148, 449]}, "parti": {"prob": 0.0018214936247723133, "count": 1, "pos": [150]}, "interrupt": {"prob": 0.0018214936247723133, "count": 1, "pos": [152]}, "when": {"prob": 0.0036429872495446266, "count": 2, "pos": [153, 532]},