{"__total__": 555, "__name__": "doc_1858_Tomorrow_Never_Dies.txt", "mi6": {"prob": 0.005405405405405406, "count": 3, "pos": [0, 22, 281]}, "send": {"prob": 0.005405405405405406, "count": 3, "pos": [1, 163, 261]}, "jame": {"prob": 0.0018018018018018018, "count": 1, "pos": [2]}, "bond": {"prob": 0.025225225225225224, "count": 14, "pos": [3, 68, 262, 298, 322, 332, 341, 350, 446, 465, 492, 506, 517, 541]}, "agent": {"prob": 0.0018018018018018018, "count": 1, "pos": [4]}, "007": {"prob": 0.005405405405405406, "count": 3, "pos": [5, 53, 92]}, "into": {"prob": 0.0036036036036036037, "count": 2, "pos": [6, 171]}, "the": {"prob": 0.07747747747747748, "count": 43, "pos": [7, 17, 24, 45, 65, 83, 94, 101, 109, 117, 127, 135, 141, 156, 160, 164, 176, 189, 215, 220, 232, 240, 245, 294, 325, 354, 360, 365, 376, 386, 398, 402, 406, 432, 440, 470, 490, 495, 510, 521, 532, 536, 547]}, "field": {"prob": 0.0018018018018018018, "count": 1, "pos": [8]}, "to": {"prob": 0.03963963963963964, "count": 22, "pos": [9, 51, 89, 125, 129, 148, 213, 243, 256, 263, 300, 310, 353, 358, 385, 412, 428, 449, 476, 480, 508, 527]}, "spi": {"prob": 0.0036036036036036037, "count": 2, "pos": [10, 374]}, "on": {"prob": 0.012612612612612612, "count": 7, "pos": [11, 16, 64, 76, 252, 375, 397]}, "a": {"prob": 0.018018018018018018, "count": 10, "pos": [12, 40, 61, 192, 206, 228, 235, 283, 372, 481]}, "terrorist": {"prob": 0.0036036036036036037, "count": 2, "pos": [13, 34]}, "arm": {"prob": 0.0036036036036036037, "count": 2, "pos": [14, 66]}, "bazaar": {"prob": 0.005405405405405406, "count": 3, "pos": [15, 67, 103]}, "russian": {"prob": 0.0018018018018018018, "count": 1, "pos": [18]}, "border": {"prob": 0.0018018018018018018, "count": 1, "pos": [19]}, "via": {"prob": 0.0018018018018018018, "count": 1, "pos": [20]}, "televi": {"prob": 0.0018018018018018018, "count": 1, "pos": [21]}, "and": {"prob": 0.03963963963963964, "count": 22, "pos": [23, 81, 97, 134, 195, 218, 247, 280, 302, 331, 344, 369, 383, 394, 405, 425, 472, 478, 514, 525, 538, 542]}, "british": {"prob": 0.010810810810810811, "count": 6, "pos": [25, 57, 165, 216, 241, 434]}, "militari": {"prob": 0.0036036036036036037, "count": 2, "pos": [26, 47]}, "identifi": {"prob": 0.0018018018018018018, "count": 1, "pos": [27]}, "sever": {"prob": 0.0018018018018018018, "count": 1, "pos": [28]}, "want": {"prob": 0.0018018018018018018, "count": 1, "pos": [29]}, "men": {"prob": 0.0036036036036036037, "count": 2, "pos": [30, 203]}, "includ": {"prob": 0.0018018018018018018, "count": 1, "pos": [31]}, "american": {"prob": 0.0036036036036036037, "count": 2, "pos": [32, 46]}, "techno": {"prob": 0.0018018018018018018, "count": 1, "pos": [33]}, "henri": {"prob": 0.0018018018018018018, "count": 1, "pos": [35]}, "gupta": {"prob": 0.009009009009009009, "count": 5, "pos": [36, 106, 162, 448, 458]}, "who": {"prob": 0.0018018018018018018, "count": 1, "pos": [37]}, "is": {"prob": 0.009009009009009009, "count": 5, "pos": [38, 85, 104, 335, 444]}, "buy": {"prob": 0.0018018018018018018, "count": 1, "pos": [39]}, "gp": {"prob": 0.005405405405405406, "count": 3, "pos": [41, 157, 326]}, "encod": {"prob": 0.009009009009009009, "count": 5, "pos": [42, 110, 128, 161, 327]}, "made": {"prob": 0.0018018018018018018, "count": 1, "pos": [43]}, "by": {"prob": 0.007207207207207207, "count": 4, "pos": [44, 185, 337, 381]}, "despit": {"prob": 0.0018018018018018018, "count": 1, "pos": [48]}, "m": {"prob": 0.005405405405405406, "count": 3, "pos": [49, 251, 260]}, "insist": {"prob": 0.0018018018018018018, "count": 1, "pos": [50]}, "let": {"prob": 0.0018018018018018018, "count": 1, "pos": [52]}, "finish": {"prob": 0.0018018018018018018, "count": 1, "pos": [54]}, "hi": {"prob": 0.012612612612612612, "count": 7, "pos": [55, 123, 289, 347, 452, 463, 501]}, "reconnaiss": {"prob": 0.0018018018018018018, "count": 1, "pos": [56]}, "admir": {"prob": 0.0018018018018018018, "count": 1, "pos": [58]}, "roebuck": {"prob": 0.0036036036036036037, "count": 2, "pos": [59, 238]}, "launch": {"prob": 0.0018018018018018018, "count": 1, "pos": [60]}, "missil": {"prob": 0.014414414414414415, "count": 8, "pos": [62, 84, 200, 366, 436, 496, 522, 533]}, "attack": {"prob": 0.005405405405405406, "count": 3, "pos": [63, 237, 485]}, "then": {"prob": 0.005405405405405406, "count": 3, "pos": [69, 351, 395]}, "discov": {"prob": 0.0036036036036036037, "count": 2, "pos": [70, 362]}, "two": {"prob": 0.0018018018018018018, "count": 1, "pos": [71]}, "soviet": {"prob": 0.0018018018018018018, "count": 1, "pos": [72]}, "nuclear": {"prob": 0.0018018018018018018, "count": 1, "pos": [73]}, "torpedo": {"prob": 0.0018018018018018018, "count": 1, "pos": [74]}, "mount": {"prob": 0.0018018018018018018, "count": 1, "pos": [75]}, "an": {"prob": 0.005405405405405406, "count": 3, "pos": [77, 307, 467]}, "l": {"prob": 0.0036036036036036037, "count": 2, "pos": [78, 95]}, "39": {"prob": 0.0036036036036036037, "count": 2, "pos": [79, 96]}, "albatro": {"prob": 0.0018018018018018018, "count": 1, "pos": [80]}, "as": {"prob": 0.010810810810810811, "count": 6, "pos": [82, 234, 451, 505, 531, 549]}, "too": {"prob": 0.0018018018018018018, "count": 1, "pos": [86]}, "far": {"prob": 0.0018018018018018018, "count": 1, "pos": [87]}, "along": {"prob": 0.0018018018018018018, "count": 1, "pos": [88]}, "be": {"prob": 0.0018018018018018018, "count": 1, "pos": [90]}, "abort": {"prob": 0.0018018018018018018, "count": 1, "pos": [91]}, "hijack": {"prob": 0.0018018018018018018, "count": 1, "pos": [93]}, "fli": {"prob": 0.0018018018018018018, "count": 1, "pos": [98]}, "away": {"prob": 0.0018018018018018018, "count": 1, "pos": [99]}, "befor": {"prob": 0.0036036036036036037, "count": 2, "pos": [100, 275]}, "weapon": {"prob": 0.0018018018018018018, "count": 1, "pos": [102]}, "struck": {"prob": 0.0018018018018018018, "count": 1, "pos": [105]}, "escap": {"prob": 0.005405405405405406, "count": 3, "pos": [107, 345, 393]}, "with": {"prob": 0.010810810810810811, "count": 6, "pos": [108, 144, 191, 223, 271, 500]}, "media": {"prob": 0.005405405405405406, "count": 3, "pos": [111, 119, 268]}, "baron": {"prob": 0.0018018018018018018, "count": 1, "pos": [112]}, "elliot": {"prob": 0.0018018018018018018, "count": 1, "pos": [113]}, "carver": {"prob": 0.023423423423423424, "count": 13, "pos": [114, 118, 149, 181, 265, 267, 304, 318, 328, 414, 418, 456, 499]}, "head": {"prob": 0.0018018018018018018, "count": 1, "pos": [115]}, "of": {"prob": 0.010810810810810811, "count": 6, "pos": [116, 151, 198, 231, 288, 364]}, "group": {"prob": 0.0018018018018018018, "count": 1, "pos": [120]}, "network": {"prob": 0.0018018018018018018, "count": 1, "pos": [121]}, "begin": {"prob": 0.0018018018018018018, "count": 1, "pos": [122]}, "plan": {"prob": 0.0036036036036036037, "count": 2, "pos": [124, 150]}, "use": {"prob": 0.005405405405405406, "count": 3, "pos": [126, 159, 450]}, "provok": {"prob": 0.0018018018018018018, "count": 1, "pos": [130]}, "war": {"prob": 0.0018018018018018018, "count": 1, "pos": [131]}, "between": {"prob": 0.0018018018018018018, "count": 1, "pos": [132]}, "china": {"prob": 0.005405405405405406, "count": 3, "pos": [133, 178, 356]}, "unit": {"prob": 0.0018018018018018018, "count": 1, "pos": [136]}, "kingdom": {"prob": 0.0018018018018018018, "count": 1, "pos": [137]}, "which": {"prob": 0.0018018018018018018, "count": 1, "pos": [138]}, "would": {"prob": 0.0036036036036036037, "count": 2, "pos": [139, 314]}, "replac": {"prob": 0.0018018018018018018, "count": 1, "pos": [140]}, "chine": {"prob": 0.010810810810810811, "count": 6, "pos": [142, 172, 207, 224, 236, 373]}, "govern": {"prob": 0.0018018018018018018, "count": 1, "pos": [143]}, "one": {"prob": 0.007207207207207207, "count": 4, "pos": [145, 197, 287, 363]}, "more": {"prob": 0.0018018018018018018, "count": 1, "pos": [146]}, "support": {"prob": 0.0018018018018018018, "count": 1, "pos": [147]}, "exclus": {"prob": 0.0018018018018018018, "count": 1, "pos": [152]}, "broadcast": {"prob": 0.0018018018018018018, "count": 1,