{"__total__": 441, "__name__": "doc_187_Batman_Forever.txt", "in": {"prob": 0.015873015873015872, "count": 7, "pos": [0, 8, 90, 99, 231, 313, 384]}, "gotham": {"prob": 0.0022675736961451248, "count": 1, "pos": [1]}, "citi": {"prob": 0.0022675736961451248, "count": 1, "pos": [2]}, "batman": {"prob": 0.022675736961451247, "count": 10, "pos": [3, 95, 158, 226, 276, 334, 353, 361, 420, 427]}, "stop": {"prob": 0.0022675736961451248, "count": 1, "pos": [4]}, "a": {"prob": 0.027210884353741496, "count": 12, "pos": [5, 9, 32, 38, 45, 77, 106, 169, 209, 354, 363, 381]}, "hostag": {"prob": 0.009070294784580499, "count": 4, "pos": [6, 351, 360, 368]}, "situat": {"prob": 0.0022675736961451248, "count": 1, "pos": [7]}, "bank": {"prob": 0.0022675736961451248, "count": 1, "pos": [10]}, "caus": {"prob": 0.0022675736961451248, "count": 1, "pos": [11]}, "by": {"prob": 0.0022675736961451248, "count": 1, "pos": [12]}, "two": {"prob": 0.027210884353741496, "count": 12, "pos": [13, 27, 82, 117, 143, 186, 217, 238, 262, 296, 324, 390]}, "face": {"prob": 0.027210884353741496, "count": 12, "pos": [14, 28, 83, 118, 144, 187, 218, 239, 263, 297, 325, 391]}, "the": {"prob": 0.06349206349206349, "count": 28, "pos": [15, 19, 51, 88, 100, 103, 110, 121, 173, 175, 221, 241, 248, 251, 257, 273, 280, 291, 304, 320, 327, 341, 373, 378, 385, 388, 396, 417]}, "alter": {"prob": 0.0022675736961451248, "count": 1, "pos": [16]}, "ego": {"prob": 0.0022675736961451248, "count": 1, "pos": [17]}, "of": {"prob": 0.013605442176870748, "count": 6, "pos": [18, 108, 177, 256, 356, 419]}, "disfigur": {"prob": 0.0022675736961451248, "count": 1, "pos": [20]}, "former": {"prob": 0.0022675736961451248, "count": 1, "pos": [21]}, "district": {"prob": 0.0022675736961451248, "count": 1, "pos": [22]}, "attorney": {"prob": 0.0022675736961451248, "count": 1, "pos": [23]}, "harvey": {"prob": 0.0022675736961451248, "count": 1, "pos": [24]}, "dent": {"prob": 0.0022675736961451248, "count": 1, "pos": [25]}, "unfortun": {"prob": 0.0022675736961451248, "count": 1, "pos": [26]}, "escap": {"prob": 0.0022675736961451248, "count": 1, "pos": [29]}, "edward": {"prob": 0.006802721088435374, "count": 3, "pos": [30, 61, 212]}, "nygma": {"prob": 0.006802721088435374, "count": 3, "pos": [31, 167, 196]}, "research": {"prob": 0.0022675736961451248, "count": 1, "pos": [33]}, "at": {"prob": 0.006802721088435374, "count": 3, "pos": [34, 133, 208]}, "wayn": {"prob": 0.011337868480725623, "count": 5, "pos": [35, 49, 134, 246, 432]}, "enterpri": {"prob": 0.0022675736961451248, "count": 1, "pos": [36]}, "develop": {"prob": 0.0022675736961451248, "count": 1, "pos": [37]}, "devic": {"prob": 0.0045351473922902496, "count": 2, "pos": [39, 376]}, "to": {"prob": 0.04081632653061224, "count": 18, "pos": [40, 44, 76, 93, 131, 141, 233, 300, 303, 315, 336, 365, 371, 393, 401, 408, 415, 421]}, "beam": {"prob": 0.0022675736961451248, "count": 1, "pos": [41]}, "televi": {"prob": 0.0022675736961451248, "count": 1, "pos": [42]}, "direct": {"prob": 0.0022675736961451248, "count": 1, "pos": [43]}, "person": {"prob": 0.0022675736961451248, "count": 1, "pos": [46]}, "brain": {"prob": 0.0022675736961451248, "count": 1, "pos": [47]}, "bruce": {"prob": 0.018140589569160998, "count": 8, "pos": [48, 73, 123, 154, 192, 214, 268, 431]}, "reject": {"prob": 0.0045351473922902496, "count": 2, "pos": [50, 194]}, "invent": {"prob": 0.0045351473922902496, "count": 2, "pos": [52, 190]}, "note": {"prob": 0.0022675736961451248, "count": 1, "pos": [53]}, "that": {"prob": 0.006802721088435374, "count": 3, "pos": [54, 191, 307]}, "it": {"prob": 0.0045351473922902496, "count": 2, "pos": [55, 312]}, "rai": {"prob": 0.0022675736961451248, "count": 1, "pos": [56]}, "too": {"prob": 0.0022675736961451248, "count": 1, "pos": [57]}, "mani": {"prob": 0.0022675736961451248, "count": 1, "pos": [58]}, "question": {"prob": 0.0022675736961451248, "count": 1, "pos": [59]}, "and": {"prob": 0.05215419501133787, "count": 23, "pos": [60, 84, 98, 115, 128, 145, 150, 179, 181, 199, 203, 223, 240, 253, 259, 261, 277, 298, 330, 346, 369, 404, 434]}, "angrili": {"prob": 0.0022675736961451248, "count": 1, "pos": [62]}, "resign": {"prob": 0.0022675736961451248, "count": 1, "pos": [63]}, "from": {"prob": 0.0022675736961451248, "count": 1, "pos": [64]}, "hi": {"prob": 0.024943310657596373, "count": 11, "pos": [65, 85, 139, 147, 163, 189, 235, 338, 394, 411, 437]}, "posit": {"prob": 0.0022675736961451248, "count": 1, "pos": [66]}, "after": {"prob": 0.0045351473922902496, "count": 2, "pos": [67, 271]}, "meet": {"prob": 0.0045351473922902496, "count": 2, "pos": [68, 430]}, "psychiatrist": {"prob": 0.0022675736961451248, "count": 1, "pos": [69]}, "dr": {"prob": 0.0022675736961451248, "count": 1, "pos": [70]}, "chase": {"prob": 0.011337868480725623, "count": 5, "pos": [71, 265, 347, 405, 428]}, "meridian": {"prob": 0.0022675736961451248, "count": 1, "pos": [72]}, "invit": {"prob": 0.0022675736961451248, "count": 1, "pos": [74]}, "her": {"prob": 0.0045351473922902496, "count": 2, "pos": [75, 422]}, "chariti": {"prob": 0.0022675736961451248, "count": 1, "pos": [78]}, "circu": {"prob": 0.0022675736961451248, "count": 1, "pos": [79]}, "event": {"prob": 0.0045351473922902496, "count": 2, "pos": [80, 89]}, "there": {"prob": 0.0022675736961451248, "count": 1, "pos": [81]}, "henchmen": {"prob": 0.0022675736961451248, "count": 1, "pos": [86]}, "storm": {"prob": 0.0022675736961451248, "count": 1, "pos": [87]}, "an": {"prob": 0.0045351473922902496, "count": 2, "pos": [91, 183]}, "attempt": {"prob": 0.0022675736961451248, "count": 1, "pos": [92]}, "discov": {"prob": 0.006802721088435374, "count": 3, "pos": [94, 153, 213]}, "secret": {"prob": 0.009070294784580499, "count": 4, "pos": [96, 155, 215, 438]}, "ident": {"prob": 0.009070294784580499, "count": 4, "pos": [97, 156, 216, 418]}, "process": {"prob": 0.0045351473922902496, "count": 2, "pos": [101, 386]}, "murder": {"prob": 0.006802721088435374, "count": 3, "pos": [102, 149, 317]}, "fli": {"prob": 0.0022675736961451248, "count": 1, "pos": [104]}, "grayson": {"prob": 0.0022675736961451248, "count": 1, "pos": [105]}, "famili": {"prob": 0.0045351473922902496, "count": 2, "pos": [107, 148]}, "acrobat": {"prob": 0.0022675736961451248, "count": 1, "pos": [109]}, "youngest": {"prob": 0.0022675736961451248, "count": 1, "pos": [111]}, "member": {"prob": 0.0022675736961451248, "count": 1, "pos": [112]}, "dick": {"prob": 0.006802721088435374, "count": 3, "pos": [113, 127, 136]}, "surviv": {"prob": 0.0022675736961451248, "count": 1, "pos": [114]}, "throw": {"prob": 0.0022675736961451248, "count": 1, "pos": [116]}, "bomb": {"prob": 0.0022675736961451248, "count": 1, "pos": [119]}, "into": {"prob": 0.009070294784580499, "count": 4, "pos": [120, 245, 340, 380]}, "river": {"prob": 0.0022675736961451248, "count": 1, "pos": [122]}, "assum": {"prob": 0.0022675736961451248, "count": 1, "pos": [124]}, "respon": {"prob": 0.0022675736961451248, "count": 1, "pos": [125]}, "for": {"prob": 0.0022675736961451248, "count": 1, "pos": [126]}, "allow": {"prob": 0.0022675736961451248, "count": 1, "pos": [129]}, "him": {"prob": 0.009070294784580499, "count": 4, "pos": [130, 302, 314, 436]}, "stay": {"prob": 0.0022675736961451248, "count": 1, "pos": [132]}, "manor": {"prob": 0.0045351473922902496, "count": 2, "pos": [135, 247]}, "then": {"prob": 0.009070294784580499, "count": 4, "pos": [137, 219, 294, 429]}, "declar": {"prob": 0.0022675736961451248, "count": 1, "pos": [138]}, "intent": {"prob": 0.0022675736961451248, "count": 1, "pos": [140]}, "kill": {"prob": 0.0045351473922902496, "count": 2, "pos": [142, 225]}, "aveng": {"prob": 0.0022675736961451248, "count": 1, "pos": [146]}, "when": {"prob": 0.0022675736961451248, "count": 1, "pos": [151]}, "he": {"prob": 0.011337868480725623, "count": 5, "pos": [152, 159, 260, 308, 424]}, "as": {"prob": 0.006802721088435374, "count": 3, "pos": [157, 172, 350]}, "insist": {"prob": 0.0022675736961451248, "count": 1, "pos": [160]},