{"__total__": 562, "__name__": "doc_189_Batman_Robin.txt", "in": {"prob": 0.014234875444839857, "count": 8, "pos": [0, 53, 79, 193, 275, 355, 455, 475]}, "gotham": {"prob": 0.012455516014234875, "count": 7, "pos": [1, 179, 194, 248, 400, 442, 459]}, "citi": {"prob": 0.0035587188612099642, "count": 2, "pos": [2, 249]}, "batman": {"prob": 0.023131672597864767, "count": 13, "pos": [3, 24, 272, 310, 343, 361, 381, 417, 422, 436, 463, 482, 504]}, "and": {"prob": 0.037366548042704624, "count": 21, "pos": [4, 21, 104, 131, 140, 207, 273, 299, 311, 323, 338, 359, 378, 383, 397, 409, 413, 418, 439, 494, 552]}, "robin": {"prob": 0.01601423487544484, "count": 9, "pos": [5, 20, 31, 274, 333, 349, 382, 408, 440]}, "attempt": {"prob": 0.0017793594306049821, "count": 1, "pos": [6]}, "to": {"prob": 0.028469750889679714, "count": 16, "pos": [7, 29, 60, 120, 144, 181, 210, 218, 223, 241, 340, 356, 452, 457, 496, 555]}, "stop": {"prob": 0.0017793594306049821, "count": 1, "pos": [8]}, "mr": {"prob": 0.0017793594306049821, "count": 1, "pos": [9]}, "freez": {"prob": 0.026690391459074734, "count": 15, "pos": [10, 19, 35, 295, 306, 332, 345, 387, 396, 405, 419, 424, 465, 484, 544]}, "from": {"prob": 0.012455516014234875, "count": 7, "pos": [11, 71, 170, 226, 303, 404, 460]}, "steal": {"prob": 0.0035587188612099642, "count": 2, "pos": [12, 300]}, "a": {"prob": 0.03558718861209965, "count": 20, "pos": [13, 45, 54, 62, 72, 92, 117, 149, 168, 204, 232, 238, 243, 251, 261, 301, 369, 429, 466, 542]}, "cach": {"prob": 0.0017793594306049821, "count": 1, "pos": [14]}, "of": {"prob": 0.012455516014234875, "count": 7, "pos": [15, 137, 151, 321, 431, 468, 516]}, "diamond": {"prob": 0.005338078291814947, "count": 3, "pos": [16, 46, 302]}, "the": {"prob": 0.037366548042704624, "count": 21, "pos": [17, 108, 121, 126, 135, 138, 159, 183, 258, 297, 304, 319, 327, 393, 426, 445, 508, 513, 521, 531, 560]}, "supervillain": {"prob": 0.0017793594306049821, "count": 1, "pos": [18]}, "flee": {"prob": 0.0035587188612099642, "count": 2, "pos": [22, 317]}, "warn": {"prob": 0.0017793594306049821, "count": 1, "pos": [23]}, "he": {"prob": 0.012455516014234875, "count": 7, "pos": [25, 57, 351, 363, 499, 510, 533]}, "ha": {"prob": 0.0017793594306049821, "count": 1, "pos": [26]}, "11": {"prob": 0.0017793594306049821, "count": 1, "pos": [27]}, "minut": {"prob": 0.0017793594306049821, "count": 1, "pos": [28]}, "thaw": {"prob": 0.0035587188612099642, "count": 2, "pos": [30, 458]}, "they": {"prob": 0.0035587188612099642, "count": 2, "pos": [32, 390]}, "learn": {"prob": 0.0017793594306049821, "count": 1, "pos": [33]}, "that": {"prob": 0.005338078291814947, "count": 3, "pos": [34, 245, 485]}, "wa": {"prob": 0.0071174377224199285, "count": 4, "pos": [36, 58, 69, 492]}, "scientist": {"prob": 0.005338078291814947, "count": 3, "pos": [37, 94, 523]}, "dr": {"prob": 0.010676156583629894, "count": 6, "pos": [38, 83, 89, 114, 129, 165]}, "victor": {"prob": 0.0035587188612099642, "count": 2, "pos": [39, 506]}, "fri": {"prob": 0.0017793594306049821, "count": 1, "pos": [40]}, "who": {"prob": 0.0071174377224199285, "count": 4, "pos": [41, 68, 95, 329]}, "becam": {"prob": 0.0017793594306049821, "count": 1, "pos": [42]}, "depend": {"prob": 0.0017793594306049821, "count": 1, "pos": [43]}, "on": {"prob": 0.0017793594306049821, "count": 1, "pos": [44]}, "power": {"prob": 0.0017793594306049821, "count": 1, "pos": [47]}, "subzero": {"prob": 0.0017793594306049821, "count": 1, "pos": [48]}, "suit": {"prob": 0.0017793594306049821, "count": 1, "pos": [49]}, "follow": {"prob": 0.0017793594306049821, "count": 1, "pos": [50]}, "an": {"prob": 0.0017793594306049821, "count": 1, "pos": [51]}, "accid": {"prob": 0.0017793594306049821, "count": 1, "pos": [52]}, "cryogen": {"prob": 0.0017793594306049821, "count": 1, "pos": [55]}, "lab": {"prob": 0.0017793594306049821, "count": 1, "pos": [56]}, "use": {"prob": 0.0071174377224199285, "count": 4, "pos": [59, 136, 182, 449]}, "find": {"prob": 0.0017793594306049821, "count": 1, "pos": [61]}, "cure": {"prob": 0.0035587188612099642, "count": 2, "pos": [63, 509]}, "for": {"prob": 0.012455516014234875, "count": 7, "pos": [64, 178, 189, 507, 512, 519, 525]}, "hi": {"prob": 0.008896797153024912, "count": 5, "pos": [65, 98, 486, 502, 526]}, "wife": {"prob": 0.0035587188612099642, "count": 2, "pos": [66, 487]}, "nora": {"prob": 0.0035587188612099642, "count": 2, "pos": [67, 481]}, "suffer": {"prob": 0.0035587188612099642, "count": 2, "pos": [70, 225]}, "termin": {"prob": 0.0017793594306049821, "count": 1, "pos": [73]}, "ill": {"prob": 0.0017793594306049821, "count": 1, "pos": [74]}, "call": {"prob": 0.0035587188612099642, "count": 2, "pos": [75, 373]}, "macgregor": {"prob": 0.005338078291814947, "count": 3, "pos": [76, 227, 517]}, "syndrom": {"prob": 0.005338078291814947, "count": 3, "pos": [77, 228, 518]}, "meanwhil": {"prob": 0.0017793594306049821, "count": 1, "pos": [78]}, "south": {"prob": 0.0017793594306049821, "count": 1, "pos": [80]}, "america": {"prob": 0.0017793594306049821, "count": 1, "pos": [81]}, "botanist": {"prob": 0.0017793594306049821, "count": 1, "pos": [82]}, "pamela": {"prob": 0.005338078291814947, "count": 3, "pos": [84, 112, 132]}, "isley": {"prob": 0.0017793594306049821, "count": 1, "pos": [85]}, "is": {"prob": 0.017793594306049824, "count": 10, "pos": [86, 105, 208, 221, 264, 307, 401, 488, 537, 549]}, "work": {"prob": 0.0017793594306049821, "count": 1, "pos": [87]}, "under": {"prob": 0.0017793594306049821, "count": 1, "pos": [88]}, "jason": {"prob": 0.0017793594306049821, "count": 1, "pos": [90]}, "woodru": {"prob": 0.008896797153024912, "count": 5, "pos": [91, 115, 130, 147, 166]}, "mad": {"prob": 0.0017793594306049821, "count": 1, "pos": [93]}, "recent": {"prob": 0.0017793594306049821, "count": 1, "pos": [96]}, "had": {"prob": 0.0035587188612099642, "count": 2, "pos": [97, 534]}, "fund": {"prob": 0.0017793594306049821, "count": 1, "pos": [99]}, "cut": {"prob": 0.0017793594306049821, "count": 1, "pos": [100]}, "by": {"prob": 0.010676156583629894, "count": 6, "pos": [101, 186, 266, 309, 443, 528]}, "wayn": {"prob": 0.010676156583629894, "count": 6, "pos": [102, 187, 198, 213, 233, 267]}, "enterpri": {"prob": 0.0071174377224199285, "count": 4, "pos": [103, 188, 234, 268]}, "experi": {"prob": 0.0035587188612099642, "count": 2, "pos": [106, 122]}, "with": {"prob": 0.019572953736654804, "count": 11, "pos": [107, 167, 176, 269, 286, 318, 336, 421, 428, 473, 541]}, "strength": {"prob": 0.0017793594306049821, "count": 1, "pos": [109]}, "serum": {"prob": 0.0017793594306049821, "count": 1, "pos": [110]}, "venom": {"prob": 0.0017793594306049821, "count": 1, "pos": [111]}, "discov": {"prob": 0.0017793594306049821, "count": 1, "pos": [113]}, "subject": {"prob": 0.0017793594306049821, "count": 1, "pos": [116]}, "diminut": {"prob": 0.0017793594306049821, "count": 1, "pos": [118]}, "convict": {"prob": 0.0017793594306049821, "count": 1, "pos": [119]}, "transform": {"prob": 0.0035587188612099642, "count": 2, "pos": [123, 157]}, "him": {"prob": 0.0071174377224199285, "count": 4, "pos": [124, 146, 415, 530]}, "into": {"prob": 0.005338078291814947, "count": 3, "pos": [125, 158, 250]}, "muscular": {"prob": 0.0017793594306049821, "count": 1, "pos": [127]}, "bane": {"prob": 0.010676156583629894, "count": 6, "pos": [128, 177, 324, 398, 412, 433]}, "argu": {"prob": 0.0017793594306049821, "count": 1, "pos": [133]}, "over": {"prob": 0.0017793594306049821, "count": 1, "pos": [134]}, "drug": {"prob": 0.0017793594306049821, "count": 1, "pos": [139]}, "when": {"prob": 0.0071174377224199285, "count": 4, "pos": [141, 350, 362, 389]}, "she": {"prob": 0.012455516014234875, "count": 7, "pos": [142, 156, 174, 216, 290, 477, 491]}, "refus": {"prob": 0.0017793594306049821, "count": 1, "pos": [143]}, "join": {"prob": 0.0017793594306049821, "count": 1, "pos": [145]}, "overturn": {"prob": 0.0017793594306049821, "count": 1, "pos": [148]}, "shelf": {"prob": 0.0017793594306049821, "count": 1, "pos": [150]},