{"__total__": 345, "__name__": "doc_1894_Two_Weeks_Notice.txt", "luci": {"prob": 0.02318840579710145, "count": 8, "pos": [0, 32, 48, 231, 280, 303, 329, 339]}, "kelson": {"prob": 0.002898550724637681, "count": 1, "pos": [1]}, "is": {"prob": 0.028985507246376812, "count": 10, "pos": [2, 17, 106, 155, 163, 170, 181, 281, 325, 342]}, "a": {"prob": 0.008695652173913044, "count": 3, "pos": [3, 148, 336]}, "liber": {"prob": 0.002898550724637681, "count": 1, "pos": [4]}, "lawyer": {"prob": 0.002898550724637681, "count": 1, "pos": [5]}, "who": {"prob": 0.005797101449275362, "count": 2, "pos": [6, 24]}, "special": {"prob": 0.002898550724637681, "count": 1, "pos": [7]}, "in": {"prob": 0.02608695652173913, "count": 9, "pos": [8, 11, 51, 108, 215, 263, 276, 287, 307]}, "environ": {"prob": 0.002898550724637681, "count": 1, "pos": [9]}, "law": {"prob": 0.002898550724637681, "count": 1, "pos": [10]}, "new": {"prob": 0.005797101449275362, "count": 2, "pos": [12, 278]}, "york": {"prob": 0.002898550724637681, "count": 1, "pos": [13]}, "citi": {"prob": 0.002898550724637681, "count": 1, "pos": [14]}, "georg": {"prob": 0.014492753623188406, "count": 5, "pos": [15, 42, 50, 243, 311]}, "wade": {"prob": 0.002898550724637681, "count": 1, "pos": [16]}, "an": {"prob": 0.014492753623188406, "count": 5, "pos": [18, 52, 151, 178, 206]}, "immatur": {"prob": 0.002898550724637681, "count": 1, "pos": [19]}, "billionair": {"prob": 0.002898550724637681, "count": 1, "pos": [20]}, "real": {"prob": 0.002898550724637681, "count": 1, "pos": [21]}, "estat": {"prob": 0.002898550724637681, "count": 1, "pos": [22]}, "tycoon": {"prob": 0.002898550724637681, "count": 1, "pos": [23]}, "ha": {"prob": 0.008695652173913044, "count": 3, "pos": [25, 217, 250]}, "almost": {"prob": 0.005797101449275362, "count": 2, "pos": [26, 30]}, "everyth": {"prob": 0.002898550724637681, "count": 1, "pos": [27]}, "and": {"prob": 0.028985507246376812, "count": 10, "pos": [28, 35, 46, 119, 135, 187, 216, 224, 291, 324]}, "know": {"prob": 0.005797101449275362, "count": 2, "pos": [29, 80]}, "noth": {"prob": 0.002898550724637681, "count": 1, "pos": [31]}, "hard": {"prob": 0.002898550724637681, "count": 1, "pos": [33]}, "work": {"prob": 0.005797101449275362, "count": 2, "pos": [34, 95]}, "devot": {"prob": 0.002898550724637681, "count": 1, "pos": [36]}, "to": {"prob": 0.03768115942028986, "count": 13, "pos": [37, 54, 69, 72, 88, 172, 175, 177, 189, 192, 197, 208, 261]}, "other": {"prob": 0.008695652173913044, "count": 3, "pos": [38, 203, 298]}, "contrast": {"prob": 0.002898550724637681, "count": 1, "pos": [39]}, "sharpli": {"prob": 0.002898550724637681, "count": 1, "pos": [40]}, "with": {"prob": 0.017391304347826087, "count": 6, "pos": [41, 132, 248, 302, 310, 335]}, "world": {"prob": 0.002898550724637681, "count": 1, "pos": [43]}, "weari": {"prob": 0.002898550724637681, "count": 1, "pos": [44]}, "reckless": {"prob": 0.002898550724637681, "count": 1, "pos": [45]}, "greed": {"prob": 0.002898550724637681, "count": 1, "pos": [47]}, "meet": {"prob": 0.002898550724637681, "count": 1, "pos": [49]}, "attempt": {"prob": 0.008695652173913044, "count": 3, "pos": [53, 68, 207]}, "stop": {"prob": 0.002898550724637681, "count": 1, "pos": [55]}, "the": {"prob": 0.03188405797101449, "count": 11, "pos": [56, 59, 90, 133, 161, 222, 257, 264, 299, 315, 318]}, "destruct": {"prob": 0.002898550724637681, "count": 1, "pos": [57]}, "of": {"prob": 0.020289855072463767, "count": 7, "pos": [58, 81, 111, 142, 150, 235, 317]}, "coney": {"prob": 0.002898550724637681, "count": 1, "pos": [60]}, "island": {"prob": 0.002898550724637681, "count": 1, "pos": [61]}, "commun": {"prob": 0.005797101449275362, "count": 2, "pos": [62, 91]}, "center": {"prob": 0.005797101449275362, "count": 2, "pos": [63, 92]}, "from": {"prob": 0.005797101449275362, "count": 2, "pos": [64, 200]}, "her": {"prob": 0.04927536231884058, "count": 17, "pos": [65, 71, 122, 138, 147, 157, 185, 191, 199, 210, 218, 220, 249, 262, 277, 290, 308]}, "childhood": {"prob": 0.002898550724637681, "count": 1, "pos": [66]}, "he": {"prob": 0.034782608695652174, "count": 12, "pos": [67, 86, 103, 120, 145, 169, 180, 194, 212, 255, 259, 285]}, "hire": {"prob": 0.002898550724637681, "count": 1, "pos": [70]}, "replac": {"prob": 0.005797101449275362, "count": 2, "pos": [73, 221]}, "hi": {"prob": 0.017391304347826087, "count": 6, "pos": [74, 82, 112, 116, 246, 272]}, "old": {"prob": 0.002898550724637681, "count": 1, "pos": [75]}, "chief": {"prob": 0.002898550724637681, "count": 1, "pos": [76]}, "counsel": {"prob": 0.002898550724637681, "count": 1, "pos": [77]}, "amber": {"prob": 0.002898550724637681, "count": 1, "pos": [78]}, "she": {"prob": 0.03188405797101449, "count": 11, "pos": [79, 94, 98, 114, 127, 154, 165, 229, 238, 241, 322]}, "playboy": {"prob": 0.002898550724637681, "count": 1, "pos": [83]}, "tendenc": {"prob": 0.002898550724637681, "count": 1, "pos": [84]}, "but": {"prob": 0.005797101449275362, "count": 2, "pos": [85, 332]}, "promi": {"prob": 0.005797101449275362, "count": 2, "pos": [87, 258]}, "protect": {"prob": 0.002898550724637681, "count": 1, "pos": [89]}, "if": {"prob": 0.005797101449275362, "count": 2, "pos": [93, 267]}, "for": {"prob": 0.014492753623188406, "count": 5, "pos": [96, 123, 289, 296, 343]}, "him": {"prob": 0.011594202898550725, "count": 4, "pos": [97, 137, 253, 283]}, "soon": {"prob": 0.002898550724637681, "count": 1, "pos": [99]}, "find": {"prob": 0.005797101449275362, "count": 2, "pos": [100, 166]}, "that": {"prob": 0.008695652173913044, "count": 3, "pos": [101, 168, 245]}, "what": {"prob": 0.005797101449275362, "count": 2, "pos": [102, 174]}, "realli": {"prob": 0.005797101449275362, "count": 2, "pos": [104, 251]}, "requir": {"prob": 0.002898550724637681, "count": 1, "pos": [105]}, "advic": {"prob": 0.002898550724637681, "count": 1, "pos": [107]}, "all": {"prob": 0.002898550724637681, "count": 1, "pos": [109]}, "aspect": {"prob": 0.002898550724637681, "count": 1, "pos": [110]}, "life": {"prob": 0.002898550724637681, "count": 1, "pos": [113]}, "becom": {"prob": 0.002898550724637681, "count": 1, "pos": [115]}, "indispen": {"prob": 0.002898550724637681, "count": 1, "pos": [117]}, "aid": {"prob": 0.002898550724637681, "count": 1, "pos": [118]}, "call": {"prob": 0.002898550724637681, "count": 1, "pos": [121]}, "everi": {"prob": 0.002898550724637681, "count": 1, "pos": [124]}, "littl": {"prob": 0.002898550724637681, "count": 1, "pos": [125]}, "thing": {"prob": 0.002898550724637681, "count": 1, "pos": [126]}, "final": {"prob": 0.005797101449275362, "count": 2, "pos": [128, 213]}, "get": {"prob": 0.008695652173913044, "count": 3, "pos": [129, 201, 233]}, "fed": {"prob": 0.002898550724637681, "count": 1, "pos": [130]}, "up": {"prob": 0.002898550724637681, "count": 1, "pos": [131]}, "situat": {"prob": 0.002898550724637681, "count": 1, "pos": [134]}, "give": {"prob": 0.005797101449275362, "count": 2, "pos": [136, 214]}, "two": {"prob": 0.005797101449275362, "count": 2, "pos": [139, 344]}, "week": {"prob": 0.002898550724637681, "count": 1, "pos": [140]}, "notic": {"prob": 0.002898550724637681, "count": 1, "pos": [141]}, "resign": {"prob": 0.005797101449275362, "count": 2, "pos": [143, 186]}, "after": {"prob": 0.005797101449275362, "count": 2, "pos": [144, 240]}, "send": {"prob": 0.002898550724637681, "count": 1, "pos": [146]}, "messag": {"prob": 0.002898550724637681, "count": 1, "pos": [149]}, "emerg": {"prob": 0.005797101449275362, "count": 2, "pos": [152, 162]}, "while": {"prob": 0.002898550724637681, "count": 1, "pos": [153]}, "at": {"prob": 0.002898550724637681, "count": 1, "pos": [156]}, "friend": {"prob": 0.002898550724637681, "count": 1, "pos": [158]}, "wed": {"prob": 0.002898550724637681, "count": 1, "pos": [159]}, "sinc": {"prob": 0.002898550724637681, "count": 1, "pos": [160]}, "as": {"prob": 0.008695652173913044, "count": 3, "pos": [164, 205, 254]}, "out": {"prob": 0.005797101449275362, "count": 2, "pos": [167, 306]}, "unabl": {"prob": 0.002898550724637681, "count": 1,