{"__total__": 530, "__name__": "doc_1907_Vampyr.txt", "on": {"prob": 0.009433962264150943, "count": 5, "pos": [0, 39, 50, 75, 219]}, "a": {"prob": 0.026415094339622643, "count": 14, "pos": [1, 19, 36, 96, 242, 245, 286, 320, 352, 394, 430, 454, 499, 509]}, "late": {"prob": 0.0037735849056603774, "count": 2, "pos": [2, 143]}, "even": {"prob": 0.0018867924528301887, "count": 1, "pos": [3]}, "allan": {"prob": 0.0037735849056603774, "count": 2, "pos": [4, 407]}, "gray": {"prob": 0.04339622641509434, "count": 23, "pos": [5, 23, 40, 52, 78, 89, 104, 122, 150, 165, 180, 212, 223, 237, 269, 284, 292, 304, 332, 340, 385, 408, 497]}, "arriv": {"prob": 0.0037735849056603774, "count": 2, "pos": [6, 464]}, "at": {"prob": 0.0037735849056603774, "count": 2, "pos": [7, 265]}, "an": {"prob": 0.011320754716981131, "count": 6, "pos": [8, 28, 64, 81, 398, 446]}, "inn": {"prob": 0.0018867924528301887, "count": 1, "pos": [9]}, "close": {"prob": 0.0018867924528301887, "count": 1, "pos": [10]}, "to": {"prob": 0.02830188679245283, "count": 15, "pos": [11, 21, 43, 63, 95, 132, 144, 166, 192, 208, 217, 296, 310, 375, 392]}, "the": {"prob": 0.08867924528301886, "count": 47, "pos": [12, 32, 54, 86, 91, 102, 106, 111, 126, 133, 136, 147, 152, 155, 158, 167, 209, 214, 221, 225, 235, 249, 259, 266, 273, 279, 281, 314, 326, 329, 342, 347, 371, 378, 382, 390, 404, 414, 419, 423, 439, 461, 467, 471, 476, 483, 486]}, "villag": {"prob": 0.009433962264150943, "count": 5, "pos": [13, 87, 260, 415, 440]}, "of": {"prob": 0.01509433962264151, "count": 8, "pos": [14, 101, 135, 157, 244, 354, 381, 485]}, "courtempierr": {"prob": 0.0018867924528301887, "count": 1, "pos": [15]}, "where": {"prob": 0.013207547169811321, "count": 7, "pos": [16, 67, 154, 169, 211, 349, 456]}, "he": {"prob": 0.011320754716981131, "count": 6, "pos": [17, 68, 170, 276, 350, 364]}, "rent": {"prob": 0.0018867924528301887, "count": 1, "pos": [18]}, "room": {"prob": 0.0037735849056603774, "count": 2, "pos": [20, 33]}, "sleep": {"prob": 0.0018867924528301887, "count": 1, "pos": [22]}, "is": {"prob": 0.018867924528301886, "count": 10, "pos": [24, 117, 123, 177, 227, 241, 289, 373, 396, 488]}, "awaken": {"prob": 0.0018867924528301887, "count": 1, "pos": [25]}, "sudden": {"prob": 0.0037735849056603774, "count": 2, "pos": [26, 118]}, "by": {"prob": 0.009433962264150943, "count": 5, "pos": [27, 120, 128, 409, 503]}, "old": {"prob": 0.01509433962264151, "count": 8, "pos": [29, 65, 115, 274, 379, 424, 447, 462]}, "man": {"prob": 0.009433962264150943, "count": 5, "pos": [30, 107, 116, 138, 275]}, "enter": {"prob": 0.0018867924528301887, "count": 1, "pos": [31]}, "and": {"prob": 0.03018867924528302, "count": 16, "pos": [34, 56, 73, 84, 93, 181, 247, 268, 291, 308, 388, 421, 428, 465, 496, 505]}, "leav": {"prob": 0.0037735849056603774, "count": 2, "pos": [35, 90]}, "squar": {"prob": 0.0018867924528301887, "count": 1, "pos": [37]}, "packet": {"prob": 0.0018867924528301887, "count": 1, "pos": [38]}, "tabl": {"prob": 0.0018867924528301887, "count": 1, "pos": [41]}, "with": {"prob": 0.005660377358490566, "count": 3, "pos": [42, 198, 397]}, "be": {"prob": 0.0037735849056603774, "count": 2, "pos": [44, 356]}, "open": {"prob": 0.005660377358490566, "count": 3, "pos": [45, 220, 418]}, "upon": {"prob": 0.0018867924528301887, "count": 1, "pos": [46]}, "my": {"prob": 0.0018867924528301887, "count": 1, "pos": [47]}, "death": {"prob": 0.0018867924528301887, "count": 1, "pos": [48]}, "written": {"prob": 0.0018867924528301887, "count": 1, "pos": [49]}, "it": {"prob": 0.0037735849056603774, "count": 2, "pos": [51, 141]}, "take": {"prob": 0.0018867924528301887, "count": 1, "pos": [53]}, "packag": {"prob": 0.0037735849056603774, "count": 2, "pos": [55, 112]}, "walk": {"prob": 0.005660377358490566, "count": 3, "pos": [57, 94, 188]}, "outsid": {"prob": 0.005660377358490566, "count": 3, "pos": [58, 189, 502]}, "find": {"prob": 0.020754716981132074, "count": 11, "pos": [59, 140, 194, 224, 313, 333, 344, 384, 422, 450, 506]}, "shadow": {"prob": 0.0037735849056603774, "count": 2, "pos": [60, 71]}, "guid": {"prob": 0.0018867924528301887, "count": 1, "pos": [61]}, "him": {"prob": 0.009433962264150943, "count": 5, "pos": [62, 110, 146, 218, 271]}, "castl": {"prob": 0.007547169811320755, "count": 4, "pos": [66, 92, 280, 348]}, "see": {"prob": 0.007547169811320755, "count": 4, "pos": [69, 80, 105, 185]}, "sever": {"prob": 0.0018867924528301887, "count": 1, "pos": [70]}, "danc": {"prob": 0.0018867924528301887, "count": 1, "pos": [72]}, "wander": {"prob": 0.0018867924528301887, "count": 1, "pos": [74]}, "their": {"prob": 0.0037735849056603774, "count": 2, "pos": [76, 402]}, "own": {"prob": 0.0018867924528301887, "count": 1, "pos": [77]}, "also": {"prob": 0.0037735849056603774, "count": 2, "pos": [79, 251]}, "elder": {"prob": 0.0018867924528301887, "count": 1, "pos": [82]}, "woman": {"prob": 0.0037735849056603774, "count": 2, "pos": [83, 425]}, "encount": {"prob": 0.0018867924528301887, "count": 1, "pos": [85]}, "doctor": {"prob": 0.01509433962264151, "count": 8, "pos": [88, 261, 282, 315, 327, 343, 372, 441]}, "manor": {"prob": 0.011320754716981131, "count": 6, "pos": [97, 159, 210, 267, 330, 383]}, "look": {"prob": 0.0018867924528301887, "count": 1, "pos": [98]}, "through": {"prob": 0.005660377358490566, "count": 3, "pos": [99, 401, 434]}, "one": {"prob": 0.01509433962264151, "count": 8, "pos": [100, 176, 187, 240, 264, 299, 312, 492]}, "window": {"prob": 0.0018867924528301887, "count": 1, "pos": [103]}, "who": {"prob": 0.005660377358490566, "count": 3, "pos": [108, 130, 316]}, "gave": {"prob": 0.0018867924528301887, "count": 1, "pos": [109]}, "earlier": {"prob": 0.0018867924528301887, "count": 1, "pos": [113]}, "thi": {"prob": 0.0037735849056603774, "count": 2, "pos": [114, 362]}, "murder": {"prob": 0.0018867924528301887, "count": 1, "pos": [119]}, "gunshot": {"prob": 0.0018867924528301887, "count": 1, "pos": [121]}, "let": {"prob": 0.0018867924528301887, "count": 1, "pos": [124]}, "into": {"prob": 0.0037735849056603774, "count": 2, "pos": [125, 256]}, "hous": {"prob": 0.0018867924528301887, "count": 1, "pos": [127]}, "servant": {"prob": 0.009433962264150943, "count": 5, "pos": [129, 148, 380, 405, 463]}, "rush": {"prob": 0.005660377358490566, "count": 3, "pos": [131, 191, 309]}, "aid": {"prob": 0.0018867924528301887, "count": 1, "pos": [134]}, "fallen": {"prob": 0.0018867924528301887, "count": 1, "pos": [137]}, "but": {"prob": 0.0037735849056603774, "count": 2, "pos": [139, 449]}, "too": {"prob": 0.0018867924528301887, "count": 1, "pos": [142]}, "save": {"prob": 0.0037735849056603774, "count": 2, "pos": [145, 297]}, "have": {"prob": 0.005660377358490566, "count": 3, "pos": [149, 203, 253]}, "stay": {"prob": 0.0018867924528301887, "count": 1, "pos": [151]}, "night": {"prob": 0.0018867924528301887, "count": 1, "pos": [153]}, "lord": {"prob": 0.0018867924528301887, "count": 1, "pos": [156]}, "youngest": {"prob": 0.0018867924528301887, "count": 1, "pos": [160]}, "daughter": {"prob": 0.0018867924528301887, "count": 1, "pos": [161]}, "gis\u00e3": {"prob": 0.009433962264150943, "count": 5, "pos": [162, 182, 335, 368, 494]}, "le": {"prob": 0.009433962264150943, "count": 5, "pos": [163, 183, 336, 369, 495]}, "lead": {"prob": 0.0018867924528301887, "count": 1, "pos": [164]}, "librari": {"prob": 0.0018867924528301887, "count": 1, "pos": [168]}, "learn": {"prob": 0.0018867924528301887, "count": 1, "pos": [171]}, "that": {"prob": 0.009433962264150943, "count": 5, "pos": [172, 248, 285, 334, 478]}, "her": {"prob": 0.013207547169811321, "count": 7, "pos": [173, 193, 195, 204, 257, 435, 438]}, "sister": {"prob": 0.0018867924528301887, "count": 1, "pos": [174]}, "l\u00e3": {"prob": 0.013207547169811321, "count": 7, "pos": [175, 186, 239, 263, 298, 311, 491]}, "grave": {"prob": 0.005660377358490566, "count": 3, "pos": [178, 412, 420]}, "ill": {"prob": 0.0018867924528301887, "count": 1, "pos": [179]}, "then": {"prob": 0.0018867924528301887, "count": 1, "pos": [184]},