{"__total__": 510, "__name__": "doc_1913_Victim_1961.txt", "a": {"prob": 0.03333333333333333, "count": 17, "pos": [0, 6, 16, 28, 45, 54, 94, 101, 168, 188, 208, 219, 253, 268, 282, 324, 337]}, "success": {"prob": 0.00196078431372549, "count": 1, "pos": [1]}, "barrist": {"prob": 0.00196078431372549, "count": 1, "pos": [2]}, "melvil": {"prob": 0.00196078431372549, "count": 1, "pos": [3]}, "farr": {"prob": 0.03529411764705882, "count": 18, "pos": [4, 39, 52, 59, 73, 97, 115, 142, 178, 200, 264, 278, 334, 383, 386, 393, 424, 501]}, "ha": {"prob": 0.011764705882352941, "count": 6, "pos": [5, 81, 110, 122, 223, 494]}, "thrive": {"prob": 0.00196078431372549, "count": 1, "pos": [7]}, "london": {"prob": 0.00196078431372549, "count": 1, "pos": [8]}, "practic": {"prob": 0.00196078431372549, "count": 1, "pos": [9]}, "he": {"prob": 0.027450980392156862, "count": 14, "pos": [10, 30, 159, 173, 251, 260, 318, 350, 362, 433, 444, 447, 473, 477]}, "is": {"prob": 0.021568627450980392, "count": 11, "pos": [11, 31, 40, 77, 107, 147, 174, 244, 387, 434, 485]}, "on": {"prob": 0.00980392156862745, "count": 5, "pos": [12, 167, 202, 369, 389]}, "cour": {"prob": 0.00196078431372549, "count": 1, "pos": [13]}, "to": {"prob": 0.049019607843137254, "count": 25, "pos": [14, 35, 66, 84, 113, 116, 130, 176, 198, 212, 234, 257, 262, 266, 272, 287, 296, 298, 377, 395, 403, 437, 450, 460, 498]}, "becom": {"prob": 0.00196078431372549, "count": 1, "pos": [15]}, "queen": {"prob": 0.00196078431372549, "count": 1, "pos": [17]}, "counsel": {"prob": 0.00196078431372549, "count": 1, "pos": [18]}, "and": {"prob": 0.01568627450980392, "count": 8, "pos": [19, 98, 134, 206, 313, 359, 401, 453]}, "peopl": {"prob": 0.00196078431372549, "count": 1, "pos": [20]}, "are": {"prob": 0.00784313725490196, "count": 4, "pos": [21, 137, 239, 431]}, "alreadi": {"prob": 0.00196078431372549, "count": 1, "pos": [22]}, "talk": {"prob": 0.00196078431372549, "count": 1, "pos": [23]}, "of": {"prob": 0.0196078431372549, "count": 10, "pos": [24, 88, 96, 170, 195, 210, 248, 275, 303, 371]}, "him": {"prob": 0.0196078431372549, "count": 10, "pos": [25, 68, 140, 145, 215, 289, 379, 468, 489, 509]}, "be": {"prob": 0.0058823529411764705, "count": 3, "pos": [26, 161, 166]}, "appoint": {"prob": 0.00196078431372549, "count": 1, "pos": [27]}, "judg": {"prob": 0.00196078431372549, "count": 1, "pos": [29]}, "appar": {"prob": 0.00196078431372549, "count": 1, "pos": [32]}, "happili": {"prob": 0.00196078431372549, "count": 1, "pos": [33]}, "marri": {"prob": 0.00392156862745098, "count": 2, "pos": [34, 358]}, "hi": {"prob": 0.013725490196078431, "count": 7, "pos": [36, 128, 237, 258, 390, 418, 439]}, "wife": {"prob": 0.00392156862745098, "count": 2, "pos": [37, 440]}, "laura": {"prob": 0.00784313725490196, "count": 4, "pos": [38, 307, 353, 375]}, "approach": {"prob": 0.00392156862745098, "count": 2, "pos": [41, 62]}, "by": {"prob": 0.00784313725490196, "count": 4, "pos": [42, 151, 227, 246]}, "boy": {"prob": 0.00196078431372549, "count": 1, "pos": [43]}, "barrett": {"prob": 0.023529411764705882, "count": 12, "pos": [44, 64, 79, 99, 106, 109, 121, 146, 184, 199, 211, 311]}, "younger": {"prob": 0.00196078431372549, "count": 1, "pos": [46]}, "work": {"prob": 0.00392156862745098, "count": 2, "pos": [47, 420]}, "class": {"prob": 0.00196078431372549, "count": 1, "pos": [48]}, "man": {"prob": 0.0058823529411764705, "count": 3, "pos": [49, 183, 341]}, "with": {"prob": 0.00980392156862745, "count": 5, "pos": [50, 141, 293, 339, 421]}, "whom": {"prob": 0.00196078431372549, "count": 1, "pos": [51]}, "share": {"prob": 0.00196078431372549, "count": 1, "pos": [53]}, "romant": {"prob": 0.00196078431372549, "count": 1, "pos": [55]}, "but": {"prob": 0.00784313725490196, "count": 4, "pos": [56, 230, 368, 472]}, "asexu": {"prob": 0.00196078431372549, "count": 1, "pos": [57]}, "relationship": {"prob": 0.00980392156862745, "count": 5, "pos": [58, 71, 90, 338, 348]}, "rebuff": {"prob": 0.00196078431372549, "count": 1, "pos": [60]}, "the": {"prob": 0.052941176470588235, "count": 27, "pos": [61, 91, 132, 135, 152, 181, 193, 203, 216, 228, 231, 242, 249, 276, 299, 321, 347, 380, 397, 411, 422, 428, 462, 470, 483, 496, 504]}, "think": {"prob": 0.00196078431372549, "count": 1, "pos": [63]}, "want": {"prob": 0.00196078431372549, "count": 1, "pos": [65]}, "blackmail": {"prob": 0.0196078431372549, "count": 10, "pos": [67, 85, 92, 133, 162, 204, 250, 300, 381, 429]}, "about": {"prob": 0.0058823529411764705, "count": 3, "pos": [69, 310, 354]}, "their": {"prob": 0.00784313725490196, "count": 4, "pos": [70, 89, 305, 332]}, "what": {"prob": 0.00392156862745098, "count": 2, "pos": [72, 196]}, "doe": {"prob": 0.00196078431372549, "count": 1, "pos": [74]}, "not": {"prob": 0.00392156862745098, "count": 2, "pos": [75, 458]}, "know": {"prob": 0.00980392156862745, "count": 5, "pos": [76, 87, 163, 409, 476]}, "that": {"prob": 0.013725490196078431, "count": 7, "pos": [78, 330, 361, 410, 465, 490, 506]}, "himself": {"prob": 0.0058823529411764705, "count": 3, "pos": [80, 186, 345]}, "fallen": {"prob": 0.00196078431372549, "count": 1, "pos": [82]}, "prey": {"prob": 0.00196078431372549, "count": 1, "pos": [83]}, "who": {"prob": 0.013725490196078431, "count": 7, "pos": [86, 154, 222, 236, 285, 342, 430]}, "have": {"prob": 0.00392156862745098, "count": 2, "pos": [93, 459]}, "pictur": {"prob": 0.00392156862745098, "count": 2, "pos": [95, 505]}, "in": {"prob": 0.01568627450980392, "count": 8, "pos": [100, 104, 155, 187, 301, 323, 406, 426]}, "vehicl": {"prob": 0.00196078431372549, "count": 1, "pos": [102]}, "togeth": {"prob": 0.00196078431372549, "count": 1, "pos": [103]}, "which": {"prob": 0.00196078431372549, "count": 1, "pos": [105]}, "cri": {"prob": 0.00196078431372549, "count": 1, "pos": [108]}, "been": {"prob": 0.00392156862745098, "count": 2, "pos": [111, 225]}, "tri": {"prob": 0.00196078431372549, "count": 1, "pos": [112]}, "reach": {"prob": 0.00196078431372549, "count": 1, "pos": [114]}, "appeal": {"prob": 0.00196078431372549, "count": 1, "pos": [117]}, "for": {"prob": 0.00392156862745098, "count": 2, "pos": [118, 214]}, "help": {"prob": 0.0058823529411764705, "count": 3, "pos": [119, 288, 396]}, "sinc": {"prob": 0.00196078431372549, "count": 1, "pos": [120]}, "stolen": {"prob": 0.00196078431372549, "count": 1, "pos": [123]}, "\u00e2": {"prob": 0.00196078431372549, "count": 1, "pos": [124]}, "2": {"prob": 0.00196078431372549, "count": 1, "pos": [125]}, "000": {"prob": 0.00196078431372549, "count": 1, "pos": [126]}, "from": {"prob": 0.00196078431372549, "count": 1, "pos": [127]}, "employ": {"prob": 0.00196078431372549, "count": 1, "pos": [129]}, "pay": {"prob": 0.00196078431372549, "count": 1, "pos": [131]}, "polic": {"prob": 0.00980392156862745, "count": 5, "pos": [136, 153, 189, 398, 423]}, "now": {"prob": 0.00196078431372549, "count": 1, "pos": [138]}, "onto": {"prob": 0.00196078431372549, "count": 1, "pos": [139]}, "intent": {"prob": 0.00196078431372549, "count": 1, "pos": [143]}, "avoid": {"prob": 0.00196078431372549, "count": 1, "pos": [144]}, "soon": {"prob": 0.00196078431372549, "count": 1, "pos": [148]}, "pick": {"prob": 0.00196078431372549, "count": 1, "pos": [149]}, "up": {"prob": 0.00196078431372549, "count": 1, "pos": [150]}, "turn": {"prob": 0.00392156862745098, "count": 2, "pos": [156, 328]}, "discov": {"prob": 0.00392156862745098, "count": 2, "pos": [157, 192]}, "whi": {"prob": 0.00196078431372549, "count": 1, "pos": [158]}, "wa": {"prob": 0.00196078431372549, "count": 1, "pos": [160]}, "it": {"prob": 0.00392156862745098, "count": 2, "pos": [164, 327]}, "will": {"prob": 0.00980392156862745, "count": 5, "pos": [165, 415, 457, 466, 478]}, "matter": {"prob": 0.00196078431372549, "count": 1, "pos": [169]}, "time": {"prob": 0.00196078431372549, "count": 1, "pos": [171]}, "befor": {"prob": 0.0058823529411764705, "count": 3, "pos": [172, 331, 356]}, "forc": {"prob": 0.00196078431372549, "count": 1, "pos": [175]}, "reveal": {"prob": 0.00196078431372549, "count": 1,