{"__total__": 276, "__name__": "doc_1922_Waiting_to_Exhale.txt", "wait": {"prob": 0.0036231884057971015, "count": 1, "pos": [0]}, "to": {"prob": 0.028985507246376812, "count": 8, "pos": [1, 38, 68, 163, 167, 218, 236, 240]}, "exhal": {"prob": 0.0036231884057971015, "count": 1, "pos": [2]}, "is": {"prob": 0.018115942028985508, "count": 5, "pos": [3, 30, 85, 114, 133]}, "a": {"prob": 0.03985507246376811, "count": 11, "pos": [4, 31, 65, 70, 80, 86, 102, 115, 153, 197, 271]}, "stori": {"prob": 0.0036231884057971015, "count": 1, "pos": [5]}, "about": {"prob": 0.007246376811594203, "count": 2, "pos": [6, 171]}, "four": {"prob": 0.010869565217391304, "count": 3, "pos": [7, 159, 267]}, "african": {"prob": 0.0036231884057971015, "count": 1, "pos": [8]}, "american": {"prob": 0.0036231884057971015, "count": 1, "pos": [9]}, "women": {"prob": 0.007246376811594203, "count": 2, "pos": [10, 268]}, "mdash": {"prob": 0.007246376811594203, "count": 2, "pos": [11, 17]}, "savannah": {"prob": 0.010869565217391304, "count": 3, "pos": [12, 27, 186]}, "robin": {"prob": 0.010869565217391304, "count": 3, "pos": [13, 83, 205]}, "berni": {"prob": 0.007246376811594203, "count": 2, "pos": [14, 54]}, "and": {"prob": 0.04710144927536232, "count": 13, "pos": [15, 25, 61, 72, 90, 119, 125, 173, 175, 184, 216, 238, 258]}, "gloria": {"prob": 0.010869565217391304, "count": 3, "pos": [16, 111, 225]}, "who": {"prob": 0.018115942028985508, "count": 5, "pos": [18, 35, 76, 98, 132]}, "go": {"prob": 0.010869565217391304, "count": 3, "pos": [19, 180, 229]}, "through": {"prob": 0.007246376811594203, "count": 2, "pos": [20, 181]}, "differ": {"prob": 0.0036231884057971015, "count": 1, "pos": [21]}, "stage": {"prob": 0.0036231884057971015, "count": 1, "pos": [22]}, "of": {"prob": 0.021739130434782608, "count": 6, "pos": [23, 63, 95, 105, 137, 143]}, "love": {"prob": 0.010869565217391304, "count": 3, "pos": [24, 151, 174]}, "life": {"prob": 0.010869565217391304, "count": 3, "pos": [26, 172, 182]}, "vannah": {"prob": 0.0036231884057971015, "count": 1, "pos": [28]}, "jackson": {"prob": 0.0036231884057971015, "count": 1, "pos": [29]}, "success": {"prob": 0.0036231884057971015, "count": 1, "pos": [32]}, "televi": {"prob": 0.0036231884057971015, "count": 1, "pos": [33]}, "produc": {"prob": 0.0036231884057971015, "count": 1, "pos": [34]}, "hold": {"prob": 0.0036231884057971015, "count": 1, "pos": [36]}, "on": {"prob": 0.010869565217391304, "count": 3, "pos": [37, 222, 230]}, "the": {"prob": 0.03985507246376811, "count": 11, "pos": [39, 91, 135, 144, 158, 220, 231, 260, 262, 266, 274]}, "belief": {"prob": 0.0036231884057971015, "count": 1, "pos": [40]}, "that": {"prob": 0.010869565217391304, "count": 3, "pos": [41, 128, 250]}, "one": {"prob": 0.0036231884057971015, "count": 1, "pos": [42]}, "day": {"prob": 0.0036231884057971015, "count": 1, "pos": [43]}, "her": {"prob": 0.05434782608695652, "count": 15, "pos": [44, 52, 57, 74, 78, 106, 129, 138, 190, 202, 210, 223, 227, 241, 254]}, "marri": {"prob": 0.014492753623188406, "count": 4, "pos": [45, 96, 191, 211]}, "lover": {"prob": 0.010869565217391304, "count": 3, "pos": [46, 192, 212]}, "will": {"prob": 0.0036231884057971015, "count": 1, "pos": [47]}, "leav": {"prob": 0.007246376811594203, "count": 2, "pos": [48, 77]}, "hi": {"prob": 0.0036231884057971015, "count": 1, "pos": [49]}, "wife": {"prob": 0.0036231884057971015, "count": 1, "pos": [50]}, "for": {"prob": 0.014492753623188406, "count": 4, "pos": [51, 79, 193, 243]}, "bernadin": {"prob": 0.007246376811594203, "count": 2, "pos": [53, 195]}, "harri": {"prob": 0.0036231884057971015, "count": 1, "pos": [55]}, "abandon": {"prob": 0.0036231884057971015, "count": 1, "pos": [56]}, "own": {"prob": 0.010869565217391304, "count": 3, "pos": [58, 107, 224]}, "career": {"prob": 0.0036231884057971015, "count": 1, "pos": [59]}, "dream": {"prob": 0.0036231884057971015, "count": 1, "pos": [60]}, "desir": {"prob": 0.0036231884057971015, "count": 1, "pos": [62]}, "have": {"prob": 0.007246376811594203, "count": 2, "pos": [64, 176]}, "cater": {"prob": 0.0036231884057971015, "count": 1, "pos": [66]}, "busi": {"prob": 0.0036231884057971015, "count": 1, "pos": [67]}, "rai": {"prob": 0.007246376811594203, "count": 2, "pos": [69, 219]}, "famili": {"prob": 0.0036231884057971015, "count": 1, "pos": [71]}, "support": {"prob": 0.007246376811594203, "count": 2, "pos": [73, 165]}, "husband": {"prob": 0.010869565217391304, "count": 3, "pos": [75, 131, 204]}, "white": {"prob": 0.0036231884057971015, "count": 1, "pos": [81]}, "woman": {"prob": 0.0036231884057971015, "count": 1, "pos": [82]}, "stoke": {"prob": 0.0036231884057971015, "count": 1, "pos": [84]}, "high": {"prob": 0.0036231884057971015, "count": 1, "pos": [87]}, "power": {"prob": 0.0036231884057971015, "count": 1, "pos": [88]}, "execut": {"prob": 0.0036231884057971015, "count": 1, "pos": [89]}, "long": {"prob": 0.0036231884057971015, "count": 1, "pos": [92]}, "time": {"prob": 0.0036231884057971015, "count": 1, "pos": [93]}, "mistress": {"prob": 0.0036231884057971015, "count": 1, "pos": [94]}, "russel": {"prob": 0.0036231884057971015, "count": 1, "pos": [97]}, "ha": {"prob": 0.007246376811594203, "count": 2, "pos": [99, 140]}, "problem": {"prob": 0.0036231884057971015, "count": 1, "pos": [100]}, "find": {"prob": 0.007246376811594203, "count": 2, "pos": [101, 126]}, "decent": {"prob": 0.0036231884057971015, "count": 1, "pos": [103]}, "man": {"prob": 0.0036231884057971015, "count": 1, "pos": [104]}, "after": {"prob": 0.007246376811594203, "count": 2, "pos": [108, 122]}, "dump": {"prob": 0.010869565217391304, "count": 3, "pos": [109, 189, 214]}, "him": {"prob": 0.010869565217391304, "count": 3, "pos": [110, 215, 246]}, "glo": {"prob": 0.0036231884057971015, "count": 1, "pos": [112]}, "matthew": {"prob": 0.0036231884057971015, "count": 1, "pos": [113]}, "beauti": {"prob": 0.0036231884057971015, "count": 1, "pos": [116]}, "salon": {"prob": 0.0036231884057971015, "count": 1, "pos": [117]}, "owner": {"prob": 0.0036231884057971015, "count": 1, "pos": [118]}, "singl": {"prob": 0.0036231884057971015, "count": 1, "pos": [120]}, "mother": {"prob": 0.0036231884057971015, "count": 1, "pos": [121]}, "year": {"prob": 0.0036231884057971015, "count": 1, "pos": [123]}, "alon": {"prob": 0.0036231884057971015, "count": 1, "pos": [124]}, "out": {"prob": 0.007246376811594203, "count": 2, "pos": [127, 142]}, "ex": {"prob": 0.007246376811594203, "count": 2, "pos": [130, 203]}, "also": {"prob": 0.0036231884057971015, "count": 1, "pos": [134]}, "father": {"prob": 0.0036231884057971015, "count": 1, "pos": [136]}, "son": {"prob": 0.010869565217391304, "count": 3, "pos": [139, 228, 255]}, "come": {"prob": 0.0036231884057971015, "count": 1, "pos": [141]}, "closet": {"prob": 0.0036231884057971015, "count": 1, "pos": [145]}, "as": {"prob": 0.007246376811594203, "count": 2, "pos": [146, 178]}, "gay": {"prob": 0.0036231884057971015, "count": 1, "pos": [147]}, "she": {"prob": 0.007246376811594203, "count": 2, "pos": [148, 251]}, "fall": {"prob": 0.0036231884057971015, "count": 1, "pos": [149]}, "in": {"prob": 0.0036231884057971015, "count": 1, "pos": [150]}, "with": {"prob": 0.010869565217391304, "count": 3, "pos": [152, 233, 265]}, "new": {"prob": 0.0036231884057971015, "count": 1, "pos": [154]}, "neighbor": {"prob": 0.007246376811594203, "count": 2, "pos": [155, 242]}, "marvin": {"prob": 0.0036231884057971015, "count": 1, "pos": [156]}, "king": {"prob": 0.0036231884057971015, "count": 1, "pos": [157]}, "friend": {"prob": 0.0036231884057971015, "count": 1, "pos": [160]}, "get": {"prob": 0.007246376811594203, "count": 2, "pos": [161, 196]}, "togeth": {"prob": 0.0036231884057971015, "count": 1, "pos": [162]}, "provid": {"prob": 0.0036231884057971015, "count": 1, "pos": [164]}, "listen": {"prob": 0.0036231884057971015, "count": 1, "pos": [166]}, "each": {"prob": 0.0036231884057971015, "count": 1, "pos": [168]}, "other": {"prob": 0.0036231884057971015, "count": 1, "pos": [169]},