{"__total__": 251, "__name__": "doc_1925_Walking_Tall.txt", "pusser": {"prob": 0.035856573705179286, "count": 9, "pos": [0, 26, 50, 81, 93, 135, 158, 177, 245]}, "at": {"prob": 0.00796812749003984, "count": 2, "pos": [1, 48]}, "hi": {"prob": 0.0199203187250996, "count": 5, "pos": [2, 23, 106, 214, 249]}, "wife": {"prob": 0.00398406374501992, "count": 1, "pos": [3]}, "paulin": {"prob": 0.01195219123505976, "count": 3, "pos": [4, 167, 173]}, "behest": {"prob": 0.00398406374501992, "count": 1, "pos": [5]}, "retir": {"prob": 0.00398406374501992, "count": 1, "pos": [6]}, "from": {"prob": 0.00796812749003984, "count": 2, "pos": [7, 248]}, "the": {"prob": 0.043824701195219126, "count": 11, "pos": [8, 37, 65, 75, 86, 185, 204, 208, 224, 230, 235]}, "profess": {"prob": 0.00398406374501992, "count": 1, "pos": [9]}, "wrestl": {"prob": 0.00398406374501992, "count": 1, "pos": [10]}, "ring": {"prob": 0.00398406374501992, "count": 1, "pos": [11]}, "and": {"prob": 0.06374501992031872, "count": 16, "pos": [12, 34, 40, 57, 70, 88, 95, 104, 122, 128, 163, 166, 176, 190, 196, 227]}, "move": {"prob": 0.00398406374501992, "count": 1, "pos": [13]}, "back": {"prob": 0.00398406374501992, "count": 1, "pos": [14]}, "to": {"prob": 0.03187250996015936, "count": 8, "pos": [15, 17, 64, 83, 116, 151, 155, 184]}, "tenness": {"prob": 0.00398406374501992, "count": 1, "pos": [16]}, "start": {"prob": 0.00398406374501992, "count": 1, "pos": [18]}, "a": {"prob": 0.035856573705179286, "count": 9, "pos": [19, 28, 32, 55, 141, 148, 194, 200, 240]}, "log": {"prob": 0.00398406374501992, "count": 1, "pos": [20]}, "busi": {"prob": 0.00398406374501992, "count": 1, "pos": [21]}, "with": {"prob": 0.01593625498007968, "count": 4, "pos": [22, 27, 54, 221]}, "father": {"prob": 0.00398406374501992, "count": 1, "pos": [24]}, "carl": {"prob": 0.00398406374501992, "count": 1, "pos": [25]}, "friend": {"prob": 0.00398406374501992, "count": 1, "pos": [29]}, "he": {"prob": 0.02390438247011952, "count": 6, "pos": [30, 62, 114, 165, 181, 219]}, "visit": {"prob": 0.00398406374501992, "count": 1, "pos": [31]}, "gambl": {"prob": 0.01195219123505976, "count": 3, "pos": [33, 126, 231]}, "prostitut": {"prob": 0.00398406374501992, "count": 1, "pos": [35]}, "establish": {"prob": 0.00398406374501992, "count": 1, "pos": [36]}, "lucki": {"prob": 0.00796812749003984, "count": 2, "pos": [38, 209]}, "spot": {"prob": 0.00796812749003984, "count": 2, "pos": [39, 210]}, "is": {"prob": 0.027888446215139442, "count": 7, "pos": [41, 51, 68, 159, 174, 178, 182]}, "beaten": {"prob": 0.00398406374501992, "count": 1, "pos": [42]}, "up": {"prob": 0.00796812749003984, "count": 2, "pos": [43, 85]}, "after": {"prob": 0.00796812749003984, "count": 2, "pos": [44, 187]}, "catch": {"prob": 0.00398406374501992, "count": 1, "pos": [45]}, "them": {"prob": 0.00398406374501992, "count": 1, "pos": [46]}, "cheat": {"prob": 0.00398406374501992, "count": 1, "pos": [47]}, "crap": {"prob": 0.00398406374501992, "count": 1, "pos": [49]}, "serious": {"prob": 0.00796812749003984, "count": 2, "pos": [52, 179]}, "injur": {"prob": 0.00796812749003984, "count": 2, "pos": [53, 180]}, "knife": {"prob": 0.00398406374501992, "count": 1, "pos": [56]}, "receiv": {"prob": 0.00398406374501992, "count": 1, "pos": [58]}, "over": {"prob": 0.00398406374501992, "count": 1, "pos": [59]}, "200": {"prob": 0.00398406374501992, "count": 1, "pos": [60]}, "stitch": {"prob": 0.00398406374501992, "count": 1, "pos": [61]}, "complain": {"prob": 0.00398406374501992, "count": 1, "pos": [63]}, "sheriff": {"prob": 0.01195219123505976, "count": 3, "pos": [66, 91, 201]}, "but": {"prob": 0.00398406374501992, "count": 1, "pos": [67]}, "ignor": {"prob": 0.00398406374501992, "count": 1, "pos": [69]}, "soon": {"prob": 0.00398406374501992, "count": 1, "pos": [71]}, "becom": {"prob": 0.00796812749003984, "count": 2, "pos": [72, 96]}, "awar": {"prob": 0.00398406374501992, "count": 1, "pos": [73]}, "of": {"prob": 0.0199203187250996, "count": 5, "pos": [74, 102, 108, 207, 213]}, "rampant": {"prob": 0.00398406374501992, "count": 1, "pos": [76]}, "corrupt": {"prob": 0.00398406374501992, "count": 1, "pos": [77]}, "in": {"prob": 0.0199203187250996, "count": 5, "pos": [78, 119, 140, 170, 193]}, "mcnairi": {"prob": 0.00398406374501992, "count": 1, "pos": [79]}, "counti": {"prob": 0.00796812749003984, "count": 2, "pos": [80, 87]}, "decid": {"prob": 0.00398406374501992, "count": 1, "pos": [82]}, "clean": {"prob": 0.00398406374501992, "count": 1, "pos": [84]}, "run": {"prob": 0.00398406374501992, "count": 1, "pos": [89]}, "for": {"prob": 0.01195219123505976, "count": 3, "pos": [90, 98, 105]}, "buford": {"prob": 0.00796812749003984, "count": 2, "pos": [92, 134]}, "win": {"prob": 0.00398406374501992, "count": 1, "pos": [94]}, "famou": {"prob": 0.00398406374501992, "count": 1, "pos": [97]}, "be": {"prob": 0.01195219123505976, "count": 3, "pos": [99, 188, 216]}, "incorrupt": {"prob": 0.00398406374501992, "count": 1, "pos": [100]}, "intol": {"prob": 0.00398406374501992, "count": 1, "pos": [101]}, "crime": {"prob": 0.00398406374501992, "count": 1, "pos": [103]}, "array": {"prob": 0.00398406374501992, "count": 1, "pos": [107]}, "four": {"prob": 0.00398406374501992, "count": 1, "pos": [109]}, "foot": {"prob": 0.00398406374501992, "count": 1, "pos": [110]}, "hickori": {"prob": 0.00398406374501992, "count": 1, "pos": [111]}, "club": {"prob": 0.00398406374501992, "count": 1, "pos": [112]}, "which": {"prob": 0.00398406374501992, "count": 1, "pos": [113]}, "use": {"prob": 0.00398406374501992, "count": 1, "pos": [115]}, "great": {"prob": 0.00398406374501992, "count": 1, "pos": [117]}, "effect": {"prob": 0.00398406374501992, "count": 1, "pos": [118]}, "dispatch": {"prob": 0.00398406374501992, "count": 1, "pos": [120]}, "crimin": {"prob": 0.00398406374501992, "count": 1, "pos": [121]}, "destroy": {"prob": 0.00398406374501992, "count": 1, "pos": [123]}, "their": {"prob": 0.00796812749003984, "count": 2, "pos": [124, 171]}, "clandestin": {"prob": 0.00398406374501992, "count": 1, "pos": [125]}, "den": {"prob": 0.00398406374501992, "count": 1, "pos": [127]}, "illeg": {"prob": 0.00398406374501992, "count": 1, "pos": [129]}, "distilleri": {"prob": 0.00398406374501992, "count": 1, "pos": [130]}, "some": {"prob": 0.00796812749003984, "count": 2, "pos": [131, 153]}, "resid": {"prob": 0.00398406374501992, "count": 1, "pos": [132]}, "prai": {"prob": 0.00398406374501992, "count": 1, "pos": [133]}, "as": {"prob": 0.01593625498007968, "count": 4, "pos": [136, 147, 218, 242]}, "an": {"prob": 0.00796812749003984, "count": 2, "pos": [137, 243]}, "honest": {"prob": 0.00398406374501992, "count": 1, "pos": [138]}, "cop": {"prob": 0.00398406374501992, "count": 1, "pos": [139]}, "crook": {"prob": 0.00398406374501992, "count": 1, "pos": [142]}, "town": {"prob": 0.00398406374501992, "count": 1, "pos": [143]}, "other": {"prob": 0.00796812749003984, "count": 2, "pos": [144, 157]}, "denounc": {"prob": 0.00398406374501992, "count": 1, "pos": [145]}, "him": {"prob": 0.00398406374501992, "count": 1, "pos": [146]}, "bulli": {"prob": 0.00398406374501992, "count": 1, "pos": [149]}, "will": {"prob": 0.00398406374501992, "count": 1, "pos": [150]}, "break": {"prob": 0.00398406374501992, "count": 1, "pos": [152]}, "law": {"prob": 0.00398406374501992, "count": 1, "pos": [154]}, "uphold": {"prob": 0.00398406374501992, "count": 1, "pos": [156]}, "attack": {"prob": 0.00398406374501992, "count": 1, "pos": [160]}, "sever": {"prob": 0.00398406374501992, "count": 1, "pos": [161]}, "time": {"prob": 0.00398406374501992, "count": 1, "pos": [162]}, "final": {"prob": 0.00398406374501992, "count": 1, "pos": [164]}, "are": {"prob": 0.00398406374501992, "count": 1, "pos": [168]}, "ambush": {"prob": 0.00398406374501992, "count": 1, "pos": [169]}, "car": {"prob": 0.00398406374501992, "count": 1, "pos": [172]}, "kill": {"prob": 0.00796812749003984, "count": 2, "pos": [175, 211]}, "admit": {"prob": 0.00398406374501992, "count": 1, "pos": [183]},