{"__total__": 256, "__name__": "doc_1929_Watch_on_the_Rhine.txt", "in": {"prob": 0.03125, "count": 8, "pos": [0, 36, 50, 62, 102, 122, 124, 167]}, "1940": {"prob": 0.00390625, "count": 1, "pos": [1]}, "german": {"prob": 0.0078125, "count": 2, "pos": [2, 101]}, "born": {"prob": 0.00390625, "count": 1, "pos": [3]}, "engin": {"prob": 0.00390625, "count": 1, "pos": [4]}, "kurt": {"prob": 0.03125, "count": 8, "pos": [5, 53, 145, 149, 164, 187, 193, 213]}, "muller": {"prob": 0.01953125, "count": 5, "pos": [6, 46, 109, 131, 208]}, "hi": {"prob": 0.0078125, "count": 2, "pos": [7, 221]}, "american": {"prob": 0.0078125, "count": 2, "pos": [8, 76]}, "wife": {"prob": 0.00390625, "count": 1, "pos": [9]}, "sara": {"prob": 0.015625, "count": 4, "pos": [10, 28, 66, 243]}, "and": {"prob": 0.0390625, "count": 10, "pos": [11, 16, 32, 111, 115, 140, 158, 186, 196, 205]}, "their": {"prob": 0.01171875, "count": 3, "pos": [12, 33, 79]}, "children": {"prob": 0.00390625, "count": 1, "pos": [13]}, "joshua": {"prob": 0.01171875, "count": 3, "pos": [14, 214, 253]}, "babett": {"prob": 0.00390625, "count": 1, "pos": [15]}, "bodo": {"prob": 0.00390625, "count": 1, "pos": [17]}, "cross": {"prob": 0.00390625, "count": 1, "pos": [18]}, "the": {"prob": 0.0625, "count": 16, "pos": [19, 23, 41, 45, 56, 84, 100, 103, 108, 130, 147, 171, 191, 207, 232, 249]}, "mexican": {"prob": 0.00390625, "count": 1, "pos": [20]}, "border": {"prob": 0.00390625, "count": 1, "pos": [21]}, "into": {"prob": 0.00390625, "count": 1, "pos": [22]}, "unit": {"prob": 0.00390625, "count": 1, "pos": [24]}, "state": {"prob": 0.00390625, "count": 1, "pos": [25]}, "to": {"prob": 0.05078125, "count": 13, "pos": [26, 55, 118, 151, 153, 155, 177, 183, 199, 210, 218, 245, 254]}, "visit": {"prob": 0.00390625, "count": 1, "pos": [27]}, "brother": {"prob": 0.00390625, "count": 1, "pos": [29]}, "david": {"prob": 0.0078125, "count": 2, "pos": [30, 197]}, "farrelli": {"prob": 0.00390625, "count": 1, "pos": [31]}, "mother": {"prob": 0.00390625, "count": 1, "pos": [34]}, "fanni": {"prob": 0.0078125, "count": 2, "pos": [35, 195]}, "washington": {"prob": 0.00390625, "count": 1, "pos": [37]}, "d": {"prob": 0.00390625, "count": 1, "pos": [38]}, "c": {"prob": 0.00390625, "count": 1, "pos": [39]}, "for": {"prob": 0.01171875, "count": 3, "pos": [40, 220, 252]}, "past": {"prob": 0.00390625, "count": 1, "pos": [42]}, "seventeen": {"prob": 0.00390625, "count": 1, "pos": [43]}, "year": {"prob": 0.00390625, "count": 1, "pos": [44]}, "famili": {"prob": 0.0078125, "count": 2, "pos": [47, 69]}, "ha": {"prob": 0.01171875, "count": 3, "pos": [48, 96, 137]}, "live": {"prob": 0.00390625, "count": 1, "pos": [49]}, "europ": {"prob": 0.00390625, "count": 1, "pos": [51]}, "where": {"prob": 0.00390625, "count": 1, "pos": [52]}, "respond": {"prob": 0.00390625, "count": 1, "pos": [54]}, "rise": {"prob": 0.00390625, "count": 1, "pos": [57]}, "of": {"prob": 0.01171875, "count": 3, "pos": [58, 86, 234]}, "nazism": {"prob": 0.00390625, "count": 1, "pos": [59]}, "by": {"prob": 0.01171875, "count": 3, "pos": [60, 83, 231]}, "engag": {"prob": 0.00390625, "count": 1, "pos": [61]}, "anti": {"prob": 0.00390625, "count": 1, "pos": [63]}, "fascist": {"prob": 0.00390625, "count": 1, "pos": [64]}, "activ": {"prob": 0.00390625, "count": 1, "pos": [65]}, "tell": {"prob": 0.00390625, "count": 1, "pos": [67]}, "her": {"prob": 0.01171875, "count": 3, "pos": [68, 236, 241]}, "they": {"prob": 0.00390625, "count": 1, "pos": [70]}, "are": {"prob": 0.00390625, "count": 1, "pos": [71]}, "seek": {"prob": 0.00390625, "count": 1, "pos": [72]}, "peac": {"prob": 0.00390625, "count": 1, "pos": [73]}, "sanctuari": {"prob": 0.00390625, "count": 1, "pos": [74]}, "on": {"prob": 0.00390625, "count": 1, "pos": [75]}, "soil": {"prob": 0.00390625, "count": 1, "pos": [77]}, "but": {"prob": 0.00390625, "count": 1, "pos": [78]}, "quest": {"prob": 0.00390625, "count": 1, "pos": [80]}, "is": {"prob": 0.0078125, "count": 2, "pos": [81, 175]}, "threaten": {"prob": 0.00390625, "count": 1, "pos": [82]}, "presenc": {"prob": 0.00390625, "count": 1, "pos": [85]}, "houseguest": {"prob": 0.00390625, "count": 1, "pos": [87]}, "teck": {"prob": 0.01171875, "count": 3, "pos": [88, 106, 179]}, "de": {"prob": 0.00390625, "count": 1, "pos": [89]}, "brancovi": {"prob": 0.00390625, "count": 1, "pos": [90]}, "an": {"prob": 0.00390625, "count": 1, "pos": [91]}, "opportunist": {"prob": 0.00390625, "count": 1, "pos": [92]}, "romanian": {"prob": 0.00390625, "count": 1, "pos": [93]}, "count": {"prob": 0.00390625, "count": 1, "pos": [94]}, "who": {"prob": 0.00390625, "count": 1, "pos": [95]}, "been": {"prob": 0.0078125, "count": 2, "pos": [97, 138]}, "conspir": {"prob": 0.00390625, "count": 1, "pos": [98]}, "with": {"prob": 0.0078125, "count": 2, "pos": [99, 161]}, "nation": {"prob": 0.00390625, "count": 1, "pos": [104]}, "capit": {"prob": 0.00390625, "count": 1, "pos": [105]}, "search": {"prob": 0.0078125, "count": 2, "pos": [107, 219]}, "room": {"prob": 0.00390625, "count": 1, "pos": [110]}, "discov": {"prob": 0.0078125, "count": 2, "pos": [112, 173]}, "a": {"prob": 0.0078125, "count": 2, "pos": [113, 125]}, "gun": {"prob": 0.00390625, "count": 1, "pos": [114]}, "money": {"prob": 0.00390625, "count": 1, "pos": [116]}, "intend": {"prob": 0.00390625, "count": 1, "pos": [117]}, "financ": {"prob": 0.00390625, "count": 1, "pos": [119]}, "underground": {"prob": 0.00390625, "count": 1, "pos": [120]}, "oper": {"prob": 0.00390625, "count": 1, "pos": [121]}, "germani": {"prob": 0.01171875, "count": 3, "pos": [123, 154, 178]}, "lock": {"prob": 0.00390625, "count": 1, "pos": [126]}, "suitca": {"prob": 0.00390625, "count": 1, "pos": [127]}, "short": {"prob": 0.00390625, "count": 1, "pos": [128]}, "after": {"prob": 0.00390625, "count": 1, "pos": [129]}, "learn": {"prob": 0.00390625, "count": 1, "pos": [132]}, "resist": {"prob": 0.00390625, "count": 1, "pos": [133]}, "worker": {"prob": 0.00390625, "count": 1, "pos": [134]}, "max": {"prob": 0.0078125, "count": 2, "pos": [135, 157]}, "freidech": {"prob": 0.00390625, "count": 1, "pos": [136]}, "arrest": {"prob": 0.0078125, "count": 2, "pos": [139, 160]}, "becaus": {"prob": 0.00390625, "count": 1, "pos": [141]}, "he": {"prob": 0.015625, "count": 4, "pos": [142, 174, 216, 226]}, "onc": {"prob": 0.00390625, "count": 1, "pos": [143]}, "rescu": {"prob": 0.00390625, "count": 1, "pos": [144]}, "from": {"prob": 0.0078125, "count": 2, "pos": [146, 212]}, "gestapo": {"prob": 0.00390625, "count": 1, "pos": [148]}, "plan": {"prob": 0.0078125, "count": 2, "pos": [150, 217]}, "return": {"prob": 0.0078125, "count": 2, "pos": [152, 176]}, "assist": {"prob": 0.00390625, "count": 1, "pos": [156]}, "those": {"prob": 0.00390625, "count": 1, "pos": [159]}, "him": {"prob": 0.01171875, "count": 3, "pos": [162, 189, 201]}, "awar": {"prob": 0.00390625, "count": 1, "pos": [163]}, "will": {"prob": 0.00390625, "count": 1, "pos": [165]}, "be": {"prob": 0.0078125, "count": 2, "pos": [166, 246]}, "great": {"prob": 0.00390625, "count": 1, "pos": [168]}, "danger": {"prob": 0.0078125, "count": 2, "pos": [169, 192]}, "if": {"prob": 0.00390625, "count": 1, "pos": [170]}, "nazi": {"prob": 0.00390625, "count": 1, "pos": [172]}, "demand": {"prob": 0.00390625, "count": 1, "pos": [180]}, "$10": {"prob": 0.00390625, "count": 1, "pos": [181]}, "000": {"prob": 0.00390625, "count": 1, "pos": [182]}, "keep": {"prob": 0.00390625, "count": 1, "pos": [184]}, "silent": {"prob": 0.00390625, "count": 1, "pos": [185]}, "kill": {"prob": 0.00390625, "count": 1, "pos": [188]}, "realiz": {"prob": 0.00390625, "count": 1, "pos": [190]}, "face": {"prob": 0.00390625, "count": 1, "pos": [194]}, "agr": {"prob": 0.00390625, "count": 1, "pos": [198]}, "help": {"prob": 0.00390625, "count": 1, "pos": [200]}, "escap": {"prob": 0.00390625, "count": 1, "pos": [202]}, "time": {"prob": 0.0078125, "count": 2, "pos": [203, 250]}, "pass": {"prob": 0.00390625, "count": 1, "pos": [204]}, "when": {"prob": 0.0078125, "count": 2, "pos": [206, 248]},