{"__total__": 438, "__name__": "doc_1942_What_Women_Want.txt", "nick": {"prob": 0.02511415525114155, "count": 11, "pos": [0, 99, 118, 156, 245, 302, 328, 330, 375, 406, 418]}, "marshal": {"prob": 0.00228310502283105, "count": 1, "pos": [1]}, "a": {"prob": 0.0228310502283105, "count": 10, "pos": [2, 19, 44, 125, 174, 191, 216, 354, 380, 386]}, "chicago": {"prob": 0.00228310502283105, "count": 1, "pos": [3]}, "adverti": {"prob": 0.00228310502283105, "count": 1, "pos": [4]}, "execut": {"prob": 0.00228310502283105, "count": 1, "pos": [5]}, "and": {"prob": 0.03424657534246575, "count": 15, "pos": [6, 28, 100, 116, 141, 176, 230, 235, 250, 319, 331, 339, 410, 417, 425]}, "alpha": {"prob": 0.00228310502283105, "count": 1, "pos": [7]}, "male": {"prob": 0.00228310502283105, "count": 1, "pos": [8]}, "who": {"prob": 0.00684931506849315, "count": 3, "pos": [9, 308, 390]}, "grew": {"prob": 0.00228310502283105, "count": 1, "pos": [10]}, "up": {"prob": 0.0045662100456621, "count": 2, "pos": [11, 158]}, "with": {"prob": 0.01598173515981735, "count": 7, "pos": [12, 80, 91, 264, 274, 317, 398]}, "hi": {"prob": 0.0365296803652968, "count": 16, "pos": [13, 46, 69, 83, 102, 144, 162, 168, 208, 223, 255, 265, 289, 365, 377, 399]}, "la": {"prob": 0.00228310502283105, "count": 1, "pos": [14]}, "vega": {"prob": 0.00228310502283105, "count": 1, "pos": [15]}, "showgirl": {"prob": 0.00228310502283105, "count": 1, "pos": [16]}, "mother": {"prob": 0.00228310502283105, "count": 1, "pos": [17]}, "is": {"prob": 0.02054794520547945, "count": 9, "pos": [18, 22, 53, 76, 96, 277, 309, 391, 395]}, "chauvinist": {"prob": 0.00228310502283105, "count": 1, "pos": [20]}, "he": {"prob": 0.0410958904109589, "count": 18, "pos": [21, 39, 41, 52, 106, 139, 171, 180, 183, 203, 213, 270, 276, 283, 344, 362, 394, 434]}, "skill": {"prob": 0.00228310502283105, "count": 1, "pos": [23]}, "at": {"prob": 0.00684931506849315, "count": 3, "pos": [24, 133, 360]}, "sell": {"prob": 0.00228310502283105, "count": 1, "pos": [25]}, "to": {"prob": 0.045662100456621, "count": 20, "pos": [26, 61, 66, 111, 114, 120, 160, 196, 215, 260, 279, 285, 288, 315, 334, 346, 371, 384, 427, 432]}, "men": {"prob": 0.0045662100456621, "count": 2, "pos": [27, 226]}, "seduc": {"prob": 0.00228310502283105, "count": 1, "pos": [29]}, "women": {"prob": 0.0136986301369863, "count": 6, "pos": [30, 67, 179, 231, 248, 361]}, "includ": {"prob": 0.00228310502283105, "count": 1, "pos": [31]}, "local": {"prob": 0.00228310502283105, "count": 1, "pos": [32]}, "coff": {"prob": 0.00228310502283105, "count": 1, "pos": [33]}, "attend": {"prob": 0.00228310502283105, "count": 1, "pos": [34]}, "lola": {"prob": 0.00228310502283105, "count": 1, "pos": [35]}, "howev": {"prob": 0.00684931506849315, "count": 3, "pos": [36, 138, 281]}, "just": {"prob": 0.00228310502283105, "count": 1, "pos": [37]}, "as": {"prob": 0.0136986301369863, "count": 6, "pos": [38, 165, 170, 254, 269, 368]}, "think": {"prob": 0.0045662100456621, "count": 2, "pos": [40, 121]}, "head": {"prob": 0.00228310502283105, "count": 1, "pos": [42]}, "for": {"prob": 0.01141552511415525, "count": 5, "pos": [43, 124, 200, 294, 353]}, "promot": {"prob": 0.00228310502283105, "count": 1, "pos": [45]}, "manag": {"prob": 0.0045662100456621, "count": 2, "pos": [47, 345]}, "dan": {"prob": 0.0045662100456621, "count": 2, "pos": [48, 117]}, "inform": {"prob": 0.00228310502283105, "count": 1, "pos": [49]}, "him": {"prob": 0.0136986301369863, "count": 6, "pos": [50, 81, 201, 293, 424, 429]}, "that": {"prob": 0.0091324200913242, "count": 4, "pos": [51, 130, 182, 305]}, "hire": {"prob": 0.00228310502283105, "count": 1, "pos": [54]}, "the": {"prob": 0.0136986301369863, "count": 6, "pos": [55, 63, 134, 153, 205, 240]}, "talent": {"prob": 0.00228310502283105, "count": 1, "pos": [56]}, "of": {"prob": 0.01598173515981735, "count": 7, "pos": [57, 122, 127, 190, 207, 300, 350]}, "darci": {"prob": 0.01598173515981735, "count": 7, "pos": [58, 115, 131, 275, 332, 348, 409]}, "mcguir": {"prob": 0.00228310502283105, "count": 1, "pos": [59]}, "instead": {"prob": 0.00228310502283105, "count": 1, "pos": [60]}, "broaden": {"prob": 0.00228310502283105, "count": 1, "pos": [62]}, "firm": {"prob": 0.00228310502283105, "count": 1, "pos": [64]}, "appeal": {"prob": 0.00228310502283105, "count": 1, "pos": [65]}, "also": {"prob": 0.00684931506849315, "count": 3, "pos": [68, 258, 396]}, "estrang": {"prob": 0.00228310502283105, "count": 1, "pos": [70]}, "15": {"prob": 0.00228310502283105, "count": 1, "pos": [71]}, "year": {"prob": 0.0045662100456621, "count": 2, "pos": [72, 299]}, "old": {"prob": 0.00228310502283105, "count": 1, "pos": [73]}, "daughter": {"prob": 0.00684931506849315, "count": 3, "pos": [74, 290, 400]}, "alex": {"prob": 0.00684931506849315, "count": 3, "pos": [75, 95, 313]}, "spend": {"prob": 0.00684931506849315, "count": 3, "pos": [77, 271, 335]}, "two": {"prob": 0.00228310502283105, "count": 1, "pos": [78]}, "week": {"prob": 0.00228310502283105, "count": 1, "pos": [79]}, "while": {"prob": 0.00684931506849315, "count": 3, "pos": [82, 146, 382]}, "ex": {"prob": 0.00228310502283105, "count": 1, "pos": [84]}, "wife": {"prob": 0.00228310502283105, "count": 1, "pos": [85]}, "gigi": {"prob": 0.00228310502283105, "count": 1, "pos": [86]}, "goe": {"prob": 0.0045662100456621, "count": 2, "pos": [87, 214]}, "on": {"prob": 0.0045662100456621, "count": 2, "pos": [88, 247]}, "her": {"prob": 0.0273972602739726, "count": 12, "pos": [89, 92, 108, 280, 306, 318, 322, 351, 372, 402, 405, 415]}, "honeymoon": {"prob": 0.00228310502283105, "count": 1, "pos": [90]}, "new": {"prob": 0.0045662100456621, "count": 2, "pos": [93, 355]}, "husband": {"prob": 0.00228310502283105, "count": 1, "pos": [94]}, "embarrass": {"prob": 0.00228310502283105, "count": 1, "pos": [97]}, "by": {"prob": 0.00228310502283105, "count": 1, "pos": [98]}, "resent": {"prob": 0.0045662100456621, "count": 2, "pos": [101, 292]}, "be": {"prob": 0.0091324200913242, "count": 4, "pos": [103, 197, 243, 373]}, "protect": {"prob": 0.00228310502283105, "count": 1, "pos": [104]}, "when": {"prob": 0.0136986301369863, "count": 6, "pos": [105, 202, 212, 282, 343, 401]}, "meet": {"prob": 0.0045662100456621, "count": 2, "pos": [107, 137]}, "boyfriend": {"prob": 0.00684931506849315, "count": 3, "pos": [109, 307, 403]}, "need": {"prob": 0.00228310502283105, "count": 1, "pos": [110]}, "prove": {"prob": 0.0045662100456621, "count": 2, "pos": [112, 195]}, "himself": {"prob": 0.00684931506849315, "count": 3, "pos": [113, 152, 431]}, "attempt": {"prob": 0.00228310502283105, "count": 1, "pos": [119]}, "copi": {"prob": 0.00228310502283105, "count": 1, "pos": [123]}, "seri": {"prob": 0.00228310502283105, "count": 1, "pos": [126]}, "feminin": {"prob": 0.00228310502283105, "count": 1, "pos": [128]}, "product": {"prob": 0.00228310502283105, "count": 1, "pos": [129]}, "distribut": {"prob": 0.00228310502283105, "count": 1, "pos": [132]}, "day": {"prob": 0.0045662100456621, "count": 2, "pos": [135, 155]}, "staff": {"prob": 0.00228310502283105, "count": 1, "pos": [136]}, "slip": {"prob": 0.00228310502283105, "count": 1, "pos": [140]}, "fall": {"prob": 0.00228310502283105, "count": 1, "pos": [142]}, "into": {"prob": 0.00228310502283105, "count": 1, "pos": [143]}, "bathtub": {"prob": 0.00228310502283105, "count": 1, "pos": [145]}, "hold": {"prob": 0.00228310502283105, "count": 1, "pos": [147]}, "an": {"prob": 0.0045662100456621, "count": 2, "pos": [148, 198]}, "electr": {"prob": 0.00228310502283105, "count": 1, "pos": [149]}, "hairdryer": {"prob": 0.00228310502283105, "count": 1, "pos": [150]}, "shock": {"prob": 0.00228310502283105, "count": 1, "pos": [151]}, "next": {"prob": 0.00228310502283105, "count": 1, "pos": [154]}, "wake": {"prob": 0.00228310502283105, "count": 1, "pos": [157]}, "abl": {"prob": 0.00228310502283105, "count": 1, "pos": [159]}, "understand": {"prob": 0.00228310502283105, "count": 1, "pos": [161]}, "maid": {"prob": 0.00228310502283105, "count": 1, "pos": [163]},