{"__total__": 76, "__name__": "doc_195_Beautiful_Girls.txt", "willi": {"prob": 0.013157894736842105, "count": 1, "pos": [0]}, "conway": {"prob": 0.013157894736842105, "count": 1, "pos": [1]}, "goe": {"prob": 0.013157894736842105, "count": 1, "pos": [2]}, "home": {"prob": 0.013157894736842105, "count": 1, "pos": [3]}, "for": {"prob": 0.013157894736842105, "count": 1, "pos": [4]}, "hi": {"prob": 0.06578947368421052, "count": 5, "pos": [5, 16, 26, 36, 55]}, "high": {"prob": 0.013157894736842105, "count": 1, "pos": [6]}, "school": {"prob": 0.013157894736842105, "count": 1, "pos": [7]}, "class": {"prob": 0.013157894736842105, "count": 1, "pos": [8]}, "reunion": {"prob": 0.013157894736842105, "count": 1, "pos": [9]}, "he": {"prob": 0.07894736842105263, "count": 6, "pos": [10, 18, 23, 28, 33, 51]}, "is": {"prob": 0.02631578947368421, "count": 2, "pos": [11, 72]}, "at": {"prob": 0.02631578947368421, "count": 2, "pos": [12, 61]}, "a": {"prob": 0.039473684210526314, "count": 3, "pos": [13, 40, 43]}, "crossroad": {"prob": 0.02631578947368421, "count": 2, "pos": [14, 63]}, "in": {"prob": 0.013157894736842105, "count": 1, "pos": [15]}, "life": {"prob": 0.013157894736842105, "count": 1, "pos": [17]}, "can": {"prob": 0.02631578947368421, "count": 2, "pos": [19, 29]}, "t": {"prob": 0.02631578947368421, "count": 2, "pos": [20, 30]}, "decid": {"prob": 0.02631578947368421, "count": 2, "pos": [21, 31]}, "if": {"prob": 0.02631578947368421, "count": 2, "pos": [22, 32]}, "should": {"prob": 0.02631578947368421, "count": 2, "pos": [24, 34]}, "marri": {"prob": 0.013157894736842105, "count": 1, "pos": [25]}, "girlfriend": {"prob": 0.013157894736842105, "count": 1, "pos": [27]}, "quit": {"prob": 0.013157894736842105, "count": 1, "pos": [35]}, "music": {"prob": 0.013157894736842105, "count": 1, "pos": [37]}, "and": {"prob": 0.013157894736842105, "count": 1, "pos": [38]}, "take": {"prob": 0.013157894736842105, "count": 1, "pos": [39]}, "job": {"prob": 0.013157894736842105, "count": 1, "pos": [41]}, "as": {"prob": 0.013157894736842105, "count": 1, "pos": [42]}, "salesman": {"prob": 0.013157894736842105, "count": 1, "pos": [44]}, "over": {"prob": 0.013157894736842105, "count": 1, "pos": [45]}, "the": {"prob": 0.039473684210526314, "count": 3, "pos": [46, 49, 65]}, "cour": {"prob": 0.013157894736842105, "count": 1, "pos": [47]}, "of": {"prob": 0.013157894736842105, "count": 1, "pos": [48]}, "film": {"prob": 0.013157894736842105, "count": 1, "pos": [50]}, "spend": {"prob": 0.013157894736842105, "count": 1, "pos": [52]}, "time": {"prob": 0.013157894736842105, "count": 1, "pos": [53]}, "with": {"prob": 0.013157894736842105, "count": 1, "pos": [54]}, "old": {"prob": 0.013157894736842105, "count": 1, "pos": [56]}, "friend": {"prob": 0.013157894736842105, "count": 1, "pos": [57]}, "who": {"prob": 0.013157894736842105, "count": 1, "pos": [58]}, "are": {"prob": 0.013157894736842105, "count": 1, "pos": [59]}, "all": {"prob": 0.02631578947368421, "count": 2, "pos": [60, 68]}, "similar": {"prob": 0.013157894736842105, "count": 1, "pos": [62]}, "by": {"prob": 0.013157894736842105, "count": 1, "pos": [64]}, "end": {"prob": 0.013157894736842105, "count": 1, "pos": [66]}, "they": {"prob": 0.02631578947368421, "count": 2, "pos": [67, 74]}, "discov": {"prob": 0.013157894736842105, "count": 1, "pos": [69]}, "what": {"prob": 0.013157894736842105, "count": 1, "pos": [70]}, "it": {"prob": 0.013157894736842105, "count": 1, "pos": [71]}, "that": {"prob": 0.013157894736842105, "count": 1, "pos": [73]}, "want": {"prob": 0.013157894736842105, "count": 1, "pos": [75]}}