{"__total__": 357, "__name__": "doc_1954_Wild_Strawberries.txt", "grouchi": {"prob": 0.0028011204481792717, "count": 1, "pos": [0]}, "stubborn": {"prob": 0.0028011204481792717, "count": 1, "pos": [1]}, "and": {"prob": 0.04481792717086835, "count": 16, "pos": [2, 77, 101, 135, 188, 195, 207, 218, 228, 238, 245, 256, 274, 335, 345, 352]}, "egotist": {"prob": 0.0028011204481792717, "count": 1, "pos": [3]}, "professor": {"prob": 0.0028011204481792717, "count": 1, "pos": [4]}, "isak": {"prob": 0.014005602240896359, "count": 5, "pos": [5, 86, 92, 151, 202]}, "borg": {"prob": 0.011204481792717087, "count": 4, "pos": [6, 124, 268, 353]}, "is": {"prob": 0.022408963585434174, "count": 8, "pos": [7, 59, 78, 93, 141, 147, 223, 328]}, "a": {"prob": 0.03081232492997199, "count": 11, "pos": [8, 32, 111, 136, 148, 185, 288, 306, 331, 338, 342]}, "widow": {"prob": 0.0028011204481792717, "count": 1, "pos": [9]}, "78": {"prob": 0.0028011204481792717, "count": 1, "pos": [10]}, "year": {"prob": 0.0056022408963585435, "count": 2, "pos": [11, 49]}, "old": {"prob": 0.008403361344537815, "count": 3, "pos": [12, 99, 300]}, "physician": {"prob": 0.0056022408963585435, "count": 2, "pos": [13, 243]}, "who": {"prob": 0.008403361344537815, "count": 3, "pos": [14, 68, 140]}, "special": {"prob": 0.0056022408963585435, "count": 2, "pos": [15, 19]}, "in": {"prob": 0.025210084033613446, "count": 9, "pos": [16, 25, 65, 75, 215, 233, 239, 303, 323]}, "bacteriolog": {"prob": 0.0028011204481792717, "count": 1, "pos": [17]}, "befor": {"prob": 0.0028011204481792717, "count": 1, "pos": [18]}, "he": {"prob": 0.03081232492997199, "count": 11, "pos": [20, 28, 51, 58, 109, 210, 222, 246, 286, 318, 327]}, "serv": {"prob": 0.0028011204481792717, "count": 1, "pos": [21]}, "as": {"prob": 0.0056022408963585435, "count": 2, "pos": [22, 317]}, "gener": {"prob": 0.0028011204481792717, "count": 1, "pos": [23]}, "practit": {"prob": 0.0028011204481792717, "count": 1, "pos": [24]}, "rural": {"prob": 0.0028011204481792717, "count": 1, "pos": [26]}, "sweden": {"prob": 0.0028011204481792717, "count": 1, "pos": [27]}, "set": {"prob": 0.0056022408963585435, "count": 2, "pos": [29, 118]}, "out": {"prob": 0.0028011204481792717, "count": 1, "pos": [30]}, "on": {"prob": 0.0056022408963585435, "count": 2, "pos": [31, 87]}, "long": {"prob": 0.0028011204481792717, "count": 1, "pos": [33]}, "car": {"prob": 0.0056022408963585435, "count": 2, "pos": [34, 194]}, "ride": {"prob": 0.0028011204481792717, "count": 1, "pos": [35]}, "from": {"prob": 0.008403361344537815, "count": 3, "pos": [36, 55, 82]}, "stockholm": {"prob": 0.0028011204481792717, "count": 1, "pos": [37]}, "to": {"prob": 0.028011204481792718, "count": 10, "pos": [38, 40, 80, 105, 198, 249, 291, 295, 305, 320]}, "lund": {"prob": 0.0056022408963585435, "count": 2, "pos": [39, 56]}, "be": {"prob": 0.0028011204481792717, "count": 1, "pos": [41]}, "award": {"prob": 0.0028011204481792717, "count": 1, "pos": [42]}, "the": {"prob": 0.025210084033613446, "count": 9, "pos": [43, 90, 127, 156, 181, 193, 216, 297, 310]}, "degr": {"prob": 0.0028011204481792717, "count": 1, "pos": [44]}, "of": {"prob": 0.028011204481792718, "count": 10, "pos": [45, 113, 116, 131, 153, 203, 309, 333, 337, 347]}, "doctor": {"prob": 0.0056022408963585435, "count": 2, "pos": [46, 54]}, "jubilari": {"prob": 0.0028011204481792717, "count": 1, "pos": [47]}, "50": {"prob": 0.0028011204481792717, "count": 1, "pos": [48]}, "after": {"prob": 0.0028011204481792717, "count": 1, "pos": [50]}, "receiv": {"prob": 0.0028011204481792717, "count": 1, "pos": [52]}, "hi": {"prob": 0.058823529411764705, "count": 21, "pos": [53, 62, 98, 102, 107, 154, 163, 204, 213, 219, 226, 235, 240, 252, 254, 257, 272, 277, 292, 321, 324]}, "univ": {"prob": 0.0028011204481792717, "count": 1, "pos": [57]}, "accompani": {"prob": 0.0028011204481792717, "count": 1, "pos": [60]}, "by": {"prob": 0.01680672268907563, "count": 6, "pos": [61, 95, 143, 225, 330, 341]}, "pregnant": {"prob": 0.0028011204481792717, "count": 1, "pos": [63]}, "daughter": {"prob": 0.0028011204481792717, "count": 1, "pos": [64]}, "law": {"prob": 0.0056022408963585435, "count": 2, "pos": [66, 76]}, "mariann": {"prob": 0.0056022408963585435, "count": 2, "pos": [67, 191]}, "doe": {"prob": 0.0028011204481792717, "count": 1, "pos": [69]}, "not": {"prob": 0.0028011204481792717, "count": 1, "pos": [70]}, "much": {"prob": 0.0028011204481792717, "count": 1, "pos": [71]}, "like": {"prob": 0.0028011204481792717, "count": 1, "pos": [72]}, "her": {"prob": 0.0056022408963585435, "count": 2, "pos": [73, 83]}, "father": {"prob": 0.0028011204481792717, "count": 1, "pos": [74]}, "plan": {"prob": 0.0028011204481792717, "count": 1, "pos": [79]}, "separ": {"prob": 0.0028011204481792717, "count": 1, "pos": [81]}, "husband": {"prob": 0.0028011204481792717, "count": 1, "pos": [84]}, "evald": {"prob": 0.0028011204481792717, "count": 1, "pos": [85]}, "son": {"prob": 0.008403361344537815, "count": 3, "pos": [88, 244, 325]}, "dure": {"prob": 0.0028011204481792717, "count": 1, "pos": [89]}, "trip": {"prob": 0.0028011204481792717, "count": 1, "pos": [91]}, "forc": {"prob": 0.0028011204481792717, "count": 1, "pos": [94]}, "nightmar": {"prob": 0.0028011204481792717, "count": 1, "pos": [96]}, "daydream": {"prob": 0.0028011204481792717, "count": 1, "pos": [97]}, "age": {"prob": 0.008403361344537815, "count": 3, "pos": [100, 172, 242]}, "impend": {"prob": 0.0028011204481792717, "count": 1, "pos": [103]}, "death": {"prob": 0.0056022408963585435, "count": 2, "pos": [104, 259]}, "reevalu": {"prob": 0.0028011204481792717, "count": 1, "pos": [106]}, "life": {"prob": 0.008403361344537815, "count": 3, "pos": [108, 206, 348]}, "meet": {"prob": 0.0028011204481792717, "count": 1, "pos": [110]}, "seri": {"prob": 0.0028011204481792717, "count": 1, "pos": [112]}, "hitchhik": {"prob": 0.0028011204481792717, "count": 1, "pos": [114]}, "each": {"prob": 0.0028011204481792717, "count": 1, "pos": [115]}, "whom": {"prob": 0.0056022408963585435, "count": 2, "pos": [117, 296]}, "off": {"prob": 0.0028011204481792717, "count": 1, "pos": [119]}, "dream": {"prob": 0.0056022408963585435, "count": 2, "pos": [120, 336]}, "or": {"prob": 0.0028011204481792717, "count": 1, "pos": [121]}, "reveri": {"prob": 0.0028011204481792717, "count": 1, "pos": [122]}, "into": {"prob": 0.0028011204481792717, "count": 1, "pos": [123]}, "troubl": {"prob": 0.0028011204481792717, "count": 1, "pos": [125]}, "past": {"prob": 0.0056022408963585435, "count": 2, "pos": [126, 253]}, "first": {"prob": 0.0056022408963585435, "count": 2, "pos": [128, 157]}, "group": {"prob": 0.0056022408963585435, "count": 2, "pos": [129, 158]}, "consist": {"prob": 0.0028011204481792717, "count": 1, "pos": [130]}, "two": {"prob": 0.0028011204481792717, "count": 1, "pos": [132]}, "young": {"prob": 0.008403361344537815, "count": 3, "pos": [133, 293, 311]}, "men": {"prob": 0.0056022408963585435, "count": 2, "pos": [134, 145]}, "woman": {"prob": 0.0028011204481792717, "count": 1, "pos": [137]}, "name": {"prob": 0.0028011204481792717, "count": 1, "pos": [138]}, "sara": {"prob": 0.008403361344537815, "count": 3, "pos": [139, 146, 221]}, "ador": {"prob": 0.0028011204481792717, "count": 1, "pos": [142]}, "both": {"prob": 0.0056022408963585435, "count": 2, "pos": [144, 234]}, "doubl": {"prob": 0.0028011204481792717, "count": 1, "pos": [149]}, "for": {"prob": 0.0028011204481792717, "count": 1, "pos": [150]}, "love": {"prob": 0.008403361344537815, "count": 3, "pos": [152, 289, 313]}, "youth": {"prob": 0.0028011204481792717, "count": 1, "pos": [155]}, "remain": {"prob": 0.0028011204481792717, "count": 1, "pos": [159]}, "with": {"prob": 0.0056022408963585435, "count": 2, "pos": [160, 179]}, "him": {"prob": 0.0028011204481792717, "count": 1, "pos": [161]}, "throughout": {"prob": 0.0028011204481792717, "count": 1, "pos": [162]}, "journey": {"prob": 0.0028011204481792717, "count": 1, "pos": [164]}, "next": {"prob": 0.0028011204481792717, "count": 1, "pos": [165]},