{"__total__": 587, "__name__": "doc_1964_Windtalkers.txt", "dure": {"prob": 0.005110732538330494, "count": 3, "pos": [0, 267, 577]}, "world": {"prob": 0.0017035775127768314, "count": 1, "pos": [1]}, "war": {"prob": 0.0068143100511073255, "count": 4, "pos": [2, 203, 574, 580]}, "ii": {"prob": 0.0017035775127768314, "count": 1, "pos": [3]}, "cpl": {"prob": 0.0017035775127768314, "count": 1, "pos": [4]}, "joe": {"prob": 0.0017035775127768314, "count": 1, "pos": [5]}, "ender": {"prob": 0.022146507666098807, "count": 13, "pos": [6, 46, 106, 198, 209, 287, 315, 325, 359, 368, 470, 481, 499]}, "ralli": {"prob": 0.0017035775127768314, "count": 1, "pos": [7]}, "to": {"prob": 0.04599659284497445, "count": 27, "pos": [8, 10, 50, 92, 123, 166, 174, 218, 243, 255, 281, 300, 322, 326, 334, 351, 371, 378, 404, 464, 477, 483, 486, 505, 513, 548, 567]}, "return": {"prob": 0.0034071550255536627, "count": 2, "pos": [9, 350]}, "activ": {"prob": 0.0017035775127768314, "count": 1, "pos": [11]}, "duti": {"prob": 0.0017035775127768314, "count": 1, "pos": [12]}, "with": {"prob": 0.005110732538330494, "count": 3, "pos": [13, 304, 495]}, "the": {"prob": 0.07495741056218058, "count": 44, "pos": [14, 27, 61, 86, 112, 132, 144, 148, 162, 169, 172, 221, 236, 248, 259, 265, 268, 285, 296, 302, 328, 336, 339, 346, 352, 383, 410, 422, 432, 446, 452, 461, 479, 493, 515, 522, 542, 549, 556, 558, 562, 573, 578, 581]}, "aid": {"prob": 0.0017035775127768314, "count": 1, "pos": [15]}, "of": {"prob": 0.020442930153321975, "count": 12, "pos": [16, 63, 102, 134, 202, 206, 313, 409, 431, 448, 533, 545]}, "hi": {"prob": 0.018739352640545145, "count": 11, "pos": [17, 33, 200, 274, 305, 365, 496, 510, 525, 528, 553]}, "pharmacist": {"prob": 0.0017035775127768314, "count": 1, "pos": [18]}, "rita": {"prob": 0.0017035775127768314, "count": 1, "pos": [19]}, "after": {"prob": 0.0068143100511073255, "count": 4, "pos": [20, 143, 382, 488]}, "previous": {"prob": 0.0017035775127768314, "count": 1, "pos": [21]}, "surviv": {"prob": 0.0017035775127768314, "count": 1, "pos": [22]}, "a": {"prob": 0.015332197614991482, "count": 9, "pos": [23, 42, 70, 207, 225, 252, 317, 399, 490]}, "gruesom": {"prob": 0.0017035775127768314, "count": 1, "pos": [24]}, "battl": {"prob": 0.0034071550255536627, "count": 2, "pos": [25, 419]}, "against": {"prob": 0.0034071550255536627, "count": 2, "pos": [26, 570]}, "imperi": {"prob": 0.0034071550255536627, "count": 2, "pos": [28, 189]}, "japan": {"prob": 0.02385008517887564, "count": 14, "pos": [29, 43, 103, 190, 212, 226, 237, 262, 286, 297, 347, 425, 453, 571]}, "armi": {"prob": 0.0017035775127768314, "count": 1, "pos": [30]}, "that": {"prob": 0.017035775127768313, "count": 10, "pos": [31, 98, 111, 120, 246, 358, 501, 509, 561, 576]}, "kill": {"prob": 0.013628620102214651, "count": 8, "pos": [32, 124, 219, 342, 360, 372, 411, 506]}, "entir": {"prob": 0.0034071550255536627, "count": 2, "pos": [34, 579]}, "squad": {"prob": 0.0017035775127768314, "count": 1, "pos": [35]}, "and": {"prob": 0.04088586030664395, "count": 24, "pos": [36, 81, 94, 107, 138, 161, 176, 192, 214, 245, 273, 292, 298, 338, 345, 355, 369, 413, 456, 469, 508, 527, 540, 575]}, "left": {"prob": 0.0017035775127768314, "count": 1, "pos": [37]}, "him": {"prob": 0.008517887563884156, "count": 5, "pos": [38, 60, 323, 331, 373]}, "almost": {"prob": 0.0017035775127768314, "count": 1, "pos": [39]}, "deaf": {"prob": 0.0017035775127768314, "count": 1, "pos": [40]}, "from": {"prob": 0.005110732538330494, "count": 3, "pos": [41, 85, 154]}, "grenad": {"prob": 0.005110732538330494, "count": 3, "pos": [44, 318, 329]}, "explo": {"prob": 0.0034071550255536627, "count": 2, "pos": [45, 341]}, "new": {"prob": 0.0017035775127768314, "count": 1, "pos": [47]}, "assign": {"prob": 0.0034071550255536627, "count": 2, "pos": [48, 72]}, "is": {"prob": 0.018739352640545145, "count": 11, "pos": [49, 130, 136, 146, 159, 164, 216, 240, 271, 279, 436]}, "protect": {"prob": 0.0068143100511073255, "count": 4, "pos": [51, 73, 335, 514]}, "navajo": {"prob": 0.008517887563884156, "count": 5, "pos": [52, 74, 88, 543, 563]}, "code": {"prob": 0.017035775127768313, "count": 10, "pos": [53, 75, 96, 113, 126, 275, 337, 516, 564, 582]}, "talker": {"prob": 0.0068143100511073255, "count": 4, "pos": [54, 76, 127, 276]}, "pvt": {"prob": 0.005110732538330494, "count": 3, "pos": [55, 77, 277]}, "ben": {"prob": 0.0017035775127768314, "count": 1, "pos": [56]}, "yahz": {"prob": 0.022146507666098807, "count": 13, "pos": [57, 80, 137, 157, 184, 215, 239, 349, 363, 450, 468, 485, 524]}, "which": {"prob": 0.0034071550255536627, "count": 2, "pos": [58, 435]}, "earn": {"prob": 0.0017035775127768314, "count": 1, "pos": [59]}, "rank": {"prob": 0.0017035775127768314, "count": 1, "pos": [62]}, "sergeant": {"prob": 0.0017035775127768314, "count": 1, "pos": [64]}, "sgt": {"prob": 0.0017035775127768314, "count": 1, "pos": [65]}, "ox": {"prob": 0.0017035775127768314, "count": 1, "pos": [66]}, "henderson": {"prob": 0.005110732538330494, "count": 3, "pos": [67, 108, 270]}, "also": {"prob": 0.0017035775127768314, "count": 1, "pos": [68]}, "receiv": {"prob": 0.0034071550255536627, "count": 2, "pos": [69, 95]}, "parallel": {"prob": 0.0017035775127768314, "count": 1, "pos": [71]}, "char": {"prob": 0.0017035775127768314, "count": 1, "pos": [78]}, "whitehor": {"prob": 0.017035775127768313, "count": 10, "pos": [79, 82, 139, 278, 289, 320, 344, 361, 449, 507]}, "lifelong": {"prob": 0.0017035775127768314, "count": 1, "pos": [83]}, "friend": {"prob": 0.0034071550255536627, "count": 2, "pos": [84, 152]}, "same": {"prob": 0.0034071550255536627, "count": 2, "pos": [87, 433]}, "tribe": {"prob": 0.0017035775127768314, "count": 1, "pos": [89]}, "are": {"prob": 0.010221465076660987, "count": 6, "pos": [90, 109, 122, 385, 392, 471]}, "train": {"prob": 0.0017035775127768314, "count": 1, "pos": [91]}, "send": {"prob": 0.0017035775127768314, "count": 1, "pos": [93]}, "messag": {"prob": 0.0017035775127768314, "count": 1, "pos": [97]}, "direct": {"prob": 0.0017035775127768314, "count": 1, "pos": [99]}, "battleship": {"prob": 0.0017035775127768314, "count": 1, "pos": [100]}, "bombard": {"prob": 0.005110732538330494, "count": 3, "pos": [101, 170, 467]}, "entrench": {"prob": 0.0017035775127768314, "count": 1, "pos": [104]}, "posit": {"prob": 0.005110732538330494, "count": 3, "pos": [105, 238, 442]}, "told": {"prob": 0.0017035775127768314, "count": 1, "pos": [110]}, "cannot": {"prob": 0.0034071550255536627, "count": 2, "pos": [114, 375]}, "fall": {"prob": 0.0017035775127768314, "count": 1, "pos": [115]}, "into": {"prob": 0.0017035775127768314, "count": 1, "pos": [116]}, "enemi": {"prob": 0.0034071550255536627, "count": 2, "pos": [117, 195]}, "hand": {"prob": 0.0017035775127768314, "count": 1, "pos": [118]}, "impli": {"prob": 0.0017035775127768314, "count": 1, "pos": [119]}, "they": {"prob": 0.005110732538330494, "count": 3, "pos": [121, 391, 475]}, "their": {"prob": 0.005110732538330494, "count": 3, "pos": [125, 406, 441]}, "if": {"prob": 0.0017035775127768314, "count": 1, "pos": [128]}, "captur": {"prob": 0.0034071550255536627, "count": 2, "pos": [129, 283]}, "immin": {"prob": 0.0017035775127768314, "count": 1, "pos": [131]}, "inva": {"prob": 0.0017035775127768314, "count": 1, "pos": [133]}, "saipan": {"prob": 0.0017035775127768314, "count": 1, "pos": [135]}, "first": {"prob": 0.0034071550255536627, "count": 2, "pos": [140, 222]}, "combat": {"prob": 0.0017035775127768314, "count": 1, "pos": [141]}, "experi": {"prob": 0.0017035775127768314, "count": 1, "pos": [142]}, "beachhead": {"prob": 0.0017035775127768314, "count": 1, "pos": [145]}, "secur": {"prob": 0.0034071550255536627, "count": 2, "pos": [147, 257]}, "marin": {"prob": 0.0068143100511073255, "count": 4, "pos": [149, 249, 384, 423]}, "come": {"prob": 0.0034071550255536627, "count": 2, "pos": [150, 428]}, "under": {"prob": 0.0017035775127768314, "count": 1, "pos": [151]}, "fire": {"prob": 0.005110732538330494, "count": 3, "pos": [153, 234, 427]},