{"__total__": 425, "__name__": "doc_1966_Wings_of_Desire.txt", "set": {"prob": 0.002352941176470588, "count": 1, "pos": [0]}, "in": {"prob": 0.03058823529411765, "count": 13, "pos": [1, 38, 77, 107, 126, 163, 199, 214, 241, 281, 388, 416, 420]}, "contemporari": {"prob": 0.002352941176470588, "count": 1, "pos": [2]}, "west": {"prob": 0.002352941176470588, "count": 1, "pos": [3]}, "berlin": {"prob": 0.018823529411764704, "count": 8, "pos": [4, 34, 92, 108, 123, 173, 242, 248]}, "wing": {"prob": 0.002352941176470588, "count": 1, "pos": [5]}, "of": {"prob": 0.023529411764705882, "count": 10, "pos": [6, 33, 82, 140, 144, 147, 188, 222, 268, 327]}, "desir": {"prob": 0.004705882352941176, "count": 2, "pos": [7, 399]}, "follow": {"prob": 0.007058823529411765, "count": 3, "pos": [8, 150, 235]}, "two": {"prob": 0.004705882352941176, "count": 2, "pos": [9, 83]}, "angel": {"prob": 0.009411764705882352, "count": 4, "pos": [10, 84, 104, 263]}, "damiel": {"prob": 0.01647058823529412, "count": 7, "pos": [11, 97, 176, 195, 285, 364, 391]}, "and": {"prob": 0.04, "count": 17, "pos": [12, 20, 27, 95, 98, 114, 167, 177, 186, 224, 228, 271, 290, 317, 354, 358, 373]}, "cassiel": {"prob": 0.01647058823529412, "count": 7, "pos": [13, 70, 99, 149, 178, 321, 341]}, "as": {"prob": 0.01411764705882353, "count": 6, "pos": [14, 69, 103, 154, 251, 380]}, "they": {"prob": 0.011764705882352941, "count": 5, "pos": [15, 105, 124, 374, 382]}, "roam": {"prob": 0.002352941176470588, "count": 1, "pos": [16]}, "the": {"prob": 0.06352941176470588, "count": 27, "pos": [17, 30, 42, 45, 80, 85, 122, 137, 151, 158, 170, 220, 225, 231, 252, 282, 304, 312, 325, 345, 361, 366, 389, 395, 403, 407, 412]}, "citi": {"prob": 0.009411764705882352, "count": 4, "pos": [18, 113, 226, 232]}, "unseen": {"prob": 0.002352941176470588, "count": 1, "pos": [19]}, "unheard": {"prob": 0.002352941176470588, "count": 1, "pos": [21]}, "by": {"prob": 0.009411764705882352, "count": 4, "pos": [22, 212, 336, 360]}, "it": {"prob": 0.007058823529411765, "count": 3, "pos": [23, 110, 255]}, "human": {"prob": 0.007058823529411765, "count": 3, "pos": [24, 120, 293]}, "inhabit": {"prob": 0.002352941176470588, "count": 1, "pos": [25]}, "observ": {"prob": 0.007058823529411765, "count": 3, "pos": [26, 181, 270]}, "listen": {"prob": 0.002352941176470588, "count": 1, "pos": [28]}, "to": {"prob": 0.03529411764705882, "count": 15, "pos": [29, 44, 50, 72, 79, 184, 197, 219, 243, 277, 291, 333, 343, 351, 409]}, "diver": {"prob": 0.002352941176470588, "count": 1, "pos": [31]}, "thought": {"prob": 0.002352941176470588, "count": 1, "pos": [32]}, "a": {"prob": 0.03058823529411765, "count": 13, "pos": [35, 47, 53, 89, 112, 202, 215, 233, 245, 279, 328, 339, 371]}, "pregnant": {"prob": 0.002352941176470588, "count": 1, "pos": [36]}, "woman": {"prob": 0.004705882352941176, "count": 2, "pos": [37, 396]}, "an": {"prob": 0.011764705882352941, "count": 5, "pos": [39, 130, 145, 164, 262]}, "ambul": {"prob": 0.002352941176470588, "count": 1, "pos": [40]}, "on": {"prob": 0.009411764705882352, "count": 4, "pos": [41, 91, 169, 183]}, "way": {"prob": 0.002352941176470588, "count": 1, "pos": [43]}, "hospit": {"prob": 0.002352941176470588, "count": 1, "pos": [46]}, "painter": {"prob": 0.002352941176470588, "count": 1, "pos": [48]}, "struggl": {"prob": 0.002352941176470588, "count": 1, "pos": [49]}, "find": {"prob": 0.004705882352941176, "count": 2, "pos": [51, 168]}, "inspir": {"prob": 0.002352941176470588, "count": 1, "pos": [52]}, "broken": {"prob": 0.002352941176470588, "count": 1, "pos": [54]}, "man": {"prob": 0.011764705882352941, "count": 5, "pos": [55, 132, 153, 330, 347]}, "who": {"prob": 0.009411764705882352, "count": 4, "pos": [56, 135, 238, 264]}, "think": {"prob": 0.002352941176470588, "count": 1, "pos": [57]}, "hi": {"prob": 0.007058823529411765, "count": 3, "pos": [58, 275, 297]}, "girlfriend": {"prob": 0.002352941176470588, "count": 1, "pos": [59]}, "no": {"prob": 0.002352941176470588, "count": 1, "pos": [60]}, "longer": {"prob": 0.002352941176470588, "count": 1, "pos": [61]}, "love": {"prob": 0.004705882352941176, "count": 2, "pos": [62, 200]}, "him": {"prob": 0.002352941176470588, "count": 1, "pos": [63]}, "their": {"prob": 0.004705882352941176, "count": 2, "pos": [64, 127]}, "raison": {"prob": 0.002352941176470588, "count": 1, "pos": [65]}, "d": {"prob": 0.002352941176470588, "count": 1, "pos": [66]}, "\u00e3\u00aatre": {"prob": 0.002352941176470588, "count": 1, "pos": [67]}, "is": {"prob": 0.01647058823529412, "count": 7, "pos": [68, 87, 129, 349, 355, 392, 414]}, "say": {"prob": 0.002352941176470588, "count": 1, "pos": [71]}, "assembl": {"prob": 0.002352941176470588, "count": 1, "pos": [73]}, "testifi": {"prob": 0.002352941176470588, "count": 1, "pos": [74]}, "preserv": {"prob": 0.002352941176470588, "count": 1, "pos": [75]}, "realiti": {"prob": 0.002352941176470588, "count": 1, "pos": [76]}, "addit": {"prob": 0.002352941176470588, "count": 1, "pos": [78]}, "stori": {"prob": 0.004705882352941176, "count": 2, "pos": [81, 413]}, "film": {"prob": 0.009411764705882352, "count": 4, "pos": [86, 246, 253, 404]}, "also": {"prob": 0.002352941176470588, "count": 1, "pos": [88]}, "medit": {"prob": 0.002352941176470588, "count": 1, "pos": [90]}, "past": {"prob": 0.004705882352941176, "count": 2, "pos": [93, 250]}, "present": {"prob": 0.002352941176470588, "count": 1, "pos": [94]}, "futur": {"prob": 0.002352941176470588, "count": 1, "pos": [96]}, "have": {"prob": 0.004705882352941176, "count": 2, "pos": [100, 265]}, "alway": {"prob": 0.004705882352941176, "count": 2, "pos": [101, 269]}, "exist": {"prob": 0.007058823529411765, "count": 3, "pos": [102, 106, 299]}, "befor": {"prob": 0.004705882352941176, "count": 2, "pos": [109, 115]}, "wa": {"prob": 0.004705882352941176, "count": 2, "pos": [111, 260]}, "there": {"prob": 0.002352941176470588, "count": 1, "pos": [116]}, "were": {"prob": 0.002352941176470588, "count": 1, "pos": [117]}, "even": {"prob": 0.002352941176470588, "count": 1, "pos": [118]}, "ani": {"prob": 0.004705882352941176, "count": 2, "pos": [119, 189]}, "among": {"prob": 0.002352941176470588, "count": 1, "pos": [121]}, "encount": {"prob": 0.002352941176470588, "count": 1, "pos": [125]}, "wander": {"prob": 0.002352941176470588, "count": 1, "pos": [128]}, "old": {"prob": 0.004705882352941176, "count": 2, "pos": [131, 152]}, "name": {"prob": 0.004705882352941176, "count": 2, "pos": [133, 208]}, "homer": {"prob": 0.004705882352941176, "count": 2, "pos": [134, 142]}, "unlik": {"prob": 0.002352941176470588, "count": 1, "pos": [136]}, "greek": {"prob": 0.002352941176470588, "count": 1, "pos": [138]}, "poet": {"prob": 0.002352941176470588, "count": 1, "pos": [139]}, "war": {"prob": 0.002352941176470588, "count": 1, "pos": [141]}, "dream": {"prob": 0.002352941176470588, "count": 1, "pos": [143]}, "epic": {"prob": 0.002352941176470588, "count": 1, "pos": [146]}, "peac": {"prob": 0.002352941176470588, "count": 1, "pos": [148]}, "he": {"prob": 0.011764705882352941, "count": 5, "pos": [155, 295, 300, 307, 397]}, "look": {"prob": 0.002352941176470588, "count": 1, "pos": [156]}, "for": {"prob": 0.011764705882352941, "count": 5, "pos": [157, 288, 303, 311, 400]}, "then": {"prob": 0.002352941176470588, "count": 1, "pos": [159]}, "demolish": {"prob": 0.002352941176470588, "count": 1, "pos": [160]}, "potsdam": {"prob": 0.002352941176470588, "count": 1, "pos": [161]}, "platz": {"prob": 0.002352941176470588, "count": 1, "pos": [162]}, "open": {"prob": 0.002352941176470588, "count": 1, "pos": [165]}, "field": {"prob": 0.002352941176470588, "count": 1, "pos": [166]}, "graffiti": {"prob": 0.002352941176470588, "count": 1, "pos": [171]}, "cover": {"prob": 0.002352941176470588, "count": 1, "pos": [172]}, "wall": {"prob": 0.002352941176470588, "count": 1, "pos": [174]}, "although": {"prob": 0.002352941176470588, "count": 1, "pos": [175]}, "are": {"prob": 0.002352941176470588, "count": 1, "pos": [179]}, "pure": {"prob": 0.002352941176470588, "count": 1,