{"__total__": 616, "__name__": "doc_1977_Working_Girl.txt", "tess": {"prob": 0.040584415584415584, "count": 25, "pos": [0, 61, 65, 116, 121, 135, 154, 207, 215, 294, 298, 319, 327, 365, 383, 402, 410, 417, 451, 475, 497, 508, 532, 540, 585]}, "mcgill": {"prob": 0.0016233766233766235, "count": 1, "pos": [1]}, "is": {"prob": 0.01948051948051948, "count": 12, "pos": [2, 46, 220, 259, 278, 310, 315, 350, 418, 528, 565, 580]}, "a": {"prob": 0.02922077922077922, "count": 18, "pos": [3, 12, 31, 51, 68, 78, 157, 182, 189, 201, 209, 226, 313, 343, 403, 479, 547, 558]}, "work": {"prob": 0.003246753246753247, "count": 2, "pos": [4, 588]}, "class": {"prob": 0.003246753246753247, "count": 2, "pos": [5, 19]}, "stockbrok": {"prob": 0.0016233766233766235, "count": 1, "pos": [6]}, "secretari": {"prob": 0.006493506493506494, "count": 4, "pos": [7, 49, 405, 584]}, "from": {"prob": 0.006493506493506494, "count": 4, "pos": [8, 17, 203, 604]}, "staten": {"prob": 0.0016233766233766235, "count": 1, "pos": [9]}, "island": {"prob": 0.0016233766233766235, "count": 1, "pos": [10]}, "with": {"prob": 0.021103896103896104, "count": 13, "pos": [11, 33, 141, 159, 266, 293, 345, 363, 488, 494, 522, 537, 546]}, "bachelor": {"prob": 0.0016233766233766235, "count": 1, "pos": [13]}, "degr": {"prob": 0.0016233766233766235, "count": 1, "pos": [14]}, "in": {"prob": 0.022727272727272728, "count": 14, "pos": [15, 74, 80, 112, 139, 188, 244, 287, 324, 342, 400, 441, 572, 581]}, "busi": {"prob": 0.0016233766233766235, "count": 1, "pos": [16]}, "even": {"prob": 0.003246753246753247, "count": 2, "pos": [18, 177]}, "she": {"prob": 0.03409090909090909, "count": 21, "pos": [20, 37, 89, 97, 114, 123, 145, 171, 185, 247, 262, 267, 277, 519, 525, 556, 564, 579, 593, 600, 611]}, "dream": {"prob": 0.003246753246753247, "count": 2, "pos": [21, 614]}, "of": {"prob": 0.012987012987012988, "count": 8, "pos": [22, 191, 228, 234, 360, 406, 443, 460]}, "an": {"prob": 0.008116883116883116, "count": 5, "pos": [23, 168, 492, 533, 554]}, "execut": {"prob": 0.00487012987012987, "count": 3, "pos": [24, 54, 160]}, "posit": {"prob": 0.0016233766233766235, "count": 1, "pos": [25]}, "trick": {"prob": 0.0016233766233766235, "count": 1, "pos": [26]}, "by": {"prob": 0.006493506493506494, "count": 4, "pos": [27, 41, 222, 550]}, "her": {"prob": 0.03896103896103896, "count": 24, "pos": [28, 109, 131, 137, 152, 164, 196, 200, 223, 240, 275, 331, 375, 388, 408, 421, 427, 430, 458, 517, 542, 566, 605, 613]}, "boss": {"prob": 0.00487012987012987, "count": 3, "pos": [29, 165, 568]}, "into": {"prob": 0.006493506493506494, "count": 4, "pos": [30, 39, 426, 505]}, "date": {"prob": 0.0016233766233766235, "count": 1, "pos": [32]}, "hi": {"prob": 0.00487012987012987, "count": 3, "pos": [34, 372, 538]}, "lascivi": {"prob": 0.0016233766233766235, "count": 1, "pos": [35]}, "colleagu": {"prob": 0.003246753246753247, "count": 2, "pos": [36, 591]}, "get": {"prob": 0.0016233766233766235, "count": 1, "pos": [38]}, "troubl": {"prob": 0.0016233766233766235, "count": 1, "pos": [40]}, "public": {"prob": 0.0016233766233766235, "count": 1, "pos": [42]}, "insult": {"prob": 0.0016233766233766235, "count": 1, "pos": [43]}, "him": {"prob": 0.003246753246753247, "count": 2, "pos": [44, 511]}, "and": {"prob": 0.032467532467532464, "count": 20, "pos": [45, 87, 120, 150, 230, 236, 252, 288, 299, 305, 312, 320, 380, 432, 448, 454, 490, 496, 527, 569]}, "reassign": {"prob": 0.0016233766233766235, "count": 1, "pos": [47]}, "as": {"prob": 0.006493506493506494, "count": 4, "pos": [48, 130, 167, 590]}, "to": {"prob": 0.024350649350649352, "count": 15, "pos": [50, 62, 76, 84, 117, 125, 147, 173, 239, 329, 370, 456, 465, 553, 609]}, "new": {"prob": 0.00487012987012987, "count": 3, "pos": [52, 543, 567]}, "financ": {"prob": 0.0016233766233766235, "count": 1, "pos": [53]}, "katharin": {"prob": 0.02922077922077922, "count": 18, "pos": [55, 59, 82, 107, 148, 192, 204, 346, 354, 367, 391, 398, 447, 453, 463, 489, 515, 599]}, "parker": {"prob": 0.0016233766233766235, "count": 1, "pos": [56]}, "seeming": {"prob": 0.0016233766233766235, "count": 1, "pos": [57]}, "support": {"prob": 0.0016233766233766235, "count": 1, "pos": [58]}, "encourag": {"prob": 0.0016233766233766235, "count": 1, "pos": [60]}, "share": {"prob": 0.0016233766233766235, "count": 1, "pos": [63]}, "idea": {"prob": 0.012987012987012988, "count": 8, "pos": [64, 86, 100, 129, 295, 409, 509, 524]}, "suggest": {"prob": 0.0016233766233766235, "count": 1, "pos": [66]}, "that": {"prob": 0.003246753246753247, "count": 2, "pos": [67, 502]}, "client": {"prob": 0.0016233766233766235, "count": 1, "pos": [69]}, "trask": {"prob": 0.01461038961038961, "count": 9, "pos": [70, 302, 309, 364, 449, 477, 501, 513, 530]}, "industri": {"prob": 0.0016233766233766235, "count": 1, "pos": [71]}, "should": {"prob": 0.0016233766233766235, "count": 1, "pos": [72]}, "invest": {"prob": 0.0016233766233766235, "count": 1, "pos": [73]}, "radio": {"prob": 0.003246753246753247, "count": 2, "pos": [75, 506]}, "gain": {"prob": 0.0016233766233766235, "count": 1, "pos": [77]}, "foothold": {"prob": 0.0016233766233766235, "count": 1, "pos": [79]}, "media": {"prob": 0.0016233766233766235, "count": 1, "pos": [81]}, "listen": {"prob": 0.0016233766233766235, "count": 1, "pos": [83]}, "the": {"prob": 0.04220779220779221, "count": 26, "pos": [85, 99, 128, 176, 179, 194, 213, 231, 254, 260, 264, 269, 281, 358, 361, 393, 435, 444, 461, 467, 485, 503, 523, 561, 573, 576]}, "say": {"prob": 0.00974025974025974, "count": 6, "pos": [88, 98, 289, 349, 472, 610]}, "ll": {"prob": 0.0016233766233766235, "count": 1, "pos": [90]}, "pass": {"prob": 0.003246753246753247, "count": 2, "pos": [91, 126]}, "it": {"prob": 0.0016233766233766235, "count": 1, "pos": [92]}, "through": {"prob": 0.0016233766233766235, "count": 1, "pos": [93]}, "some": {"prob": 0.0016233766233766235, "count": 1, "pos": [94]}, "peopl": {"prob": 0.0016233766233766235, "count": 1, "pos": [95]}, "later": {"prob": 0.006493506493506494, "count": 4, "pos": [96, 297, 318, 416]}, "wasn": {"prob": 0.0016233766233766235, "count": 1, "pos": [101]}, "t": {"prob": 0.0016233766233766235, "count": 1, "pos": [102]}, "well": {"prob": 0.003246753246753247, "count": 2, "pos": [103, 396]}, "receiv": {"prob": 0.0016233766233766235, "count": 1, "pos": [104]}, "but": {"prob": 0.011363636363636364, "count": 7, "pos": [105, 284, 334, 352, 376, 412, 470]}, "when": {"prob": 0.006493506493506494, "count": 4, "pos": [106, 206, 423, 476]}, "break": {"prob": 0.0016233766233766235, "count": 1, "pos": [108]}, "leg": {"prob": 0.0016233766233766235, "count": 1, "pos": [110]}, "ski": {"prob": 0.0016233766233766235, "count": 1, "pos": [111]}, "europ": {"prob": 0.0016233766233766235, "count": 1, "pos": [113]}, "ask": {"prob": 0.00487012987012987, "count": 3, "pos": [115, 368, 516]}, "hous": {"prob": 0.0016233766233766235, "count": 1, "pos": [118]}, "sit": {"prob": 0.0016233766233766235, "count": 1, "pos": [119]}, "discov": {"prob": 0.0016233766233766235, "count": 1, "pos": [122]}, "plan": {"prob": 0.003246753246753247, "count": 2, "pos": [124, 308]}, "off": {"prob": 0.00487012987012987, "count": 3, "pos": [127, 386, 484]}, "own": {"prob": 0.0016233766233766235, "count": 1, "pos": [132]}, "at": {"prob": 0.006493506493506494, "count": 4, "pos": [133, 181, 212, 274]}, "home": {"prob": 0.003246753246753247, "count": 2, "pos": [134, 356]}, "find": {"prob": 0.0016233766233766235, "count": 1, "pos": [136]}, "boyfriend": {"prob": 0.0016233766233766235, "count": 1, "pos": [138]}, "bed": {"prob": 0.00487012987012987, "count": 3, "pos": [140, 246, 325]}, "anoth": {"prob": 0.0016233766233766235, "count": 1, "pos": [142]}, "woman": {"prob": 0.00487012987012987, "count": 3, "pos": [143, 559, 577]}, "disillus": {"prob": 0.0016233766233766235, "count": 1, "pos": [144]}, "return": {"prob": 0.0016233766233766235, "count": 1, "pos": [146]}, "apart": {"prob": 0.0016233766233766235, "count": 1, "pos": [149]}, "begin": {"prob": 0.0016233766233766235,