{"__total__": 541, "__name__": "doc_1981_Yodha.txt", "in": {"prob": 0.029574861367837338, "count": 16, "pos": [0, 4, 59, 83, 110, 114, 141, 195, 229, 282, 330, 351, 400, 486, 492, 529]}, "an": {"prob": 0.012939001848428836, "count": 7, "pos": [1, 29, 118, 169, 177, 384, 448]}, "unknown": {"prob": 0.0018484288354898336, "count": 1, "pos": [2]}, "locat": {"prob": 0.0018484288354898336, "count": 1, "pos": [3]}, "the": {"prob": 0.10351201478743069, "count": 56, "pos": [5, 16, 19, 38, 41, 51, 56, 60, 64, 71, 77, 80, 84, 86, 93, 96, 104, 108, 123, 151, 241, 248, 255, 287, 295, 311, 316, 320, 326, 331, 334, 344, 352, 360, 366, 377, 398, 401, 403, 413, 430, 434, 441, 443, 456, 460, 463, 466, 468, 473, 477, 487, 493, 497, 522, 530]}, "nepal": {"prob": 0.0073937153419593345, "count": 4, "pos": [6, 202, 224, 274]}, "himalaya": {"prob": 0.0036968576709796672, "count": 2, "pos": [7, 72]}, "a": {"prob": 0.024029574861367836, "count": 13, "pos": [8, 22, 47, 111, 142, 190, 252, 271, 280, 393, 419, 514, 519]}, "young": {"prob": 0.005545286506469501, "count": 3, "pos": [9, 87, 256]}, "monk": {"prob": 0.0073937153419593345, "count": 4, "pos": [10, 58, 451, 461]}, "is": {"prob": 0.024029574861367836, "count": 13, "pos": [11, 35, 117, 186, 198, 237, 370, 376, 381, 416, 481, 504, 536]}, "about": {"prob": 0.0018484288354898336, "count": 1, "pos": [12]}, "to": {"prob": 0.038817005545286505, "count": 21, "pos": [13, 45, 53, 73, 90, 101, 157, 164, 180, 188, 201, 203, 219, 223, 260, 291, 348, 387, 440, 472, 475]}, "be": {"prob": 0.0018484288354898336, "count": 1, "pos": [14]}, "crown": {"prob": 0.0036968576709796672, "count": 2, "pos": [15, 482]}, "rimpoch": {"prob": 0.024029574861367836, "count": 13, "pos": [17, 52, 65, 88, 249, 288, 317, 367, 399, 435, 444, 467, 478]}, "of": {"prob": 0.033271719038817, "count": 18, "pos": [18, 24, 40, 50, 79, 95, 107, 126, 144, 167, 243, 297, 310, 346, 355, 373, 421, 465]}, "monasteri": {"prob": 0.009242144177449169, "count": 5, "pos": [20, 61, 368, 442, 474]}, "when": {"prob": 0.0036968576709796672, "count": 2, "pos": [21, 176]}, "gang": {"prob": 0.0018484288354898336, "count": 1, "pos": [23]}, "black": {"prob": 0.014787430683918669, "count": 8, "pos": [25, 42, 81, 277, 312, 327, 469, 488]}, "magician": {"prob": 0.018484288354898338, "count": 10, "pos": [26, 43, 82, 97, 313, 328, 335, 431, 470, 489]}, "led": {"prob": 0.0018484288354898336, "count": 1, "pos": [27]}, "by": {"prob": 0.012939001848428836, "count": 7, "pos": [28, 359, 383, 418, 447, 521, 539]}, "unnam": {"prob": 0.0018484288354898336, "count": 1, "pos": [30]}, "charact": {"prob": 0.0018484288354898336, "count": 1, "pos": [31]}, "kidnap": {"prob": 0.0036968576709796672, "count": 2, "pos": [32, 315]}, "him": {"prob": 0.011090573012939002, "count": 6, "pos": [33, 75, 163, 425, 438, 528]}, "it": {"prob": 0.0018484288354898336, "count": 1, "pos": [34]}, "reveal": {"prob": 0.0018484288354898336, "count": 1, "pos": [36]}, "that": {"prob": 0.009242144177449169, "count": 5, "pos": [37, 63, 184, 502, 533]}, "leader": {"prob": 0.0018484288354898336, "count": 1, "pos": [39]}, "wish": {"prob": 0.0018484288354898336, "count": 1, "pos": [44]}, "make": {"prob": 0.0036968576709796672, "count": 2, "pos": [46, 513]}, "human": {"prob": 0.0018484288354898336, "count": 1, "pos": [48]}, "sacrif": {"prob": 0.0018484288354898336, "count": 1, "pos": [49]}, "attain": {"prob": 0.0018484288354898336, "count": 1, "pos": [54]}, "invinc": {"prob": 0.0018484288354898336, "count": 1, "pos": [55]}, "other": {"prob": 0.005545286506469501, "count": 3, "pos": [57, 105, 124]}, "understand": {"prob": 0.0018484288354898336, "count": 1, "pos": [62]}, "saviour": {"prob": 0.0018484288354898336, "count": 1, "pos": [66]}, "will": {"prob": 0.0018484288354898336, "count": 1, "pos": [67]}, "arriv": {"prob": 0.0018484288354898336, "count": 1, "pos": [68]}, "from": {"prob": 0.005545286506469501, "count": 3, "pos": [69, 76, 92]}, "across": {"prob": 0.0018484288354898336, "count": 1, "pos": [70]}, "rescu": {"prob": 0.0073937153419593345, "count": 4, "pos": [74, 358, 397, 433]}, "clutch": {"prob": 0.0036968576709796672, "count": 2, "pos": [78, 94]}, "meantim": {"prob": 0.0036968576709796672, "count": 2, "pos": [85, 402]}, "manag": {"prob": 0.0036968576709796672, "count": 2, "pos": [89, 290]}, "escap": {"prob": 0.0018484288354898336, "count": 1, "pos": [91]}, "and": {"prob": 0.031423290203327174, "count": 17, "pos": [98, 138, 226, 250, 276, 300, 305, 339, 342, 380, 391, 405, 410, 415, 436, 491, 526]}, "run": {"prob": 0.0018484288354898336, "count": 1, "pos": [99]}, "away": {"prob": 0.005545286506469501, "count": 3, "pos": [100, 132, 200]}, "kathmandu": {"prob": 0.005545286506469501, "count": 3, "pos": [102, 244, 283]}, "at": {"prob": 0.0036968576709796672, "count": 2, "pos": [103, 279]}, "end": {"prob": 0.0036968576709796672, "count": 2, "pos": [106, 323]}, "subcontin": {"prob": 0.0018484288354898336, "count": 1, "pos": [109]}, "small": {"prob": 0.0018484288354898336, "count": 1, "pos": [112]}, "villag": {"prob": 0.0018484288354898336, "count": 1, "pos": [113]}, "kerala": {"prob": 0.0036968576709796672, "count": 2, "pos": [115, 196]}, "ashokan": {"prob": 0.031423290203327174, "count": 17, "pos": [116, 166, 185, 197, 220, 235, 236, 285, 304, 341, 369, 411, 426, 453, 484, 499, 540]}, "unemploy": {"prob": 0.0018484288354898336, "count": 1, "pos": [119]}, "youth": {"prob": 0.0018484288354898336, "count": 1, "pos": [120]}, "who": {"prob": 0.005545286506469501, "count": 3, "pos": [121, 423, 524]}, "with": {"prob": 0.014787430683918669, "count": 8, "pos": [122, 134, 171, 205, 254, 286, 364, 396]}, "member": {"prob": 0.0018484288354898336, "count": 1, "pos": [125]}, "hi": {"prob": 0.018484288354898338, "count": 10, "pos": [127, 130, 135, 139, 158, 172, 181, 206, 262, 389]}, "club": {"prob": 0.0036968576709796672, "count": 2, "pos": [128, 140]}, "while": {"prob": 0.0018484288354898336, "count": 1, "pos": [129]}, "time": {"prob": 0.0036968576709796672, "count": 2, "pos": [131, 155]}, "compet": {"prob": 0.0018484288354898336, "count": 1, "pos": [133]}, "cousin": {"prob": 0.0018484288354898336, "count": 1, "pos": [136]}, "appukuttan": {"prob": 0.012939001848428836, "count": 7, "pos": [137, 147, 221, 258, 407, 512, 535]}, "seri": {"prob": 0.0018484288354898336, "count": 1, "pos": [143]}, "trivial": {"prob": 0.0018484288354898336, "count": 1, "pos": [145]}, "competit": {"prob": 0.0018484288354898336, "count": 1, "pos": [146]}, "find": {"prob": 0.0018484288354898336, "count": 1, "pos": [148]}, "himself": {"prob": 0.005545286506469501, "count": 3, "pos": [149, 228, 329]}, "on": {"prob": 0.0018484288354898336, "count": 1, "pos": [150]}, "lose": {"prob": 0.0018484288354898336, "count": 1, "pos": [152]}, "side": {"prob": 0.0018484288354898336, "count": 1, "pos": [153]}, "everi": {"prob": 0.0018484288354898336, "count": 1, "pos": [154]}, "ad": {"prob": 0.0018484288354898336, "count": 1, "pos": [156]}, "insecur": {"prob": 0.0018484288354898336, "count": 1, "pos": [159]}, "complex": {"prob": 0.0018484288354898336, "count": 1, "pos": [160]}, "which": {"prob": 0.0018484288354898336, "count": 1, "pos": [161]}, "lead": {"prob": 0.0018484288354898336, "count": 1, "pos": [162]}, "suspect": {"prob": 0.0018484288354898336, "count": 1, "pos": [165]}, "have": {"prob": 0.0018484288354898336, "count": 1, "pos": [168]}, "affair": {"prob": 0.0018484288354898336, "count": 1, "pos": [170]}, "fianc\u00e3": {"prob": 0.0018484288354898336, "count": 1, "pos": [173]}, "e": {"prob": 0.0018484288354898336, "count": 1, "pos": [174]}, "damayanti": {"prob": 0.0018484288354898336, "count": 1, "pos": [175]}, "astrolog": {"prob": 0.0018484288354898336, "count": 1, "pos": [178]}, "predict": {"prob": 0.0018484288354898336, "count": 1, "pos": [179]}, "mother": {"prob": 0.0018484288354898336, "count": 1, "pos": [182]}, "sumathi": {"prob": 0.0018484288354898336, "count": 1, "pos": [183]}, "like": {"prob": 0.0018484288354898336, "count": 1, "pos": [187]},