{"__total__": 542, "__name__": "doc_1986_Young_Adam.txt", "the": {"prob": 0.05350553505535055, "count": 29, "pos": [0, 7, 24, 28, 39, 63, 75, 100, 125, 137, 140, 146, 152, 171, 180, 254, 269, 316, 329, 340, 354, 362, 371, 386, 393, 426, 479, 494, 511]}, "film": {"prob": 0.0018450184501845018, "count": 1, "pos": [1]}, "is": {"prob": 0.007380073800738007, "count": 4, "pos": [2, 405, 465, 515]}, "set": {"prob": 0.005535055350553505, "count": 3, "pos": [3, 98, 537]}, "in": {"prob": 0.023985239852398525, "count": 13, "pos": [4, 6, 99, 143, 170, 242, 291, 344, 353, 375, 385, 431, 478]}, "scotland": {"prob": 0.0018450184501845018, "count": 1, "pos": [5]}, "ear": {"prob": 0.0018450184501845018, "count": 1, "pos": [8]}, "1950": {"prob": 0.0018450184501845018, "count": 1, "pos": [9]}, "shiftless": {"prob": 0.0018450184501845018, "count": 1, "pos": [10]}, "young": {"prob": 0.005535055350553505, "count": 3, "pos": [11, 54, 67]}, "drifter": {"prob": 0.0018450184501845018, "count": 1, "pos": [12]}, "joe": {"prob": 0.03136531365313653, "count": 17, "pos": [13, 59, 81, 107, 118, 173, 207, 263, 278, 297, 327, 379, 388, 412, 434, 473, 527]}, "taylor": {"prob": 0.0018450184501845018, "count": 1, "pos": [14]}, "work": {"prob": 0.0036900369003690036, "count": 2, "pos": [15, 203]}, "on": {"prob": 0.02214022140221402, "count": 12, "pos": [16, 23, 41, 145, 176, 197, 253, 315, 370, 392, 430, 510]}, "a": {"prob": 0.03874538745387454, "count": 21, "pos": [17, 66, 72, 112, 164, 177, 190, 198, 243, 251, 281, 307, 323, 334, 337, 345, 368, 399, 458, 475, 500]}, "barg": {"prob": 0.01107011070110701, "count": 6, "pos": [18, 126, 255, 270, 330, 363]}, "which": {"prob": 0.0036900369003690036, "count": 2, "pos": [19, 271]}, "oper": {"prob": 0.0036900369003690036, "count": 2, "pos": [20, 47]}, "from": {"prob": 0.007380073800738007, "count": 4, "pos": [21, 74, 168, 211]}, "glasgow": {"prob": 0.0018450184501845018, "count": 1, "pos": [22]}, "river": {"prob": 0.0018450184501845018, "count": 1, "pos": [25]}, "clyde": {"prob": 0.0036900369003690036, "count": 2, "pos": [26, 31]}, "along": {"prob": 0.0018450184501845018, "count": 1, "pos": [27]}, "forth": {"prob": 0.0018450184501845018, "count": 1, "pos": [29]}, "and": {"prob": 0.06642066420664207, "count": 36, "pos": [30, 32, 49, 52, 60, 84, 108, 122, 179, 192, 215, 235, 262, 265, 275, 277, 296, 302, 326, 331, 356, 380, 383, 389, 395, 410, 423, 441, 449, 453, 467, 472, 496, 513, 518, 536]}, "union": {"prob": 0.0018450184501845018, "count": 1, "pos": [33]}, "canal": {"prob": 0.0036900369003690036, "count": 2, "pos": [34, 244]}, "to": {"prob": 0.04059040590405904, "count": 22, "pos": [35, 111, 115, 124, 130, 135, 150, 188, 204, 209, 273, 305, 321, 333, 351, 415, 438, 445, 482, 520, 523, 530]}, "edinburgh": {"prob": 0.0018450184501845018, "count": 1, "pos": [36]}, "he": {"prob": 0.012915129151291513, "count": 7, "pos": [37, 186, 230, 245, 381, 447, 486]}, "share": {"prob": 0.0018450184501845018, "count": 1, "pos": [38]}, "cramp": {"prob": 0.0018450184501845018, "count": 1, "pos": [40]}, "board": {"prob": 0.0018450184501845018, "count": 1, "pos": [42]}, "live": {"prob": 0.0036900369003690036, "count": 2, "pos": [43, 184]}, "quarter": {"prob": 0.0018450184501845018, "count": 1, "pos": [44]}, "with": {"prob": 0.012915129151291513, "count": 7, "pos": [45, 89, 96, 218, 311, 378, 407]}, "it": {"prob": 0.00922509225092251, "count": 5, "pos": [46, 148, 498, 505, 506]}, "le": {"prob": 0.012915129151291513, "count": 7, "pos": [48, 61, 109, 120, 169, 247, 256]}, "ella": {"prob": 0.00922509225092251, "count": 5, "pos": [50, 128, 261, 276, 349]}, "gault": {"prob": 0.0018450184501845018, "count": 1, "pos": [51]}, "their": {"prob": 0.0018450184501845018, "count": 1, "pos": [53]}, "son": {"prob": 0.0018450184501845018, "count": 1, "pos": [55]}, "jim": {"prob": 0.0036900369003690036, "count": 2, "pos": [56, 139]}, "one": {"prob": 0.0036900369003690036, "count": 2, "pos": [57, 313]}, "day": {"prob": 0.005535055350553505, "count": 3, "pos": [58, 195, 477]}, "pull": {"prob": 0.0018450184501845018, "count": 1, "pos": [62]}, "bodi": {"prob": 0.0036900369003690036, "count": 2, "pos": [64, 106]}, "of": {"prob": 0.01845018450184502, "count": 10, "pos": [65, 154, 221, 225, 228, 260, 268, 309, 361, 493]}, "woman": {"prob": 0.0018450184501845018, "count": 1, "pos": [68]}, "nake": {"prob": 0.0018450184501845018, "count": 1, "pos": [69]}, "except": {"prob": 0.0018450184501845018, "count": 1, "pos": [70]}, "for": {"prob": 0.005535055350553505, "count": 3, "pos": [71, 469, 539]}, "petticoat": {"prob": 0.0036900369003690036, "count": 2, "pos": [73, 433]}, "water": {"prob": 0.0036900369003690036, "count": 2, "pos": [76, 427]}, "via": {"prob": 0.0018450184501845018, "count": 1, "pos": [77]}, "flashback": {"prob": 0.0018450184501845018, "count": 1, "pos": [78]}, "we": {"prob": 0.0018450184501845018, "count": 1, "pos": [79]}, "learn": {"prob": 0.0018450184501845018, "count": 1, "pos": [80]}, "knew": {"prob": 0.0018450184501845018, "count": 1, "pos": [82]}, "her": {"prob": 0.02029520295202952, "count": 11, "pos": [83, 229, 274, 289, 299, 304, 357, 376, 432, 440, 470]}, "scene": {"prob": 0.0018450184501845018, "count": 1, "pos": [85]}, "involv": {"prob": 0.0018450184501845018, "count": 1, "pos": [86]}, "hi": {"prob": 0.014760147601476014, "count": 8, "pos": [87, 131, 194, 219, 232, 240, 408, 525]}, "relationship": {"prob": 0.005535055350553505, "count": 3, "pos": [88, 284, 377]}, "offic": {"prob": 0.0018450184501845018, "count": 1, "pos": [90]}, "worker": {"prob": 0.0018450184501845018, "count": 1, "pos": [91]}, "cathi": {"prob": 0.012915129151291513, "count": 7, "pos": [92, 105, 175, 216, 390, 461, 533]}, "dim": {"prob": 0.0018450184501845018, "count": 1, "pos": [93]}, "are": {"prob": 0.0036900369003690036, "count": 2, "pos": [94, 183]}, "juxtapo": {"prob": 0.0018450184501845018, "count": 1, "pos": [95]}, "those": {"prob": 0.0018450184501845018, "count": 1, "pos": [97]}, "present": {"prob": 0.0036900369003690036, "count": 2, "pos": [101, 454]}, "time": {"prob": 0.0018450184501845018, "count": 1, "pos": [102]}, "after": {"prob": 0.007380073800738007, "count": 4, "pos": [103, 238, 336, 420]}, "find": {"prob": 0.005535055350553505, "count": 3, "pos": [104, 163, 504]}, "go": {"prob": 0.0036900369003690036, "count": 2, "pos": [110, 332]}, "local": {"prob": 0.0018450184501845018, "count": 1, "pos": [113]}, "pub": {"prob": 0.0036900369003690036, "count": 2, "pos": [114, 335]}, "play": {"prob": 0.0018450184501845018, "count": 1, "pos": [116]}, "dart": {"prob": 0.0018450184501845018, "count": 1, "pos": [117]}, "leav": {"prob": 0.007380073800738007, "count": 4, "pos": [119, 328, 384, 497]}, "behind": {"prob": 0.0018450184501845018, "count": 1, "pos": [121]}, "return": {"prob": 0.0018450184501845018, "count": 1, "pos": [123]}, "where": {"prob": 0.0036900369003690036, "count": 2, "pos": [127, 499]}, "succumb": {"prob": 0.0018450184501845018, "count": 1, "pos": [129]}, "advanc": {"prob": 0.0018450184501845018, "count": 1, "pos": [132]}, "not": {"prob": 0.0036900369003690036, "count": 2, "pos": [133, 529]}, "want": {"prob": 0.0018450184501845018, "count": 1, "pos": [134]}, "disturb": {"prob": 0.0018450184501845018, "count": 1, "pos": [136]}, "sleep": {"prob": 0.0018450184501845018, "count": 1, "pos": [138]}, "two": {"prob": 0.005535055350553505, "count": 3, "pos": [141, 181, 341]}, "engag": {"prob": 0.0018450184501845018, "count": 1, "pos": [142]}, "sex": {"prob": 0.005535055350553505, "count": 3, "pos": [144, 343, 397]}, "towpath": {"prob": 0.0018450184501845018, "count": 1, "pos": [147]}, "prove": {"prob": 0.0018450184501845018, "count": 1, "pos": [149]}, "be": {"prob": 0.0036900369003690036, "count": 2, "pos": [151, 189]}, "first": {"prob": 0.0018450184501845018, "count": 1, "pos": [153]}, "mani": {"prob": 0.0018450184501845018, "count": 1, "pos": [155]}, "such": {"prob": 0.0018450184501845018, "count": 1, "pos": [156]}, "encount": {"prob": 0.0018450184501845018, "count": 1, "pos": [157]},