{"__total__": 613, "__name__": "doc_213_Beneath_the_Planet_of_the_Apes.txt", "follow": {"prob": 0.0032626427406199023, "count": 2, "pos": [0, 278]}, "the": {"prob": 0.08156606851549755, "count": 50, "pos": [1, 6, 13, 21, 24, 33, 41, 56, 125, 130, 139, 143, 155, 158, 174, 177, 194, 209, 212, 218, 250, 253, 258, 284, 298, 328, 333, 336, 341, 363, 368, 372, 376, 380, 398, 435, 452, 461, 487, 489, 506, 508, 511, 521, 531, 551, 567, 569, 600, 604]}, "event": {"prob": 0.0016313213703099511, "count": 1, "pos": [2]}, "of": {"prob": 0.026101141924959218, "count": 16, "pos": [3, 5, 23, 157, 176, 189, 211, 252, 257, 300, 308, 346, 400, 416, 501, 588]}, "planet": {"prob": 0.004893964110929853, "count": 3, "pos": [4, 95, 507]}, "ape": {"prob": 0.013050570962479609, "count": 8, "pos": [7, 117, 140, 329, 342, 369, 377, 509]}, "time": {"prob": 0.004893964110929853, "count": 3, "pos": [8, 191, 271]}, "displac": {"prob": 0.0016313213703099511, "count": 1, "pos": [9]}, "astronaut": {"prob": 0.0032626427406199023, "count": 2, "pos": [10, 87]}, "taylor": {"prob": 0.02773246329526917, "count": 17, "pos": [11, 44, 71, 76, 104, 108, 193, 356, 434, 446, 467, 475, 493, 542, 554, 572, 594]}, "and": {"prob": 0.04241435562805873, "count": 26, "pos": [12, 35, 49, 72, 99, 146, 169, 180, 186, 201, 221, 318, 322, 325, 348, 357, 366, 426, 445, 458, 474, 482, 492, 516, 541, 606]}, "mute": {"prob": 0.0016313213703099511, "count": 1, "pos": [14]}, "nova": {"prob": 0.01794453507340946, "count": 11, "pos": [15, 52, 98, 172, 222, 296, 319, 358, 425, 454, 515]}, "are": {"prob": 0.008156606851549755, "count": 5, "pos": [16, 223, 320, 330, 524]}, "ride": {"prob": 0.0032626427406199023, "count": 2, "pos": [17, 113]}, "on": {"prob": 0.011419249592169658, "count": 7, "pos": [18, 208, 332, 505, 586, 599, 611]}, "horseback": {"prob": 0.0016313213703099511, "count": 1, "pos": [19]}, "through": {"prob": 0.004893964110929853, "count": 3, "pos": [20, 270, 362]}, "desert": {"prob": 0.0016313213703099511, "count": 1, "pos": [22]}, "forbidden": {"prob": 0.008156606851549755, "count": 5, "pos": [25, 57, 144, 213, 334]}, "zone": {"prob": 0.008156606851549755, "count": 5, "pos": [26, 58, 145, 214, 335]}, "without": {"prob": 0.0016313213703099511, "count": 1, "pos": [27]}, "warn": {"prob": 0.0016313213703099511, "count": 1, "pos": [28]}, "fire": {"prob": 0.0032626427406199023, "count": 2, "pos": [29, 347]}, "shoot": {"prob": 0.0016313213703099511, "count": 1, "pos": [30]}, "up": {"prob": 0.0016313213703099511, "count": 1, "pos": [31]}, "from": {"prob": 0.0065252854812398045, "count": 4, "pos": [32, 424, 476, 547]}, "ground": {"prob": 0.0016313213703099511, "count": 1, "pos": [34]}, "deep": {"prob": 0.0016313213703099511, "count": 1, "pos": [36]}, "chasm": {"prob": 0.0016313213703099511, "count": 1, "pos": [37]}, "open": {"prob": 0.0016313213703099511, "count": 1, "pos": [38]}, "confus": {"prob": 0.0016313213703099511, "count": 1, "pos": [39]}, "by": {"prob": 0.013050570962479609, "count": 8, "pos": [40, 165, 171, 225, 343, 414, 526, 566]}, "strang": {"prob": 0.0016313213703099511, "count": 1, "pos": [42]}, "phenomenon": {"prob": 0.0016313213703099511, "count": 1, "pos": [43]}, "investig": {"prob": 0.0016313213703099511, "count": 1, "pos": [45]}, "a": {"prob": 0.01957585644371941, "count": 12, "pos": [46, 59, 135, 150, 166, 243, 279, 306, 389, 394, 429, 497]}, "cliff": {"prob": 0.0016313213703099511, "count": 1, "pos": [47]}, "wall": {"prob": 0.0016313213703099511, "count": 1, "pos": [48]}, "disappear": {"prob": 0.0016313213703099511, "count": 1, "pos": [50]}, "befor": {"prob": 0.004893964110929853, "count": 3, "pos": [51, 536, 562]}, "eye": {"prob": 0.0016313213703099511, "count": 1, "pos": [53]}, "elsewh": {"prob": 0.0016313213703099511, "count": 1, "pos": [54]}, "in": {"prob": 0.0065252854812398045, "count": 4, "pos": [55, 242, 379, 590]}, "second": {"prob": 0.0016313213703099511, "count": 1, "pos": [60]}, "spaceship": {"prob": 0.0016313213703099511, "count": 1, "pos": [61]}, "ha": {"prob": 0.0065252854812398045, "count": 4, "pos": [62, 79, 91, 268]}, "crash": {"prob": 0.0016313213703099511, "count": 1, "pos": [63]}, "land": {"prob": 0.0016313213703099511, "count": 1, "pos": [64]}, "after": {"prob": 0.0032626427406199023, "count": 2, "pos": [65, 277]}, "be": {"prob": 0.0065252854812398045, "count": 4, "pos": [66, 230, 537, 563]}, "sent": {"prob": 0.0016313213703099511, "count": 1, "pos": [67]}, "to": {"prob": 0.03915171288743882, "count": 24, "pos": [68, 93, 116, 123, 141, 173, 216, 272, 289, 294, 339, 355, 371, 383, 406, 418, 428, 442, 447, 451, 460, 520, 544, 559]}, "search": {"prob": 0.0016313213703099511, "count": 1, "pos": [69]}, "for": {"prob": 0.0065252854812398045, "count": 4, "pos": [70, 138, 232, 577]}, "hi": {"prob": 0.009787928221859706, "count": 6, "pos": [73, 184, 439, 477, 591, 596]}, "crew": {"prob": 0.0016313213703099511, "count": 1, "pos": [74]}, "like": {"prob": 0.0016313213703099511, "count": 1, "pos": [75]}, "ship": {"prob": 0.0016313213703099511, "count": 1, "pos": [77]}, "it": {"prob": 0.004893964110929853, "count": 3, "pos": [78, 148, 495]}, "travel": {"prob": 0.004893964110929853, "count": 3, "pos": [80, 92, 269]}, "into": {"prob": 0.004893964110929853, "count": 3, "pos": [81, 283, 533]}, "earth": {"prob": 0.004893964110929853, "count": 3, "pos": [82, 273, 612]}, "distant": {"prob": 0.0016313213703099511, "count": 1, "pos": [83]}, "futur": {"prob": 0.0032626427406199023, "count": 2, "pos": [84, 276]}, "howev": {"prob": 0.0032626427406199023, "count": 2, "pos": [85, 365]}, "surviv": {"prob": 0.0016313213703099511, "count": 1, "pos": [86]}, "brent": {"prob": 0.021207177814029365, "count": 13, "pos": [88, 162, 220, 246, 287, 317, 326, 421, 444, 473, 485, 540, 557]}, "believ": {"prob": 0.0016313213703099511, "count": 1, "pos": [89]}, "he": {"prob": 0.01468189233278956, "count": 9, "pos": [90, 96, 112, 120, 128, 204, 267, 304, 432]}, "anoth": {"prob": 0.0016313213703099511, "count": 1, "pos": [94]}, "encount": {"prob": 0.0016313213703099511, "count": 1, "pos": [97]}, "notic": {"prob": 0.0016313213703099511, "count": 1, "pos": [100]}, "she": {"prob": 0.0016313213703099511, "count": 1, "pos": [101]}, "is": {"prob": 0.013050570962479609, "count": 8, "pos": [102, 109, 121, 163, 249, 422, 555, 585]}, "wear": {"prob": 0.0016313213703099511, "count": 1, "pos": [103]}, "dog": {"prob": 0.0016313213703099511, "count": 1, "pos": [105]}, "tag": {"prob": 0.0016313213703099511, "count": 1, "pos": [106]}, "hope": {"prob": 0.0016313213703099511, "count": 1, "pos": [107]}, "still": {"prob": 0.0016313213703099511, "count": 1, "pos": [110]}, "aliv": {"prob": 0.0016313213703099511, "count": 1, "pos": [111]}, "with": {"prob": 0.0065252854812398045, "count": 4, "pos": [114, 192, 375, 574]}, "her": {"prob": 0.004893964110929853, "count": 3, "pos": [115, 456, 464]}, "citi": {"prob": 0.008156606851549755, "count": 5, "pos": [118, 219, 261, 374, 513]}, "where": {"prob": 0.0032626427406199023, "count": 2, "pos": [119, 431]}, "shock": {"prob": 0.0016313213703099511, "count": 1, "pos": [122]}, "discov": {"prob": 0.0032626427406199023, "count": 2, "pos": [124, 248]}, "simian": {"prob": 0.0016313213703099511, "count": 1, "pos": [126]}, "civil": {"prob": 0.0016313213703099511, "count": 1, "pos": [127]}, "observ": {"prob": 0.0016313213703099511, "count": 1, "pos": [129]}, "gorilla": {"prob": 0.0065252854812398045, "count": 4, "pos": [131, 167, 226, 568]}, "gener": {"prob": 0.0016313213703099511, "count": 1, "pos": [132]}, "ursu": {"prob": 0.008156606851549755, "count": 5, "pos": [133, 207, 227, 546, 561]}, "lead": {"prob": 0.0032626427406199023, "count": 2, "pos": [134, 367]}, "ralli": {"prob": 0.0016313213703099511, "count": 1, "pos": [136]}, "call": {"prob": 0.0016313213703099511, "count": 1, "pos": [137]}, "conquer": {"prob": 0.0016313213703099511, "count": 1, "pos": [142]}, "use": {"prob": 0.004893964110929853, "count": 3, "pos": [147, 231, 438]}, "as": {"prob": 0.0065252854812398045, "count": 4,