{"__total__": 542, "__name__": "doc_251_Blue_Crush.txt", "ann": {"prob": 0.027675276752767528, "count": 15, "pos": [0, 8, 52, 71, 129, 178, 195, 278, 289, 344, 373, 421, 456, 482, 500]}, "mari": {"prob": 0.027675276752767528, "count": 15, "pos": [1, 9, 53, 72, 130, 179, 196, 279, 290, 345, 374, 422, 457, 483, 501]}, "eden": {"prob": 0.00922509225092251, "count": 5, "pos": [2, 54, 121, 248, 286]}, "and": {"prob": 0.03505535055350553, "count": 19, "pos": [3, 10, 55, 94, 103, 111, 157, 160, 186, 198, 225, 249, 267, 285, 322, 351, 410, 480, 487]}, "lena": {"prob": 0.005535055350553505, "count": 3, "pos": [4, 56, 247]}, "are": {"prob": 0.005535055350553505, "count": 3, "pos": [5, 69, 169]}, "best": {"prob": 0.0036900369003690036, "count": 2, "pos": [6, 493]}, "friend": {"prob": 0.007380073800738007, "count": 4, "pos": [7, 12, 119, 162]}, "her": {"prob": 0.04059040590405904, "count": 22, "pos": [11, 16, 81, 109, 113, 118, 124, 161, 189, 255, 266, 274, 357, 378, 400, 412, 414, 471, 475, 485, 489, 518]}, "have": {"prob": 0.0036900369003690036, "count": 2, "pos": [13, 122]}, "been": {"prob": 0.0036900369003690036, "count": 2, "pos": [14, 132]}, "rai": {"prob": 0.0018450184501845018, "count": 1, "pos": [15]}, "14": {"prob": 0.0018450184501845018, "count": 1, "pos": [17]}, "year": {"prob": 0.0018450184501845018, "count": 1, "pos": [18]}, "old": {"prob": 0.0018450184501845018, "count": 1, "pos": [19]}, "sister": {"prob": 0.0018450184501845018, "count": 1, "pos": [20]}, "penni": {"prob": 0.007380073800738007, "count": 4, "pos": [21, 48, 183, 250]}, "ever": {"prob": 0.0018450184501845018, "count": 1, "pos": [22]}, "sinc": {"prob": 0.0018450184501845018, "count": 1, "pos": [23]}, "their": {"prob": 0.0036900369003690036, "count": 2, "pos": [24, 349]}, "mother": {"prob": 0.0018450184501845018, "count": 1, "pos": [25]}, "took": {"prob": 0.0018450184501845018, "count": 1, "pos": [26]}, "off": {"prob": 0.0018450184501845018, "count": 1, "pos": [27]}, "to": {"prob": 0.03874538745387454, "count": 21, "pos": [28, 78, 125, 134, 151, 181, 229, 240, 244, 262, 294, 301, 310, 354, 364, 383, 424, 490, 503, 511, 535]}, "la": {"prob": 0.0018450184501845018, "count": 1, "pos": [29]}, "vega": {"prob": 0.0018450184501845018, "count": 1, "pos": [30]}, "with": {"prob": 0.00922509225092251, "count": 5, "pos": [31, 38, 114, 188, 219]}, "a": {"prob": 0.02029520295202952, "count": 11, "pos": [32, 61, 88, 97, 100, 205, 233, 258, 339, 401, 408]}, "boyfriend": {"prob": 0.0018450184501845018, "count": 1, "pos": [33]}, "who": {"prob": 0.0018450184501845018, "count": 1, "pos": [34]}, "wa": {"prob": 0.0036900369003690036, "count": 2, "pos": [35, 85]}, "not": {"prob": 0.0036900369003690036, "count": 2, "pos": [36, 509]}, "comfort": {"prob": 0.0018450184501845018, "count": 1, "pos": [37]}, "the": {"prob": 0.05350553505535055, "count": 29, "pos": [39, 43, 142, 153, 165, 173, 200, 213, 230, 253, 270, 297, 302, 317, 326, 333, 342, 365, 369, 384, 425, 429, 437, 447, 492, 496, 512, 525, 537]}, "idea": {"prob": 0.0018450184501845018, "count": 1, "pos": [40]}, "of": {"prob": 0.033210332103321034, "count": 18, "pos": [41, 155, 164, 202, 221, 235, 257, 269, 292, 305, 316, 371, 436, 451, 465, 495, 527, 530]}, "bring": {"prob": 0.0036900369003690036, "count": 2, "pos": [42, 246]}, "two": {"prob": 0.0018450184501845018, "count": 1, "pos": [44]}, "girl": {"prob": 0.0018450184501845018, "count": 1, "pos": [45]}, "along": {"prob": 0.0036900369003690036, "count": 2, "pos": [46, 251]}, "while": {"prob": 0.005535055350553505, "count": 3, "pos": [47, 337, 444]}, "is": {"prob": 0.00922509225092251, "count": 5, "pos": [49, 217, 331, 395, 432]}, "at": {"prob": 0.01107011070110701, "count": 6, "pos": [50, 60, 141, 193, 325, 341]}, "school": {"prob": 0.0018450184501845018, "count": 1, "pos": [51]}, "work": {"prob": 0.0036900369003690036, "count": 2, "pos": [57, 194]}, "as": {"prob": 0.00922509225092251, "count": 5, "pos": [58, 96, 172, 359, 407]}, "maid": {"prob": 0.0018450184501845018, "count": 1, "pos": [59]}, "larg": {"prob": 0.0018450184501845018, "count": 1, "pos": [62]}, "resort": {"prob": 0.0036900369003690036, "count": 2, "pos": [63, 343]}, "hotel": {"prob": 0.0036900369003690036, "count": 2, "pos": [64, 327]}, "but": {"prob": 0.01107011070110701, "count": 6, "pos": [65, 99, 381, 397, 418, 521]}, "more": {"prob": 0.005535055350553505, "count": 3, "pos": [66, 281, 522]}, "import": {"prob": 0.0036900369003690036, "count": 2, "pos": [67, 523]}, "they": {"prob": 0.0036900369003690036, "count": 2, "pos": [68, 168]}, "surfer": {"prob": 0.007380073800738007, "count": 4, "pos": [70, 231, 391, 441]}, "rise": {"prob": 0.0036900369003690036, "count": 2, "pos": [73, 89]}, "everi": {"prob": 0.0018450184501845018, "count": 1, "pos": [74]}, "morn": {"prob": 0.0018450184501845018, "count": 1, "pos": [75]}, "befor": {"prob": 0.0018450184501845018, "count": 1, "pos": [76]}, "dawn": {"prob": 0.0018450184501845018, "count": 1, "pos": [77]}, "train": {"prob": 0.0036900369003690036, "count": 2, "pos": [79, 295]}, "for": {"prob": 0.007380073800738007, "count": 4, "pos": [80, 212, 252, 296]}, "surf": {"prob": 0.014760147601476014, "count": 8, "pos": [82, 93, 139, 146, 245, 275, 446, 540]}, "comeback": {"prob": 0.0018450184501845018, "count": 1, "pos": [83]}, "she": {"prob": 0.01845018450184502, "count": 10, "pos": [84, 149, 238, 284, 307, 330, 360, 394, 507, 515]}, "onc": {"prob": 0.0018450184501845018, "count": 1, "pos": [86]}, "consid": {"prob": 0.0018450184501845018, "count": 1, "pos": [87]}, "star": {"prob": 0.0018450184501845018, "count": 1, "pos": [90]}, "in": {"prob": 0.01107011070110701, "count": 6, "pos": [91, 136, 171, 210, 273, 428]}, "women": {"prob": 0.0036900369003690036, "count": 2, "pos": [92, 539]}, "compet": {"prob": 0.0036900369003690036, "count": 2, "pos": [95, 427]}, "youth": {"prob": 0.0018450184501845018, "count": 1, "pos": [98]}, "bad": {"prob": 0.0018450184501845018, "count": 1, "pos": [101]}, "wipeout": {"prob": 0.0018450184501845018, "count": 1, "pos": [102]}, "near": {"prob": 0.005535055350553505, "count": 3, "pos": [104, 166, 467]}, "drown": {"prob": 0.0036900369003690036, "count": 2, "pos": [105, 468]}, "incid": {"prob": 0.0036900369003690036, "count": 2, "pos": [106, 469]}, "temporarili": {"prob": 0.0018450184501845018, "count": 1, "pos": [107]}, "halt": {"prob": 0.0018450184501845018, "count": 1, "pos": [108]}, "career": {"prob": 0.0018450184501845018, "count": 1, "pos": [110]}, "left": {"prob": 0.0018450184501845018, "count": 1, "pos": [112]}, "deep": {"prob": 0.0018450184501845018, "count": 1, "pos": [115]}, "seat": {"prob": 0.0018450184501845018, "count": 1, "pos": [116]}, "fear": {"prob": 0.0018450184501845018, "count": 1, "pos": [117]}, "especi": {"prob": 0.0018450184501845018, "count": 1, "pos": [120]}, "encourag": {"prob": 0.0036900369003690036, "count": 2, "pos": [123, 488]}, "tri": {"prob": 0.0018450184501845018, "count": 1, "pos": [126]}, "it": {"prob": 0.0018450184501845018, "count": 1, "pos": [127]}, "again": {"prob": 0.0018450184501845018, "count": 1, "pos": [128]}, "ha": {"prob": 0.007380073800738007, "count": 4, "pos": [131, 309, 459, 516]}, "invit": {"prob": 0.0018450184501845018, "count": 1, "pos": [133]}, "join": {"prob": 0.0036900369003690036, "count": 2, "pos": [135, 536]}, "an": {"prob": 0.0036900369003690036, "count": 2, "pos": [137, 533]}, "upcom": {"prob": 0.0018450184501845018, "count": 1, "pos": [138]}, "competit": {"prob": 0.0036900369003690036, "count": 2, "pos": [140, 175]}, "fame": {"prob": 0.0018450184501845018, "count": 1, "pos": [143]}, "north": {"prob": 0.0018450184501845018, "count": 1, "pos": [144]}, "shore": {"prob": 0.0018450184501845018, "count": 1, "pos": [145]}, "spot": {"prob": 0.0018450184501845018, "count": 1, "pos": [147]}, "pipelin": {"prob": 0.00922509225092251, "count": 5, "pos": [148, 174, 298, 366, 372]}, "hope": {"prob": 0.0018450184501845018, "count": 1, "pos": [150]}, "gain": {"prob": 0.0018450184501845018, "count": 1, "pos": [152]},