{"__total__": 58, "__name__": "doc_252_Blue_Hawaii.txt", "chadwick": {"prob": 0.017241379310344827, "count": 1, "pos": [0]}, "gate": {"prob": 0.017241379310344827, "count": 1, "pos": [1]}, "ha": {"prob": 0.017241379310344827, "count": 1, "pos": [2]}, "just": {"prob": 0.017241379310344827, "count": 1, "pos": [3]}, "gotten": {"prob": 0.017241379310344827, "count": 1, "pos": [4]}, "out": {"prob": 0.017241379310344827, "count": 1, "pos": [5]}, "of": {"prob": 0.017241379310344827, "count": 1, "pos": [6]}, "the": {"prob": 0.034482758620689655, "count": 2, "pos": [7, 35]}, "armi": {"prob": 0.017241379310344827, "count": 1, "pos": [8]}, "and": {"prob": 0.034482758620689655, "count": 2, "pos": [9, 23]}, "is": {"prob": 0.034482758620689655, "count": 2, "pos": [10, 43]}, "happi": {"prob": 0.017241379310344827, "count": 1, "pos": [11]}, "to": {"prob": 0.06896551724137931, "count": 4, "pos": [12, 30, 32, 48]}, "be": {"prob": 0.017241379310344827, "count": 1, "pos": [13]}, "back": {"prob": 0.017241379310344827, "count": 1, "pos": [14]}, "in": {"prob": 0.017241379310344827, "count": 1, "pos": [15]}, "hawaii": {"prob": 0.017241379310344827, "count": 1, "pos": [16]}, "with": {"prob": 0.017241379310344827, "count": 1, "pos": [17]}, "hi": {"prob": 0.08620689655172414, "count": 5, "pos": [18, 20, 24, 26, 55]}, "surfboard": {"prob": 0.017241379310344827, "count": 1, "pos": [19]}, "beach": {"prob": 0.017241379310344827, "count": 1, "pos": [21]}, "buddi": {"prob": 0.017241379310344827, "count": 1, "pos": [22]}, "girlfriend": {"prob": 0.034482758620689655, "count": 2, "pos": [25, 56]}, "mother": {"prob": 0.017241379310344827, "count": 1, "pos": [27]}, "want": {"prob": 0.017241379310344827, "count": 1, "pos": [28]}, "him": {"prob": 0.017241379310344827, "count": 1, "pos": [29]}, "go": {"prob": 0.017241379310344827, "count": 1, "pos": [31]}, "work": {"prob": 0.034482758620689655, "count": 2, "pos": [33, 49]}, "at": {"prob": 0.034482758620689655, "count": 2, "pos": [34, 54]}, "great": {"prob": 0.017241379310344827, "count": 1, "pos": [36]}, "southern": {"prob": 0.017241379310344827, "count": 1, "pos": [37]}, "hawaiian": {"prob": 0.017241379310344827, "count": 1, "pos": [38]}, "fruit": {"prob": 0.017241379310344827, "count": 1, "pos": [39]}, "compani": {"prob": 0.017241379310344827, "count": 1, "pos": [40]}, "but": {"prob": 0.017241379310344827, "count": 1, "pos": [41]}, "chad": {"prob": 0.034482758620689655, "count": 2, "pos": [42, 46]}, "reluct": {"prob": 0.017241379310344827, "count": 1, "pos": [44]}, "so": {"prob": 0.017241379310344827, "count": 1, "pos": [45]}, "goe": {"prob": 0.017241379310344827, "count": 1, "pos": [47]}, "as": {"prob": 0.017241379310344827, "count": 1, "pos": [50]}, "a": {"prob": 0.017241379310344827, "count": 1, "pos": [51]}, "tour": {"prob": 0.017241379310344827, "count": 1, "pos": [52]}, "guid": {"prob": 0.017241379310344827, "count": 1, "pos": [53]}, "agenc": {"prob": 0.017241379310344827, "count": 1, "pos": [57]}}