{"__total__": 389, "__name__": "doc_256_Blues_Brothers_2000.txt", "blue": {"prob": 0.012853470437017995, "count": 5, "pos": [0, 8, 12, 164, 291]}, "brother": {"prob": 0.017994858611825194, "count": 7, "pos": [1, 9, 41, 71, 73, 165, 292]}, "2000": {"prob": 0.002570694087403599, "count": 1, "pos": [2]}, "resurfac": {"prob": 0.002570694087403599, "count": 1, "pos": [3]}, "18": {"prob": 0.002570694087403599, "count": 1, "pos": [4]}, "year": {"prob": 0.005141388174807198, "count": 2, "pos": [5, 225]}, "after": {"prob": 0.007712082262210797, "count": 3, "pos": [6, 203, 350]}, "the": {"prob": 0.08740359897172237, "count": 34, "pos": [7, 27, 34, 54, 56, 72, 75, 102, 138, 160, 163, 176, 189, 193, 204, 209, 213, 218, 232, 239, 246, 261, 273, 280, 286, 294, 309, 316, 320, 332, 359, 361, 378, 385]}, "with": {"prob": 0.017994858611825194, "count": 7, "pos": [10, 46, 222, 249, 293, 308, 349]}, "elwood": {"prob": 0.02570694087403599, "count": 10, "pos": [11, 65, 86, 111, 116, 145, 211, 263, 297, 352]}, "be": {"prob": 0.005141388174807198, "count": 2, "pos": [13, 94]}, "relea": {"prob": 0.002570694087403599, "count": 1, "pos": [14]}, "from": {"prob": 0.007712082262210797, "count": 3, "pos": [15, 201, 245]}, "prison": {"prob": 0.007712082262210797, "count": 3, "pos": [16, 24, 31]}, "thi": {"prob": 0.002570694087403599, "count": 1, "pos": [17]}, "time": {"prob": 0.002570694087403599, "count": 1, "pos": [18]}, "a": {"prob": 0.04113110539845758, "count": 16, "pos": [19, 69, 99, 112, 123, 129, 147, 150, 155, 223, 250, 268, 290, 313, 323, 336]}, "rather": {"prob": 0.005141388174807198, "count": 2, "pos": [20, 25]}, "high": {"prob": 0.002570694087403599, "count": 1, "pos": [21]}, "tech": {"prob": 0.002570694087403599, "count": 1, "pos": [22]}, "privat": {"prob": 0.002570694087403599, "count": 1, "pos": [23]}, "than": {"prob": 0.002570694087403599, "count": 1, "pos": [26]}, "old": {"prob": 0.007712082262210797, "count": 3, "pos": [28, 226, 298]}, "illinoi": {"prob": 0.007712082262210797, "count": 3, "pos": [29, 103, 274]}, "state": {"prob": 0.005141388174807198, "count": 2, "pos": [30, 104]}, "depict": {"prob": 0.005141388174807198, "count": 2, "pos": [32, 251]}, "in": {"prob": 0.010282776349614395, "count": 4, "pos": [33, 101, 154, 377]}, "first": {"prob": 0.005141388174807198, "count": 2, "pos": [35, 247]}, "film": {"prob": 0.007712082262210797, "count": 3, "pos": [36, 248, 380]}, "he": {"prob": 0.010282776349614395, "count": 4, "pos": [37, 106, 173, 185]}, "learn": {"prob": 0.002570694087403599, "count": 1, "pos": [38]}, "that": {"prob": 0.007712082262210797, "count": 3, "pos": [39, 53, 175]}, "hi": {"prob": 0.007712082262210797, "count": 3, "pos": [40, 88, 119]}, "jake": {"prob": 0.002570694087403599, "count": 1, "pos": [42]}, "ha": {"prob": 0.005141388174807198, "count": 2, "pos": [43, 180]}, "die": {"prob": 0.005141388174807198, "count": 2, "pos": [44, 383]}, "along": {"prob": 0.002570694087403599, "count": 1, "pos": [45]}, "their": {"prob": 0.002570694087403599, "count": 1, "pos": [47]}, "surrog": {"prob": 0.002570694087403599, "count": 1, "pos": [48]}, "father": {"prob": 0.002570694087403599, "count": 1, "pos": [49]}, "figur": {"prob": 0.002570694087403599, "count": 1, "pos": [50]}, "curti": {"prob": 0.007712082262210797, "count": 3, "pos": [51, 79, 95]}, "and": {"prob": 0.02570694087403599, "count": 10, "pos": [52, 121, 237, 272, 282, 288, 344, 353, 370, 381]}, "orphanag": {"prob": 0.002570694087403599, "count": 1, "pos": [55]}, "two": {"prob": 0.002570694087403599, "count": 1, "pos": [57]}, "had": {"prob": 0.010282776349614395, "count": 4, "pos": [58, 60, 90, 382]}, "save": {"prob": 0.002570694087403599, "count": 1, "pos": [59]}, "eventu": {"prob": 0.002570694087403599, "count": 1, "pos": [61]}, "been": {"prob": 0.005141388174807198, "count": 2, "pos": [62, 198]}, "demolish": {"prob": 0.002570694087403599, "count": 1, "pos": [63]}, "howev": {"prob": 0.002570694087403599, "count": 1, "pos": [64]}, "is": {"prob": 0.017994858611825194, "count": 7, "pos": [66, 74, 98, 136, 170, 217, 363]}, "told": {"prob": 0.002570694087403599, "count": 1, "pos": [67]}, "of": {"prob": 0.033419023136246784, "count": 13, "pos": [68, 78, 93, 152, 162, 192, 252, 267, 296, 311, 315, 322, 374]}, "second": {"prob": 0.002570694087403599, "count": 1, "pos": [70]}, "illegitim": {"prob": 0.002570694087403599, "count": 1, "pos": [76]}, "son": {"prob": 0.005141388174807198, "count": 2, "pos": [77, 96]}, "name": {"prob": 0.007712082262210797, "count": 3, "pos": [80, 228, 326]}, "cabel": {"prob": 0.002570694087403599, "count": 1, "pos": [81]}, "cab": {"prob": 0.010282776349614395, "count": 4, "pos": [82, 97, 284, 368]}, "chamberlain": {"prob": 0.002570694087403599, "count": 1, "pos": [83]}, "who": {"prob": 0.007712082262210797, "count": 3, "pos": [84, 135, 196]}, "until": {"prob": 0.005141388174807198, "count": 2, "pos": [85, 279]}, "enter": {"prob": 0.005141388174807198, "count": 2, "pos": [87, 312]}, "life": {"prob": 0.002570694087403599, "count": 1, "pos": [89]}, "no": {"prob": 0.002570694087403599, "count": 1, "pos": [91]}, "knowledg": {"prob": 0.002570694087403599, "count": 1, "pos": [92]}, "command": {"prob": 0.002570694087403599, "count": 1, "pos": [100]}, "polic": {"prob": 0.010282776349614395, "count": 4, "pos": [105, 125, 275, 342]}, "angrili": {"prob": 0.002570694087403599, "count": 1, "pos": [107]}, "refus": {"prob": 0.002570694087403599, "count": 1, "pos": [108]}, "to": {"prob": 0.015424164524421594, "count": 6, "pos": [109, 140, 142, 242, 306, 365]}, "support": {"prob": 0.002570694087403599, "count": 1, "pos": [110]}, "habitu": {"prob": 0.002570694087403599, "count": 1, "pos": [113]}, "crimin": {"prob": 0.005141388174807198, "count": 2, "pos": [114, 343]}, "but": {"prob": 0.002570694087403599, "count": 1, "pos": [115]}, "inadvert": {"prob": 0.002570694087403599, "count": 1, "pos": [117]}, "steal": {"prob": 0.002570694087403599, "count": 1, "pos": [118]}, "wallet": {"prob": 0.002570694087403599, "count": 1, "pos": [120]}, "purcha": {"prob": 0.002570694087403599, "count": 1, "pos": [122]}, "use": {"prob": 0.002570694087403599, "count": 1, "pos": [124]}, "squad": {"prob": 0.002570694087403599, "count": 1, "pos": [126]}, "car": {"prob": 0.002570694087403599, "count": 1, "pos": [127]}, "at": {"prob": 0.007712082262210797, "count": 3, "pos": [128, 277, 319]}, "lot": {"prob": 0.002570694087403599, "count": 1, "pos": [130]}, "own": {"prob": 0.005141388174807198, "count": 2, "pos": [131, 158]}, "by": {"prob": 0.007712082262210797, "count": 3, "pos": [132, 159, 339]}, "malvern": {"prob": 0.005141388174807198, "count": 2, "pos": [133, 340]}, "gasperon": {"prob": 0.005141388174807198, "count": 2, "pos": [134, 341]}, "leav": {"prob": 0.002570694087403599, "count": 1, "pos": [137]}, "busi": {"prob": 0.002570694087403599, "count": 1, "pos": [139]}, "move": {"prob": 0.002570694087403599, "count": 1, "pos": [141]}, "new": {"prob": 0.005141388174807198, "count": 2, "pos": [143, 219]}, "orlean": {"prob": 0.002570694087403599, "count": 1, "pos": [144]}, "take": {"prob": 0.002570694087403599, "count": 1, "pos": [146]}, "job": {"prob": 0.002570694087403599, "count": 1, "pos": [148]}, "as": {"prob": 0.007712082262210797, "count": 3, "pos": [149, 257, 259]}, "master": {"prob": 0.002570694087403599, "count": 1, "pos": [151]}, "ceremoni": {"prob": 0.002570694087403599, "count": 1, "pos": [153]}, "strip": {"prob": 0.002570694087403599, "count": 1, "pos": [156]}, "club": {"prob": 0.005141388174807198, "count": 2, "pos": [157, 210]}, "drummer": {"prob": 0.002570694087403599, "count": 1, "pos": [161]}, "band": {"prob": 0.015424164524421594, "count": 6, "pos": [166, 214, 233, 240, 317, 337]}, "willi": {"prob": 0.005141388174807198, "count": 2, "pos": [167, 202]}, "hall": {"prob": 0.002570694087403599, "count": 1, "pos": [168]}, "it": {"prob": 0.002570694087403599, "count": 1, "pos": [169]}, "there": {"prob": 0.002570694087403599, "count": 1, "pos": [171]}, "where": {"prob": 0.002570694087403599, "count": 1,