{"__total__": 557, "__name__": "doc_279_Breaking_Away.txt", "dave": {"prob": 0.026929982046678635, "count": 15, "pos": [0, 99, 147, 158, 212, 270, 284, 309, 348, 365, 376, 405, 460, 484, 512]}, "mike": {"prob": 0.005385996409335727, "count": 3, "pos": [1, 218, 450]}, "cyril": {"prob": 0.008976660682226212, "count": 5, "pos": [2, 189, 208, 214, 448]}, "and": {"prob": 0.03231597845601436, "count": 18, "pos": [3, 33, 92, 135, 144, 168, 200, 224, 240, 291, 319, 419, 440, 449, 469, 482, 537, 539]}, "moocher": {"prob": 0.003590664272890485, "count": 2, "pos": [4, 447]}, "are": {"prob": 0.003590664272890485, "count": 2, "pos": [5, 34]}, "four": {"prob": 0.0017953321364452424, "count": 1, "pos": [6]}, "work": {"prob": 0.003590664272890485, "count": 2, "pos": [7, 96]}, "class": {"prob": 0.0017953321364452424, "count": 1, "pos": [8]}, "friend": {"prob": 0.003590664272890485, "count": 2, "pos": [9, 349]}, "live": {"prob": 0.003590664272890485, "count": 2, "pos": [10, 43]}, "in": {"prob": 0.017953321364452424, "count": 10, "pos": [11, 52, 70, 175, 249, 296, 308, 327, 355, 510]}, "the": {"prob": 0.04847396768402154, "count": 27, "pos": [12, 30, 64, 87, 93, 97, 107, 228, 232, 238, 245, 250, 279, 299, 328, 357, 362, 371, 392, 396, 411, 426, 466, 479, 516, 532, 540]}, "colleg": {"prob": 0.0017953321364452424, "count": 1, "pos": [13]}, "town": {"prob": 0.003590664272890485, "count": 2, "pos": [14, 265]}, "of": {"prob": 0.01436265709156194, "count": 8, "pos": [15, 22, 47, 141, 202, 302, 489, 534]}, "bloomington": {"prob": 0.0017953321364452424, "count": 1, "pos": [16]}, "indiana": {"prob": 0.00718132854578097, "count": 4, "pos": [17, 67, 89, 252]}, "now": {"prob": 0.005385996409335727, "count": 3, "pos": [18, 126, 344]}, "turn": {"prob": 0.005385996409335727, "count": 3, "pos": [19, 325, 452]}, "19": {"prob": 0.0017953321364452424, "count": 1, "pos": [20]}, "year": {"prob": 0.003590664272890485, "count": 2, "pos": [21, 31]}, "age": {"prob": 0.0017953321364452424, "count": 1, "pos": [23]}, "they": {"prob": 0.003590664272890485, "count": 2, "pos": [24, 44]}, "all": {"prob": 0.0017953321364452424, "count": 1, "pos": [25]}, "graduat": {"prob": 0.0017953321364452424, "count": 1, "pos": [26]}, "from": {"prob": 0.003590664272890485, "count": 2, "pos": [27, 86]}, "high": {"prob": 0.0017953321364452424, "count": 1, "pos": [28]}, "school": {"prob": 0.0017953321364452424, "count": 1, "pos": [29]}, "befor": {"prob": 0.0017953321364452424, "count": 1, "pos": [32]}, "not": {"prob": 0.0017953321364452424, "count": 1, "pos": [35]}, "sure": {"prob": 0.0017953321364452424, "count": 1, "pos": [36]}, "what": {"prob": 0.0017953321364452424, "count": 1, "pos": [37]}, "to": {"prob": 0.03231597845601436, "count": 18, "pos": [38, 76, 118, 177, 247, 264, 273, 287, 294, 313, 352, 389, 394, 430, 442, 465, 499, 553]}, "do": {"prob": 0.0017953321364452424, "count": 1, "pos": [39]}, "next": {"prob": 0.0017953321364452424, "count": 1, "pos": [40]}, "with": {"prob": 0.017953321364452424, "count": 10, "pos": [41, 63, 102, 149, 188, 276, 290, 335, 370, 543]}, "their": {"prob": 0.010771992818671455, "count": 6, "pos": [42, 48, 71, 235, 242, 456]}, "spend": {"prob": 0.0017953321364452424, "count": 1, "pos": [45]}, "much": {"prob": 0.00718132854578097, "count": 4, "pos": [46, 408, 494, 552]}, "time": {"prob": 0.0017953321364452424, "count": 1, "pos": [49]}, "togeth": {"prob": 0.0017953321364452424, "count": 1, "pos": [50]}, "swim": {"prob": 0.0017953321364452424, "count": 1, "pos": [51]}, "an": {"prob": 0.003590664272890485, "count": 2, "pos": [53, 171]}, "old": {"prob": 0.0017953321364452424, "count": 1, "pos": [54]}, "abandon": {"prob": 0.0017953321364452424, "count": 1, "pos": [55]}, "water": {"prob": 0.0017953321364452424, "count": 1, "pos": [56]}, "fill": {"prob": 0.0017953321364452424, "count": 1, "pos": [57]}, "quarri": {"prob": 0.003590664272890485, "count": 2, "pos": [58, 98]}, "but": {"prob": 0.003590664272890485, "count": 2, "pos": [59, 454]}, "also": {"prob": 0.0017953321364452424, "count": 1, "pos": [60]}, "often": {"prob": 0.0017953321364452424, "count": 1, "pos": [61]}, "clash": {"prob": 0.0017953321364452424, "count": 1, "pos": [62]}, "more": {"prob": 0.003590664272890485, "count": 2, "pos": [65, 156]}, "affluent": {"prob": 0.0017953321364452424, "count": 1, "pos": [66]}, "univ": {"prob": 0.010771992818671455, "count": 6, "pos": [68, 164, 229, 253, 397, 517]}, "student": {"prob": 0.008976660682226212, "count": 5, "pos": [69, 165, 174, 233, 527]}, "hometown": {"prob": 0.0017953321364452424, "count": 1, "pos": [72]}, "who": {"prob": 0.005385996409335727, "count": 3, "pos": [73, 95, 125]}, "habitu": {"prob": 0.0017953321364452424, "count": 1, "pos": [74]}, "refer": {"prob": 0.0017953321364452424, "count": 1, "pos": [75]}, "them": {"prob": 0.010771992818671455, "count": 6, "pos": [77, 277, 295, 303, 354, 375]}, "as": {"prob": 0.003590664272890485, "count": 2, "pos": [78, 170]}, "cutter": {"prob": 0.005385996409335727, "count": 3, "pos": [79, 239, 373]}, "a": {"prob": 0.02872531418312388, "count": 16, "pos": [80, 113, 122, 160, 163, 226, 258, 267, 305, 323, 383, 417, 422, 501, 508, 522]}, "derogatori": {"prob": 0.0017953321364452424, "count": 1, "pos": [81]}, "term": {"prob": 0.0017953321364452424, "count": 1, "pos": [82]}, "for": {"prob": 0.010771992818671455, "count": 6, "pos": [83, 211, 234, 266, 338, 361]}, "local": {"prob": 0.005385996409335727, "count": 3, "pos": [84, 88, 358]}, "stem": {"prob": 0.0017953321364452424, "count": 1, "pos": [85]}, "limeston": {"prob": 0.0017953321364452424, "count": 1, "pos": [90]}, "industri": {"prob": 0.0017953321364452424, "count": 1, "pos": [91]}, "stonecutt": {"prob": 0.005385996409335727, "count": 3, "pos": [94, 124, 385]}, "is": {"prob": 0.017953321364452424, "count": 10, "pos": [100, 133, 155, 271, 285, 322, 406, 438, 486, 530]}, "obsess": {"prob": 0.0017953321364452424, "count": 1, "pos": [101]}, "competit": {"prob": 0.0017953321364452424, "count": 1, "pos": [103]}, "bicycl": {"prob": 0.005385996409335727, "count": 3, "pos": [104, 115, 502]}, "race": {"prob": 0.00718132854578097, "count": 4, "pos": [105, 256, 268, 300]}, "particular": {"prob": 0.0017953321364452424, "count": 1, "pos": [106]}, "italian": {"prob": 0.010771992818671455, "count": 6, "pos": [108, 142, 172, 260, 280, 297]}, "becaus": {"prob": 0.003590664272890485, "count": 2, "pos": [109, 330]}, "he": {"prob": 0.02333931777378815, "count": 13, "pos": [110, 182, 199, 332, 343, 381, 386, 414, 437, 475, 497, 520, 529]}, "recent": {"prob": 0.0017953321364452424, "count": 1, "pos": [111]}, "won": {"prob": 0.0017953321364452424, "count": 1, "pos": [112]}, "masi": {"prob": 0.0017953321364452424, "count": 1, "pos": [114]}, "hi": {"prob": 0.019748653500897665, "count": 11, "pos": [116, 128, 138, 152, 203, 336, 339, 462, 490, 546, 554]}, "down": {"prob": 0.003590664272890485, "count": 2, "pos": [117, 222]}, "earth": {"prob": 0.0017953321364452424, "count": 1, "pos": [119]}, "father": {"prob": 0.010771992818671455, "count": 6, "pos": [120, 337, 377, 485, 547, 555]}, "ray": {"prob": 0.0017953321364452424, "count": 1, "pos": [121]}, "former": {"prob": 0.0017953321364452424, "count": 1, "pos": [123]}, "oper": {"prob": 0.0017953321364452424, "count": 1, "pos": [127]}, "own": {"prob": 0.0017953321364452424, "count": 1, "pos": [129]}, "use": {"prob": 0.0017953321364452424, "count": 1, "pos": [130]}, "car": {"prob": 0.0017953321364452424, "count": 1, "pos": [131]}, "busi": {"prob": 0.003590664272890485, "count": 2, "pos": [132, 341]}, "puzzl": {"prob": 0.0017953321364452424, "count": 1, "pos": [134]}, "exasp": {"prob": 0.0017953321364452424, "count": 1, "pos": [136]}, "by": {"prob": 0.003590664272890485, "count": 2, "pos": [137, 548]}, "son": {"prob": 0.003590664272890485, "count": 2, "pos": [139, 491]}, "love": {"prob": 0.0017953321364452424, "count": 1, "pos": [140]}, "music": {"prob": 0.0017953321364452424, "count": 1, "pos": [143]}, "cultur": {"prob": 0.003590664272890485, "count": 2,