{"__total__": 185, "__name__": "doc_282_Bride_of_the_Monster.txt", "dr": {"prob": 0.03783783783783784, "count": 7, "pos": [0, 47, 78, 101, 135, 157, 167]}, "eric": {"prob": 0.005405405405405406, "count": 1, "pos": [1]}, "vornoff": {"prob": 0.03783783783783784, "count": 7, "pos": [2, 48, 79, 102, 136, 158, 168]}, "is": {"prob": 0.03783783783783784, "count": 7, "pos": [3, 18, 40, 93, 129, 145, 169]}, "experi": {"prob": 0.005405405405405406, "count": 1, "pos": [4]}, "with": {"prob": 0.010810810810810811, "count": 2, "pos": [5, 8]}, "nuclear": {"prob": 0.005405405405405406, "count": 1, "pos": [6]}, "power": {"prob": 0.010810810810810811, "count": 2, "pos": [7, 140]}, "the": {"prob": 0.05405405405405406, "count": 10, "pos": [9, 33, 54, 57, 63, 81, 83, 149, 155, 182]}, "help": {"prob": 0.005405405405405406, "count": 1, "pos": [10]}, "of": {"prob": 0.032432432432432434, "count": 6, "pos": [11, 24, 46, 65, 77, 175]}, "hi": {"prob": 0.016216216216216217, "count": 3, "pos": [12, 16, 121]}, "mute": {"prob": 0.005405405405405406, "count": 1, "pos": [13]}, "assist": {"prob": 0.005405405405405406, "count": 1, "pos": [14]}, "lobo": {"prob": 0.016216216216216217, "count": 3, "pos": [15, 132, 152]}, "goal": {"prob": 0.005405405405405406, "count": 1, "pos": [17]}, "to": {"prob": 0.02702702702702703, "count": 5, "pos": [19, 31, 110, 113, 115]}, "eventu": {"prob": 0.016216216216216217, "count": 3, "pos": [20, 85, 170]}, "creat": {"prob": 0.005405405405405406, "count": 1, "pos": [21]}, "an": {"prob": 0.021621621621621623, "count": 4, "pos": [22, 37, 98, 138]}, "armi": {"prob": 0.005405405405405406, "count": 1, "pos": [23]}, "superpow": {"prob": 0.005405405405405406, "count": 1, "pos": [25]}, "soldier": {"prob": 0.005405405405405406, "count": 1, "pos": [26]}, "that": {"prob": 0.010810810810810811, "count": 2, "pos": [27, 120]}, "he": {"prob": 0.005405405405405406, "count": 1, "pos": [28]}, "will": {"prob": 0.010810810810810811, "count": 2, "pos": [29, 123]}, "use": {"prob": 0.005405405405405406, "count": 1, "pos": [30]}, "conquer": {"prob": 0.005405405405405406, "count": 1, "pos": [32]}, "earth": {"prob": 0.005405405405405406, "count": 1, "pos": [34]}, "their": {"prob": 0.016216216216216217, "count": 3, "pos": [35, 116, 125]}, "resid": {"prob": 0.005405405405405406, "count": 1, "pos": [36]}, "old": {"prob": 0.005405405405405406, "count": 1, "pos": [38]}, "mansion": {"prob": 0.005405405405405406, "count": 1, "pos": [39]}, "guard": {"prob": 0.005405405405405406, "count": 1, "pos": [41]}, "by": {"prob": 0.016216216216216217, "count": 3, "pos": [42, 88, 172]}, "a": {"prob": 0.02702702702702703, "count": 5, "pos": [43, 75, 143, 173, 178]}, "giant": {"prob": 0.005405405405405406, "count": 1, "pos": [44]}, "octopu": {"prob": 0.010810810810810811, "count": 2, "pos": [45, 58]}, "own": {"prob": 0.005405405405405406, "count": 1, "pos": [49]}, "creation": {"prob": 0.005405405405405406, "count": 1, "pos": [50]}, "which": {"prob": 0.005405405405405406, "count": 1, "pos": [51]}, "live": {"prob": 0.005405405405405406, "count": 1, "pos": [52]}, "in": {"prob": 0.021621621621621623, "count": 4, "pos": [53, 80, 118, 148]}, "surround": {"prob": 0.005405405405405406, "count": 1, "pos": [55]}, "swamp": {"prob": 0.005405405405405406, "count": 1, "pos": [56]}, "ha": {"prob": 0.005405405405405406, "count": 1, "pos": [59]}, "been": {"prob": 0.005405405405405406, "count": 1, "pos": [60]}, "respon": {"prob": 0.005405405405405406, "count": 1, "pos": [61]}, "for": {"prob": 0.005405405405405406, "count": 1, "pos": [62]}, "death": {"prob": 0.005405405405405406, "count": 1, "pos": [64]}, "local": {"prob": 0.005405405405405406, "count": 1, "pos": [66]}, "townspeopl": {"prob": 0.005405405405405406, "count": 1, "pos": [67]}, "newspap": {"prob": 0.005405405405405406, "count": 1, "pos": [68]}, "report": {"prob": 0.005405405405405406, "count": 1, "pos": [69]}, "janet": {"prob": 0.010810810810810811, "count": 2, "pos": [70, 162]}, "lawton": {"prob": 0.016216216216216217, "count": 3, "pos": [71, 95, 163]}, "investig": {"prob": 0.005405405405405406, "count": 1, "pos": [72]}, "further": {"prob": 0.005405405405405406, "count": 1, "pos": [73]}, "becom": {"prob": 0.005405405405405406, "count": 1, "pos": [74]}, "prison": {"prob": 0.005405405405405406, "count": 1, "pos": [76]}, "process": {"prob": 0.005405405405405406, "count": 1, "pos": [82]}, "polic": {"prob": 0.010810810810810811, "count": 2, "pos": [84, 153]}, "follow": {"prob": 0.005405405405405406, "count": 1, "pos": [86]}, "led": {"prob": 0.005405405405405406, "count": 1, "pos": [87]}, "lieuten": {"prob": 0.005405405405405406, "count": 1, "pos": [89]}, "dick": {"prob": 0.010810810810810811, "count": 2, "pos": [90, 159]}, "craig": {"prob": 0.010810810810810811, "count": 2, "pos": [91, 160]}, "who": {"prob": 0.005405405405405406, "count": 1, "pos": [92]}, "also": {"prob": 0.005405405405405406, "count": 1, "pos": [94]}, "boyfriend": {"prob": 0.005405405405405406, "count": 1, "pos": [96]}, "meanwhil": {"prob": 0.005405405405405406, "count": 1, "pos": [97]}, "offici": {"prob": 0.010810810810810811, "count": 2, "pos": [99, 154]}, "from": {"prob": 0.005405405405405406, "count": 1, "pos": [100]}, "home": {"prob": 0.005405405405405406, "count": 1, "pos": [103]}, "countri": {"prob": 0.005405405405405406, "count": 1, "pos": [104]}, "professor": {"prob": 0.005405405405405406, "count": 1, "pos": [105]}, "strowksi": {"prob": 0.005405405405405406, "count": 1, "pos": [106]}, "arriv": {"prob": 0.005405405405405406, "count": 1, "pos": [107]}, "and": {"prob": 0.021621621621621623, "count": 4, "pos": [108, 131, 161, 166]}, "tri": {"prob": 0.005405405405405406, "count": 1, "pos": [109]}, "persuad": {"prob": 0.005405405405405406, "count": 1, "pos": [111]}, "him": {"prob": 0.005405405405405406, "count": 1, "pos": [112]}, "return": {"prob": 0.005405405405405406, "count": 1, "pos": [114]}, "homeland": {"prob": 0.005405405405405406, "count": 1, "pos": [117]}, "hope": {"prob": 0.005405405405405406, "count": 1, "pos": [119]}, "research": {"prob": 0.005405405405405406, "count": 1, "pos": [122]}, "benefit": {"prob": 0.005405405405405406, "count": 1, "pos": [124]}, "nation": {"prob": 0.005405405405405406, "count": 1, "pos": [126]}, "howev": {"prob": 0.005405405405405406, "count": 1, "pos": [127]}, "strowski": {"prob": 0.005405405405405406, "count": 1, "pos": [128]}, "kill": {"prob": 0.016216216216216217, "count": 3, "pos": [130, 151, 171]}, "unwitting": {"prob": 0.005405405405405406, "count": 1, "pos": [133]}, "turn": {"prob": 0.005405405405405406, "count": 1, "pos": [134]}, "into": {"prob": 0.005405405405405406, "count": 1, "pos": [137]}, "atom": {"prob": 0.005405405405405406, "count": 1, "pos": [139]}, "superhuman": {"prob": 0.005405405405405406, "count": 1, "pos": [141]}, "be": {"prob": 0.005405405405405406, "count": 1, "pos": [142]}, "fire": {"prob": 0.005405405405405406, "count": 1, "pos": [144]}, "soon": {"prob": 0.005405405405405406, "count": 1, "pos": [146]}, "start": {"prob": 0.005405405405405406, "count": 1, "pos": [147]}, "laboratori": {"prob": 0.005405405405405406, "count": 1, "pos": [150]}, "irradi": {"prob": 0.005405405405405406, "count": 1, "pos": [156]}, "all": {"prob": 0.005405405405405406, "count": 1, "pos": [164]}, "escap": {"prob": 0.005405405405405406, "count": 1, "pos": [165]}, "bolt": {"prob": 0.005405405405405406, "count": 1, "pos": [174]}, "lightn": {"prob": 0.005405405405405406, "count": 1, "pos": [176]}, "form": {"prob": 0.005405405405405406, "count": 1, "pos": [177]}, "mushroom": {"prob": 0.005405405405405406, "count": 1, "pos": [179]}, "cloud": {"prob": 0.005405405405405406, "count": 1, "pos": [180]}, "as": {"prob": 0.005405405405405406, "count": 1, "pos": [181]}, "film": {"prob": 0.005405405405405406, "count": 1, "pos": [183]}, "end": {"prob": 0.005405405405405406, "count": 1, "pos": [184]}}