{"__total__": 446, "__name__": "doc_283_Brief_Encounter.txt", "the": {"prob": 0.05605381165919283, "count": 25, "pos": [0, 5, 24, 64, 80, 97, 116, 135, 197, 235, 244, 249, 282, 295, 318, 335, 352, 360, 380, 382, 385, 407, 411, 418, 437]}, "film": {"prob": 0.004484304932735426, "count": 2, "pos": [1, 412]}, "take": {"prob": 0.004484304932735426, "count": 2, "pos": [2, 441]}, "place": {"prob": 0.002242152466367713, "count": 1, "pos": [3]}, "around": {"prob": 0.002242152466367713, "count": 1, "pos": [4]}, "end": {"prob": 0.002242152466367713, "count": 1, "pos": [6]}, "of": {"prob": 0.020179372197309416, "count": 9, "pos": [7, 47, 92, 183, 252, 268, 294, 384, 410]}, "1938": {"prob": 0.002242152466367713, "count": 1, "pos": [8]}, "laura": {"prob": 0.017937219730941704, "count": 8, "pos": [9, 43, 269, 315, 333, 339, 366, 422]}, "jesson": {"prob": 0.002242152466367713, "count": 1, "pos": [10]}, "a": {"prob": 0.03811659192825112, "count": 17, "pos": [11, 15, 55, 67, 90, 110, 113, 157, 174, 178, 200, 220, 258, 265, 298, 311, 342]}, "suburban": {"prob": 0.002242152466367713, "count": 1, "pos": [12]}, "housewif": {"prob": 0.002242152466367713, "count": 1, "pos": [13]}, "in": {"prob": 0.017937219730941704, "count": 8, "pos": [14, 23, 121, 222, 406, 417, 436, 443]}, "dull": {"prob": 0.002242152466367713, "count": 1, "pos": [16]}, "but": {"prob": 0.011210762331838564, "count": 5, "pos": [17, 186, 316, 355, 424]}, "affect": {"prob": 0.002242152466367713, "count": 1, "pos": [18]}, "marriag": {"prob": 0.002242152466367713, "count": 1, "pos": [19]}, "tell": {"prob": 0.002242152466367713, "count": 1, "pos": [20]}, "her": {"prob": 0.02242152466367713, "count": 10, "pos": [21, 31, 38, 48, 95, 389, 394, 404, 434, 442]}, "stori": {"prob": 0.004484304932735426, "count": 2, "pos": [22, 254]}, "first": {"prob": 0.002242152466367713, "count": 1, "pos": [25]}, "person": {"prob": 0.002242152466367713, "count": 1, "pos": [26]}, "while": {"prob": 0.006726457399103139, "count": 3, "pos": [27, 77, 158]}, "at": {"prob": 0.013452914798206279, "count": 6, "pos": [28, 50, 79, 115, 234, 314]}, "home": {"prob": 0.006726457399103139, "count": 3, "pos": [29, 196, 402]}, "with": {"prob": 0.013452914798206279, "count": 6, "pos": [30, 128, 166, 248, 304, 310]}, "husband": {"prob": 0.004484304932735426, "count": 2, "pos": [32, 426]}, "imagin": {"prob": 0.002242152466367713, "count": 1, "pos": [33]}, "that": {"prob": 0.013452914798206279, "count": 6, "pos": [34, 51, 199, 289, 346, 430]}, "she": {"prob": 0.008968609865470852, "count": 4, "pos": [35, 82, 392, 399]}, "is": {"prob": 0.020179372197309416, "count": 9, "pos": [36, 83, 99, 126, 203, 233, 276, 362, 367]}, "confess": {"prob": 0.002242152466367713, "count": 1, "pos": [37]}, "affair": {"prob": 0.002242152466367713, "count": 1, "pos": [39]}, "to": {"prob": 0.03587443946188341, "count": 16, "pos": [40, 54, 63, 75, 88, 138, 145, 173, 177, 208, 214, 272, 281, 379, 396, 403]}, "him": {"prob": 0.002242152466367713, "count": 1, "pos": [41]}, "convent": {"prob": 0.002242152466367713, "count": 1, "pos": [42]}, "like": {"prob": 0.002242152466367713, "count": 1, "pos": [44]}, "most": {"prob": 0.002242152466367713, "count": 1, "pos": [45]}, "women": {"prob": 0.002242152466367713, "count": 1, "pos": [46]}, "class": {"prob": 0.002242152466367713, "count": 1, "pos": [49]}, "time": {"prob": 0.004484304932735426, "count": 2, "pos": [52, 246]}, "goe": {"prob": 0.002242152466367713, "count": 1, "pos": [53]}, "nearbi": {"prob": 0.002242152466367713, "count": 1, "pos": [56]}, "town": {"prob": 0.002242152466367713, "count": 1, "pos": [57]}, "everi": {"prob": 0.002242152466367713, "count": 1, "pos": [58]}, "thursday": {"prob": 0.002242152466367713, "count": 1, "pos": [59]}, "for": {"prob": 0.01569506726457399, "count": 7, "pos": [60, 66, 156, 243, 297, 321, 341]}, "shop": {"prob": 0.002242152466367713, "count": 1, "pos": [61]}, "and": {"prob": 0.02242152466367713, "count": 10, "pos": [62, 124, 149, 180, 205, 260, 275, 337, 369, 440]}, "cinema": {"prob": 0.002242152466367713, "count": 1, "pos": [65]}, "matin\u00e3": {"prob": 0.002242152466367713, "count": 1, "pos": [68]}, "e": {"prob": 0.002242152466367713, "count": 1, "pos": [69]}, "return": {"prob": 0.006726457399103139, "count": 3, "pos": [70, 193, 401]}, "from": {"prob": 0.004484304932735426, "count": 2, "pos": [71, 94]}, "one": {"prob": 0.004484304932735426, "count": 2, "pos": [72, 108]}, "such": {"prob": 0.002242152466367713, "count": 1, "pos": [73]}, "excur": {"prob": 0.002242152466367713, "count": 1, "pos": [74]}, "milford": {"prob": 0.002242152466367713, "count": 1, "pos": [76]}, "wait": {"prob": 0.004484304932735426, "count": 2, "pos": [78, 340]}, "station": {"prob": 0.004484304932735426, "count": 2, "pos": [81, 237]}, "help": {"prob": 0.002242152466367713, "count": 1, "pos": [84]}, "by": {"prob": 0.004484304932735426, "count": 2, "pos": [85, 190]}, "anoth": {"prob": 0.002242152466367713, "count": 1, "pos": [86]}, "passeng": {"prob": 0.004484304932735426, "count": 2, "pos": [87, 98]}, "remov": {"prob": 0.002242152466367713, "count": 1, "pos": [89]}, "piec": {"prob": 0.002242152466367713, "count": 1, "pos": [91]}, "grit": {"prob": 0.002242152466367713, "count": 1, "pos": [93]}, "eye": {"prob": 0.002242152466367713, "count": 1, "pos": [96]}, "alec": {"prob": 0.013452914798206279, "count": 6, "pos": [100, 184, 216, 301, 308, 347]}, "harvey": {"prob": 0.002242152466367713, "count": 1, "pos": [101]}, "an": {"prob": 0.004484304932735426, "count": 2, "pos": [102, 371]}, "idealist": {"prob": 0.002242152466367713, "count": 1, "pos": [103]}, "doctor": {"prob": 0.004484304932735426, "count": 2, "pos": [104, 182]}, "who": {"prob": 0.002242152466367713, "count": 1, "pos": [105]}, "also": {"prob": 0.002242152466367713, "count": 1, "pos": [106]}, "work": {"prob": 0.002242152466367713, "count": 1, "pos": [107]}, "day": {"prob": 0.002242152466367713, "count": 1, "pos": [109]}, "week": {"prob": 0.004484304932735426, "count": 2, "pos": [111, 439]}, "as": {"prob": 0.011210762331838564, "count": 5, "pos": [112, 255, 286, 359, 391]}, "consult": {"prob": 0.002242152466367713, "count": 1, "pos": [114]}, "local": {"prob": 0.002242152466367713, "count": 1, "pos": [117]}, "hospit": {"prob": 0.002242152466367713, "count": 1, "pos": [118]}, "both": {"prob": 0.004484304932735426, "count": 2, "pos": [119, 324]}, "are": {"prob": 0.006726457399103139, "count": 3, "pos": [120, 142, 188]}, "their": {"prob": 0.011210762331838564, "count": 5, "pos": [122, 147, 210, 230, 253]}, "thirti": {"prob": 0.002242152466367713, "count": 1, "pos": [123]}, "each": {"prob": 0.004484304932735426, "count": 2, "pos": [125, 132]}, "marri": {"prob": 0.002242152466367713, "count": 1, "pos": [127]}, "two": {"prob": 0.004484304932735426, "count": 2, "pos": [129, 136]}, "children": {"prob": 0.002242152466367713, "count": 1, "pos": [130]}, "enjoy": {"prob": 0.002242152466367713, "count": 1, "pos": [131]}, "other": {"prob": 0.002242152466367713, "count": 1, "pos": [133]}, "compani": {"prob": 0.002242152466367713, "count": 1, "pos": [134]}, "arrang": {"prob": 0.002242152466367713, "count": 1, "pos": [137]}, "meet": {"prob": 0.011210762331838564, "count": 5, "pos": [139, 160, 165, 170, 232]}, "again": {"prob": 0.002242152466367713, "count": 1, "pos": [140]}, "they": {"prob": 0.020179372197309416, "count": 9, "pos": [141, 159, 171, 187, 212, 256, 287, 290, 323]}, "soon": {"prob": 0.004484304932735426, "count": 2, "pos": [143, 277]}, "troubl": {"prob": 0.002242152466367713, "count": 1, "pos": [144]}, "find": {"prob": 0.002242152466367713, "count": 1, "pos": [146]}, "innoc": {"prob": 0.002242152466367713, "count": 1, "pos": [148]}, "casual": {"prob": 0.002242152466367713, "count": 1, "pos": [150]}, "relationship": {"prob": 0.002242152466367713, "count": 1, "pos": [151]}, "quick": {"prob": 0.002242152466367713, "count": 1, "pos": [152]}, "develop": {"prob": 0.002242152466367713, "count": 1, "pos": [153]}, "into": {"prob": 0.004484304932735426, "count": 2,