{"__total__": 76, "__name__": "doc_284_Brigham_Young.txt", "the": {"prob": 0.07894736842105263, "count": 6, "pos": [0, 12, 16, 39, 44, 51]}, "stori": {"prob": 0.02631578947368421, "count": 2, "pos": [1, 45]}, "begin": {"prob": 0.013157894736842105, "count": 1, "pos": [2]}, "in": {"prob": 0.039473684210526314, "count": 3, "pos": [3, 8, 29]}, "frontier": {"prob": 0.013157894736842105, "count": 1, "pos": [4]}, "town": {"prob": 0.013157894736842105, "count": 1, "pos": [5]}, "nauvoo": {"prob": 0.013157894736842105, "count": 1, "pos": [6]}, "illinoi": {"prob": 0.02631578947368421, "count": 2, "pos": [7, 24]}, "1844": {"prob": 0.013157894736842105, "count": 1, "pos": [9]}, "it": {"prob": 0.013157894736842105, "count": 1, "pos": [10]}, "follow": {"prob": 0.013157894736842105, "count": 1, "pos": [11]}, "main": {"prob": 0.013157894736842105, "count": 1, "pos": [13]}, "bodi": {"prob": 0.013157894736842105, "count": 1, "pos": [14]}, "of": {"prob": 0.039473684210526314, "count": 3, "pos": [15, 43, 50]}, "church": {"prob": 0.013157894736842105, "count": 1, "pos": [17]}, "as": {"prob": 0.013157894736842105, "count": 1, "pos": [18]}, "they": {"prob": 0.013157894736842105, "count": 1, "pos": [19]}, "are": {"prob": 0.013157894736842105, "count": 1, "pos": [20]}, "forc": {"prob": 0.013157894736842105, "count": 1, "pos": [21]}, "to": {"prob": 0.05263157894736842, "count": 4, "pos": [22, 26, 33, 38]}, "leav": {"prob": 0.013157894736842105, "count": 1, "pos": [23]}, "choo": {"prob": 0.013157894736842105, "count": 1, "pos": [25]}, "settl": {"prob": 0.013157894736842105, "count": 1, "pos": [27]}, "temporarili": {"prob": 0.013157894736842105, "count": 1, "pos": [28]}, "nebraska": {"prob": 0.013157894736842105, "count": 1, "pos": [30]}, "and": {"prob": 0.02631578947368421, "count": 2, "pos": [31, 55]}, "then": {"prob": 0.013157894736842105, "count": 1, "pos": [32]}, "travel": {"prob": 0.013157894736842105, "count": 1, "pos": [34]}, "by": {"prob": 0.013157894736842105, "count": 1, "pos": [35]}, "wagon": {"prob": 0.013157894736842105, "count": 1, "pos": [36]}, "train": {"prob": 0.013157894736842105, "count": 1, "pos": [37]}, "great": {"prob": 0.013157894736842105, "count": 1, "pos": [40]}, "basin": {"prob": 0.013157894736842105, "count": 1, "pos": [41]}, "much": {"prob": 0.013157894736842105, "count": 1, "pos": [42]}, "plot": {"prob": 0.013157894736842105, "count": 1, "pos": [46]}, "revolv": {"prob": 0.013157894736842105, "count": 1, "pos": [47]}, "around": {"prob": 0.013157894736842105, "count": 1, "pos": [48]}, "two": {"prob": 0.013157894736842105, "count": 1, "pos": [49]}, "group": {"prob": 0.013157894736842105, "count": 1, "pos": [52]}, "johnthan": {"prob": 0.013157894736842105, "count": 1, "pos": [53]}, "kent": {"prob": 0.013157894736842105, "count": 1, "pos": [54]}, "zina": {"prob": 0.013157894736842105, "count": 1, "pos": [56]}, "webb": {"prob": 0.013157894736842105, "count": 1, "pos": [57]}, "http": {"prob": 0.013157894736842105, "count": 1, "pos": [58]}, "www": {"prob": 0.013157894736842105, "count": 1, "pos": [59]}, "imdb": {"prob": 0.013157894736842105, "count": 1, "pos": [60]}, "com": {"prob": 0.013157894736842105, "count": 1, "pos": [61]}, "titl": {"prob": 0.013157894736842105, "count": 1, "pos": [62]}, "tt003228": {"prob": 0.013157894736842105, "count": 1, "pos": [63]}, "brigham": {"prob": 0.013157894736842105, "count": 1, "pos": [64]}, "young": {"prob": 0.013157894736842105, "count": 1, "pos": [65]}, "film": {"prob": 0.013157894736842105, "count": 1, "pos": [66]}, "page": {"prob": 0.013157894736842105, "count": 1, "pos": [67]}, "at": {"prob": 0.013157894736842105, "count": 1, "pos": [68]}, "internet": {"prob": 0.013157894736842105, "count": 1, "pos": [69]}, "movi": {"prob": 0.013157894736842105, "count": 1, "pos": [70]}, "databa": {"prob": 0.013157894736842105, "count": 1, "pos": [71]}, "access": {"prob": 0.013157894736842105, "count": 1, "pos": [72]}, "13": {"prob": 0.013157894736842105, "count": 1, "pos": [73]}, "novemb": {"prob": 0.013157894736842105, "count": 1, "pos": [74]}, "2009": {"prob": 0.013157894736842105, "count": 1, "pos": [75]}}