{"__total__": 519, "__name__": "doc_290_Bringing_Up_Baby.txt", "david": {"prob": 0.028901734104046242, "count": 15, "pos": [0, 72, 134, 149, 191, 214, 226, 244, 270, 336, 341, 385, 407, 440, 487]}, "huxley": {"prob": 0.0019267822736030828, "count": 1, "pos": [1]}, "is": {"prob": 0.025048169556840076, "count": 13, "pos": [2, 27, 37, 57, 83, 118, 125, 135, 144, 215, 240, 246, 349]}, "a": {"prob": 0.03275529865125241, "count": 17, "pos": [3, 24, 50, 79, 84, 107, 136, 140, 253, 272, 283, 292, 373, 391, 398, 401, 460]}, "mild": {"prob": 0.0019267822736030828, "count": 1, "pos": [4]}, "manner": {"prob": 0.0019267822736030828, "count": 1, "pos": [5]}, "paleontologist": {"prob": 0.0038535645472061657, "count": 2, "pos": [6, 141]}, "beleagu": {"prob": 0.0019267822736030828, "count": 1, "pos": [7]}, "by": {"prob": 0.009633911368015413, "count": 5, "pos": [8, 76, 291, 412, 435]}, "problem": {"prob": 0.0019267822736030828, "count": 1, "pos": [9]}, "for": {"prob": 0.007707129094412331, "count": 4, "pos": [10, 201, 286, 298]}, "the": {"prob": 0.036608863198458574, "count": 19, "pos": [11, 21, 34, 43, 66, 223, 301, 324, 339, 345, 377, 383, 395, 423, 449, 453, 464, 475, 480]}, "past": {"prob": 0.0019267822736030828, "count": 1, "pos": [12]}, "four": {"prob": 0.0019267822736030828, "count": 1, "pos": [13]}, "year": {"prob": 0.0019267822736030828, "count": 1, "pos": [14]}, "he": {"prob": 0.005780346820809248, "count": 3, "pos": [15, 36, 493]}, "ha": {"prob": 0.017341040462427744, "count": 9, "pos": [16, 104, 186, 249, 280, 369, 386, 409, 443]}, "been": {"prob": 0.0038535645472061657, "count": 2, "pos": [17, 410]}, "tri": {"prob": 0.0019267822736030828, "count": 1, "pos": [18]}, "to": {"prob": 0.05202312138728324, "count": 27, "pos": [19, 31, 33, 39, 42, 63, 91, 96, 127, 129, 150, 152, 158, 195, 206, 228, 264, 329, 343, 363, 387, 393, 447, 452, 466, 469, 485]}, "assembl": {"prob": 0.0019267822736030828, "count": 1, "pos": [20]}, "skeleton": {"prob": 0.005780346820809248, "count": 3, "pos": [22, 232, 481]}, "of": {"prob": 0.01348747591522158, "count": 7, "pos": [23, 163, 242, 303, 323, 372, 415]}, "brontosauru": {"prob": 0.005780346820809248, "count": 3, "pos": [25, 231, 420]}, "but": {"prob": 0.0038535645472061657, "count": 2, "pos": [26, 174]}, "miss": {"prob": 0.0019267822736030828, "count": 1, "pos": [28]}, "one": {"prob": 0.0038535645472061657, "count": 2, "pos": [29, 60]}, "bone": {"prob": 0.007707129094412331, "count": 4, "pos": [30, 224, 257, 430]}, "add": {"prob": 0.0019267822736030828, "count": 1, "pos": [32]}, "stress": {"prob": 0.0019267822736030828, "count": 1, "pos": [35]}, "about": {"prob": 0.0019267822736030828, "count": 1, "pos": [38]}, "get": {"prob": 0.0038535645472061657, "count": 2, "pos": [40, 148]}, "marri": {"prob": 0.0038535645472061657, "count": 2, "pos": [41, 210]}, "dour": {"prob": 0.0019267822736030828, "count": 1, "pos": [44]}, "alic": {"prob": 0.0038535645472061657, "count": 2, "pos": [45, 413]}, "swallow": {"prob": 0.0019267822736030828, "count": 1, "pos": [46]}, "and": {"prob": 0.023121387283236993, "count": 12, "pos": [47, 89, 116, 142, 192, 221, 269, 275, 335, 482, 491, 508]}, "must": {"prob": 0.0019267822736030828, "count": 1, "pos": [48]}, "make": {"prob": 0.0038535645472061657, "count": 2, "pos": [49, 350]}, "favor": {"prob": 0.0019267822736030828, "count": 1, "pos": [51]}, "impress": {"prob": 0.0019267822736030828, "count": 1, "pos": [52]}, "upon": {"prob": 0.0019267822736030828, "count": 1, "pos": [53]}, "mr": {"prob": 0.007707129094412331, "count": 4, "pos": [54, 98, 235, 256]}, "random": {"prob": 0.005780346820809248, "count": 3, "pos": [55, 99, 237]}, "who": {"prob": 0.007707129094412331, "count": 4, "pos": [56, 243, 368, 408]}, "consid": {"prob": 0.0019267822736030828, "count": 1, "pos": [58]}, "donat": {"prob": 0.0038535645472061657, "count": 2, "pos": [59, 448]}, "million": {"prob": 0.0038535645472061657, "count": 2, "pos": [61, 450]}, "dollar": {"prob": 0.0038535645472061657, "count": 2, "pos": [62, 451]}, "hi": {"prob": 0.01348747591522158, "count": 7, "pos": [64, 69, 211, 230, 419, 429, 456]}, "museum": {"prob": 0.005780346820809248, "count": 3, "pos": [65, 424, 454]}, "day": {"prob": 0.0019267822736030828, "count": 1, "pos": [67]}, "befor": {"prob": 0.0019267822736030828, "count": 1, "pos": [68]}, "plan": {"prob": 0.0019267822736030828, "count": 1, "pos": [70]}, "wed": {"prob": 0.0019267822736030828, "count": 1, "pos": [71]}, "meet": {"prob": 0.0019267822736030828, "count": 1, "pos": [73]}, "susan": {"prob": 0.025048169556840076, "count": 13, "pos": [74, 101, 132, 182, 217, 233, 248, 268, 316, 367, 405, 438, 472]}, "vanc": {"prob": 0.0019267822736030828, "count": 1, "pos": [75]}, "chanc": {"prob": 0.0019267822736030828, "count": 1, "pos": [77]}, "on": {"prob": 0.0038535645472061657, "count": 2, "pos": [78, 418]}, "golf": {"prob": 0.0019267822736030828, "count": 1, "pos": [80]}, "cour": {"prob": 0.0019267822736030828, "count": 1, "pos": [81]}, "she": {"prob": 0.023121387283236993, "count": 12, "pos": [82, 124, 143, 185, 193, 239, 327, 348, 356, 432, 442, 458]}, "free": {"prob": 0.0019267822736030828, "count": 1, "pos": [85]}, "spirit": {"prob": 0.0019267822736030828, "count": 1, "pos": [86]}, "young": {"prob": 0.0019267822736030828, "count": 1, "pos": [87]}, "ladi": {"prob": 0.0019267822736030828, "count": 1, "pos": [88]}, "unknown": {"prob": 0.0019267822736030828, "count": 1, "pos": [90]}, "him": {"prob": 0.01348747591522158, "count": 7, "pos": [92, 197, 208, 251, 318, 427, 470]}, "at": {"prob": 0.005780346820809248, "count": 3, "pos": [93, 198, 422]}, "first": {"prob": 0.0019267822736030828, "count": 1, "pos": [94]}, "happen": {"prob": 0.0019267822736030828, "count": 1, "pos": [95]}, "be": {"prob": 0.0038535645472061657, "count": 2, "pos": [97, 467]}, "niec": {"prob": 0.0019267822736030828, "count": 1, "pos": [100]}, "brother": {"prob": 0.0019267822736030828, "count": 1, "pos": [102]}, "mark": {"prob": 0.0019267822736030828, "count": 1, "pos": [103]}, "sent": {"prob": 0.0019267822736030828, "count": 1, "pos": [105]}, "her": {"prob": 0.017341040462427744, "count": 9, "pos": [106, 130, 153, 160, 199, 389, 416, 445, 497]}, "tame": {"prob": 0.0019267822736030828, "count": 1, "pos": [108]}, "leopard": {"prob": 0.007707129094412331, "count": 4, "pos": [109, 278, 325, 381]}, "from": {"prob": 0.009633911368015413, "count": 5, "pos": [110, 209, 282, 353, 474]}, "brazilleopard": {"prob": 0.0019267822736030828, "count": 1, "pos": [111]}, "are": {"prob": 0.005780346820809248, "count": 3, "pos": [112, 289, 321]}, "old": {"prob": 0.0019267822736030828, "count": 1, "pos": [113]}, "world": {"prob": 0.0019267822736030828, "count": 1, "pos": [114]}, "anim": {"prob": 0.0038535645472061657, "count": 2, "pos": [115, 396]}, "brazil": {"prob": 0.0019267822736030828, "count": 1, "pos": [117]}, "jaguar": {"prob": 0.0019267822736030828, "count": 1, "pos": [119]}, "territori": {"prob": 0.0019267822736030828, "count": 1, "pos": [120]}, "name": {"prob": 0.0038535645472061657, "count": 2, "pos": [121, 255]}, "babi": {"prob": 0.011560693641618497, "count": 6, "pos": [122, 164, 177, 258, 287, 502]}, "which": {"prob": 0.007707129094412331, "count": 4, "pos": [123, 165, 176, 431]}, "suppo": {"prob": 0.0019267822736030828, "count": 1, "pos": [126]}, "give": {"prob": 0.005780346820809248, "count": 3, "pos": [128, 171, 489]}, "aunt": {"prob": 0.005780346820809248, "count": 3, "pos": [131, 234, 446]}, "believ": {"prob": 0.0038535645472061657, "count": 2, "pos": [133, 313]}, "zoologist": {"prob": 0.0019267822736030828, "count": 1, "pos": [137]}, "rather": {"prob": 0.0019267822736030828, "count": 1, "pos": [138]}, "than": {"prob": 0.0019267822736030828, "count": 1, "pos": [139]}, "veri": {"prob": 0.0038535645472061657, "count": 2, "pos": [145, 276]}, "persist": {"prob": 0.0019267822736030828, "count": 1, "pos": [146]}, "in": {"prob": 0.005780346820809248, "count": 3, "pos": [147, 156, 188]}, "go": {"prob": 0.0019267822736030828, "count": 1, "pos": [151]},