{"__total__": 546, "__name__": "doc_300_Bubba_Ho_tep.txt", "dure": {"prob": 0.007326007326007326, "count": 4, "pos": [0, 76, 208, 216]}, "the": {"prob": 0.07692307692307693, "count": 42, "pos": [1, 8, 32, 56, 100, 143, 154, 169, 178, 183, 224, 232, 235, 240, 248, 251, 254, 271, 282, 304, 309, 326, 337, 341, 345, 368, 371, 374, 396, 409, 413, 420, 430, 445, 450, 461, 469, 474, 478, 508, 512, 522]}, "1970": {"prob": 0.0018315018315018315, "count": 1, "pos": [2]}, "elvi": {"prob": 0.029304029304029304, "count": 16, "pos": [3, 18, 34, 63, 119, 162, 193, 263, 328, 364, 383, 406, 438, 463, 529, 543]}, "presley": {"prob": 0.0018315018315018315, "count": 1, "pos": [4]}, "grew": {"prob": 0.0018315018315018315, "count": 1, "pos": [5]}, "tire": {"prob": 0.0018315018315018315, "count": 1, "pos": [6]}, "of": {"prob": 0.027472527472527472, "count": 15, "pos": [7, 10, 110, 171, 242, 250, 253, 270, 294, 340, 348, 373, 392, 444, 507]}, "demand": {"prob": 0.0018315018315018315, "count": 1, "pos": [9]}, "hi": {"prob": 0.018315018315018316, "count": 10, "pos": [11, 70, 106, 117, 157, 393, 403, 427, 486, 500]}, "fame": {"prob": 0.0018315018315018315, "count": 1, "pos": [12]}, "and": {"prob": 0.040293040293040296, "count": 22, "pos": [13, 40, 85, 113, 145, 194, 213, 245, 274, 289, 315, 320, 329, 352, 365, 382, 398, 418, 447, 454, 480, 502]}, "switch": {"prob": 0.0018315018315018315, "count": 1, "pos": [14]}, "place": {"prob": 0.003663003663003663, "count": 2, "pos": [15, 363]}, "with": {"prob": 0.005494505494505495, "count": 3, "pos": [16, 376, 534]}, "an": {"prob": 0.009157509157509158, "count": 5, "pos": [17, 83, 94, 332, 379]}, "imperson": {"prob": 0.0018315018315018315, "count": 1, "pos": [19]}, "name": {"prob": 0.003663003663003663, "count": 2, "pos": [20, 126]}, "sebastian": {"prob": 0.0018315018315018315, "count": 1, "pos": [21]}, "haff": {"prob": 0.003663003663003663, "count": 2, "pos": [22, 25]}, "it": {"prob": 0.01098901098901099, "count": 6, "pos": [23, 174, 188, 256, 280, 303]}, "wa": {"prob": 0.009157509157509158, "count": 5, "pos": [24, 55, 61, 65, 206]}, "who": {"prob": 0.009157509157509158, "count": 5, "pos": [26, 128, 264, 299, 312]}, "eventu": {"prob": 0.003663003663003663, "count": 2, "pos": [27, 192]}, "die": {"prob": 0.007326007326007326, "count": 4, "pos": [28, 433, 472, 536]}, "in": {"prob": 0.02197802197802198, "count": 12, "pos": [29, 36, 93, 150, 182, 220, 370, 378, 408, 426, 429, 485]}, "1977": {"prob": 0.0018315018315018315, "count": 1, "pos": [30]}, "while": {"prob": 0.0018315018315018315, "count": 1, "pos": [31]}, "real": {"prob": 0.003663003663003663, "count": 2, "pos": [33, 288]}, "live": {"prob": 0.003663003663003663, "count": 2, "pos": [35, 43]}, "quiet": {"prob": 0.0018315018315018315, "count": 1, "pos": [37]}, "happi": {"prob": 0.0018315018315018315, "count": 1, "pos": [38]}, "anonym": {"prob": 0.0018315018315018315, "count": 1, "pos": [39]}, "made": {"prob": 0.0018315018315018315, "count": 1, "pos": [41]}, "a": {"prob": 0.04395604395604396, "count": 24, "pos": [42, 49, 73, 77, 88, 114, 123, 151, 165, 199, 209, 217, 229, 243, 267, 287, 317, 321, 385, 423, 435, 466, 526, 535]}, "pretend": {"prob": 0.0018315018315018315, "count": 1, "pos": [44]}, "to": {"prob": 0.023809523809523808, "count": 13, "pos": [45, 67, 69, 81, 137, 308, 323, 335, 357, 359, 401, 415, 441]}, "be": {"prob": 0.007326007326007326, "count": 4, "pos": [46, 176, 191, 355]}, "himself": {"prob": 0.0018315018315018315, "count": 1, "pos": [47]}, "after": {"prob": 0.003663003663003663, "count": 2, "pos": [48, 142]}, "propan": {"prob": 0.0018315018315018315, "count": 1, "pos": [50]}, "explo": {"prob": 0.0018315018315018315, "count": 1, "pos": [51]}, "destroy": {"prob": 0.003663003663003663, "count": 2, "pos": [52, 336]}, "document": {"prob": 0.0018315018315018315, "count": 1, "pos": [53]}, "which": {"prob": 0.0018315018315018315, "count": 1, "pos": [54]}, "on": {"prob": 0.014652014652014652, "count": 8, "pos": [57, 116, 120, 168, 239, 247, 452, 465]}, "proof": {"prob": 0.0018315018315018315, "count": 1, "pos": [58]}, "that": {"prob": 0.007326007326007326, "count": 4, "pos": [59, 205, 496, 503]}, "he": {"prob": 0.020146520146520148, "count": 11, "pos": [60, 64, 103, 130, 277, 448, 483, 490, 497, 504, 518]}, "actual": {"prob": 0.0018315018315018315, "count": 1, "pos": [62]}, "unabl": {"prob": 0.0018315018315018315, "count": 1, "pos": [66]}, "return": {"prob": 0.0018315018315018315, "count": 1, "pos": [68]}, "old": {"prob": 0.0018315018315018315, "count": 1, "pos": [71]}, "lifestyl": {"prob": 0.0018315018315018315, "count": 1, "pos": [72]}, "hip": {"prob": 0.0018315018315018315, "count": 1, "pos": [74]}, "injuri": {"prob": 0.0018315018315018315, "count": 1, "pos": [75]}, "perform": {"prob": 0.0018315018315018315, "count": 1, "pos": [78]}, "caus": {"prob": 0.0018315018315018315, "count": 1, "pos": [79]}, "him": {"prob": 0.005494505494505495, "count": 3, "pos": [80, 453, 459]}, "get": {"prob": 0.007326007326007326, "count": 4, "pos": [82, 324, 422, 442]}, "infect": {"prob": 0.0018315018315018315, "count": 1, "pos": [84]}, "slip": {"prob": 0.0018315018315018315, "count": 1, "pos": [86]}, "into": {"prob": 0.009157509157509158, "count": 5, "pos": [87, 228, 279, 412, 525]}, "coma": {"prob": 0.0018315018315018315, "count": 1, "pos": [89]}, "twenti": {"prob": 0.0018315018315018315, "count": 1, "pos": [90]}, "year": {"prob": 0.0018315018315018315, "count": 1, "pos": [91]}, "later": {"prob": 0.0018315018315018315, "count": 1, "pos": [92]}, "east": {"prob": 0.003663003663003663, "count": 2, "pos": [95, 221]}, "texa": {"prob": 0.003663003663003663, "count": 2, "pos": [96, 222]}, "nur": {"prob": 0.005494505494505495, "count": 3, "pos": [97, 152, 233]}, "home": {"prob": 0.009157509157509158, "count": 5, "pos": [98, 153, 234, 255, 516]}, "as": {"prob": 0.005494505494505495, "count": 3, "pos": [99, 292, 517]}, "film": {"prob": 0.003663003663003663, "count": 2, "pos": [101, 185]}, "open": {"prob": 0.0018315018315018315, "count": 1, "pos": [102]}, "is": {"prob": 0.016483516483516484, "count": 9, "pos": [104, 122, 131, 257, 265, 286, 389, 399, 532]}, "contempl": {"prob": 0.0018315018315018315, "count": 1, "pos": [105]}, "age": {"prob": 0.0018315018315018315, "count": 1, "pos": [107]}, "frailti": {"prob": 0.0018315018315018315, "count": 1, "pos": [108]}, "loss": {"prob": 0.003663003663003663, "count": 2, "pos": [109, 476]}, "digniti": {"prob": 0.0018315018315018315, "count": 1, "pos": [111]}, "impot": {"prob": 0.0018315018315018315, "count": 1, "pos": [112]}, "growth": {"prob": 0.0018315018315018315, "count": 1, "pos": [115]}, "pecker": {"prob": 0.0018315018315018315, "count": 1, "pos": [118]}, "friend": {"prob": 0.003663003663003663, "count": 2, "pos": [121, 351]}, "black": {"prob": 0.003663003663003663, "count": 2, "pos": [124, 141]}, "man": {"prob": 0.0018315018315018315, "count": 1, "pos": [125]}, "jack": {"prob": 0.016483516483516484, "count": 9, "pos": [127, 172, 195, 330, 366, 377, 388, 417, 432]}, "insist": {"prob": 0.0018315018315018315, "count": 1, "pos": [129]}, "presid": {"prob": 0.0018315018315018315, "count": 1, "pos": [132]}, "john": {"prob": 0.0018315018315018315, "count": 1, "pos": [133]}, "f": {"prob": 0.0018315018315018315, "count": 1, "pos": [134]}, "kennedi": {"prob": 0.0018315018315018315, "count": 1, "pos": [135]}, "claim": {"prob": 0.0018315018315018315, "count": 1, "pos": [136]}, "have": {"prob": 0.003663003663003663, "count": 2, "pos": [138, 402]}, "been": {"prob": 0.0018315018315018315, "count": 1, "pos": [139]}, "dy": {"prob": 0.0018315018315018315, "count": 1, "pos": [140]}, "assassin": {"prob": 0.0018315018315018315, "count": 1, "pos": [144]}, "abandon": {"prob": 0.0018315018315018315, "count": 1, "pos": [146]}, "by": {"prob": 0.005494505494505495, "count": 3, "pos": [147, 262, 395]}, "lyndon": {"prob": 0.0018315018315018315, "count": 1, "pos": [148]}, "johnson": {"prob": 0.0018315018315018315, "count": 1, "pos": [149]}, "truth": {"prob": 0.0018315018315018315,