{"__total__": 130, "__name__": "doc_302_Buffalo_66.txt", "have": {"prob": 0.007692307692307693, "count": 1, "pos": [0]}, "just": {"prob": 0.007692307692307693, "count": 1, "pos": [1]}, "serv": {"prob": 0.007692307692307693, "count": 1, "pos": [2]}, "five": {"prob": 0.007692307692307693, "count": 1, "pos": [3]}, "year": {"prob": 0.007692307692307693, "count": 1, "pos": [4]}, "in": {"prob": 0.023076923076923078, "count": 3, "pos": [5, 103, 112]}, "prison": {"prob": 0.007692307692307693, "count": 1, "pos": [6]}, "for": {"prob": 0.015384615384615385, "count": 2, "pos": [7, 80]}, "a": {"prob": 0.03076923076923077, "count": 4, "pos": [8, 17, 86, 89]}, "crime": {"prob": 0.007692307692307693, "count": 1, "pos": [9]}, "he": {"prob": 0.007692307692307693, "count": 1, "pos": [10]}, "did": {"prob": 0.007692307692307693, "count": 1, "pos": [11]}, "not": {"prob": 0.007692307692307693, "count": 1, "pos": [12]}, "commit": {"prob": 0.007692307692307693, "count": 1, "pos": [13]}, "billi": {"prob": 0.03076923076923077, "count": 4, "pos": [14, 47, 52, 72]}, "brown": {"prob": 0.007692307692307693, "count": 1, "pos": [15]}, "kidnap": {"prob": 0.015384615384615385, "count": 2, "pos": [16, 37]}, "young": {"prob": 0.007692307692307693, "count": 1, "pos": [18]}, "tap": {"prob": 0.007692307692307693, "count": 1, "pos": [19]}, "dancer": {"prob": 0.007692307692307693, "count": 1, "pos": [20]}, "name": {"prob": 0.007692307692307693, "count": 1, "pos": [21]}, "layla": {"prob": 0.015384615384615385, "count": 2, "pos": [22, 32]}, "and": {"prob": 0.023076923076923078, "count": 3, "pos": [23, 38, 66]}, "forc": {"prob": 0.007692307692307693, "count": 1, "pos": [24]}, "her": {"prob": 0.007692307692307693, "count": 1, "pos": [25]}, "to": {"prob": 0.046153846153846156, "count": 6, "pos": [26, 28, 35, 46, 58, 88]}, "pretend": {"prob": 0.007692307692307693, "count": 1, "pos": [27]}, "be": {"prob": 0.015384615384615385, "count": 2, "pos": [29, 36]}, "hi": {"prob": 0.038461538461538464, "count": 5, "pos": [30, 61, 64, 67, 81]}, "wife": {"prob": 0.007692307692307693, "count": 1, "pos": [31]}, "allow": {"prob": 0.007692307692307693, "count": 1, "pos": [33]}, "herself": {"prob": 0.007692307692307693, "count": 1, "pos": [34]}, "it": {"prob": 0.015384615384615385, "count": 2, "pos": [39, 114]}, "is": {"prob": 0.03076923076923077, "count": 4, "pos": [40, 43, 56, 85]}, "clear": {"prob": 0.007692307692307693, "count": 1, "pos": [41]}, "she": {"prob": 0.007692307692307693, "count": 1, "pos": [42]}, "romant": {"prob": 0.007692307692307693, "count": 1, "pos": [44]}, "attract": {"prob": 0.007692307692307693, "count": 1, "pos": [45]}, "from": {"prob": 0.007692307692307693, "count": 1, "pos": [48]}, "the": {"prob": 0.05384615384615385, "count": 7, "pos": [49, 54, 69, 76, 98, 108, 125]}, "start": {"prob": 0.007692307692307693, "count": 1, "pos": [50]}, "but": {"prob": 0.007692307692307693, "count": 1, "pos": [51]}, "all": {"prob": 0.007692307692307693, "count": 1, "pos": [53]}, "while": {"prob": 0.007692307692307693, "count": 1, "pos": [55]}, "compel": {"prob": 0.007692307692307693, "count": 1, "pos": [57]}, "deal": {"prob": 0.007692307692307693, "count": 1, "pos": [59]}, "with": {"prob": 0.007692307692307693, "count": 1, "pos": [60]}, "own": {"prob": 0.007692307692307693, "count": 1, "pos": [62]}, "demon": {"prob": 0.007692307692307693, "count": 1, "pos": [63]}, "lone": {"prob": 0.007692307692307693, "count": 1, "pos": [65]}, "depress": {"prob": 0.007692307692307693, "count": 1, "pos": [68]}, "subplot": {"prob": 0.007692307692307693, "count": 1, "pos": [70]}, "of": {"prob": 0.007692307692307693, "count": 1, "pos": [71]}, "seek": {"prob": 0.007692307692307693, "count": 1, "pos": [73]}, "reveng": {"prob": 0.007692307692307693, "count": 1, "pos": [74]}, "on": {"prob": 0.007692307692307693, "count": 1, "pos": [75]}, "man": {"prob": 0.007692307692307693, "count": 1, "pos": [77]}, "indirect": {"prob": 0.007692307692307693, "count": 1, "pos": [78]}, "respon": {"prob": 0.007692307692307693, "count": 1, "pos": [79]}, "imprison": {"prob": 0.007692307692307693, "count": 1, "pos": [82]}, "scott": {"prob": 0.015384615384615385, "count": 2, "pos": [83, 94]}, "wood": {"prob": 0.007692307692307693, "count": 1, "pos": [84]}, "refer": {"prob": 0.007692307692307693, "count": 1, "pos": [87]}, "former": {"prob": 0.007692307692307693, "count": 1, "pos": [90]}, "buffalo": {"prob": 0.007692307692307693, "count": 1, "pos": [91]}, "bill": {"prob": 0.007692307692307693, "count": 1, "pos": [92]}, "kicker": {"prob": 0.007692307692307693, "count": 1, "pos": [93]}, "norwood": {"prob": 0.015384615384615385, "count": 2, "pos": [95, 118]}, "who": {"prob": 0.007692307692307693, "count": 1, "pos": [96]}, "miss": {"prob": 0.007692307692307693, "count": 1, "pos": [97]}, "game": {"prob": 0.007692307692307693, "count": 1, "pos": [99]}, "win": {"prob": 0.007692307692307693, "count": 1, "pos": [100]}, "field": {"prob": 0.007692307692307693, "count": 1, "pos": [101]}, "goal": {"prob": 0.007692307692307693, "count": 1, "pos": [102]}, "super": {"prob": 0.015384615384615385, "count": 2, "pos": [104, 115]}, "bowl": {"prob": 0.015384615384615385, "count": 2, "pos": [105, 116]}, "xxv": {"prob": 0.007692307692307693, "count": 1, "pos": [106]}, "against": {"prob": 0.007692307692307693, "count": 1, "pos": [107]}, "new": {"prob": 0.007692307692307693, "count": 1, "pos": [109]}, "york": {"prob": 0.007692307692307693, "count": 1, "pos": [110]}, "giant": {"prob": 0.007692307692307693, "count": 1, "pos": [111]}, "1991": {"prob": 0.007692307692307693, "count": 1, "pos": [113]}, "loser": {"prob": 0.007692307692307693, "count": 1, "pos": [117]}, "unlucki": {"prob": 0.007692307692307693, "count": 1, "pos": [119]}, "number": {"prob": 0.007692307692307693, "count": 1, "pos": [120]}, "here": {"prob": 0.007692307692307693, "count": 1, "pos": [121]}, "whi": {"prob": 0.007692307692307693, "count": 1, "pos": [122]}, "gari": {"prob": 0.007692307692307693, "count": 1, "pos": [123]}, "imlach": {"prob": 0.007692307692307693, "count": 1, "pos": [124]}, "guardian": {"prob": 0.007692307692307693, "count": 1, "pos": [126]}, "januari": {"prob": 0.007692307692307693, "count": 1, "pos": [127]}, "7": {"prob": 0.007692307692307693, "count": 1, "pos": [128]}, "2007": {"prob": 0.007692307692307693, "count": 1, "pos": [129]}}