{"__total__": 217, "__name__": "doc_31_A_Hard_Days_Night.txt", "halliwel": {"prob": 0.004608294930875576, "count": 1, "pos": [0]}, "encapsul": {"prob": 0.004608294930875576, "count": 1, "pos": [1]}, "the": {"prob": 0.059907834101382486, "count": 13, "pos": [2, 12, 32, 50, 62, 87, 92, 101, 177, 184, 187, 202, 209]}, "plot": {"prob": 0.004608294930875576, "count": 1, "pos": [3]}, "as": {"prob": 0.009216589861751152, "count": 2, "pos": [4, 213]}, "harass": {"prob": 0.004608294930875576, "count": 1, "pos": [5]}, "by": {"prob": 0.018433179723502304, "count": 4, "pos": [6, 17, 140, 201]}, "their": {"prob": 0.013824884792626729, "count": 3, "pos": [7, 43, 95]}, "manag": {"prob": 0.004608294930875576, "count": 1, "pos": [8]}, "and": {"prob": 0.02304147465437788, "count": 5, "pos": [9, 34, 56, 156, 208]}, "paul": {"prob": 0.018433179723502304, "count": 4, "pos": [10, 79, 116, 206]}, "grandpa": {"prob": 0.004608294930875576, "count": 1, "pos": [11]}, "beatl": {"prob": 0.009216589861751152, "count": 2, "pos": [13, 63]}, "embark": {"prob": 0.004608294930875576, "count": 1, "pos": [14]}, "from": {"prob": 0.004608294930875576, "count": 1, "pos": [15]}, "liverpool": {"prob": 0.004608294930875576, "count": 1, "pos": [16]}, "train": {"prob": 0.009216589861751152, "count": 2, "pos": [18, 33]}, "for": {"prob": 0.009216589861751152, "count": 2, "pos": [19, 53]}, "a": {"prob": 0.059907834101382486, "count": 13, "pos": [20, 26, 67, 74, 85, 114, 118, 120, 146, 150, 154, 161, 164]}, "london": {"prob": 0.009216589861751152, "count": 2, "pos": [21, 61]}, "tv": {"prob": 0.004608294930875576, "count": 1, "pos": [22]}, "show": {"prob": 0.004608294930875576, "count": 1, "pos": [23]}, "have": {"prob": 0.009216589861751152, "count": 2, "pos": [24, 145]}, "escap": {"prob": 0.004608294930875576, "count": 1, "pos": [25]}, "hord": {"prob": 0.004608294930875576, "count": 1, "pos": [27]}, "of": {"prob": 0.013824884792626729, "count": 3, "pos": [28, 133, 186]}, "fan": {"prob": 0.004608294930875576, "count": 1, "pos": [29]}, "onc": {"prob": 0.004608294930875576, "count": 1, "pos": [30]}, "aboard": {"prob": 0.004608294930875576, "count": 1, "pos": [31]}, "tri": {"prob": 0.009216589861751152, "count": 2, "pos": [35, 143]}, "to": {"prob": 0.04608294930875576, "count": 10, "pos": [36, 41, 47, 49, 66, 91, 98, 108, 144, 191]}, "relax": {"prob": 0.004608294930875576, "count": 1, "pos": [37]}, "variou": {"prob": 0.004608294930875576, "count": 1, "pos": [38]}, "interrupt": {"prob": 0.004608294930875576, "count": 1, "pos": [39]}, "begin": {"prob": 0.004608294930875576, "count": 1, "pos": [40]}, "test": {"prob": 0.004608294930875576, "count": 1, "pos": [42]}, "patienc": {"prob": 0.004608294930875576, "count": 1, "pos": [44]}, "prompt": {"prob": 0.004608294930875576, "count": 1, "pos": [45]}, "georg": {"prob": 0.004608294930875576, "count": 1, "pos": [46]}, "go": {"prob": 0.004608294930875576, "count": 1, "pos": [48]}, "good": {"prob": 0.004608294930875576, "count": 1, "pos": [51]}, "van": {"prob": 0.004608294930875576, "count": 1, "pos": [52]}, "some": {"prob": 0.009216589861751152, "count": 2, "pos": [54, 110]}, "peac": {"prob": 0.004608294930875576, "count": 1, "pos": [55]}, "quiet": {"prob": 0.009216589861751152, "count": 2, "pos": [57, 147]}, "on": {"prob": 0.009216589861751152, "count": 2, "pos": [58, 176]}, "arriv": {"prob": 0.004608294930875576, "count": 1, "pos": [59]}, "in": {"prob": 0.009216589861751152, "count": 2, "pos": [60, 149]}, "are": {"prob": 0.009216589861751152, "count": 2, "pos": [64, 103]}, "driven": {"prob": 0.004608294930875576, "count": 1, "pos": [65]}, "hotel": {"prob": 0.004608294930875576, "count": 1, "pos": [68]}, "where": {"prob": 0.009216589861751152, "count": 2, "pos": [69, 94]}, "they": {"prob": 0.004608294930875576, "count": 1, "pos": [70]}, "feel": {"prob": 0.004608294930875576, "count": 1, "pos": [71]}, "trap": {"prob": 0.004608294930875576, "count": 1, "pos": [72]}, "after": {"prob": 0.009216589861751152, "count": 2, "pos": [73, 198]}, "night": {"prob": 0.004608294930875576, "count": 1, "pos": [75]}, "out": {"prob": 0.004608294930875576, "count": 1, "pos": [76]}, "dure": {"prob": 0.004608294930875576, "count": 1, "pos": [77]}, "which": {"prob": 0.004608294930875576, "count": 1, "pos": [78]}, "grandfath": {"prob": 0.013824884792626729, "count": 3, "pos": [80, 117, 207]}, "caus": {"prob": 0.004608294930875576, "count": 1, "pos": [81]}, "minor": {"prob": 0.004608294930875576, "count": 1, "pos": [82]}, "troubl": {"prob": 0.004608294930875576, "count": 1, "pos": [83]}, "at": {"prob": 0.013824884792626729, "count": 3, "pos": [84, 157, 172]}, "casino": {"prob": 0.004608294930875576, "count": 1, "pos": [86]}, "group": {"prob": 0.004608294930875576, "count": 1, "pos": [88]}, "is": {"prob": 0.009216589861751152, "count": 2, "pos": [89, 97]}, "taken": {"prob": 0.004608294930875576, "count": 1, "pos": [90]}, "theatr": {"prob": 0.004608294930875576, "count": 1, "pos": [93]}, "perform": {"prob": 0.004608294930875576, "count": 1, "pos": [96]}, "be": {"prob": 0.013824884792626729, "count": 3, "pos": [99, 128, 199]}, "film": {"prob": 0.009216589861751152, "count": 2, "pos": [100, 171]}, "prepar": {"prob": 0.004608294930875576, "count": 1, "pos": [102]}, "lengthi": {"prob": 0.004608294930875576, "count": 1, "pos": [104]}, "so": {"prob": 0.009216589861751152, "count": 2, "pos": [105, 136]}, "ringo": {"prob": 0.013824884792626729, "count": 3, "pos": [106, 137, 193]}, "decid": {"prob": 0.004608294930875576, "count": 1, "pos": [107]}, "spend": {"prob": 0.004608294930875576, "count": 1, "pos": [109]}, "time": {"prob": 0.004608294930875576, "count": 1, "pos": [111]}, "alon": {"prob": 0.004608294930875576, "count": 1, "pos": [112]}, "read": {"prob": 0.009216589861751152, "count": 2, "pos": [113, 134]}, "book": {"prob": 0.009216589861751152, "count": 2, "pos": [115, 135]}, "villain": {"prob": 0.004608294930875576, "count": 1, "pos": [119]}, "real": {"prob": 0.004608294930875576, "count": 1, "pos": [121]}, "mixer": {"prob": 0.004608294930875576, "count": 1, "pos": [122]}, "convinc": {"prob": 0.004608294930875576, "count": 1, "pos": [123]}, "him": {"prob": 0.004608294930875576, "count": 1, "pos": [124]}, "that": {"prob": 0.004608294930875576, "count": 1, "pos": [125]}, "he": {"prob": 0.013824884792626729, "count": 3, "pos": [126, 142, 196]}, "should": {"prob": 0.004608294930875576, "count": 1, "pos": [127]}, "outsid": {"prob": 0.004608294930875576, "count": 1, "pos": [129]}, "experienc": {"prob": 0.004608294930875576, "count": 1, "pos": [130]}, "life": {"prob": 0.004608294930875576, "count": 1, "pos": [131]}, "instead": {"prob": 0.004608294930875576, "count": 1, "pos": [132]}, "goe": {"prob": 0.009216589861751152, "count": 2, "pos": [138, 211]}, "off": {"prob": 0.004608294930875576, "count": 1, "pos": [139]}, "himself": {"prob": 0.004608294930875576, "count": 1, "pos": [141]}, "drink": {"prob": 0.004608294930875576, "count": 1, "pos": [148]}, "pub": {"prob": 0.004608294930875576, "count": 1, "pos": [151]}, "walk": {"prob": 0.004608294930875576, "count": 1, "pos": [152]}, "alongsid": {"prob": 0.004608294930875576, "count": 1, "pos": [153]}, "canal": {"prob": 0.004608294930875576, "count": 1, "pos": [155]}, "one": {"prob": 0.004608294930875576, "count": 1, "pos": [158]}, "point": {"prob": 0.004608294930875576, "count": 1, "pos": [159]}, "ride": {"prob": 0.004608294930875576, "count": 1, "pos": [160]}, "bicycl": {"prob": 0.004608294930875576, "count": 1, "pos": [162]}, "along": {"prob": 0.009216589861751152, "count": 2, "pos": [163, 204]}, "railway": {"prob": 0.009216589861751152, "count": 2, "pos": [165, 180]}, "station": {"prob": 0.009216589861751152, "count": 2, "pos": [166, 175]}, "platform": {"prob": 0.004608294930875576, "count": 1, "pos": [167]}, "thi": {"prob": 0.004608294930875576, "count": 1, "pos": [168]}, "scene": {"prob": 0.004608294930875576, "count": 1, "pos": [169]}, "wa": {"prob": 0.004608294930875576, "count": 1, "pos": [170]}, "crowcomb": {"prob": 0.004608294930875576,