{"__total__": 548, "__name__": "doc_319_Caddyshack_II.txt", "kate": {"prob": 0.009124087591240875, "count": 5, "pos": [0, 52, 177, 492, 536]}, "hartounian": {"prob": 0.0036496350364963502, "count": 2, "pos": [1, 521]}, "is": {"prob": 0.012773722627737226, "count": 7, "pos": [2, 69, 114, 118, 376, 493, 500]}, "the": {"prob": 0.06386861313868614, "count": 35, "pos": [3, 62, 65, 78, 96, 116, 184, 199, 202, 208, 229, 246, 255, 284, 314, 338, 347, 350, 359, 365, 368, 373, 399, 408, 411, 415, 423, 430, 439, 446, 458, 465, 483, 489, 526]}, "daughter": {"prob": 0.0018248175182481751, "count": 1, "pos": [4]}, "of": {"prob": 0.021897810218978103, "count": 12, "pos": [5, 13, 77, 121, 198, 201, 211, 248, 257, 269, 448, 528]}, "a": {"prob": 0.023722627737226276, "count": 13, "pos": [6, 37, 70, 164, 172, 249, 263, 270, 326, 379, 386, 442, 452]}, "wealthi": {"prob": 0.0018248175182481751, "count": 1, "pos": [7]}, "and": {"prob": 0.032846715328467155, "count": 18, "pos": [8, 15, 44, 53, 81, 125, 176, 188, 217, 236, 302, 337, 341, 349, 407, 468, 486, 542]}, "widow": {"prob": 0.0018248175182481751, "count": 1, "pos": [9]}, "real": {"prob": 0.0018248175182481751, "count": 1, "pos": [10]}, "estat": {"prob": 0.0018248175182481751, "count": 1, "pos": [11]}, "develop": {"prob": 0.0018248175182481751, "count": 1, "pos": [12]}, "armenian": {"prob": 0.0018248175182481751, "count": 1, "pos": [14]}, "jewish": {"prob": 0.0018248175182481751, "count": 1, "pos": [16]}, "descent": {"prob": 0.0018248175182481751, "count": 1, "pos": [17]}, "http": {"prob": 0.0018248175182481751, "count": 1, "pos": [18]}, "www": {"prob": 0.0018248175182481751, "count": 1, "pos": [19]}, "garnersclass": {"prob": 0.0018248175182481751, "count": 1, "pos": [20]}, "com": {"prob": 0.0018248175182481751, "count": 1, "pos": [21]}, "qcaddy2": {"prob": 0.0018248175182481751, "count": 1, "pos": [22]}, "htm": {"prob": 0.0018248175182481751, "count": 1, "pos": [23]}, "eager": {"prob": 0.0018248175182481751, "count": 1, "pos": [24]}, "to": {"prob": 0.040145985401459854, "count": 22, "pos": [25, 47, 112, 140, 143, 160, 195, 205, 220, 232, 273, 288, 293, 304, 394, 403, 413, 421, 428, 503, 510, 522]}, "improv": {"prob": 0.0018248175182481751, "count": 1, "pos": [26]}, "her": {"prob": 0.021897810218978103, "count": 12, "pos": [27, 43, 45, 54, 150, 153, 496, 517, 530, 533, 538, 546]}, "lot": {"prob": 0.0018248175182481751, "count": 1, "pos": [28]}, "in": {"prob": 0.012773722627737226, "count": 7, "pos": [29, 106, 225, 325, 358, 438, 479]}, "life": {"prob": 0.0018248175182481751, "count": 1, "pos": [30]}, "she": {"prob": 0.0072992700729927005, "count": 4, "pos": [31, 499, 508, 515]}, "make": {"prob": 0.0036496350364963502, "count": 2, "pos": [32, 543]}, "friend": {"prob": 0.0018248175182481751, "count": 1, "pos": [33]}, "with": {"prob": 0.014598540145985401, "count": 8, "pos": [34, 129, 163, 361, 378, 441, 464, 545]}, "miffi": {"prob": 0.005474452554744526, "count": 3, "pos": [35, 511, 541]}, "young": {"prob": 0.005474452554744526, "count": 3, "pos": [36, 133, 136]}, "snooti": {"prob": 0.0018248175182481751, "count": 1, "pos": [38]}, "wasp": {"prob": 0.0018248175182481751, "count": 1, "pos": [39]}, "girl": {"prob": 0.0018248175182481751, "count": 1, "pos": [40]}, "who": {"prob": 0.0072992700729927005, "count": 4, "pos": [41, 101, 434, 512]}, "encourag": {"prob": 0.0018248175182481751, "count": 1, "pos": [42]}, "father": {"prob": 0.0072992700729927005, "count": 4, "pos": [46, 55, 497, 547]}, "join": {"prob": 0.0036496350364963502, "count": 2, "pos": [48, 113]}, "their": {"prob": 0.0018248175182481751, "count": 1, "pos": [49]}, "countri": {"prob": 0.0036496350364963502, "count": 2, "pos": [50, 339]}, "club": {"prob": 0.009124087591240875, "count": 5, "pos": [51, 63, 185, 203, 340]}, "jack": {"prob": 0.032846715328467155, "count": 18, "pos": [56, 68, 100, 142, 159, 175, 192, 214, 227, 275, 307, 332, 343, 354, 375, 401, 450, 487]}, "appli": {"prob": 0.0018248175182481751, "count": 1, "pos": [57]}, "for": {"prob": 0.0018248175182481751, "count": 1, "pos": [58]}, "membership": {"prob": 0.0036496350364963502, "count": 2, "pos": [59, 215]}, "at": {"prob": 0.005474452554744526, "count": 3, "pos": [60, 245, 525]}, "bushwood": {"prob": 0.010948905109489052, "count": 6, "pos": [61, 130, 212, 233, 282, 348]}, "from": {"prob": 0.009124087591240875, "count": 5, "pos": [64, 149, 234, 276, 520]}, "first": {"prob": 0.0018248175182481751, "count": 1, "pos": [66]}, "movi": {"prob": 0.0018248175182481751, "count": 1, "pos": [67]}, "self": {"prob": 0.0018248175182481751, "count": 1, "pos": [71]}, "made": {"prob": 0.0018248175182481751, "count": 1, "pos": [72]}, "millionair": {"prob": 0.0018248175182481751, "count": 1, "pos": [73]}, "yet": {"prob": 0.0018248175182481751, "count": 1, "pos": [74]}, "remain": {"prob": 0.0018248175182481751, "count": 1, "pos": [75]}, "salt": {"prob": 0.0018248175182481751, "count": 1, "pos": [76]}, "earth": {"prob": 0.0018248175182481751, "count": 1, "pos": [79]}, "humbl": {"prob": 0.0018248175182481751, "count": 1, "pos": [80]}, "good": {"prob": 0.0018248175182481751, "count": 1, "pos": [82]}, "heart": {"prob": 0.0018248175182481751, "count": 1, "pos": [83]}, "despit": {"prob": 0.0036496350364963502, "count": 2, "pos": [84, 353]}, "hi": {"prob": 0.021897810218978103, "count": 12, "pos": [85, 87, 110, 122, 145, 222, 295, 300, 334, 455, 470, 480]}, "wealth": {"prob": 0.0018248175182481751, "count": 1, "pos": [86]}, "unpolish": {"prob": 0.0018248175182481751, "count": 1, "pos": [88]}, "person": {"prob": 0.0036496350364963502, "count": 2, "pos": [89, 124]}, "foil": {"prob": 0.0018248175182481751, "count": 1, "pos": [90]}, "him": {"prob": 0.009124087591240875, "count": 5, "pos": [91, 258, 395, 475, 504]}, "on": {"prob": 0.0072992700729927005, "count": 4, "pos": [92, 281, 532, 540]}, "mani": {"prob": 0.0018248175182481751, "count": 1, "pos": [93]}, "occa": {"prob": 0.0018248175182481751, "count": 1, "pos": [94]}, "when": {"prob": 0.0036496350364963502, "count": 2, "pos": [95, 507]}, "current": {"prob": 0.0018248175182481751, "count": 1, "pos": [97]}, "member": {"prob": 0.0036496350364963502, "count": 2, "pos": [98, 210]}, "meet": {"prob": 0.0018248175182481751, "count": 1, "pos": [99]}, "build": {"prob": 0.0072992700729927005, "count": 4, "pos": [102, 144, 171, 277]}, "low": {"prob": 0.0018248175182481751, "count": 1, "pos": [103]}, "incom": {"prob": 0.0018248175182481751, "count": 1, "pos": [104]}, "hous": {"prob": 0.009124087591240875, "count": 5, "pos": [105, 146, 223, 308, 351]}, "more": {"prob": 0.0036496350364963502, "count": 2, "pos": [107, 279]}, "upscal": {"prob": 0.0018248175182481751, "count": 1, "pos": [108]}, "neighborhood": {"prob": 0.0036496350364963502, "count": 2, "pos": [109, 151]}, "applic": {"prob": 0.0036496350364963502, "count": 2, "pos": [111, 216]}, "reject": {"prob": 0.005474452554744526, "count": 3, "pos": [115, 117, 213]}, "born": {"prob": 0.0018248175182481751, "count": 1, "pos": [119]}, "out": {"prob": 0.005474452554744526, "count": 3, "pos": [120, 197, 268]}, "boorish": {"prob": 0.0018248175182481751, "count": 1, "pos": [123]}, "an": {"prob": 0.0036496350364963502, "count": 2, "pos": [126, 240]}, "earlier": {"prob": 0.0018248175182481751, "count": 1, "pos": [127]}, "confront": {"prob": 0.0018248175182481751, "count": 1, "pos": [128]}, "presid": {"prob": 0.0018248175182481751, "count": 1, "pos": [131]}, "chandler": {"prob": 0.012773722627737226, "count": 7, "pos": [132, 243, 298, 330, 384, 419, 462]}, "wife": {"prob": 0.0018248175182481751, "count": 1, "pos": [134]}, "cynthia": {"prob": 0.0036496350364963502, "count": 2, "pos": [135, 162]}, "had": {"prob": 0.0018248175182481751, "count": 1, "pos": [137]}, "tri": {"prob": 0.0018248175182481751, "count": 1, "pos": [138]}, "unsuccess": {"prob": 0.0018248175182481751, "count": 1, "pos": [139]}, "persuad": {"prob": 0.0018248175182481751, "count": 1, "pos": [141]}, "complex": {"prob": 0.0018248175182481751, "count": 1, "pos": [147]},