{"__total__": 576, "__name__": "doc_33_A_Knights_Tale.txt", "in": {"prob": 0.034722222222222224, "count": 20, "pos": [0, 31, 71, 106, 128, 139, 172, 233, 240, 265, 342, 353, 390, 397, 405, 424, 443, 492, 537, 557]}, "14th": {"prob": 0.001736111111111111, "count": 1, "pos": [1]}, "centuri": {"prob": 0.001736111111111111, "count": 1, "pos": [2]}, "europ": {"prob": 0.001736111111111111, "count": 1, "pos": [3]}, "squir": {"prob": 0.003472222222222222, "count": 2, "pos": [4, 371]}, "william": {"prob": 0.04513888888888889, "count": 26, "pos": [5, 29, 56, 87, 110, 132, 144, 190, 222, 247, 254, 271, 297, 312, 365, 407, 437, 440, 472, 483, 484, 504, 514, 535, 539, 574]}, "thatcher": {"prob": 0.001736111111111111, "count": 1, "pos": [6]}, "roland": {"prob": 0.003472222222222222, "count": 2, "pos": [7, 43]}, "and": {"prob": 0.03993055555555555, "count": 23, "pos": [8, 38, 44, 54, 117, 126, 136, 161, 227, 236, 256, 270, 337, 375, 392, 412, 421, 479, 506, 528, 534, 548, 573]}, "wat": {"prob": 0.003472222222222222, "count": 2, "pos": [9, 45]}, "discov": {"prob": 0.005208333333333333, "count": 3, "pos": [10, 285, 428]}, "their": {"prob": 0.005208333333333333, "count": 3, "pos": [11, 49, 129]}, "master": {"prob": 0.001736111111111111, "count": 1, "pos": [12]}, "sir": {"prob": 0.010416666666666666, "count": 6, "pos": [13, 98, 178, 278, 373, 482]}, "ector": {"prob": 0.005208333333333333, "count": 3, "pos": [14, 32, 374]}, "ha": {"prob": 0.006944444444444444, "count": 4, "pos": [15, 122, 223, 387]}, "die": {"prob": 0.001736111111111111, "count": 1, "pos": [16]}, "with": {"prob": 0.008680555555555556, "count": 5, "pos": [17, 226, 399, 499, 532]}, "one": {"prob": 0.001736111111111111, "count": 1, "pos": [18]}, "final": {"prob": 0.006944444444444444, "count": 4, "pos": [19, 242, 494, 512]}, "pass": {"prob": 0.005208333333333333, "count": 3, "pos": [20, 196, 513]}, "to": {"prob": 0.04861111111111111, "count": 28, "pos": [21, 23, 34, 47, 59, 62, 67, 80, 85, 88, 154, 164, 208, 275, 314, 321, 331, 349, 359, 370, 377, 382, 415, 436, 486, 489, 522, 551]}, "complet": {"prob": 0.003472222222222222, "count": 2, "pos": [22, 209]}, "win": {"prob": 0.012152777777777778, "count": 7, "pos": [24, 35, 53, 165, 325, 350, 554]}, "a": {"prob": 0.024305555555555556, "count": 14, "pos": [25, 91, 123, 151, 177, 194, 210, 218, 230, 333, 343, 379, 476, 545]}, "joust": {"prob": 0.008680555555555556, "count": 5, "pos": [26, 63, 174, 235, 243]}, "tournament": {"prob": 0.020833333333333332, "count": 12, "pos": [27, 37, 70, 171, 185, 246, 268, 334, 352, 411, 488, 556]}, "destitut": {"prob": 0.001736111111111111, "count": 1, "pos": [28]}, "ride": {"prob": 0.001736111111111111, "count": 1, "pos": [30]}, "place": {"prob": 0.003472222222222222, "count": 2, "pos": [33, 442]}, "the": {"prob": 0.0642361111111111, "count": 37, "pos": [36, 40, 52, 65, 73, 94, 115, 119, 140, 166, 170, 173, 184, 202, 212, 234, 241, 245, 266, 293, 306, 322, 351, 356, 362, 410, 433, 444, 450, 458, 467, 487, 493, 511, 552, 555, 558]}, "secur": {"prob": 0.001736111111111111, "count": 1, "pos": [39]}, "prize": {"prob": 0.001736111111111111, "count": 1, "pos": [41]}, "though": {"prob": 0.005208333333333333, "count": 3, "pos": [42, 191, 296]}, "wish": {"prob": 0.001736111111111111, "count": 1, "pos": [46]}, "take": {"prob": 0.001736111111111111, "count": 1, "pos": [48]}, "share": {"prob": 0.001736111111111111, "count": 1, "pos": [50]}, "of": {"prob": 0.015625, "count": 9, "pos": [51, 83, 97, 142, 204, 244, 291, 300, 525]}, "leav": {"prob": 0.003472222222222222, "count": 2, "pos": [55, 367]}, "convinc": {"prob": 0.001736111111111111, "count": 1, "pos": [57]}, "them": {"prob": 0.001736111111111111, "count": 1, "pos": [58]}, "train": {"prob": 0.001736111111111111, "count": 1, "pos": [60]}, "him": {"prob": 0.008680555555555556, "count": 5, "pos": [61, 134, 262, 481, 509]}, "along": {"prob": 0.001736111111111111, "count": 1, "pos": [64]}, "way": {"prob": 0.001736111111111111, "count": 1, "pos": [66]}, "hi": {"prob": 0.017361111111111112, "count": 10, "pos": [68, 107, 156, 286, 368, 384, 417, 454, 526, 541]}, "first": {"prob": 0.003472222222222222, "count": 2, "pos": [69, 329]}, "rouen": {"prob": 0.001736111111111111, "count": 1, "pos": [72]}, "trio": {"prob": 0.001736111111111111, "count": 1, "pos": [74]}, "encount": {"prob": 0.001736111111111111, "count": 1, "pos": [75]}, "geoffrey": {"prob": 0.001736111111111111, "count": 1, "pos": [76]}, "chaucer": {"prob": 0.005208333333333333, "count": 3, "pos": [77, 121, 561]}, "who": {"prob": 0.005208333333333333, "count": 3, "pos": [78, 181, 431]}, "agr": {"prob": 0.003472222222222222, "count": 2, "pos": [79, 330]}, "forg": {"prob": 0.003472222222222222, "count": 2, "pos": [81, 257]}, "patent": {"prob": 0.001736111111111111, "count": 1, "pos": [82]}, "nobil": {"prob": 0.001736111111111111, "count": 1, "pos": [84]}, "allow": {"prob": 0.003472222222222222, "count": 2, "pos": [86, 261]}, "compet": {"prob": 0.003472222222222222, "count": 2, "pos": [89, 105]}, "as": {"prob": 0.008680555555555556, "count": 5, "pos": [90, 317, 435, 457, 571]}, "knight": {"prob": 0.005208333333333333, "count": 3, "pos": [92, 380, 480]}, "under": {"prob": 0.001736111111111111, "count": 1, "pos": [93]}, "assum": {"prob": 0.001736111111111111, "count": 1, "pos": [95]}, "name": {"prob": 0.005208333333333333, "count": 3, "pos": [96, 355, 543]}, "ulrich": {"prob": 0.001736111111111111, "count": 1, "pos": [99]}, "von": {"prob": 0.001736111111111111, "count": 1, "pos": [100]}, "liechtenstein": {"prob": 0.001736111111111111, "count": 1, "pos": [101]}, "from": {"prob": 0.008680555555555556, "count": 5, "pos": [102, 183, 449, 466, 475]}, "gelderland": {"prob": 0.001736111111111111, "count": 1, "pos": [103]}, "after": {"prob": 0.005208333333333333, "count": 3, "pos": [104, 186, 339]}, "open": {"prob": 0.001736111111111111, "count": 1, "pos": [108]}, "event": {"prob": 0.003472222222222222, "count": 2, "pos": [109, 168]}, "is": {"prob": 0.020833333333333332, "count": 12, "pos": [111, 127, 146, 248, 289, 319, 396, 427, 441, 447, 473, 515]}, "brought": {"prob": 0.001736111111111111, "count": 1, "pos": [112]}, "befor": {"prob": 0.001736111111111111, "count": 1, "pos": [113]}, "simon": {"prob": 0.001736111111111111, "count": 1, "pos": [114]}, "summon": {"prob": 0.001736111111111111, "count": 1, "pos": [116]}, "peter": {"prob": 0.001736111111111111, "count": 1, "pos": [118]}, "pardon": {"prob": 0.001736111111111111, "count": 1, "pos": [120]}, "gambl": {"prob": 0.001736111111111111, "count": 1, "pos": [124]}, "problem": {"prob": 0.001736111111111111, "count": 1, "pos": [125]}, "debt": {"prob": 0.001736111111111111, "count": 1, "pos": [130]}, "but": {"prob": 0.010416666666666666, "count": 6, "pos": [131, 281, 346, 426, 446, 496]}, "order": {"prob": 0.001736111111111111, "count": 1, "pos": [133]}, "relea": {"prob": 0.001736111111111111, "count": 1, "pos": [135]}, "promi": {"prob": 0.001736111111111111, "count": 1, "pos": [137]}, "payment": {"prob": 0.003472222222222222, "count": 2, "pos": [138, 160]}, "cour": {"prob": 0.001736111111111111, "count": 1, "pos": [141]}, "competit": {"prob": 0.001736111111111111, "count": 1, "pos": [143]}, "armour": {"prob": 0.006944444444444444, "count": 4, "pos": [145, 157, 260, 527]}, "damag": {"prob": 0.001736111111111111, "count": 1, "pos": [147]}, "he": {"prob": 0.015625, "count": 9, "pos": [148, 175, 303, 324, 395, 413, 469, 520, 564]}, "goad": {"prob": 0.001736111111111111, "count": 1, "pos": [149]}, "kate": {"prob": 0.003472222222222222, "count": 2, "pos": [150, 252]}, "femal": {"prob": 0.001736111111111111, "count": 1, "pos": [152]}, "blacksmith": {"prob": 0.001736111111111111, "count": 1, "pos": [153]}, "repair": {"prob": 0.001736111111111111, "count": 1, "pos": [155]}, "without": {"prob": 0.001736111111111111, "count": 1, "pos": [158]}, "advanc": {"prob": 0.001736111111111111, "count": 1, "pos": [159]}, "goe": {"prob": 0.001736111111111111, "count": 1, "pos": [162]},