{"__total__": 522, "__name__": "doc_330_Capricorn_One.txt", "at": {"prob": 0.011494252873563218, "count": 6, "pos": [0, 143, 234, 260, 499, 519]}, "an": {"prob": 0.0038314176245210726, "count": 2, "pos": [1, 119]}, "unspecifi": {"prob": 0.0019157088122605363, "count": 1, "pos": [2]}, "time": {"prob": 0.0019157088122605363, "count": 1, "pos": [3]}, "kelloway": {"prob": 0.005747126436781609, "count": 3, "pos": [4, 42, 185]}, "state": {"prob": 0.0038314176245210726, "count": 2, "pos": [5, 122]}, "that": {"prob": 0.019157088122605363, "count": 10, "pos": [6, 46, 138, 165, 256, 287, 317, 364, 376, 391]}, "he": {"prob": 0.007662835249042145, "count": 4, "pos": [7, 304, 461, 477]}, "ha": {"prob": 0.005747126436781609, "count": 3, "pos": [8, 324, 366]}, "known": {"prob": 0.0038314176245210726, "count": 2, "pos": [9, 275]}, "brubak": {"prob": 0.009578544061302681, "count": 5, "pos": [10, 99, 445, 479, 497]}, "for": {"prob": 0.005747126436781609, "count": 3, "pos": [11, 173, 396]}, "16": {"prob": 0.0019157088122605363, "count": 1, "pos": [12]}, "year": {"prob": 0.0019157088122605363, "count": 1, "pos": [13]}, "with": {"prob": 0.011494252873563218, "count": 6, "pos": [14, 193, 310, 370, 469, 494]}, "apollo": {"prob": 0.0019157088122605363, "count": 1, "pos": [15]}, "11": {"prob": 0.0019157088122605363, "count": 1, "pos": [16]}, "occur": {"prob": 0.0019157088122605363, "count": 1, "pos": [17]}, "dure": {"prob": 0.011494252873563218, "count": 6, "pos": [18, 62, 157, 221, 356, 402]}, "the": {"prob": 0.0842911877394636, "count": 44, "pos": [19, 24, 33, 60, 63, 66, 81, 86, 91, 128, 134, 139, 144, 146, 154, 158, 174, 194, 213, 216, 222, 235, 254, 272, 291, 296, 330, 344, 359, 371, 388, 392, 403, 428, 447, 458, 463, 467, 470, 481, 484, 491, 500, 505]}, "period": {"prob": 0.0019157088122605363, "count": 1, "pos": [20]}, "capricorn": {"prob": 0.0038314176245210726, "count": 2, "pos": [21, 114]}, "one": {"prob": 0.005747126436781609, "count": 3, "pos": [22, 115, 449]}, "mdash": {"prob": 0.0038314176245210726, "count": 2, "pos": [23, 30]}, "first": {"prob": 0.0019157088122605363, "count": 1, "pos": [25]}, "man": {"prob": 0.0038314176245210726, "count": 2, "pos": [26, 67]}, "mission": {"prob": 0.005747126436781609, "count": 3, "pos": [27, 87, 331]}, "to": {"prob": 0.032567049808429116, "count": 17, "pos": [28, 73, 79, 118, 160, 171, 190, 246, 264, 276, 342, 351, 422, 432, 434, 450, 457]}, "mar": {"prob": 0.005747126436781609, "count": 3, "pos": [29, 163, 229]}, "is": {"prob": 0.013409961685823755, "count": 7, "pos": [31, 136, 141, 167, 274, 399, 446]}, "on": {"prob": 0.01532567049808429, "count": 8, "pos": [32, 131, 209, 228, 277, 335, 393, 448]}, "launch": {"prob": 0.005747126436781609, "count": 3, "pos": [34, 90, 129]}, "pad": {"prob": 0.0019157088122605363, "count": 1, "pos": [35]}, "such": {"prob": 0.0019157088122605363, "count": 1, "pos": [36]}, "nasa": {"prob": 0.0038314176245210726, "count": 2, "pos": [37, 56]}, "author": {"prob": 0.0019157088122605363, "count": 1, "pos": [38]}, "as": {"prob": 0.0038314176245210726, "count": 2, "pos": [39, 65]}, "dr": {"prob": 0.0019157088122605363, "count": 1, "pos": [40]}, "jame": {"prob": 0.0019157088122605363, "count": 1, "pos": [41]}, "realiz": {"prob": 0.0038314176245210726, "count": 2, "pos": [43, 363]}, "too": {"prob": 0.0019157088122605363, "count": 1, "pos": [44]}, "late": {"prob": 0.0019157088122605363, "count": 1, "pos": [45]}, "a": {"prob": 0.022988505747126436, "count": 12, "pos": [47, 54, 71, 205, 210, 231, 241, 250, 278, 352, 410, 440]}, "faulti": {"prob": 0.0038314176245210726, "count": 2, "pos": [48, 353]}, "life": {"prob": 0.0038314176245210726, "count": 2, "pos": [49, 323]}, "support": {"prob": 0.0019157088122605363, "count": 1, "pos": [50]}, "system": {"prob": 0.0019157088122605363, "count": 1, "pos": [51]}, "suppli": {"prob": 0.0019157088122605363, "count": 1, "pos": [52]}, "by": {"prob": 0.0038314176245210726, "count": 2, "pos": [53, 439]}, "corrupt": {"prob": 0.0019157088122605363, "count": 1, "pos": [55]}, "contractor": {"prob": 0.0019157088122605363, "count": 1, "pos": [57]}, "will": {"prob": 0.005747126436781609, "count": 3, "pos": [58, 151, 207]}, "kill": {"prob": 0.005747126436781609, "count": 3, "pos": [59, 400, 489]}, "astronaut": {"prob": 0.009578544061302681, "count": 5, "pos": [61, 147, 217, 361, 501]}, "flight": {"prob": 0.005747126436781609, "count": 3, "pos": [64, 159, 223]}, "space": {"prob": 0.0038314176245210726, "count": 2, "pos": [68, 271]}, "program": {"prob": 0.0019157088122605363, "count": 1, "pos": [69]}, "need": {"prob": 0.0019157088122605363, "count": 1, "pos": [70]}, "success": {"prob": 0.0019157088122605363, "count": 1, "pos": [72]}, "continu": {"prob": 0.0019157088122605363, "count": 1, "pos": [74]}, "they": {"prob": 0.013409961685823755, "count": 7, "pos": [75, 150, 182, 200, 237, 407, 430]}, "find": {"prob": 0.0038314176245210726, "count": 2, "pos": [76, 462]}, "themselv": {"prob": 0.0019157088122605363, "count": 1, "pos": [77]}, "forc": {"prob": 0.007662835249042145, "count": 4, "pos": [78, 96, 101, 421]}, "falsifi": {"prob": 0.0019157088122605363, "count": 1, "pos": [80]}, "land": {"prob": 0.005747126436781609, "count": 3, "pos": [82, 227, 424]}, "rather": {"prob": 0.0019157088122605363, "count": 1, "pos": [83]}, "than": {"prob": 0.0019157088122605363, "count": 1, "pos": [84]}, "cancel": {"prob": 0.0019157088122605363, "count": 1, "pos": [85]}, "minut": {"prob": 0.0038314176245210726, "count": 2, "pos": [88, 263]}, "befor": {"prob": 0.007662835249042145, "count": 4, "pos": [89, 295, 303, 480]}, "bewild": {"prob": 0.0019157088122605363, "count": 1, "pos": [92]}, "crew": {"prob": 0.0038314176245210726, "count": 2, "pos": [93, 292]}, "of": {"prob": 0.01532567049808429, "count": 8, "pos": [94, 176, 320, 415, 442, 472, 509, 514]}, "air": {"prob": 0.005747126436781609, "count": 3, "pos": [95, 100, 124]}, "colonel": {"prob": 0.0038314176245210726, "count": 2, "pos": [97, 103]}, "charl": {"prob": 0.0019157088122605363, "count": 1, "pos": [98]}, "lieuten": {"prob": 0.0019157088122605363, "count": 1, "pos": [102]}, "peter": {"prob": 0.0019157088122605363, "count": 1, "pos": [104]}, "willi": {"prob": 0.0019157088122605363, "count": 1, "pos": [105]}, "and": {"prob": 0.02490421455938697, "count": 13, "pos": [106, 116, 161, 164, 179, 224, 327, 337, 375, 425, 466, 496, 512]}, "navi": {"prob": 0.0019157088122605363, "count": 1, "pos": [107]}, "command": {"prob": 0.0019157088122605363, "count": 1, "pos": [108]}, "john": {"prob": 0.0019157088122605363, "count": 1, "pos": [109]}, "walker": {"prob": 0.0019157088122605363, "count": 1, "pos": [110]}, "are": {"prob": 0.007662835249042145, "count": 4, "pos": [111, 148, 225, 517]}, "remov": {"prob": 0.0019157088122605363, "count": 1, "pos": [112]}, "from": {"prob": 0.005747126436781609, "count": 3, "pos": [113, 162, 267]}, "flown": {"prob": 0.0019157088122605363, "count": 1, "pos": [117]}, "abandon": {"prob": 0.0019157088122605363, "count": 1, "pos": [120]}, "unit": {"prob": 0.0019157088122605363, "count": 1, "pos": [121]}, "armi": {"prob": 0.0019157088122605363, "count": 1, "pos": [123]}, "corp": {"prob": 0.0019157088122605363, "count": 1, "pos": [125]}, "desert": {"prob": 0.005747126436781609, "count": 3, "pos": [126, 429, 459]}, "base": {"prob": 0.007662835249042145, "count": 4, "pos": [127, 145, 236, 465]}, "proce": {"prob": 0.0019157088122605363, "count": 1, "pos": [130]}, "schedul": {"prob": 0.0019157088122605363, "count": 1, "pos": [132]}, "but": {"prob": 0.0038314176245210726, "count": 2, "pos": [133, 184]}, "public": {"prob": 0.0019157088122605363, "count": 1, "pos": [135]}, "unawar": {"prob": 0.0019157088122605363, "count": 1, "pos": [137]}, "spacecraft": {"prob": 0.005747126436781609, "count": 3, "pos": [140, 297, 346]}, "empti": {"prob": 0.0038314176245210726, "count": 2, "pos": [142, 345]}, "inform": {"prob": 0.0019157088122605363, "count": 1, "pos": [149]}, "help": {"prob": 0.0038314176245210726, "count": 2, "pos": [152, 471]},