{"__total__": 508, "__name__": "doc_334_Carry_On_at_Your_Convenience.txt", "in": {"prob": 0.011811023622047244, "count": 6, "pos": [0, 28, 92, 148, 161, 439]}, "lavatori": {"prob": 0.003937007874015748, "count": 2, "pos": [1, 84]}, "factori": {"prob": 0.007874015748031496, "count": 4, "pos": [2, 66, 173, 227]}, "w": {"prob": 0.013779527559055118, "count": 7, "pos": [3, 10, 99, 109, 142, 323, 384]}, "c": {"prob": 0.013779527559055118, "count": 7, "pos": [4, 11, 100, 110, 143, 324, 385]}, "bogg": {"prob": 0.00984251968503937, "count": 5, "pos": [5, 12, 121, 184, 408]}, "son": {"prob": 0.003937007874015748, "count": 2, "pos": [6, 119]}, "the": {"prob": 0.05511811023622047, "count": 28, "pos": [7, 29, 32, 65, 69, 77, 81, 103, 129, 138, 151, 234, 298, 326, 340, 352, 390, 396, 422, 430, 455, 468, 472, 475, 485, 492, 501, 506]}, "traditionalist": {"prob": 0.001968503937007874, "count": 1, "pos": [8]}, "owner": {"prob": 0.001968503937007874, "count": 1, "pos": [9]}, "is": {"prob": 0.025590551181102362, "count": 13, "pos": [13, 64, 132, 147, 178, 186, 198, 223, 271, 301, 335, 348, 364]}, "have": {"prob": 0.003937007874015748, "count": 2, "pos": [14, 454]}, "no": {"prob": 0.001968503937007874, "count": 1, "pos": [15]}, "end": {"prob": 0.001968503937007874, "count": 1, "pos": [16]}, "of": {"prob": 0.015748031496062992, "count": 8, "pos": [17, 34, 96, 105, 188, 292, 443, 487]}, "troubl": {"prob": 0.003937007874015748, "count": 2, "pos": [18, 27]}, "bolshi": {"prob": 0.001968503937007874, "count": 1, "pos": [19]}, "union": {"prob": 0.003937007874015748, "count": 2, "pos": [20, 164]}, "repr": {"prob": 0.001968503937007874, "count": 1, "pos": [21]}, "vic": {"prob": 0.00984251968503937, "count": 5, "pos": [22, 153, 181, 414, 478]}, "spanner": {"prob": 0.003937007874015748, "count": 2, "pos": [23, 415]}, "continu": {"prob": 0.001968503937007874, "count": 1, "pos": [24]}, "stir": {"prob": 0.001968503937007874, "count": 1, "pos": [25]}, "up": {"prob": 0.001968503937007874, "count": 1, "pos": [26]}, "work": {"prob": 0.005905511811023622, "count": 3, "pos": [30, 345, 354]}, "to": {"prob": 0.03346456692913386, "count": 17, "pos": [31, 56, 102, 145, 150, 169, 215, 263, 322, 344, 350, 359, 378, 410, 453, 499, 504]}, "irrit": {"prob": 0.001968503937007874, "count": 1, "pos": [33]}, "hi": {"prob": 0.023622047244094488, "count": 12, "pos": [35, 93, 114, 118, 163, 167, 269, 338, 400, 417, 480, 488]}, "co": {"prob": 0.001968503937007874, "count": 1, "pos": [36]}, "worker": {"prob": 0.011811023622047244, "count": 6, "pos": [37, 72, 175, 228, 373, 493]}, "and": {"prob": 0.04133858267716536, "count": 21, "pos": [38, 73, 166, 182, 225, 237, 248, 253, 259, 278, 283, 309, 374, 388, 393, 421, 432, 449, 466, 491, 494]}, "manag": {"prob": 0.00984251968503937, "count": 5, "pos": [39, 74, 375, 409, 495]}, "he": {"prob": 0.007874015748031496, "count": 4, "pos": [40, 52, 193, 295]}, "call": {"prob": 0.001968503937007874, "count": 1, "pos": [41]}, "a": {"prob": 0.031496062992125984, "count": 16, "pos": [42, 58, 90, 123, 133, 189, 200, 256, 272, 276, 316, 329, 356, 361, 419, 441]}, "strike": {"prob": 0.003937007874015748, "count": 2, "pos": [43, 236]}, "for": {"prob": 0.007874015748031496, "count": 4, "pos": [44, 128, 266, 440]}, "almost": {"prob": 0.001968503937007874, "count": 1, "pos": [45]}, "ani": {"prob": 0.001968503937007874, "count": 1, "pos": [46]}, "minor": {"prob": 0.001968503937007874, "count": 1, "pos": [47]}, "incid": {"prob": 0.001968503937007874, "count": 1, "pos": [48]}, "\u00e2": {"prob": 0.017716535433070866, "count": 9, "pos": [49, 294, 314, 318, 332, 392, 398, 482, 490]}, "or": {"prob": 0.001968503937007874, "count": 1, "pos": [50]}, "becaus": {"prob": 0.001968503937007874, "count": 1, "pos": [51]}, "want": {"prob": 0.001968503937007874, "count": 1, "pos": [53]}, "time": {"prob": 0.003937007874015748, "count": 2, "pos": [54, 363]}, "off": {"prob": 0.001968503937007874, "count": 1, "pos": [55]}, "attend": {"prob": 0.003937007874015748, "count": 2, "pos": [57, 351]}, "local": {"prob": 0.001968503937007874, "count": 1, "pos": [59]}, "footbal": {"prob": 0.001968503937007874, "count": 1, "pos": [60]}, "match": {"prob": 0.001968503937007874, "count": 1, "pos": [61]}, "sid": {"prob": 0.01968503937007874, "count": 10, "pos": [62, 171, 196, 254, 267, 282, 304, 334, 438, 462]}, "plummer": {"prob": 0.001968503937007874, "count": 1, "pos": [63]}, "foreman": {"prob": 0.001968503937007874, "count": 1, "pos": [67]}, "bridg": {"prob": 0.003937007874015748, "count": 2, "pos": [68, 330]}, "gap": {"prob": 0.001968503937007874, "count": 1, "pos": [70]}, "between": {"prob": 0.005905511811023622, "count": 3, "pos": [71, 180, 372]}, "shrewd": {"prob": 0.001968503937007874, "count": 1, "pos": [75]}, "keep": {"prob": 0.001968503937007874, "count": 1, "pos": [76]}, "place": {"prob": 0.001968503937007874, "count": 1, "pos": [78]}, "go": {"prob": 0.001968503937007874, "count": 1, "pos": [79]}, "amid": {"prob": 0.001968503937007874, "count": 1, "pos": [80]}, "unrest": {"prob": 0.001968503937007874, "count": 1, "pos": [82]}, "prissi": {"prob": 0.001968503937007874, "count": 1, "pos": [83]}, "design": {"prob": 0.003937007874015748, "count": 2, "pos": [85, 97]}, "charl": {"prob": 0.001968503937007874, "count": 1, "pos": [86]}, "coot": {"prob": 0.001968503937007874, "count": 1, "pos": [87]}, "ha": {"prob": 0.003937007874015748, "count": 2, "pos": [88, 144]}, "includ": {"prob": 0.003937007874015748, "count": 2, "pos": [89, 315]}, "bidet": {"prob": 0.003937007874015748, "count": 2, "pos": [91, 130]}, "latest": {"prob": 0.001968503937007874, "count": 1, "pos": [94]}, "rang": {"prob": 0.001968503937007874, "count": 1, "pos": [95]}, "but": {"prob": 0.007874015748031496, "count": 4, "pos": [98, 191, 206, 346]}, "object": {"prob": 0.001968503937007874, "count": 1, "pos": [101]}, "manufactur": {"prob": 0.001968503937007874, "count": 1, "pos": [104]}, "such": {"prob": 0.001968503937007874, "count": 1, "pos": [106]}, "distast": {"prob": 0.001968503937007874, "count": 1, "pos": [107]}, "item": {"prob": 0.001968503937007874, "count": 1, "pos": [108]}, "won": {"prob": 0.001968503937007874, "count": 1, "pos": [111]}, "t": {"prob": 0.001968503937007874, "count": 1, "pos": [112]}, "chang": {"prob": 0.001968503937007874, "count": 1, "pos": [113]}, "stanc": {"prob": 0.001968503937007874, "count": 1, "pos": [115]}, "even": {"prob": 0.001968503937007874, "count": 1, "pos": [116]}, "after": {"prob": 0.005905511811023622, "count": 3, "pos": [117, 425, 429]}, "lewi": {"prob": 0.001968503937007874, "count": 1, "pos": [120]}, "secur": {"prob": 0.001968503937007874, "count": 1, "pos": [122]}, "larg": {"prob": 0.005905511811023622, "count": 3, "pos": [124, 312, 377]}, "order": {"prob": 0.003937007874015748, "count": 2, "pos": [125, 503]}, "from": {"prob": 0.003937007874015748, "count": 2, "pos": [126, 413]}, "abroad": {"prob": 0.001968503937007874, "count": 1, "pos": [127]}, "it": {"prob": 0.005905511811023622, "count": 3, "pos": [131, 347, 394]}, "deal": {"prob": 0.001968503937007874, "count": 1, "pos": [134]}, "that": {"prob": 0.007874015748031496, "count": 4, "pos": [135, 286, 379, 458]}, "could": {"prob": 0.001968503937007874, "count": 1, "pos": [136]}, "save": {"prob": 0.003937007874015748, "count": 2, "pos": [137, 505]}, "struggl": {"prob": 0.001968503937007874, "count": 1, "pos": [139]}, "firm": {"prob": 0.003937007874015748, "count": 2, "pos": [140, 507]}, "which": {"prob": 0.003937007874015748, "count": 2, "pos": [141, 213]}, "admit": {"prob": 0.001968503937007874, "count": 1, "pos": [146]}, "debt": {"prob": 0.001968503937007874, "count": 1, "pos": [149]}, "bank": {"prob": 0.003937007874015748, "count": 2, "pos": [152, 327]}, "dim": {"prob": 0.001968503937007874, "count": 1, "pos": [154]}, "stoog": {"prob": 0.001968503937007874, "count": 1, "pos": [155]}, "berni": {"prob": 0.001968503937007874, "count": 1, "pos": [156]}, "hulk": {"prob": 0.001968503937007874, "count": 1, "pos": [157]},