{"__total__": 276, "__name__": "doc_341_Cat_Ballou.txt", "catherin": {"prob": 0.010869565217391304, "count": 3, "pos": [0, 89, 161]}, "ballou": {"prob": 0.010869565217391304, "count": 3, "pos": [1, 19, 170]}, "an": {"prob": 0.007246376811594203, "count": 2, "pos": [2, 74]}, "aspir": {"prob": 0.0036231884057971015, "count": 1, "pos": [3]}, "schoolteach": {"prob": 0.0036231884057971015, "count": 1, "pos": [4]}, "is": {"prob": 0.028985507246376812, "count": 8, "pos": [5, 60, 73, 115, 124, 234, 238, 250]}, "travel": {"prob": 0.0036231884057971015, "count": 1, "pos": [6]}, "by": {"prob": 0.007246376811594203, "count": 2, "pos": [7, 188]}, "train": {"prob": 0.007246376811594203, "count": 2, "pos": [8, 179]}, "to": {"prob": 0.036231884057971016, "count": 10, "pos": [9, 13, 52, 62, 87, 97, 127, 156, 159, 240]}, "wolf": {"prob": 0.014492753623188406, "count": 4, "pos": [10, 56, 182, 225]}, "citi": {"prob": 0.014492753623188406, "count": 4, "pos": [11, 57, 183, 226]}, "wyom": {"prob": 0.0036231884057971015, "count": 1, "pos": [12]}, "visit": {"prob": 0.0036231884057971015, "count": 1, "pos": [14]}, "her": {"prob": 0.025362318840579712, "count": 7, "pos": [15, 68, 102, 173, 253, 266, 270]}, "rancher": {"prob": 0.0036231884057971015, "count": 1, "pos": [16]}, "father": {"prob": 0.010869565217391304, "count": 3, "pos": [17, 69, 103]}, "franki": {"prob": 0.010869565217391304, "count": 3, "pos": [18, 117, 150]}, "en": {"prob": 0.0036231884057971015, "count": 1, "pos": [20]}, "rout": {"prob": 0.0036231884057971015, "count": 1, "pos": [21]}, "she": {"prob": 0.018115942028985508, "count": 5, "pos": [22, 48, 90, 171, 261]}, "unwitting": {"prob": 0.0036231884057971015, "count": 1, "pos": [23]}, "help": {"prob": 0.010869565217391304, "count": 3, "pos": [24, 88, 100]}, "accus": {"prob": 0.0036231884057971015, "count": 1, "pos": [25]}, "cattl": {"prob": 0.0036231884057971015, "count": 1, "pos": [26]}, "rustler": {"prob": 0.0036231884057971015, "count": 1, "pos": [27]}, "clay": {"prob": 0.007246376811594203, "count": 2, "pos": [28, 80]}, "boon": {"prob": 0.007246376811594203, "count": 2, "pos": [29, 36]}, "elud": {"prob": 0.0036231884057971015, "count": 1, "pos": [30]}, "hi": {"prob": 0.014492753623188406, "count": 4, "pos": [31, 146, 189, 205]}, "captor": {"prob": 0.0036231884057971015, "count": 1, "pos": [32]}, "the": {"prob": 0.050724637681159424, "count": 14, "pos": [33, 46, 50, 55, 64, 111, 129, 153, 181, 224, 244, 248, 258, 264]}, "sheriff": {"prob": 0.0036231884057971015, "count": 1, "pos": [34]}, "when": {"prob": 0.014492753623188406, "count": 4, "pos": [35, 135, 143, 152]}, "uncl": {"prob": 0.007246376811594203, "count": 2, "pos": [37, 255]}, "jed": {"prob": 0.010869565217391304, "count": 3, "pos": [38, 82, 256]}, "a": {"prob": 0.03260869565217391, "count": 9, "pos": [39, 43, 120, 133, 163, 178, 210, 229, 273]}, "drunkard": {"prob": 0.0036231884057971015, "count": 1, "pos": [40]}, "disgui": {"prob": 0.0036231884057971015, "count": 1, "pos": [41]}, "as": {"prob": 0.014492753623188406, "count": 4, "pos": [42, 168, 209, 260]}, "preacher": {"prob": 0.0036231884057971015, "count": 1, "pos": [44]}, "distract": {"prob": 0.0036231884057971015, "count": 1, "pos": [45]}, "lawman": {"prob": 0.0036231884057971015, "count": 1, "pos": [47]}, "reach": {"prob": 0.0036231884057971015, "count": 1, "pos": [49]}, "ranch": {"prob": 0.007246376811594203, "count": 2, "pos": [51, 65]}, "find": {"prob": 0.0036231884057971015, "count": 1, "pos": [53]}, "that": {"prob": 0.007246376811594203, "count": 2, "pos": [54, 202]}, "develop": {"prob": 0.007246376811594203, "count": 2, "pos": [58, 227]}, "corpor": {"prob": 0.007246376811594203, "count": 2, "pos": [59, 228]}, "tri": {"prob": 0.0036231884057971015, "count": 1, "pos": [61]}, "take": {"prob": 0.0036231884057971015, "count": 1, "pos": [63]}, "away": {"prob": 0.007246376811594203, "count": 2, "pos": [66, 271]}, "from": {"prob": 0.007246376811594203, "count": 2, "pos": [67, 104]}, "whose": {"prob": 0.007246376811594203, "count": 2, "pos": [70, 139]}, "on": {"prob": 0.007246376811594203, "count": 2, "pos": [71, 243]}, "defend": {"prob": 0.0036231884057971015, "count": 1, "pos": [72]}, "educ": {"prob": 0.0036231884057971015, "count": 1, "pos": [75]}, "indian": {"prob": 0.0036231884057971015, "count": 1, "pos": [76]}, "jackson": {"prob": 0.0036231884057971015, "count": 1, "pos": [77]}, "two": {"prob": 0.0036231884057971015, "count": 1, "pos": [78]}, "bear": {"prob": 0.0036231884057971015, "count": 1, "pos": [79]}, "and": {"prob": 0.036231884057971016, "count": 10, "pos": [81, 84, 99, 138, 151, 172, 185, 195, 215, 236]}, "appear": {"prob": 0.0036231884057971015, "count": 1, "pos": [83]}, "reluct": {"prob": 0.0036231884057971015, "count": 1, "pos": [85]}, "offer": {"prob": 0.0036231884057971015, "count": 1, "pos": [86]}, "also": {"prob": 0.0036231884057971015, "count": 1, "pos": [91]}, "hire": {"prob": 0.007246376811594203, "count": 2, "pos": [92, 112]}, "legendari": {"prob": 0.0036231884057971015, "count": 1, "pos": [93]}, "gunfight": {"prob": 0.0036231884057971015, "count": 1, "pos": [94]}, "kid": {"prob": 0.0036231884057971015, "count": 1, "pos": [95]}, "shelleen": {"prob": 0.010869565217391304, "count": 3, "pos": [96, 118, 186]}, "come": {"prob": 0.0036231884057971015, "count": 1, "pos": [98]}, "protect": {"prob": 0.0036231884057971015, "count": 1, "pos": [101]}, "fast": {"prob": 0.0036231884057971015, "count": 1, "pos": [105]}, "draw": {"prob": 0.007246376811594203, "count": 2, "pos": [106, 145]}, "tim": {"prob": 0.0036231884057971015, "count": 1, "pos": [107]}, "strawn": {"prob": 0.014492753623188406, "count": 4, "pos": [108, 148, 197, 203]}, "alia": {"prob": 0.0036231884057971015, "count": 1, "pos": [109]}, "silverno": {"prob": 0.0036231884057971015, "count": 1, "pos": [110]}, "killer": {"prob": 0.0036231884057971015, "count": 1, "pos": [113]}, "who": {"prob": 0.007246376811594203, "count": 2, "pos": [114, 123]}, "threaten": {"prob": 0.0036231884057971015, "count": 1, "pos": [116]}, "arriv": {"prob": 0.0036231884057971015, "count": 1, "pos": [119]}, "drunken": {"prob": 0.0036231884057971015, "count": 1, "pos": [121]}, "stumblebum": {"prob": 0.0036231884057971015, "count": 1, "pos": [122]}, "liter": {"prob": 0.0036231884057971015, "count": 1, "pos": [125]}, "unabl": {"prob": 0.0036231884057971015, "count": 1, "pos": [126]}, "hit": {"prob": 0.0036231884057971015, "count": 1, "pos": [128]}, "broad": {"prob": 0.0036231884057971015, "count": 1, "pos": [130]}, "side": {"prob": 0.0036231884057971015, "count": 1, "pos": [131]}, "of": {"prob": 0.010869565217391304, "count": 3, "pos": [132, 212, 223]}, "barn": {"prob": 0.0036231884057971015, "count": 1, "pos": [134]}, "he": {"prob": 0.010869565217391304, "count": 3, "pos": [136, 144, 199]}, "shoot": {"prob": 0.0036231884057971015, "count": 1, "pos": [137]}, "pant": {"prob": 0.0036231884057971015, "count": 1, "pos": [140]}, "fall": {"prob": 0.007246376811594203, "count": 2, "pos": [141, 262]}, "down": {"prob": 0.0036231884057971015, "count": 1, "pos": [142]}, "gun": {"prob": 0.0036231884057971015, "count": 1, "pos": [147]}, "kill": {"prob": 0.010869565217391304, "count": 3, "pos": [149, 196, 235]}, "townspeopl": {"prob": 0.0036231884057971015, "count": 1, "pos": [154]}, "refus": {"prob": 0.0036231884057971015, "count": 1, "pos": [155]}, "bring": {"prob": 0.0036231884057971015, "count": 1, "pos": [157]}, "him": {"prob": 0.0036231884057971015, "count": 1, "pos": [158]}, "justic": {"prob": 0.0036231884057971015, "count": 1, "pos": [160]}, "becom": {"prob": 0.0036231884057971015, "count": 1, "pos": [162]}, "reveng": {"prob": 0.0036231884057971015, "count": 1, "pos": [164]}, "seek": {"prob": 0.0036231884057971015, "count": 1, "pos": [165]}, "outlaw": {"prob": 0.0036231884057971015, "count": 1, "pos": [166]}, "known": {"prob": 0.0036231884057971015, "count": 1, "pos": [167]}, "cat": {"prob": 0.014492753623188406, "count": 4, "pos": [169, 192, 207, 237]}, "four": {"prob": 0.0036231884057971015, "count": 1,