{"__total__": 448, "__name__": "doc_347_Cats_Dont_Dance.txt", "an": {"prob": 0.006696428571428571, "count": 3, "pos": [0, 41, 258]}, "anthropomorph": {"prob": 0.006696428571428571, "count": 3, "pos": [1, 42, 113]}, "cat": {"prob": 0.004464285714285714, "count": 2, "pos": [2, 44]}, "from": {"prob": 0.011160714285714286, "count": 5, "pos": [3, 110, 277, 363, 410]}, "kokomo": {"prob": 0.002232142857142857, "count": 1, "pos": [4]}, "indiana": {"prob": 0.002232142857142857, "count": 1, "pos": [5]}, "name": {"prob": 0.006696428571428571, "count": 3, "pos": [6, 45, 85]}, "danni": {"prob": 0.017857142857142856, "count": 8, "pos": [7, 27, 71, 108, 143, 208, 316, 353]}, "dream": {"prob": 0.004464285714285714, "count": 2, "pos": [8, 414]}, "of": {"prob": 0.026785714285714284, "count": 12, "pos": [9, 22, 77, 132, 175, 225, 229, 298, 301, 359, 391, 424]}, "becom": {"prob": 0.002232142857142857, "count": 1, "pos": [10]}, "a": {"prob": 0.029017857142857144, "count": 13, "pos": [11, 24, 33, 80, 128, 155, 172, 182, 286, 326, 381, 422, 445]}, "film": {"prob": 0.020089285714285716, "count": 9, "pos": [12, 34, 79, 106, 115, 263, 305, 418, 425]}, "star": {"prob": 0.004464285714285714, "count": 2, "pos": [13, 76]}, "so": {"prob": 0.004464285714285714, "count": 2, "pos": [14, 402]}, "he": {"prob": 0.004464285714285714, "count": 2, "pos": [15, 191]}, "travel": {"prob": 0.002232142857142857, "count": 1, "pos": [16]}, "to": {"prob": 0.029017857142857144, "count": 13, "pos": [17, 30, 60, 100, 151, 161, 179, 188, 202, 212, 356, 367, 388]}, "hollywood": {"prob": 0.002232142857142857, "count": 1, "pos": [18]}, "california": {"prob": 0.002232142857142857, "count": 1, "pos": [19]}, "in": {"prob": 0.022321428571428572, "count": 10, "pos": [20, 32, 38, 67, 104, 223, 239, 249, 279, 431]}, "hope": {"prob": 0.004464285714285714, "count": 2, "pos": [21, 224]}, "start": {"prob": 0.002232142857142857, "count": 1, "pos": [23]}, "career": {"prob": 0.002232142857142857, "count": 1, "pos": [25]}, "there": {"prob": 0.002232142857142857, "count": 1, "pos": [26]}, "is": {"prob": 0.024553571428571428, "count": 11, "pos": [28, 36, 48, 57, 89, 192, 238, 256, 272, 374, 437]}, "select": {"prob": 0.004464285714285714, "count": 2, "pos": [29, 423]}, "featur": {"prob": 0.002232142857142857, "count": 1, "pos": [31]}, "that": {"prob": 0.017857142857142856, "count": 8, "pos": [35, 117, 130, 157, 235, 306, 331, 439]}, "current": {"prob": 0.002232142857142857, "count": 1, "pos": [37]}, "product": {"prob": 0.002232142857142857, "count": 1, "pos": [39]}, "alongsid": {"prob": 0.002232142857142857, "count": 1, "pos": [40]}, "femal": {"prob": 0.002232142857142857, "count": 1, "pos": [43]}, "sawyer": {"prob": 0.002232142857142857, "count": 1, "pos": [46]}, "but": {"prob": 0.004464285714285714, "count": 2, "pos": [47, 138]}, "dismay": {"prob": 0.004464285714285714, "count": 2, "pos": [49, 390]}, "upon": {"prob": 0.002232142857142857, "count": 1, "pos": [50]}, "learn": {"prob": 0.004464285714285714, "count": 2, "pos": [51, 109]}, "about": {"prob": 0.002232142857142857, "count": 1, "pos": [52]}, "how": {"prob": 0.004464285714285714, "count": 2, "pos": [53, 201]}, "minor": {"prob": 0.002232142857142857, "count": 1, "pos": [54]}, "hi": {"prob": 0.008928571428571428, "count": 4, "pos": [55, 62, 102, 111]}, "role": {"prob": 0.006696428571428571, "count": 3, "pos": [56, 125, 433]}, "and": {"prob": 0.03571428571428571, "count": 16, "pos": [58, 88, 149, 177, 204, 207, 214, 264, 269, 321, 333, 340, 365, 378, 396, 398]}, "tri": {"prob": 0.011160714285714286, "count": 5, "pos": [59, 99, 150, 178, 355]}, "weasel": {"prob": 0.002232142857142857, "count": 1, "pos": [61]}, "way": {"prob": 0.002232142857142857, "count": 1, "pos": [63]}, "into": {"prob": 0.004464285714285714, "count": 2, "pos": [64, 96]}, "more": {"prob": 0.004464285714285714, "count": 2, "pos": [65, 123]}, "time": {"prob": 0.002232142857142857, "count": 1, "pos": [66]}, "the": {"prob": 0.060267857142857144, "count": 27, "pos": [68, 75, 78, 105, 147, 186, 217, 227, 230, 242, 254, 266, 290, 296, 299, 302, 314, 318, 322, 348, 360, 385, 389, 392, 403, 417, 429]}, "limelight": {"prob": 0.002232142857142857, "count": 1, "pos": [69]}, "howev": {"prob": 0.011160714285714286, "count": 5, "pos": [70, 144, 232, 337, 371]}, "wind": {"prob": 0.002232142857142857, "count": 1, "pos": [72]}, "up": {"prob": 0.011160714285714286, "count": 5, "pos": [73, 153, 284, 377, 443]}, "upset": {"prob": 0.002232142857142857, "count": 1, "pos": [74]}, "spoil": {"prob": 0.002232142857142857, "count": 1, "pos": [81]}, "popular": {"prob": 0.002232142857142857, "count": 1, "pos": [82]}, "child": {"prob": 0.002232142857142857, "count": 1, "pos": [83]}, "actress": {"prob": 0.002232142857142857, "count": 1, "pos": [84]}, "darla": {"prob": 0.015625, "count": 7, "pos": [86, 196, 233, 303, 338, 372, 440]}, "dimpl": {"prob": 0.006696428571428571, "count": 3, "pos": [87, 197, 304]}, "intimid": {"prob": 0.002232142857142857, "count": 1, "pos": [90]}, "by": {"prob": 0.013392857142857142, "count": 6, "pos": [91, 170, 195, 274, 342, 380]}, "her": {"prob": 0.015625, "count": 7, "pos": [92, 236, 248, 261, 343, 364, 400]}, "hulk": {"prob": 0.002232142857142857, "count": 1, "pos": [93]}, "valet": {"prob": 0.002232142857142857, "count": 1, "pos": [94]}, "max": {"prob": 0.004464285714285714, "count": 2, "pos": [95, 246]}, "no": {"prob": 0.002232142857142857, "count": 1, "pos": [97]}, "longer": {"prob": 0.002232142857142857, "count": 1, "pos": [98]}, "enlarg": {"prob": 0.002232142857142857, "count": 1, "pos": [101]}, "part": {"prob": 0.006696428571428571, "count": 3, "pos": [103, 167, 409]}, "later": {"prob": 0.004464285714285714, "count": 2, "pos": [107, 190]}, "fellow": {"prob": 0.002232142857142857, "count": 1, "pos": [112]}, "anim": {"prob": 0.024553571428571428, "count": 11, "pos": [114, 127, 163, 176, 218, 243, 267, 323, 349, 404, 430]}, "extra": {"prob": 0.002232142857142857, "count": 1, "pos": [116]}, "human": {"prob": 0.011160714285714286, "count": 5, "pos": [118, 160, 187, 231, 291]}, "actor": {"prob": 0.004464285714285714, "count": 2, "pos": [119, 164]}, "are": {"prob": 0.006696428571428571, "count": 3, "pos": [120, 134, 405]}, "normal": {"prob": 0.002232142857142857, "count": 1, "pos": [121]}, "given": {"prob": 0.004464285714285714, "count": 2, "pos": [122, 193]}, "import": {"prob": 0.002232142857142857, "count": 1, "pos": [124]}, "than": {"prob": 0.002232142857142857, "count": 1, "pos": [126]}, "fact": {"prob": 0.002232142857142857, "count": 1, "pos": [129]}, "none": {"prob": 0.002232142857142857, "count": 1, "pos": [131]}, "them": {"prob": 0.002232142857142857, "count": 1, "pos": [133]}, "veri": {"prob": 0.002232142857142857, "count": 1, "pos": [135]}, "happi": {"prob": 0.002232142857142857, "count": 1, "pos": [136]}, "with": {"prob": 0.015625, "count": 7, "pos": [137, 154, 165, 241, 285, 407, 421]}, "know": {"prob": 0.002232142857142857, "count": 1, "pos": [139]}, "they": {"prob": 0.002232142857142857, "count": 1, "pos": [140]}, "must": {"prob": 0.002232142857142857, "count": 1, "pos": [141]}, "accept": {"prob": 0.002232142857142857, "count": 1, "pos": [142]}, "long": {"prob": 0.002232142857142857, "count": 1, "pos": [145]}, "for": {"prob": 0.013392857142857142, "count": 6, "pos": [146, 185, 219, 288, 329, 354]}, "spotlight": {"prob": 0.004464285714285714, "count": 2, "pos": [148, 237]}, "come": {"prob": 0.006696428571428571, "count": 3, "pos": [152, 283, 415]}, "plan": {"prob": 0.004464285714285714, "count": 2, "pos": [156, 287]}, "will": {"prob": 0.002232142857142857, "count": 1, "pos": [158]}, "encourag": {"prob": 0.002232142857142857, "count": 1, "pos": [159]}, "provid": {"prob": 0.002232142857142857, "count": 1, "pos": [162]}, "better": {"prob": 0.002232142857142857, "count": 1, "pos": [166]}, "such": {"prob": 0.002232142857142857, "count": 1, "pos": [168]}, "as": {"prob": 0.004464285714285714, "count": 2, "pos": [169, 444]}, "assembl": {"prob": 0.002232142857142857, "count": 1, "pos": [171]},