{"__total__": 154, "__name__": "doc_356_Change_of_Habit.txt", "dr": {"prob": 0.025974025974025976, "count": 4, "pos": [0, 37, 113, 142]}, "john": {"prob": 0.006493506493506494, "count": 1, "pos": [1]}, "carpent": {"prob": 0.032467532467532464, "count": 5, "pos": [2, 38, 91, 114, 143]}, "is": {"prob": 0.032467532467532464, "count": 5, "pos": [3, 21, 48, 123, 144]}, "a": {"prob": 0.05194805194805195, "count": 8, "pos": [4, 7, 13, 22, 27, 40, 44, 139]}, "physician": {"prob": 0.006493506493506494, "count": 1, "pos": [5]}, "in": {"prob": 0.032467532467532464, "count": 5, "pos": [6, 34, 43, 64, 93]}, "ghetto": {"prob": 0.012987012987012988, "count": 2, "pos": [8, 41]}, "clinic": {"prob": 0.012987012987012988, "count": 2, "pos": [9, 42]}, "who": {"prob": 0.012987012987012988, "count": 2, "pos": [10, 67]}, "fall": {"prob": 0.012987012987012988, "count": 2, "pos": [11, 92]}, "for": {"prob": 0.025974025974025976, "count": 4, "pos": [12, 30, 119, 148]}, "co": {"prob": 0.006493506493506494, "count": 1, "pos": [14]}, "worker": {"prob": 0.006493506493506494, "count": 1, "pos": [15]}, "michel": {"prob": 0.025974025974025976, "count": 4, "pos": [16, 97, 107, 134]}, "gallagh": {"prob": 0.012987012987012988, "count": 2, "pos": [17, 98]}, "unawar": {"prob": 0.006493506493506494, "count": 1, "pos": [18]}, "that": {"prob": 0.006493506493506494, "count": 1, "pos": [19]}, "she": {"prob": 0.012987012987012988, "count": 2, "pos": [20, 115]}, "nun": {"prob": 0.012987012987012988, "count": 2, "pos": [23, 63]}, "elvi": {"prob": 0.006493506493506494, "count": 1, "pos": [24]}, "star": {"prob": 0.006493506493506494, "count": 1, "pos": [25]}, "as": {"prob": 0.006493506493506494, "count": 1, "pos": [26]}, "profess": {"prob": 0.006493506493506494, "count": 1, "pos": [28]}, "man": {"prob": 0.006493506493506494, "count": 1, "pos": [29]}, "the": {"prob": 0.045454545454545456, "count": 7, "pos": [31, 60, 71, 76, 120, 127, 129]}, "first": {"prob": 0.006493506493506494, "count": 1, "pos": [32]}, "time": {"prob": 0.006493506493506494, "count": 1, "pos": [33]}, "hi": {"prob": 0.006493506493506494, "count": 1, "pos": [35]}, "career": {"prob": 0.006493506493506494, "count": 1, "pos": [36]}, "head": {"prob": 0.006493506493506494, "count": 1, "pos": [39]}, "major": {"prob": 0.006493506493506494, "count": 1, "pos": [45]}, "metropoli": {"prob": 0.006493506493506494, "count": 1, "pos": [46]}, "he": {"prob": 0.006493506493506494, "count": 1, "pos": [47]}, "surpri": {"prob": 0.006493506493506494, "count": 1, "pos": [49]}, "to": {"prob": 0.05194805194805195, "count": 8, "pos": [50, 58, 69, 82, 112, 125, 146, 150]}, "be": {"prob": 0.012987012987012988, "count": 2, "pos": [51, 80]}, "offer": {"prob": 0.006493506493506494, "count": 1, "pos": [52]}, "assist": {"prob": 0.006493506493506494, "count": 1, "pos": [53]}, "by": {"prob": 0.012987012987012988, "count": 2, "pos": [54, 100]}, "three": {"prob": 0.012987012987012988, "count": 2, "pos": [55, 61]}, "women": {"prob": 0.006493506493506494, "count": 1, "pos": [56]}, "unknown": {"prob": 0.012987012987012988, "count": 2, "pos": [57, 111]}, "him": {"prob": 0.006493506493506494, "count": 1, "pos": [59]}, "are": {"prob": 0.012987012987012988, "count": 2, "pos": [62, 74]}, "street": {"prob": 0.006493506493506494, "count": 1, "pos": [65]}, "cloth": {"prob": 0.006493506493506494, "count": 1, "pos": [66]}, "want": {"prob": 0.006493506493506494, "count": 1, "pos": [68]}, "aid": {"prob": 0.006493506493506494, "count": 1, "pos": [70]}, "commun": {"prob": 0.006493506493506494, "count": 1, "pos": [72]}, "but": {"prob": 0.01948051948051948, "count": 3, "pos": [73, 105, 122]}, "afraid": {"prob": 0.006493506493506494, "count": 1, "pos": [75]}, "local": {"prob": 0.006493506493506494, "count": 1, "pos": [77]}, "resid": {"prob": 0.006493506493506494, "count": 1, "pos": [78]}, "might": {"prob": 0.006493506493506494, "count": 1, "pos": [79]}, "reluct": {"prob": 0.012987012987012988, "count": 2, "pos": [81, 124]}, "seek": {"prob": 0.006493506493506494, "count": 1, "pos": [83]}, "help": {"prob": 0.006493506493506494, "count": 1, "pos": [84]}, "if": {"prob": 0.006493506493506494, "count": 1, "pos": [85]}, "their": {"prob": 0.006493506493506494, "count": 1, "pos": [86]}, "true": {"prob": 0.012987012987012988, "count": 2, "pos": [87, 108]}, "ident": {"prob": 0.006493506493506494, "count": 1, "pos": [88]}, "were": {"prob": 0.006493506493506494, "count": 1, "pos": [89]}, "known": {"prob": 0.006493506493506494, "count": 1, "pos": [90]}, "love": {"prob": 0.006493506493506494, "count": 1, "pos": [94]}, "with": {"prob": 0.012987012987012988, "count": 2, "pos": [95, 132]}, "sister": {"prob": 0.025974025974025976, "count": 4, "pos": [96, 106, 133, 136]}, "play": {"prob": 0.006493506493506494, "count": 1, "pos": [99]}, "wholesom": {"prob": 0.006493506493506494, "count": 1, "pos": [101]}, "mari": {"prob": 0.006493506493506494, "count": 1, "pos": [102]}, "tyler": {"prob": 0.006493506493506494, "count": 1, "pos": [103]}, "moor": {"prob": 0.006493506493506494, "count": 1, "pos": [104]}, "vocat": {"prob": 0.006493506493506494, "count": 1, "pos": [109]}, "remain": {"prob": 0.006493506493506494, "count": 1, "pos": [110]}, "also": {"prob": 0.006493506493506494, "count": 1, "pos": [116]}, "ha": {"prob": 0.006493506493506494, "count": 1, "pos": [117]}, "feel": {"prob": 0.006493506493506494, "count": 1, "pos": [118]}, "doctor": {"prob": 0.006493506493506494, "count": 1, "pos": [121]}, "leav": {"prob": 0.006493506493506494, "count": 1, "pos": [126]}, "order": {"prob": 0.006493506493506494, "count": 1, "pos": [128]}, "film": {"prob": 0.006493506493506494, "count": 1, "pos": [130]}, "conclud": {"prob": 0.006493506493506494, "count": 1, "pos": [131]}, "and": {"prob": 0.006493506493506494, "count": 1, "pos": [135]}, "iren": {"prob": 0.006493506493506494, "count": 1, "pos": [137]}, "enter": {"prob": 0.006493506493506494, "count": 1, "pos": [138]}, "church": {"prob": 0.006493506493506494, "count": 1, "pos": [140]}, "where": {"prob": 0.006493506493506494, "count": 1, "pos": [141]}, "sing": {"prob": 0.006493506493506494, "count": 1, "pos": [145]}, "pray": {"prob": 0.006493506493506494, "count": 1, "pos": [147]}, "guidanc": {"prob": 0.006493506493506494, "count": 1, "pos": [149]}, "make": {"prob": 0.006493506493506494, "count": 1, "pos": [151]}, "her": {"prob": 0.006493506493506494, "count": 1, "pos": [152]}, "choic": {"prob": 0.006493506493506494, "count": 1, "pos": [153]}}