{"__total__": 83, "__name__": "doc_357_Chaplin.txt", "the": {"prob": 0.07228915662650602, "count": 6, "pos": [0, 8, 25, 47, 50, 59]}, "film": {"prob": 0.012048192771084338, "count": 1, "pos": [1]}, "is": {"prob": 0.012048192771084338, "count": 1, "pos": [2]}, "structur": {"prob": 0.012048192771084338, "count": 1, "pos": [3]}, "around": {"prob": 0.012048192771084338, "count": 1, "pos": [4]}, "lengthi": {"prob": 0.012048192771084338, "count": 1, "pos": [5]}, "flashback": {"prob": 0.012048192771084338, "count": 1, "pos": [6]}, "as": {"prob": 0.012048192771084338, "count": 1, "pos": [7]}, "elder": {"prob": 0.012048192771084338, "count": 1, "pos": [9]}, "char": {"prob": 0.012048192771084338, "count": 1, "pos": [10]}, "chaplin": {"prob": 0.024096385542168676, "count": 2, "pos": [11, 30]}, "recollect": {"prob": 0.024096385542168676, "count": 2, "pos": [12, 31]}, "moment": {"prob": 0.012048192771084338, "count": 1, "pos": [13]}, "from": {"prob": 0.024096385542168676, "count": 2, "pos": [14, 39]}, "hi": {"prob": 0.060240963855421686, "count": 5, "pos": [15, 28, 34, 68, 72]}, "life": {"prob": 0.012048192771084338, "count": 1, "pos": [16]}, "dure": {"prob": 0.012048192771084338, "count": 1, "pos": [17]}, "a": {"prob": 0.012048192771084338, "count": 1, "pos": [18]}, "conver": {"prob": 0.012048192771084338, "count": 1, "pos": [19]}, "with": {"prob": 0.04819277108433735, "count": 4, "pos": [20, 33, 75, 80]}, "fiction": {"prob": 0.012048192771084338, "count": 1, "pos": [21]}, "charact": {"prob": 0.012048192771084338, "count": 1, "pos": [22]}, "georg": {"prob": 0.012048192771084338, "count": 1, "pos": [23]}, "hayden": {"prob": 0.012048192771084338, "count": 1, "pos": [24]}, "editor": {"prob": 0.012048192771084338, "count": 1, "pos": [26]}, "of": {"prob": 0.04819277108433735, "count": 4, "pos": [27, 36, 49, 67]}, "autobiographi": {"prob": 0.012048192771084338, "count": 1, "pos": [29]}, "begin": {"prob": 0.012048192771084338, "count": 1, "pos": [32]}, "childhood": {"prob": 0.012048192771084338, "count": 1, "pos": [35]}, "extrem": {"prob": 0.012048192771084338, "count": 1, "pos": [37]}, "poverti": {"prob": 0.012048192771084338, "count": 1, "pos": [38]}, "which": {"prob": 0.024096385542168676, "count": 2, "pos": [40, 55]}, "he": {"prob": 0.024096385542168676, "count": 2, "pos": [41, 56]}, "escap": {"prob": 0.012048192771084338, "count": 1, "pos": [42]}, "by": {"prob": 0.012048192771084338, "count": 1, "pos": [43]}, "immer": {"prob": 0.012048192771084338, "count": 1, "pos": [44]}, "himself": {"prob": 0.012048192771084338, "count": 1, "pos": [45]}, "in": {"prob": 0.012048192771084338, "count": 1, "pos": [46]}, "world": {"prob": 0.012048192771084338, "count": 1, "pos": [48]}, "london": {"prob": 0.012048192771084338, "count": 1, "pos": [51]}, "music": {"prob": 0.012048192771084338, "count": 1, "pos": [52]}, "hall": {"prob": 0.012048192771084338, "count": 1, "pos": [53]}, "after": {"prob": 0.012048192771084338, "count": 1, "pos": [54]}, "reloc": {"prob": 0.012048192771084338, "count": 1, "pos": [57]}, "to": {"prob": 0.024096385542168676, "count": 2, "pos": [58, 65]}, "unit": {"prob": 0.012048192771084338, "count": 1, "pos": [60]}, "state": {"prob": 0.012048192771084338, "count": 1, "pos": [61]}, "there": {"prob": 0.012048192771084338, "count": 1, "pos": [62]}, "are": {"prob": 0.012048192771084338, "count": 1, "pos": [63]}, "refer": {"prob": 0.012048192771084338, "count": 1, "pos": [64]}, "some": {"prob": 0.012048192771084338, "count": 1, "pos": [66]}, "mani": {"prob": 0.012048192771084338, "count": 1, "pos": [69]}, "romant": {"prob": 0.012048192771084338, "count": 1, "pos": [70]}, "episod": {"prob": 0.012048192771084338, "count": 1, "pos": [71]}, "profess": {"prob": 0.012048192771084338, "count": 1, "pos": [73]}, "collabor": {"prob": 0.012048192771084338, "count": 1, "pos": [74]}, "mack": {"prob": 0.012048192771084338, "count": 1, "pos": [76]}, "sennett": {"prob": 0.012048192771084338, "count": 1, "pos": [77]}, "and": {"prob": 0.012048192771084338, "count": 1, "pos": [78]}, "friendship": {"prob": 0.012048192771084338, "count": 1, "pos": [79]}, "dougla": {"prob": 0.012048192771084338, "count": 1, "pos": [81]}, "fairbank": {"prob": 0.012048192771084338, "count": 1, "pos": [82]}}