{"__total__": 186, "__name__": "doc_368_Chicago_1927.txt", "drawn": {"prob": 0.005376344086021506, "count": 1, "pos": [0]}, "from": {"prob": 0.016129032258064516, "count": 3, "pos": [1, 123, 140]}, "the": {"prob": 0.10215053763440861, "count": 19, "pos": [2, 5, 18, 35, 41, 50, 58, 68, 89, 96, 100, 103, 126, 141, 148, 158, 164, 167, 178]}, "play": {"prob": 0.026881720430107527, "count": 5, "pos": [3, 45, 69, 97, 151]}, "of": {"prob": 0.03225806451612903, "count": 6, "pos": [4, 21, 32, 115, 166, 177]}, "same": {"prob": 0.005376344086021506, "count": 1, "pos": [6]}, "name": {"prob": 0.005376344086021506, "count": 1, "pos": [7]}, "by": {"prob": 0.005376344086021506, "count": 1, "pos": [8]}, "maurin": {"prob": 0.005376344086021506, "count": 1, "pos": [9]}, "dalla": {"prob": 0.005376344086021506, "count": 1, "pos": [10]}, "watkin": {"prob": 0.010752688172043012, "count": 2, "pos": [11, 44]}, "which": {"prob": 0.010752688172043012, "count": 2, "pos": [12, 60]}, "wa": {"prob": 0.016129032258064516, "count": 3, "pos": [13, 128, 137]}, "in": {"prob": 0.03763440860215054, "count": 7, "pos": [14, 43, 62, 88, 95, 99, 110]}, "turn": {"prob": 0.005376344086021506, "count": 1, "pos": [15]}, "base": {"prob": 0.010752688172043012, "count": 2, "pos": [16, 48]}, "on": {"prob": 0.010752688172043012, "count": 2, "pos": [17, 49]}, "true": {"prob": 0.005376344086021506, "count": 1, "pos": [19]}, "stori": {"prob": 0.005376344086021506, "count": 1, "pos": [20]}, "beulah": {"prob": 0.005376344086021506, "count": 1, "pos": [22]}, "annan": {"prob": 0.005376344086021506, "count": 1, "pos": [23]}, "fiction": {"prob": 0.005376344086021506, "count": 1, "pos": [24]}, "as": {"prob": 0.005376344086021506, "count": 1, "pos": [25]}, "roxi": {"prob": 0.016129032258064516, "count": 3, "pos": [26, 76, 109]}, "hart": {"prob": 0.010752688172043012, "count": 2, "pos": [27, 79]}, "and": {"prob": 0.026881720430107527, "count": 5, "pos": [28, 53, 85, 144, 154]}, "her": {"prob": 0.010752688172043012, "count": 2, "pos": [29, 33]}, "spectacular": {"prob": 0.005376344086021506, "count": 1, "pos": [30]}, "murder": {"prob": 0.016129032258064516, "count": 3, "pos": [31, 52, 59]}, "boyfriend": {"prob": 0.005376344086021506, "count": 1, "pos": [34]}, "silent": {"prob": 0.005376344086021506, "count": 1, "pos": [36]}, "film": {"prob": 0.03763440860215054, "count": 7, "pos": [37, 90, 127, 143, 149, 168, 179]}, "add": {"prob": 0.005376344086021506, "count": 1, "pos": [38]}, "consid": {"prob": 0.016129032258064516, "count": 3, "pos": [39, 57, 74]}, "to": {"prob": 0.03225806451612903, "count": 6, "pos": [40, 55, 108, 119, 131, 150]}, "materi": {"prob": 0.005376344086021506, "count": 1, "pos": [42]}, "some": {"prob": 0.010752688172043012, "count": 2, "pos": [46, 54]}, "addit": {"prob": 0.005376344086021506, "count": 1, "pos": [47]}, "origin": {"prob": 0.005376344086021506, "count": 1, "pos": [51]}, "hollywood": {"prob": 0.010752688172043012, "count": 2, "pos": [56, 113]}, "occur": {"prob": 0.005376344086021506, "count": 1, "pos": [61]}, "a": {"prob": 0.021505376344086023, "count": 4, "pos": [63, 81, 134, 175]}, "veri": {"prob": 0.005376344086021506, "count": 1, "pos": [64]}, "brief": {"prob": 0.005376344086021506, "count": 1, "pos": [65]}, "vignett": {"prob": 0.005376344086021506, "count": 1, "pos": [66]}, "befor": {"prob": 0.005376344086021506, "count": 1, "pos": [67]}, "begin": {"prob": 0.005376344086021506, "count": 1, "pos": [70]}, "is": {"prob": 0.010752688172043012, "count": 2, "pos": [71, 105]}, "flesh": {"prob": 0.005376344086021506, "count": 1, "pos": [72]}, "out": {"prob": 0.005376344086021506, "count": 1, "pos": [73]}, "also": {"prob": 0.010752688172043012, "count": 2, "pos": [75, 174]}, "husband": {"prob": 0.005376344086021506, "count": 1, "pos": [77]}, "amo": {"prob": 0.005376344086021506, "count": 1, "pos": [78]}, "ha": {"prob": 0.010752688172043012, "count": 2, "pos": [80, 161]}, "much": {"prob": 0.010752688172043012, "count": 2, "pos": [82, 122]}, "more": {"prob": 0.010752688172043012, "count": 2, "pos": [83, 106]}, "sympathet": {"prob": 0.005376344086021506, "count": 1, "pos": [84]}, "activ": {"prob": 0.005376344086021506, "count": 1, "pos": [86]}, "role": {"prob": 0.005376344086021506, "count": 1, "pos": [87]}, "than": {"prob": 0.005376344086021506, "count": 1, "pos": [91]}, "he": {"prob": 0.005376344086021506, "count": 1, "pos": [92]}, "doe": {"prob": 0.005376344086021506, "count": 1, "pos": [93]}, "either": {"prob": 0.005376344086021506, "count": 1, "pos": [94]}, "or": {"prob": 0.005376344086021506, "count": 1, "pos": [98]}, "subsequ": {"prob": 0.005376344086021506, "count": 1, "pos": [101]}, "music": {"prob": 0.005376344086021506, "count": 1, "pos": [102]}, "end": {"prob": 0.005376344086021506, "count": 1, "pos": [104]}, "cruel": {"prob": 0.005376344086021506, "count": 1, "pos": [107]}, "keep": {"prob": 0.005376344086021506, "count": 1, "pos": [111]}, "with": {"prob": 0.005376344086021506, "count": 1, "pos": [112]}, "valu": {"prob": 0.005376344086021506, "count": 1, "pos": [114]}, "not": {"prob": 0.005376344086021506, "count": 1, "pos": [116]}, "allow": {"prob": 0.005376344086021506, "count": 1, "pos": [117]}, "crimin": {"prob": 0.005376344086021506, "count": 1, "pos": [118]}, "profit": {"prob": 0.005376344086021506, "count": 1, "pos": [120]}, "too": {"prob": 0.005376344086021506, "count": 1, "pos": [121]}, "their": {"prob": 0.005376344086021506, "count": 1, "pos": [124]}, "crime": {"prob": 0.005376344086021506, "count": 1, "pos": [125]}, "long": {"prob": 0.005376344086021506, "count": 1, "pos": [129]}, "difficult": {"prob": 0.005376344086021506, "count": 1, "pos": [130]}, "see": {"prob": 0.005376344086021506, "count": 1, "pos": [132]}, "but": {"prob": 0.005376344086021506, "count": 1, "pos": [133]}, "recent": {"prob": 0.005376344086021506, "count": 1, "pos": [135]}, "print": {"prob": 0.010752688172043012, "count": 2, "pos": [136, 176]}, "made": {"prob": 0.005376344086021506, "count": 1, "pos": [138]}, "avail": {"prob": 0.005376344086021506, "count": 1, "pos": [139]}, "ucla": {"prob": 0.005376344086021506, "count": 1, "pos": [142]}, "televi": {"prob": 0.005376344086021506, "count": 1, "pos": [145]}, "archiv": {"prob": 0.010752688172043012, "count": 2, "pos": [146, 185]}, "enabl": {"prob": 0.005376344086021506, "count": 1, "pos": [147]}, "at": {"prob": 0.016129032258064516, "count": 3, "pos": [152, 170, 181]}, "festiv": {"prob": 0.005376344086021506, "count": 1, "pos": [153]}, "histor": {"prob": 0.005376344086021506, "count": 1, "pos": [155]}, "theater": {"prob": 0.005376344086021506, "count": 1, "pos": [156]}, "around": {"prob": 0.005376344086021506, "count": 1, "pos": [157]}, "countri": {"prob": 0.005376344086021506, "count": 1, "pos": [159]}, "thi": {"prob": 0.005376344086021506, "count": 1, "pos": [160]}, "great": {"prob": 0.005376344086021506, "count": 1, "pos": [162]}, "improv": {"prob": 0.005376344086021506, "count": 1, "pos": [163]}, "reput": {"prob": 0.005376344086021506, "count": 1, "pos": [165]}, "chicago": {"prob": 0.005376344086021506, "count": 1, "pos": [169]}, "silentera": {"prob": 0.005376344086021506, "count": 1, "pos": [171]}, "com": {"prob": 0.005376344086021506, "count": 1, "pos": [172]}, "databa": {"prob": 0.005376344086021506, "count": 1, "pos": [173]}, "surviv": {"prob": 0.005376344086021506, "count": 1, "pos": [180]}, "gosfilmofond": {"prob": 0.005376344086021506, "count": 1, "pos": [182]}, "russian": {"prob": 0.005376344086021506, "count": 1, "pos": [183]}, "state": {"prob": 0.005376344086021506, "count": 1, "pos": [184]}}