{"__total__": 397, "__name__": "doc_385_Clean_2004.txt", "cheung": {"prob": 0.0025188916876574307, "count": 1, "pos": [0]}, "play": {"prob": 0.005037783375314861, "count": 2, "pos": [1, 186]}, "emili": {"prob": 0.022670025188916875, "count": 9, "pos": [2, 28, 72, 114, 138, 206, 279, 290, 304]}, "wang": {"prob": 0.0025188916876574307, "count": 1, "pos": [3]}, "a": {"prob": 0.027707808564231738, "count": 11, "pos": [4, 12, 18, 37, 103, 203, 210, 346, 368, 371, 383]}, "former": {"prob": 0.0025188916876574307, "count": 1, "pos": [5]}, "video": {"prob": 0.0025188916876574307, "count": 1, "pos": [6]}, "jockey": {"prob": 0.0025188916876574307, "count": 1, "pos": [7]}, "who": {"prob": 0.005037783375314861, "count": 2, "pos": [8, 190]}, "ha": {"prob": 0.012594458438287154, "count": 5, "pos": [9, 100, 156, 224, 283]}, "been": {"prob": 0.007556675062972292, "count": 3, "pos": [10, 157, 284]}, "in": {"prob": 0.027707808564231738, "count": 11, "pos": [11, 47, 60, 68, 84, 131, 142, 209, 213, 314, 386]}, "tempestu": {"prob": 0.0025188916876574307, "count": 1, "pos": [13]}, "relationship": {"prob": 0.005037783375314861, "count": 2, "pos": [14, 354]}, "with": {"prob": 0.017632241813602016, "count": 7, "pos": [15, 62, 182, 256, 278, 323, 355]}, "lee": {"prob": 0.02518891687657431, "count": 10, "pos": [16, 24, 63, 76, 99, 125, 160, 175, 184, 244]}, "hauser": {"prob": 0.0025188916876574307, "count": 1, "pos": [17]}, "rock": {"prob": 0.0025188916876574307, "count": 1, "pos": [19]}, "musician": {"prob": 0.005037783375314861, "count": 2, "pos": [20, 385]}, "for": {"prob": 0.020151133501259445, "count": 8, "pos": [21, 31, 144, 202, 215, 240, 293, 332]}, "sever": {"prob": 0.0025188916876574307, "count": 1, "pos": [22]}, "year": {"prob": 0.005037783375314861, "count": 2, "pos": [23, 205]}, "friend": {"prob": 0.005037783375314861, "count": 2, "pos": [25, 231]}, "feel": {"prob": 0.0025188916876574307, "count": 1, "pos": [26]}, "that": {"prob": 0.022670025188916875, "count": 9, "pos": [27, 98, 151, 193, 197, 235, 259, 289, 307]}, "is": {"prob": 0.010075566750629723, "count": 4, "pos": [29, 58, 136, 376]}, "bad": {"prob": 0.0025188916876574307, "count": 1, "pos": [30]}, "him": {"prob": 0.007556675062972292, "count": 3, "pos": [32, 344, 351]}, "accus": {"prob": 0.0025188916876574307, "count": 1, "pos": [33]}, "her": {"prob": 0.030226700251889168, "count": 12, "pos": [34, 85, 118, 132, 148, 154, 192, 230, 303, 324, 353, 395]}, "of": {"prob": 0.010075566750629723, "count": 4, "pos": [35, 102, 153, 366]}, "be": {"prob": 0.005037783375314861, "count": 2, "pos": [36, 317]}, "junki": {"prob": 0.0025188916876574307, "count": 1, "pos": [38]}, "as": {"prob": 0.007556675062972292, "count": 3, "pos": [39, 113, 370]}, "the": {"prob": 0.030226700251889168, "count": 12, "pos": [40, 43, 91, 93, 107, 121, 126, 129, 241, 281, 336, 379]}, "film": {"prob": 0.0025188916876574307, "count": 1, "pos": [41]}, "open": {"prob": 0.0025188916876574307, "count": 1, "pos": [42]}, "pair": {"prob": 0.0025188916876574307, "count": 1, "pos": [44]}, "have": {"prob": 0.0025188916876574307, "count": 1, "pos": [45]}, "arriv": {"prob": 0.005037783375314861, "count": 2, "pos": [46, 334]}, "hamilton": {"prob": 0.0025188916876574307, "count": 1, "pos": [48]}, "canada": {"prob": 0.0025188916876574307, "count": 1, "pos": [49]}, "to": {"prob": 0.05037783375314862, "count": 20, "pos": [50, 90, 116, 123, 159, 164, 166, 171, 227, 233, 254, 271, 274, 276, 301, 311, 316, 319, 345, 350]}, "see": {"prob": 0.010075566750629723, "count": 4, "pos": [51, 124, 200, 302]}, "metric": {"prob": 0.0025188916876574307, "count": 1, "pos": [52]}, "perform": {"prob": 0.0025188916876574307, "count": 1, "pos": [53]}, "their": {"prob": 0.005037783375314861, "count": 2, "pos": [54, 69]}, "young": {"prob": 0.0025188916876574307, "count": 1, "pos": [55]}, "son": {"prob": 0.007556675062972292, "count": 3, "pos": [56, 155, 325]}, "jay": {"prob": 0.012594458438287154, "count": 5, "pos": [57, 201, 257, 273, 333]}, "live": {"prob": 0.005037783375314861, "count": 2, "pos": [59, 172]}, "vancouv": {"prob": 0.0025188916876574307, "count": 1, "pos": [61]}, "parent": {"prob": 0.005037783375314861, "count": 2, "pos": [64, 161]}, "follow": {"prob": 0.005037783375314861, "count": 2, "pos": [65, 94]}, "an": {"prob": 0.0025188916876574307, "count": 1, "pos": [66]}, "argument": {"prob": 0.0025188916876574307, "count": 1, "pos": [67]}, "motel": {"prob": 0.005037783375314861, "count": 2, "pos": [70, 92]}, "room": {"prob": 0.005037783375314861, "count": 2, "pos": [71, 122]}, "walk": {"prob": 0.0025188916876574307, "count": 1, "pos": [73]}, "out": {"prob": 0.0025188916876574307, "count": 1, "pos": [74]}, "on": {"prob": 0.0025188916876574307, "count": 1, "pos": [75]}, "and": {"prob": 0.030226700251889168, "count": 12, "pos": [77, 106, 134, 146, 229, 249, 251, 297, 330, 348, 358, 373]}, "after": {"prob": 0.005037783375314861, "count": 2, "pos": [78, 381]}, "take": {"prob": 0.007556675062972292, "count": 3, "pos": [79, 328, 343]}, "some": {"prob": 0.007556675062972292, "count": 3, "pos": [80, 216, 391]}, "heroin": {"prob": 0.005037783375314861, "count": 2, "pos": [81, 130]}, "fall": {"prob": 0.005037783375314861, "count": 2, "pos": [82, 247]}, "asleep": {"prob": 0.0025188916876574307, "count": 1, "pos": [83]}, "car": {"prob": 0.0025188916876574307, "count": 1, "pos": [86]}, "when": {"prob": 0.007556675062972292, "count": 3, "pos": [87, 335, 374]}, "she": {"prob": 0.04534005037783375, "count": 18, "pos": [88, 96, 135, 162, 169, 177, 179, 198, 223, 236, 250, 260, 308, 326, 342, 363, 375, 388]}, "return": {"prob": 0.005037783375314861, "count": 2, "pos": [89, 165]}, "morn": {"prob": 0.0025188916876574307, "count": 1, "pos": [95]}, "find": {"prob": 0.005037783375314861, "count": 2, "pos": [97, 128]}, "die": {"prob": 0.0025188916876574307, "count": 1, "pos": [101]}, "drug": {"prob": 0.007556675062972292, "count": 3, "pos": [104, 242, 362]}, "overdo": {"prob": 0.0025188916876574307, "count": 1, "pos": [105]}, "ontario": {"prob": 0.0025188916876574307, "count": 1, "pos": [108]}, "provinci": {"prob": 0.0025188916876574307, "count": 1, "pos": [109]}, "polic": {"prob": 0.005037783375314861, "count": 2, "pos": [110, 127]}, "are": {"prob": 0.005037783375314861, "count": 2, "pos": [111, 267]}, "investig": {"prob": 0.0025188916876574307, "count": 1, "pos": [112]}, "attempt": {"prob": 0.0025188916876574307, "count": 1, "pos": [115]}, "forc": {"prob": 0.0025188916876574307, "count": 1, "pos": [117]}, "way": {"prob": 0.0025188916876574307, "count": 1, "pos": [119]}, "into": {"prob": 0.0025188916876574307, "count": 1, "pos": [120]}, "bag": {"prob": 0.0025188916876574307, "count": 1, "pos": [133]}, "arrest": {"prob": 0.0025188916876574307, "count": 1, "pos": [137]}, "spend": {"prob": 0.005037783375314861, "count": 2, "pos": [139, 320]}, "six": {"prob": 0.0025188916876574307, "count": 1, "pos": [140]}, "month": {"prob": 0.0025188916876574307, "count": 1, "pos": [141]}, "prison": {"prob": 0.005037783375314861, "count": 2, "pos": [143, 387]}, "possess": {"prob": 0.0025188916876574307, "count": 1, "pos": [145]}, "upon": {"prob": 0.0025188916876574307, "count": 1, "pos": [147]}, "relea": {"prob": 0.0025188916876574307, "count": 1, "pos": [149]}, "discov": {"prob": 0.0025188916876574307, "count": 1, "pos": [150]}, "custodi": {"prob": 0.0025188916876574307, "count": 1, "pos": [152]}, "award": {"prob": 0.0025188916876574307, "count": 1, "pos": [158]}, "resolv": {"prob": 0.0025188916876574307, "count": 1, "pos": [163]}, "pari": {"prob": 0.007556675062972292, "count": 3, "pos": [167, 214, 275]}, "where": {"prob": 0.0025188916876574307, "count": 1, "pos": [168]}, "use": {"prob": 0.0025188916876574307, "count": 1, "pos": [170]}, "befor": {"prob": 0.005037783375314861, "count": 2, "pos": [173, 176]}, "meet": {"prob": 0.012594458438287154, "count": 5, "pos": [174, 181, 277, 339, 382]}, "leav": {"prob": 0.0025188916876574307, "count": 1, "pos": [178]}, "briefli": {"prob": 0.0025188916876574307, "count": 1,