{"__total__": 112, "__name__": "doc_388_Clockwise.txt", "the": {"prob": 0.08928571428571429, "count": 10, "pos": [0, 3, 8, 48, 71, 84, 91, 94, 97, 110]}, "stori": {"prob": 0.008928571428571428, "count": 1, "pos": [1]}, "describ": {"prob": 0.008928571428571428, "count": 1, "pos": [2]}, "effort": {"prob": 0.008928571428571428, "count": 1, "pos": [4]}, "of": {"prob": 0.05357142857142857, "count": 6, "pos": [5, 10, 51, 70, 96, 103]}, "brian": {"prob": 0.008928571428571428, "count": 1, "pos": [6]}, "stimpson": {"prob": 0.017857142857142856, "count": 2, "pos": [7, 32]}, "headmast": {"prob": 0.044642857142857144, "count": 5, "pos": [9, 20, 50, 61, 69]}, "thoma": {"prob": 0.008928571428571428, "count": 1, "pos": [11]}, "tompion": {"prob": 0.008928571428571428, "count": 1, "pos": [12]}, "comprehen": {"prob": 0.017857142857142856, "count": 2, "pos": [13, 53]}, "school": {"prob": 0.03571428571428571, "count": 4, "pos": [14, 42, 54, 75]}, "to": {"prob": 0.0625, "count": 7, "pos": [15, 17, 36, 55, 58, 90, 108]}, "travel": {"prob": 0.008928571428571428, "count": 1, "pos": [16]}, "an": {"prob": 0.008928571428571428, "count": 1, "pos": [18]}, "annual": {"prob": 0.008928571428571428, "count": 1, "pos": [19]}, "confer": {"prob": 0.03571428571428571, "count": 4, "pos": [21, 62, 92, 111]}, "have": {"prob": 0.008928571428571428, "count": 1, "pos": [22]}, "been": {"prob": 0.008928571428571428, "count": 1, "pos": [23]}, "habitu": {"prob": 0.008928571428571428, "count": 1, "pos": [24]}, "late": {"prob": 0.008928571428571428, "count": 1, "pos": [25]}, "and": {"prob": 0.03571428571428571, "count": 4, "pos": [26, 40, 78, 99]}, "disorgani": {"prob": 0.008928571428571428, "count": 1, "pos": [27]}, "as": {"prob": 0.017857142857142856, "count": 2, "pos": [28, 105]}, "a": {"prob": 0.03571428571428571, "count": 4, "pos": [29, 52, 60, 101]}, "young": {"prob": 0.008928571428571428, "count": 1, "pos": [30]}, "man": {"prob": 0.008928571428571428, "count": 1, "pos": [31]}, "ha": {"prob": 0.008928571428571428, "count": 1, "pos": [33]}, "grown": {"prob": 0.008928571428571428, "count": 1, "pos": [34]}, "up": {"prob": 0.008928571428571428, "count": 1, "pos": [35]}, "becom": {"prob": 0.008928571428571428, "count": 1, "pos": [37]}, "fastidi": {"prob": 0.008928571428571428, "count": 1, "pos": [38]}, "punctual": {"prob": 0.008928571428571428, "count": 1, "pos": [39]}, "hi": {"prob": 0.026785714285714284, "count": 3, "pos": [41, 80, 88]}, "run": {"prob": 0.008928571428571428, "count": 1, "pos": [43]}, "like": {"prob": 0.008928571428571428, "count": 1, "pos": [44]}, "clockwork": {"prob": 0.008928571428571428, "count": 1, "pos": [45]}, "he": {"prob": 0.026785714285714284, "count": 3, "pos": [46, 82, 106]}, "is": {"prob": 0.008928571428571428, "count": 1, "pos": [47]}, "first": {"prob": 0.008928571428571428, "count": 1, "pos": [49]}, "be": {"prob": 0.017857142857142856, "count": 2, "pos": [56, 66]}, "elect": {"prob": 0.008928571428571428, "count": 1, "pos": [57]}, "chair": {"prob": 0.008928571428571428, "count": 1, "pos": [59]}, "that": {"prob": 0.008928571428571428, "count": 1, "pos": [63]}, "honour": {"prob": 0.008928571428571428, "count": 1, "pos": [64]}, "usual": {"prob": 0.008928571428571428, "count": 1, "pos": [65]}, "reserv": {"prob": 0.008928571428571428, "count": 1, "pos": [67]}, "for": {"prob": 0.008928571428571428, "count": 1, "pos": [68]}, "more": {"prob": 0.008928571428571428, "count": 1, "pos": [72]}, "prestigi": {"prob": 0.008928571428571428, "count": 1, "pos": [73]}, "privat": {"prob": 0.008928571428571428, "count": 1, "pos": [74]}, "after": {"prob": 0.008928571428571428, "count": 1, "pos": [76]}, "prepar": {"prob": 0.008928571428571428, "count": 1, "pos": [77]}, "rehear": {"prob": 0.008928571428571428, "count": 1, "pos": [79]}, "speech": {"prob": 0.017857142857142856, "count": 2, "pos": [81, 98]}, "board": {"prob": 0.008928571428571428, "count": 1, "pos": [83]}, "wrong": {"prob": 0.008928571428571428, "count": 1, "pos": [85]}, "train": {"prob": 0.008928571428571428, "count": 1, "pos": [86]}, "on": {"prob": 0.008928571428571428, "count": 1, "pos": [87]}, "way": {"prob": 0.008928571428571428, "count": 1, "pos": [89]}, "lose": {"prob": 0.008928571428571428, "count": 1, "pos": [93]}, "text": {"prob": 0.008928571428571428, "count": 1, "pos": [95]}, "suffer": {"prob": 0.008928571428571428, "count": 1, "pos": [100]}, "seri": {"prob": 0.008928571428571428, "count": 1, "pos": [102]}, "setback": {"prob": 0.008928571428571428, "count": 1, "pos": [104]}, "tri": {"prob": 0.008928571428571428, "count": 1, "pos": [107]}, "reach": {"prob": 0.008928571428571428, "count": 1, "pos": [109]}}