{"__total__": 171, "__name__": "doc_403_Commissar.txt", "dure": {"prob": 0.005847953216374269, "count": 1, "pos": [0]}, "the": {"prob": 0.08771929824561403, "count": 15, "pos": [1, 9, 29, 49, 82, 98, 103, 106, 112, 116, 139, 147, 150, 153, 160]}, "russian": {"prob": 0.005847953216374269, "count": 1, "pos": [2]}, "civil": {"prob": 0.005847953216374269, "count": 1, "pos": [3]}, "war": {"prob": 0.011695906432748537, "count": 2, "pos": [4, 156]}, "a": {"prob": 0.029239766081871343, "count": 5, "pos": [5, 32, 109, 126, 144]}, "femal": {"prob": 0.005847953216374269, "count": 1, "pos": [6]}, "commissar": {"prob": 0.005847953216374269, "count": 1, "pos": [7]}, "of": {"prob": 0.029239766081871343, "count": 5, "pos": [8, 31, 84, 146, 149]}, "red": {"prob": 0.011695906432748537, "count": 2, "pos": [10, 117]}, "armi": {"prob": 0.023391812865497075, "count": 4, "pos": [11, 114, 118, 165]}, "cavalri": {"prob": 0.005847953216374269, "count": 1, "pos": [12]}, "klavdia": {"prob": 0.005847953216374269, "count": 1, "pos": [13]}, "vavilova": {"prob": 0.023391812865497075, "count": 4, "pos": [14, 54, 88, 120]}, "find": {"prob": 0.005847953216374269, "count": 1, "pos": [15]}, "herself": {"prob": 0.005847953216374269, "count": 1, "pos": [16]}, "pregnant": {"prob": 0.005847953216374269, "count": 1, "pos": [17]}, "until": {"prob": 0.005847953216374269, "count": 1, "pos": [18]}, "her": {"prob": 0.04093567251461988, "count": 7, "pos": [19, 58, 75, 80, 85, 164, 168]}, "child": {"prob": 0.005847953216374269, "count": 1, "pos": [20]}, "is": {"prob": 0.017543859649122806, "count": 3, "pos": [21, 24, 141]}, "born": {"prob": 0.005847953216374269, "count": 1, "pos": [22]}, "she": {"prob": 0.011695906432748537, "count": 2, "pos": [23, 157]}, "forc": {"prob": 0.005847953216374269, "count": 1, "pos": [25]}, "to": {"prob": 0.029239766081871343, "count": 5, "pos": [26, 102, 122, 159, 162]}, "stay": {"prob": 0.005847953216374269, "count": 1, "pos": [27]}, "with": {"prob": 0.023391812865497075, "count": 4, "pos": [28, 81, 125, 143]}, "famili": {"prob": 0.011695906432748537, "count": 2, "pos": [30, 51]}, "poor": {"prob": 0.005847953216374269, "count": 1, "pos": [33]}, "jewish": {"prob": 0.005847953216374269, "count": 1, "pos": [34]}, "blacksmith": {"prob": 0.005847953216374269, "count": 1, "pos": [35]}, "yefim": {"prob": 0.005847953216374269, "count": 1, "pos": [36]}, "magazannik": {"prob": 0.011695906432748537, "count": 2, "pos": [37, 50]}, "hi": {"prob": 0.005847953216374269, "count": 1, "pos": [38]}, "wife": {"prob": 0.005847953216374269, "count": 1, "pos": [39]}, "mother": {"prob": 0.005847953216374269, "count": 1, "pos": [40]}, "in": {"prob": 0.017543859649122806, "count": 3, "pos": [41, 134, 152]}, "law": {"prob": 0.005847953216374269, "count": 1, "pos": [42]}, "and": {"prob": 0.03508771929824561, "count": 6, "pos": [43, 52, 78, 94, 105, 136]}, "six": {"prob": 0.005847953216374269, "count": 1, "pos": [44]}, "children": {"prob": 0.005847953216374269, "count": 1, "pos": [45]}, "at": {"prob": 0.005847953216374269, "count": 1, "pos": [46]}, "first": {"prob": 0.005847953216374269, "count": 1, "pos": [47]}, "both": {"prob": 0.005847953216374269, "count": 1, "pos": [48]}, "madam": {"prob": 0.005847953216374269, "count": 1, "pos": [53]}, "as": {"prob": 0.011695906432748537, "count": 2, "pos": [55, 115]}, "they": {"prob": 0.011695906432748537, "count": 2, "pos": [56, 69]}, "call": {"prob": 0.005847953216374269, "count": 1, "pos": [57]}, "are": {"prob": 0.005847953216374269, "count": 1, "pos": [59]}, "not": {"prob": 0.005847953216374269, "count": 1, "pos": [60]}, "enthusiast": {"prob": 0.005847953216374269, "count": 1, "pos": [61]}, "about": {"prob": 0.005847953216374269, "count": 1, "pos": [62]}, "live": {"prob": 0.005847953216374269, "count": 1, "pos": [63]}, "under": {"prob": 0.005847953216374269, "count": 1, "pos": [64]}, "one": {"prob": 0.011695906432748537, "count": 2, "pos": [65, 129]}, "roof": {"prob": 0.005847953216374269, "count": 1, "pos": [66]}, "but": {"prob": 0.011695906432748537, "count": 2, "pos": [67, 138]}, "soon": {"prob": 0.005847953216374269, "count": 1, "pos": [68]}, "share": {"prob": 0.005847953216374269, "count": 1, "pos": [70]}, "their": {"prob": 0.005847953216374269, "count": 1, "pos": [71]}, "ration": {"prob": 0.005847953216374269, "count": 1, "pos": [72]}, "food": {"prob": 0.005847953216374269, "count": 1, "pos": [73]}, "make": {"prob": 0.005847953216374269, "count": 1, "pos": [74]}, "civilian": {"prob": 0.011695906432748537, "count": 2, "pos": [76, 92]}, "cloth": {"prob": 0.005847953216374269, "count": 1, "pos": [77]}, "help": {"prob": 0.005847953216374269, "count": 1, "pos": [79]}, "deliveri": {"prob": 0.005847953216374269, "count": 1, "pos": [83]}, "newborn": {"prob": 0.011695906432748537, "count": 2, "pos": [86, 169]}, "son": {"prob": 0.005847953216374269, "count": 1, "pos": [87]}, "seeming": {"prob": 0.005847953216374269, "count": 1, "pos": [89]}, "embrac": {"prob": 0.005847953216374269, "count": 1, "pos": [90]}, "motherhood": {"prob": 0.005847953216374269, "count": 1, "pos": [91]}, "life": {"prob": 0.005847953216374269, "count": 1, "pos": [93]}, "new": {"prob": 0.005847953216374269, "count": 1, "pos": [95]}, "friend": {"prob": 0.005847953216374269, "count": 1, "pos": [96]}, "meanwhil": {"prob": 0.005847953216374269, "count": 1, "pos": [97]}, "frontlin": {"prob": 0.005847953216374269, "count": 1, "pos": [99]}, "advanc": {"prob": 0.005847953216374269, "count": 1, "pos": [100]}, "closer": {"prob": 0.005847953216374269, "count": 1, "pos": [101]}, "town": {"prob": 0.005847953216374269, "count": 1, "pos": [104]}, "jew": {"prob": 0.011695906432748537, "count": 2, "pos": [107, 151]}, "expect": {"prob": 0.005847953216374269, "count": 1, "pos": [108]}, "pogrom": {"prob": 0.005847953216374269, "count": 1, "pos": [110]}, "by": {"prob": 0.005847953216374269, "count": 1, "pos": [111]}, "white": {"prob": 0.005847953216374269, "count": 1, "pos": [113]}, "retreat": {"prob": 0.005847953216374269, "count": 1, "pos": [119]}, "attempt": {"prob": 0.005847953216374269, "count": 1, "pos": [121]}, "consol": {"prob": 0.005847953216374269, "count": 1, "pos": [123]}, "them": {"prob": 0.005847953216374269, "count": 1, "pos": [124]}, "communist": {"prob": 0.005847953216374269, "count": 1, "pos": [127]}, "dream": {"prob": 0.011695906432748537, "count": 2, "pos": [128, 140]}, "day": {"prob": 0.005847953216374269, "count": 1, "pos": [130]}, "peopl": {"prob": 0.005847953216374269, "count": 1, "pos": [131]}, "will": {"prob": 0.005847953216374269, "count": 1, "pos": [132]}, "work": {"prob": 0.005847953216374269, "count": 1, "pos": [133]}, "peac": {"prob": 0.005847953216374269, "count": 1, "pos": [135]}, "harmoni": {"prob": 0.005847953216374269, "count": 1, "pos": [137]}, "interrupt": {"prob": 0.005847953216374269, "count": 1, "pos": [142]}, "vision": {"prob": 0.005847953216374269, "count": 1, "pos": [145]}, "fate": {"prob": 0.005847953216374269, "count": 1, "pos": [148]}, "come": {"prob": 0.005847953216374269, "count": 1, "pos": [154]}, "world": {"prob": 0.005847953216374269, "count": 1, "pos": [155]}, "rush": {"prob": 0.005847953216374269, "count": 1, "pos": [158]}, "front": {"prob": 0.005847953216374269, "count": 1, "pos": [161]}, "rejoin": {"prob": 0.005847953216374269, "count": 1, "pos": [163]}, "regiment": {"prob": 0.005847953216374269, "count": 1, "pos": [166]}, "leav": {"prob": 0.005847953216374269, "count": 1, "pos": [167]}, "behind": {"prob": 0.005847953216374269, "count": 1, "pos": [170]}}