{"__total__": 385, "__name__": "doc_415_Coquette.txt", "norma": {"prob": 0.04935064935064935, "count": 19, "pos": [0, 25, 27, 51, 57, 101, 120, 153, 190, 198, 208, 217, 226, 243, 255, 281, 319, 360, 375]}, "besant": {"prob": 0.01818181818181818, "count": 7, "pos": [1, 18, 45, 172, 196, 238, 321]}, "daughter": {"prob": 0.0025974025974025974, "count": 1, "pos": [2]}, "of": {"prob": 0.007792207792207792, "count": 3, "pos": [3, 47, 351]}, "a": {"prob": 0.015584415584415584, "count": 6, "pos": [4, 30, 83, 88, 103, 176]}, "southern": {"prob": 0.0025974025974025974, "count": 1, "pos": [5]}, "doctor": {"prob": 0.0025974025974025974, "count": 1, "pos": [6]}, "is": {"prob": 0.012987012987012988, "count": 5, "pos": [7, 22, 156, 173, 335]}, "an": {"prob": 0.0025974025974025974, "count": 1, "pos": [8]}, "incorrig": {"prob": 0.0025974025974025974, "count": 1, "pos": [9]}, "flirt": {"prob": 0.0025974025974025974, "count": 1, "pos": [10]}, "and": {"prob": 0.033766233766233764, "count": 13, "pos": [11, 49, 92, 124, 145, 158, 175, 202, 272, 287, 325, 334, 346]}, "ha": {"prob": 0.015584415584415584, "count": 6, "pos": [12, 28, 38, 141, 331, 362]}, "mani": {"prob": 0.0025974025974025974, "count": 1, "pos": [13]}, "suitor": {"prob": 0.0025974025974025974, "count": 1, "pos": [14]}, "her": {"prob": 0.03896103896103896, "count": 15, "pos": [15, 82, 163, 166, 200, 213, 224, 235, 252, 266, 279, 288, 293, 301, 372]}, "father": {"prob": 0.015584415584415584, "count": 6, "pos": [16, 164, 225, 253, 280, 289]}, "dr": {"prob": 0.015584415584415584, "count": 6, "pos": [17, 44, 171, 195, 237, 320]}, "favor": {"prob": 0.0025974025974025974, "count": 1, "pos": [19]}, "stanley": {"prob": 0.007792207792207792, "count": 3, "pos": [20, 214, 357]}, "who": {"prob": 0.007792207792207792, "count": 3, "pos": [21, 36, 361]}, "taken": {"prob": 0.0025974025974025974, "count": 1, "pos": [23]}, "with": {"prob": 0.01038961038961039, "count": 4, "pos": [24, 43, 182, 189]}, "howev": {"prob": 0.005194805194805195, "count": 2, "pos": [26, 139]}, "met": {"prob": 0.0025974025974025974, "count": 1, "pos": [29]}, "simpl": {"prob": 0.0025974025974025974, "count": 1, "pos": [31]}, "man": {"prob": 0.0025974025974025974, "count": 1, "pos": [32]}, "name": {"prob": 0.0025974025974025974, "count": 1, "pos": [33]}, "michael": {"prob": 0.025974025974025976, "count": 10, "pos": [34, 48, 67, 93, 115, 155, 183, 219, 229, 275]}, "jeffrey": {"prob": 0.0025974025974025974, "count": 1, "pos": [35]}, "she": {"prob": 0.015584415584415584, "count": 6, "pos": [37, 131, 264, 268, 302, 378]}, "fallen": {"prob": 0.0025974025974025974, "count": 1, "pos": [39]}, "mad": {"prob": 0.0025974025974025974, "count": 1, "pos": [40]}, "in": {"prob": 0.023376623376623377, "count": 9, "pos": [41, 68, 75, 85, 168, 205, 234, 349, 364]}, "love": {"prob": 0.0025974025974025974, "count": 1, "pos": [42]}, "disapprov": {"prob": 0.0025974025974025974, "count": 1, "pos": [46]}, "order": {"prob": 0.005194805194805195, "count": 2, "pos": [50, 197]}, "to": {"prob": 0.04935064935064935, "count": 19, "pos": [52, 65, 99, 114, 119, 147, 186, 199, 211, 228, 244, 247, 250, 277, 291, 306, 337, 370, 381]}, "never": {"prob": 0.0025974025974025974, "count": 1, "pos": [53]}, "see": {"prob": 0.007792207792207792, "count": 3, "pos": [54, 100, 356]}, "him": {"prob": 0.005194805194805195, "count": 2, "pos": [55, 59]}, "again": {"prob": 0.0025974025974025974, "count": 1, "pos": [56]}, "give": {"prob": 0.0025974025974025974, "count": 1, "pos": [58]}, "their": {"prob": 0.0025974025974025974, "count": 1, "pos": [60]}, "word": {"prob": 0.0025974025974025974, "count": 1, "pos": [61]}, "then": {"prob": 0.005194805194805195, "count": 2, "pos": [62, 342]}, "prompt": {"prob": 0.0025974025974025974, "count": 1, "pos": [63]}, "plan": {"prob": 0.0025974025974025974, "count": 1, "pos": [64]}, "marri": {"prob": 0.0025974025974025974, "count": 1, "pos": [66]}, "6": {"prob": 0.0025974025974025974, "count": 1, "pos": [69]}, "month": {"prob": 0.005194805194805195, "count": 2, "pos": [70, 90]}, "when": {"prob": 0.0025974025974025974, "count": 1, "pos": [71]}, "he": {"prob": 0.023376623376623377, "count": 9, "pos": [72, 79, 160, 232, 299, 309, 330, 341, 368]}, "made": {"prob": 0.005194805194805195, "count": 2, "pos": [73, 122]}, "good": {"prob": 0.0025974025974025974, "count": 1, "pos": [74]}, "the": {"prob": 0.04415584415584416, "count": 17, "pos": [76, 86, 97, 129, 134, 143, 248, 260, 270, 295, 311, 314, 323, 339, 344, 352, 365]}, "hill": {"prob": 0.005194805194805195, "count": 2, "pos": [77, 98]}, "so": {"prob": 0.0025974025974025974, "count": 1, "pos": [78]}, "can": {"prob": 0.0025974025974025974, "count": 1, "pos": [80]}, "buy": {"prob": 0.0025974025974025974, "count": 1, "pos": [81]}, "home": {"prob": 0.01038961038961039, "count": 4, "pos": [84, 133, 373, 383]}, "valley": {"prob": 0.0025974025974025974, "count": 1, "pos": [87]}, "few": {"prob": 0.0025974025974025974, "count": 1, "pos": [89]}, "pass": {"prob": 0.0025974025974025974, "count": 1, "pos": [91]}, "sneak": {"prob": 0.005194805194805195, "count": 2, "pos": [94, 112]}, "down": {"prob": 0.005194805194805195, "count": 2, "pos": [95, 283]}, "from": {"prob": 0.0025974025974025974, "count": 1, "pos": [96]}, "at": {"prob": 0.005194805194805195, "count": 2, "pos": [102, 137]}, "countri": {"prob": 0.0025974025974025974, "count": 1, "pos": [104]}, "club": {"prob": 0.0025974025974025974, "count": 1, "pos": [105]}, "danc": {"prob": 0.0025974025974025974, "count": 1, "pos": [106]}, "want": {"prob": 0.0025974025974025974, "count": 1, "pos": [107]}, "more": {"prob": 0.0025974025974025974, "count": 1, "pos": [108]}, "time": {"prob": 0.0025974025974025974, "count": 1, "pos": [109]}, "alon": {"prob": 0.005194805194805195, "count": 2, "pos": [110, 384]}, "they": {"prob": 0.005194805194805195, "count": 2, "pos": [111, 121]}, "off": {"prob": 0.0025974025974025974, "count": 1, "pos": [113]}, "mother": {"prob": 0.0025974025974025974, "count": 1, "pos": [116]}, "cabin": {"prob": 0.005194805194805195, "count": 2, "pos": [117, 230]}, "accord": {"prob": 0.0025974025974025974, "count": 1, "pos": [118]}, "coff": {"prob": 0.0025974025974025974, "count": 1, "pos": [123]}, "talk": {"prob": 0.0025974025974025974, "count": 1, "pos": [125]}, "all": {"prob": 0.0025974025974025974, "count": 1, "pos": [126]}, "night": {"prob": 0.0025974025974025974, "count": 1, "pos": [127]}, "about": {"prob": 0.005194805194805195, "count": 2, "pos": [128, 274]}, "futur": {"prob": 0.0025974025974025974, "count": 1, "pos": [130]}, "return": {"prob": 0.0025974025974025974, "count": 1, "pos": [132]}, "next": {"prob": 0.0025974025974025974, "count": 1, "pos": [135]}, "day": {"prob": 0.0025974025974025974, "count": 1, "pos": [136]}, "4am": {"prob": 0.0025974025974025974, "count": 1, "pos": [138]}, "someon": {"prob": 0.0025974025974025974, "count": 1, "pos": [140]}, "spot": {"prob": 0.005194805194805195, "count": 2, "pos": [142, 310]}, "coupl": {"prob": 0.0025974025974025974, "count": 1, "pos": [144]}, "began": {"prob": 0.0025974025974025974, "count": 1, "pos": [146]}, "spread": {"prob": 0.0025974025974025974, "count": 1, "pos": [148]}, "rumor": {"prob": 0.0025974025974025974, "count": 1, "pos": [149]}, "around": {"prob": 0.0025974025974025974, "count": 1, "pos": [150]}, "town": {"prob": 0.0025974025974025974, "count": 1, "pos": [151]}, "destroy": {"prob": 0.0025974025974025974, "count": 1, "pos": [152]}, "reput": {"prob": 0.0025974025974025974, "count": 1, "pos": [154]}, "furiou": {"prob": 0.005194805194805195, "count": 2, "pos": [157, 174]}, "vow": {"prob": 0.005194805194805195, "count": 2, "pos": [159, 185]}, "will": {"prob": 0.005194805194805195, "count": 2, "pos": [161, 336]}, "ask": {"prob": 0.0025974025974025974, "count": 1, "pos": [162]}, "for": {"prob": 0.005194805194805195, "count": 2, "pos": [165, 359]}, "hand": {"prob": 0.005194805194805195, "count": 2, "pos": [167, 206]}, "marriag": {"prob": 0.0025974025974025974, "count": 1, "pos": [169]},