{"__total__": 652, "__name__": "doc_418_Cradle_2_the_Grave.txt", "the": {"prob": 0.07668711656441718, "count": 50, "pos": [0, 24, 41, 47, 50, 78, 81, 86, 90, 98, 127, 139, 151, 159, 188, 216, 240, 254, 267, 270, 296, 310, 313, 329, 332, 352, 358, 365, 385, 391, 406, 415, 422, 431, 436, 446, 450, 461, 480, 496, 517, 526, 548, 551, 555, 588, 591, 617, 641, 644]}, "film": {"prob": 0.0015337423312883436, "count": 1, "pos": [1]}, "open": {"prob": 0.0015337423312883436, "count": 1, "pos": [2]}, "with": {"prob": 0.009202453987730062, "count": 6, "pos": [3, 230, 299, 493, 610, 627]}, "a": {"prob": 0.02607361963190184, "count": 17, "pos": [4, 17, 27, 34, 61, 101, 105, 204, 300, 403, 467, 471, 536, 564, 605, 613, 625]}, "group": {"prob": 0.004601226993865031, "count": 3, "pos": [5, 527, 552]}, "of": {"prob": 0.015337423312883436, "count": 10, "pos": [6, 63, 126, 227, 331, 523, 539, 575, 587, 643]}, "thieves\u00e2": {"prob": 0.0015337423312883436, "count": 1, "pos": [7]}, "led": {"prob": 0.0015337423312883436, "count": 1, "pos": [8]}, "by": {"prob": 0.006134969325153374, "count": 4, "pos": [9, 171, 225, 585]}, "anthoni": {"prob": 0.0015337423312883436, "count": 1, "pos": [10]}, "fait\u00e2": {"prob": 0.0015337423312883436, "count": 1, "pos": [11]}, "attempt": {"prob": 0.004601226993865031, "count": 3, "pos": [12, 44, 100]}, "to": {"prob": 0.04447852760736196, "count": 29, "pos": [13, 45, 116, 132, 149, 249, 269, 272, 290, 293, 308, 341, 345, 350, 368, 377, 381, 383, 400, 445, 448, 490, 514, 531, 554, 596, 603, 623, 639]}, "steal": {"prob": 0.0015337423312883436, "count": 1, "pos": [14]}, "diamond": {"prob": 0.02147239263803681, "count": 14, "pos": [15, 56, 65, 79, 128, 141, 153, 190, 218, 256, 297, 311, 432, 451]}, "for": {"prob": 0.004601226993865031, "count": 3, "pos": [16, 26, 420]}, "frenchman": {"prob": 0.0015337423312883436, "count": 1, "pos": [18]}, "name": {"prob": 0.003067484662576687, "count": 2, "pos": [19, 38]}, "christoph": {"prob": 0.006134969325153374, "count": 4, "pos": [20, 33, 164, 176]}, "who": {"prob": 0.007668711656441718, "count": 5, "pos": [21, 210, 284, 334, 387]}, "serv": {"prob": 0.0015337423312883436, "count": 1, "pos": [22]}, "as": {"prob": 0.010736196319018405, "count": 7, "pos": [23, 54, 57, 257, 402, 489, 634]}, "middleman": {"prob": 0.0015337423312883436, "count": 1, "pos": [25]}, "mysteri": {"prob": 0.003067484662576687, "count": 2, "pos": [28, 165]}, "employ": {"prob": 0.004601226993865031, "count": 3, "pos": [29, 166, 330]}, "when": {"prob": 0.006134969325153374, "count": 4, "pos": [30, 338, 442, 590]}, "fait": {"prob": 0.03067484662576687, "count": 20, "pos": [31, 69, 92, 110, 143, 182, 194, 202, 213, 219, 244, 277, 287, 292, 303, 320, 343, 363, 568, 594]}, "contact": {"prob": 0.0015337423312883436, "count": 1, "pos": [32]}, "taiwan": {"prob": 0.0015337423312883436, "count": 1, "pos": [35]}, "intellig": {"prob": 0.0015337423312883436, "count": 1, "pos": [36]}, "agent": {"prob": 0.004601226993865031, "count": 3, "pos": [37, 66, 118]}, "su": {"prob": 0.015337423312883436, "count": 10, "pos": [39, 67, 119, 129, 197, 231, 305, 373, 397, 411]}, "intercept": {"prob": 0.0015337423312883436, "count": 1, "pos": [40]}, "conver": {"prob": 0.0015337423312883436, "count": 1, "pos": [42]}, "and": {"prob": 0.0352760736196319, "count": 23, "pos": [43, 70, 74, 97, 112, 122, 180, 183, 221, 236, 252, 304, 315, 362, 364, 374, 474, 567, 569, 581, 607, 620, 648]}, "identifi": {"prob": 0.0015337423312883436, "count": 1, "pos": [46]}, "crimin": {"prob": 0.004601226993865031, "count": 3, "pos": [48, 99, 599]}, "while": {"prob": 0.004601226993865031, "count": 3, "pos": [49, 109, 464]}, "crew": {"prob": 0.004601226993865031, "count": 3, "pos": [51, 76, 571]}, "gather": {"prob": 0.0015337423312883436, "count": 1, "pos": [52]}, "up": {"prob": 0.004601226993865031, "count": 3, "pos": [53, 295, 307]}, "mani": {"prob": 0.0015337423312883436, "count": 1, "pos": [55]}, "they": {"prob": 0.009202453987730062, "count": 6, "pos": [58, 417, 428, 443, 452, 637]}, "can": {"prob": 0.0015337423312883436, "count": 1, "pos": [59]}, "includ": {"prob": 0.0015337423312883436, "count": 1, "pos": [60]}, "bag": {"prob": 0.0015337423312883436, "count": 1, "pos": [62]}, "black": {"prob": 0.009202453987730062, "count": 6, "pos": [64, 140, 152, 189, 217, 255]}, "call": {"prob": 0.006134969325153374, "count": 4, "pos": [68, 206, 281, 475]}, "demand": {"prob": 0.004601226993865031, "count": 3, "pos": [71, 211, 253]}, "that": {"prob": 0.02147239263803681, "count": 14, "pos": [72, 85, 134, 175, 181, 192, 212, 245, 264, 430, 454, 499, 509, 545]}, "he": {"prob": 0.006134969325153374, "count": 4, "pos": [73, 154, 233, 265]}, "hi": {"prob": 0.013803680981595092, "count": 9, "pos": [75, 146, 172, 184, 250, 274, 356, 570, 598]}, "leav": {"prob": 0.003067484662576687, "count": 2, "pos": [77, 369]}, "in": {"prob": 0.013803680981595092, "count": 9, "pos": [80, 355, 405, 435, 439, 466, 504, 601, 612]}, "vault": {"prob": 0.0015337423312883436, "count": 1, "pos": [82]}, "warn": {"prob": 0.003067484662576687, "count": 2, "pos": [83, 96]}, "him": {"prob": 0.0015337423312883436, "count": 1, "pos": [84]}, "polic": {"prob": 0.003067484662576687, "count": 2, "pos": [87, 592]}, "are": {"prob": 0.006134969325153374, "count": 4, "pos": [88, 418, 433, 520]}, "on": {"prob": 0.0015337423312883436, "count": 1, "pos": [89]}, "way": {"prob": 0.0015337423312883436, "count": 1, "pos": [91]}, "howev": {"prob": 0.0015337423312883436, "count": 1, "pos": [93]}, "ignor": {"prob": 0.0015337423312883436, "count": 1, "pos": [94]}, "thi": {"prob": 0.004601226993865031, "count": 3, "pos": [95, 199, 426]}, "dare": {"prob": 0.0015337423312883436, "count": 1, "pos": [102]}, "escap": {"prob": 0.004601226993865031, "count": 3, "pos": [103, 117, 237]}, "past": {"prob": 0.0015337423312883436, "count": 1, "pos": [104]}, "swat": {"prob": 0.0015337423312883436, "count": 1, "pos": [106]}, "team": {"prob": 0.004601226993865031, "count": 3, "pos": [107, 306, 577]}, "blockad": {"prob": 0.0015337423312883436, "count": 1, "pos": [108]}, "daria": {"prob": 0.0015337423312883436, "count": 1, "pos": [111]}, "tommi": {"prob": 0.003067484662576687, "count": 2, "pos": [113, 619]}, "all": {"prob": 0.0015337423312883436, "count": 1, "pos": [114]}, "manag": {"prob": 0.0015337423312883436, "count": 1, "pos": [115]}, "captur": {"prob": 0.0015337423312883436, "count": 1, "pos": [120]}, "mile": {"prob": 0.004601226993865031, "count": 3, "pos": [121, 124, 135]}, "recov": {"prob": 0.003067484662576687, "count": 2, "pos": [123, 309]}, "share": {"prob": 0.0015337423312883436, "count": 1, "pos": [125]}, "is": {"prob": 0.012269938650306749, "count": 8, "pos": [130, 169, 222, 398, 501, 561, 579, 583]}, "disappoint": {"prob": 0.0015337423312883436, "count": 1, "pos": [131]}, "find": {"prob": 0.010736196319018405, "count": 7, "pos": [133, 351, 384, 453, 470, 532, 547]}, "doe": {"prob": 0.003067484662576687, "count": 2, "pos": [136, 393]}, "not": {"prob": 0.003067484662576687, "count": 2, "pos": [137, 394]}, "have": {"prob": 0.006134969325153374, "count": 4, "pos": [138, 186, 367, 458]}, "though": {"prob": 0.0015337423312883436, "count": 1, "pos": [142]}, "meanwhil": {"prob": 0.004601226993865031, "count": 3, "pos": [144, 372, 463]}, "ask": {"prob": 0.0015337423312883436, "count": 1, "pos": [145]}, "friend": {"prob": 0.0015337423312883436, "count": 1, "pos": [147]}, "archi": {"prob": 0.012269938650306749, "count": 8, "pos": [148, 242, 262, 337, 375, 389, 413, 621]}, "apprai": {"prob": 0.0015337423312883436, "count": 1, "pos": [150]}, "had": {"prob": 0.003067484662576687, "count": 2, "pos": [155, 335]}, "stolen": {"prob": 0.0015337423312883436, "count": 1, "pos": [156]}, "arriv": {"prob": 0.003067484662576687, "count": 2, "pos": [157, 593]}, "at": {"prob": 0.0015337423312883436, "count": 1, "pos": [158]}, "san": {"prob": 0.0015337423312883436, "count": 1, "pos": [160]}, "francisco": {"prob": 0.0015337423312883436, "count": 1, "pos": [161]},