{"__total__": 149, "__name__": "doc_424_Crossfire.txt", "after": {"prob": 0.006711409395973154, "count": 1, "pos": [0]}, "he": {"prob": 0.006711409395973154, "count": 1, "pos": [1]}, "call": {"prob": 0.006711409395973154, "count": 1, "pos": [2]}, "in": {"prob": 0.006711409395973154, "count": 1, "pos": [3]}, "to": {"prob": 0.06040268456375839, "count": 9, "pos": [4, 64, 68, 73, 90, 131, 135, 140, 145]}, "investig": {"prob": 0.026845637583892617, "count": 4, "pos": [5, 20, 65, 75]}, "the": {"prob": 0.053691275167785234, "count": 8, "pos": [6, 60, 66, 88, 96, 113, 129, 147]}, "brutal": {"prob": 0.006711409395973154, "count": 1, "pos": [7]}, "kill": {"prob": 0.006711409395973154, "count": 1, "pos": [8]}, "of": {"prob": 0.026845637583892617, "count": 4, "pos": [9, 31, 82, 115]}, "joseph": {"prob": 0.006711409395973154, "count": 1, "pos": [10]}, "samuel": {"prob": 0.013422818791946308, "count": 2, "pos": [11, 39]}, "who": {"prob": 0.013422818791946308, "count": 2, "pos": [12, 34]}, "wa": {"prob": 0.006711409395973154, "count": 1, "pos": [13]}, "found": {"prob": 0.006711409395973154, "count": 1, "pos": [14]}, "dead": {"prob": 0.006711409395973154, "count": 1, "pos": [15]}, "at": {"prob": 0.013422818791946308, "count": 2, "pos": [16, 44]}, "hi": {"prob": 0.026845637583892617, "count": 4, "pos": [17, 41, 55, 70]}, "home": {"prob": 0.006711409395973154, "count": 1, "pos": [18]}, "polic": {"prob": 0.006711409395973154, "count": 1, "pos": [19]}, "finlay": {"prob": 0.020134228187919462, "count": 3, "pos": [21, 107, 139]}, "discov": {"prob": 0.006711409395973154, "count": 1, "pos": [22]}, "there": {"prob": 0.013422818791946308, "count": 2, "pos": [23, 120]}, "may": {"prob": 0.020134228187919462, "count": 3, "pos": [24, 58, 126]}, "be": {"prob": 0.013422818791946308, "count": 2, "pos": [25, 59]}, "a": {"prob": 0.040268456375838924, "count": 6, "pos": [26, 29, 45, 86, 102, 143]}, "murder": {"prob": 0.013422818791946308, "count": 2, "pos": [27, 67]}, "among": {"prob": 0.006711409395973154, "count": 1, "pos": [28]}, "group": {"prob": 0.006711409395973154, "count": 1, "pos": [30]}, "demobil": {"prob": 0.006711409395973154, "count": 1, "pos": [32]}, "soldier": {"prob": 0.013422818791946308, "count": 2, "pos": [33, 78]}, "had": {"prob": 0.006711409395973154, "count": 1, "pos": [35]}, "been": {"prob": 0.006711409395973154, "count": 1, "pos": [36]}, "seen": {"prob": 0.006711409395973154, "count": 1, "pos": [37]}, "with": {"prob": 0.006711409395973154, "count": 1, "pos": [38]}, "and": {"prob": 0.026845637583892617, "count": 4, "pos": [40, 95, 101, 108]}, "femal": {"prob": 0.006711409395973154, "count": 1, "pos": [42]}, "friend": {"prob": 0.020134228187919462, "count": 3, "pos": [43, 56, 71]}, "hotel": {"prob": 0.006711409395973154, "count": 1, "pos": [46]}, "bar": {"prob": 0.006711409395973154, "count": 1, "pos": [47]}, "that": {"prob": 0.03355704697986577, "count": 5, "pos": [48, 54, 83, 116, 125]}, "night": {"prob": 0.020134228187919462, "count": 3, "pos": [49, 84, 117]}, "meanwhil": {"prob": 0.006711409395973154, "count": 1, "pos": [50]}, "sergeant": {"prob": 0.006711409395973154, "count": 1, "pos": [51]}, "keeley": {"prob": 0.013422818791946308, "count": 2, "pos": [52, 109]}, "concern": {"prob": 0.006711409395973154, "count": 1, "pos": [53]}, "mitch": {"prob": 0.013422818791946308, "count": 2, "pos": [57, 100]}, "prime": {"prob": 0.006711409395973154, "count": 1, "pos": [61]}, "suspect": {"prob": 0.013422818791946308, "count": 2, "pos": [62, 77]}, "decid": {"prob": 0.006711409395973154, "count": 1, "pos": [63]}, "clear": {"prob": 0.006711409395973154, "count": 1, "pos": [69]}, "name": {"prob": 0.006711409395973154, "count": 1, "pos": [72]}, "both": {"prob": 0.006711409395973154, "count": 1, "pos": [74]}, "each": {"prob": 0.006711409395973154, "count": 1, "pos": [76]}, "relay": {"prob": 0.006711409395973154, "count": 1, "pos": [79]}, "their": {"prob": 0.006711409395973154, "count": 1, "pos": [80]}, "version": {"prob": 0.006711409395973154, "count": 1, "pos": [81]}, "through": {"prob": 0.006711409395973154, "count": 1, "pos": [85]}, "flashback": {"prob": 0.006711409395973154, "count": 1, "pos": [87]}, "first": {"prob": 0.006711409395973154, "count": 1, "pos": [89]}, "step": {"prob": 0.006711409395973154, "count": 1, "pos": [91]}, "up": {"prob": 0.013422818791946308, "count": 2, "pos": [92, 142]}, "is": {"prob": 0.013422818791946308, "count": 2, "pos": [93, 121]}, "montgomeri": {"prob": 0.006711409395973154, "count": 1, "pos": [94]}, "rest": {"prob": 0.006711409395973154, "count": 1, "pos": [97]}, "are": {"prob": 0.006711409395973154, "count": 1, "pos": [98]}, "floyd": {"prob": 0.006711409395973154, "count": 1, "pos": [99]}, "possibl": {"prob": 0.013422818791946308, "count": 2, "pos": [103, 123]}, "wit": {"prob": 0.006711409395973154, "count": 1, "pos": [104]}, "ginni": {"prob": 0.006711409395973154, "count": 1, "pos": [105]}, "as": {"prob": 0.006711409395973154, "count": 1, "pos": [106]}, "slowli": {"prob": 0.006711409395973154, "count": 1, "pos": [110]}, "piec": {"prob": 0.006711409395973154, "count": 1, "pos": [111]}, "togeth": {"prob": 0.006711409395973154, "count": 1, "pos": [112]}, "fragment": {"prob": 0.006711409395973154, "count": 1, "pos": [114]}, "they": {"prob": 0.006711409395973154, "count": 1, "pos": [118]}, "realiz": {"prob": 0.006711409395973154, "count": 1, "pos": [119]}, "one": {"prob": 0.006711409395973154, "count": 1, "pos": [122]}, "motiv": {"prob": 0.006711409395973154, "count": 1, "pos": [124]}, "have": {"prob": 0.006711409395973154, "count": 1, "pos": [127]}, "driven": {"prob": 0.006711409395973154, "count": 1, "pos": [128]}, "killer": {"prob": 0.013422818791946308, "count": 2, "pos": [130, 148]}, "beat": {"prob": 0.006711409395973154, "count": 1, "pos": [132]}, "an": {"prob": 0.006711409395973154, "count": 1, "pos": [133]}, "innoc": {"prob": 0.006711409395973154, "count": 1, "pos": [134]}, "death": {"prob": 0.006711409395973154, "count": 1, "pos": [136]}, "which": {"prob": 0.006711409395973154, "count": 1, "pos": [137]}, "prompt": {"prob": 0.006711409395973154, "count": 1, "pos": [138]}, "set": {"prob": 0.006711409395973154, "count": 1, "pos": [141]}, "trap": {"prob": 0.006711409395973154, "count": 1, "pos": [144]}, "expo": {"prob": 0.006711409395973154, "count": 1, "pos": [146]}}