{"__total__": 282, "__name__": "doc_425_Crossing_Delancey.txt", "isabel": {"prob": 0.028368794326241134, "count": 8, "pos": [0, 31, 48, 83, 105, 169, 177, 228]}, "grossman": {"prob": 0.0035460992907801418, "count": 1, "pos": [1]}, "work": {"prob": 0.010638297872340425, "count": 3, "pos": [2, 116, 187]}, "for": {"prob": 0.01773049645390071, "count": 5, "pos": [3, 66, 118, 137, 172]}, "a": {"prob": 0.014184397163120567, "count": 4, "pos": [4, 24, 159, 219]}, "new": {"prob": 0.0070921985815602835, "count": 2, "pos": [5, 129]}, "york": {"prob": 0.0070921985815602835, "count": 2, "pos": [6, 130]}, "bookstor": {"prob": 0.0070921985815602835, "count": 2, "pos": [7, 21]}, "which": {"prob": 0.0035460992907801418, "count": 1, "pos": [8]}, "support": {"prob": 0.0035460992907801418, "count": 1, "pos": [9]}, "author": {"prob": 0.0070921985815602835, "count": 2, "pos": [10, 15]}, "through": {"prob": 0.0070921985815602835, "count": 2, "pos": [11, 224]}, "public": {"prob": 0.0035460992907801418, "count": 1, "pos": [12]}, "read": {"prob": 0.0070921985815602835, "count": 2, "pos": [13, 25]}, "when": {"prob": 0.0035460992907801418, "count": 1, "pos": [14]}, "anton": {"prob": 0.014184397163120567, "count": 4, "pos": [16, 126, 193, 211]}, "mae": {"prob": 0.0035460992907801418, "count": 1, "pos": [17]}, "come": {"prob": 0.0035460992907801418, "count": 1, "pos": [18]}, "to": {"prob": 0.03900709219858156, "count": 11, "pos": [19, 22, 52, 69, 74, 87, 90, 141, 179, 204, 230]}, "the": {"prob": 0.04964539007092199, "count": 14, "pos": [20, 36, 59, 75, 85, 95, 128, 150, 213, 226, 241, 252, 263, 265]}, "give": {"prob": 0.0035460992907801418, "count": 1, "pos": [23]}, "he": {"prob": 0.014184397163120567, "count": 4, "pos": [26, 113, 155, 197]}, "show": {"prob": 0.0035460992907801418, "count": 1, "pos": [27]}, "an": {"prob": 0.0070921985815602835, "count": 2, "pos": [28, 216]}, "interest": {"prob": 0.010638297872340425, "count": 3, "pos": [29, 108, 200]}, "in": {"prob": 0.01773049645390071, "count": 5, "pos": [30, 109, 149, 165, 201]}, "who": {"prob": 0.010638297872340425, "count": 3, "pos": [32, 56, 93]}, "is": {"prob": 0.024822695035460994, "count": 7, "pos": [33, 40, 106, 114, 190, 198, 275]}, "enamor": {"prob": 0.0035460992907801418, "count": 1, "pos": [34]}, "with": {"prob": 0.014184397163120567, "count": 4, "pos": [35, 145, 237, 251]}, "intellectu": {"prob": 0.0035460992907801418, "count": 1, "pos": [37]}, "world": {"prob": 0.0035460992907801418, "count": 1, "pos": [38]}, "that": {"prob": 0.02127659574468085, "count": 6, "pos": [39, 112, 154, 196, 210, 277]}, "veri": {"prob": 0.0035460992907801418, "count": 1, "pos": [41]}, "differ": {"prob": 0.0035460992907801418, "count": 1, "pos": [42]}, "from": {"prob": 0.010638297872340425, "count": 3, "pos": [43, 170, 262]}, "her": {"prob": 0.0425531914893617, "count": 12, "pos": [44, 53, 67, 89, 119, 123, 146, 183, 202, 231, 249, 278]}, "tradit": {"prob": 0.0035460992907801418, "count": 1, "pos": [45]}, "jewish": {"prob": 0.0035460992907801418, "count": 1, "pos": [46]}, "upbr": {"prob": 0.0035460992907801418, "count": 1, "pos": [47]}, "pay": {"prob": 0.0035460992907801418, "count": 1, "pos": [49]}, "frequent": {"prob": 0.0035460992907801418, "count": 1, "pos": [50]}, "visit": {"prob": 0.0035460992907801418, "count": 1, "pos": [51]}, "bubbi": {"prob": 0.0035460992907801418, "count": 1, "pos": [54]}, "ida": {"prob": 0.014184397163120567, "count": 4, "pos": [55, 72, 238, 271]}, "live": {"prob": 0.0035460992907801418, "count": 1, "pos": [57]}, "on": {"prob": 0.014184397163120567, "count": 4, "pos": [58, 98, 125, 240]}, "lower": {"prob": 0.0035460992907801418, "count": 1, "pos": [60]}, "east": {"prob": 0.0035460992907801418, "count": 1, "pos": [61]}, "side": {"prob": 0.0035460992907801418, "count": 1, "pos": [62]}, "of": {"prob": 0.010638297872340425, "count": 3, "pos": [63, 162, 215]}, "manhattan": {"prob": 0.0035460992907801418, "count": 1, "pos": [64]}, "anxiou": {"prob": 0.0035460992907801418, "count": 1, "pos": [65]}, "granddaught": {"prob": 0.0035460992907801418, "count": 1, "pos": [68]}, "settl": {"prob": 0.0035460992907801418, "count": 1, "pos": [70]}, "down": {"prob": 0.0035460992907801418, "count": 1, "pos": [71]}, "turn": {"prob": 0.0035460992907801418, "count": 1, "pos": [73]}, "local": {"prob": 0.0035460992907801418, "count": 1, "pos": [76]}, "marriag": {"prob": 0.0035460992907801418, "count": 1, "pos": [77]}, "broker": {"prob": 0.0035460992907801418, "count": 1, "pos": [78]}, "although": {"prob": 0.0035460992907801418, "count": 1, "pos": [79]}, "shock": {"prob": 0.0035460992907801418, "count": 1, "pos": [80]}, "and": {"prob": 0.024822695035460994, "count": 7, "pos": [81, 127, 139, 164, 194, 254, 270]}, "annoy": {"prob": 0.0035460992907801418, "count": 1, "pos": [82]}, "allow": {"prob": 0.0035460992907801418, "count": 1, "pos": [84]}, "matchmak": {"prob": 0.0070921985815602835, "count": 2, "pos": [86, 160]}, "introduc": {"prob": 0.0035460992907801418, "count": 1, "pos": [88]}, "sam": {"prob": 0.01773049645390071, "count": 5, "pos": [91, 110, 138, 256, 260]}, "posner": {"prob": 0.0035460992907801418, "count": 1, "pos": [92]}, "own": {"prob": 0.0035460992907801418, "count": 1, "pos": [94]}, "pickl": {"prob": 0.0035460992907801418, "count": 1, "pos": [96]}, "shop": {"prob": 0.0035460992907801418, "count": 1, "pos": [97]}, "essex": {"prob": 0.0035460992907801418, "count": 1, "pos": [99]}, "below": {"prob": 0.0035460992907801418, "count": 1, "pos": [100]}, "delancey": {"prob": 0.0035460992907801418, "count": 1, "pos": [101]}, "street": {"prob": 0.0035460992907801418, "count": 1, "pos": [102]}, "at": {"prob": 0.0070921985815602835, "count": 2, "pos": [103, 182]}, "first": {"prob": 0.0035460992907801418, "count": 1, "pos": [104]}, "not": {"prob": 0.010638297872340425, "count": 3, "pos": [107, 157, 218]}, "believ": {"prob": 0.010638297872340425, "count": 3, "pos": [111, 195, 245]}, "too": {"prob": 0.0035460992907801418, "count": 1, "pos": [115]}, "class": {"prob": 0.0035460992907801418, "count": 1, "pos": [117]}, "instead": {"prob": 0.0070921985815602835, "count": 2, "pos": [120, 209]}, "she": {"prob": 0.028368794326241134, "count": 8, "pos": [121, 133, 152, 189, 207, 244, 246, 258]}, "set": {"prob": 0.0070921985815602835, "count": 2, "pos": [122, 142]}, "sight": {"prob": 0.0035460992907801418, "count": 1, "pos": [124]}, "intelligentsia": {"prob": 0.0035460992907801418, "count": 1, "pos": [131]}, "but": {"prob": 0.0070921985815602835, "count": 2, "pos": [132, 274]}, "also": {"prob": 0.0035460992907801418, "count": 1, "pos": [134]}, "feel": {"prob": 0.0035460992907801418, "count": 1, "pos": [135]}, "sorri": {"prob": 0.0035460992907801418, "count": 1, "pos": [136]}, "tri": {"prob": 0.0035460992907801418, "count": 1, "pos": [140]}, "him": {"prob": 0.010638297872340425, "count": 3, "pos": [143, 181, 225]}, "up": {"prob": 0.0035460992907801418, "count": 1, "pos": [144]}, "girlfriend": {"prob": 0.0035460992907801418, "count": 1, "pos": [147]}, "marilyn": {"prob": 0.0035460992907801418, "count": 1, "pos": [148]}, "process": {"prob": 0.0035460992907801418, "count": 1, "pos": [151]}, "learn": {"prob": 0.0035460992907801418, "count": 1, "pos": [153]}, "did": {"prob": 0.0035460992907801418, "count": 1, "pos": [156]}, "hire": {"prob": 0.0035460992907801418, "count": 1, "pos": [158]}, "out": {"prob": 0.0035460992907801418, "count": 1, "pos": [161]}, "desper": {"prob": 0.0035460992907801418, "count": 1, "pos": [163]}, "fact": {"prob": 0.0035460992907801418, "count": 1, "pos": [166]}, "ha": {"prob": 0.010638297872340425, "count": 3, "pos": [167, 247, 280]}, "admir": {"prob": 0.0035460992907801418, "count": 1, "pos": [168]}, "afar": {"prob": 0.0035460992907801418, "count": 1, "pos": [171]}, "sever": {"prob": 0.0035460992907801418, "count": 1, "pos": [173]}, "year": {"prob": 0.0035460992907801418, "count": 1, "pos": [174]}, "deepli": {"prob": 0.0035460992907801418, "count": 1, "pos": [175]}, "touch": {"prob": 0.0035460992907801418, "count": 1,