{"__total__": 685, "__name__": "doc_429_Cutthroat_Island.txt", "the": {"prob": 0.08175182481751825, "count": 56, "pos": [0, 68, 80, 90, 113, 116, 128, 132, 138, 144, 147, 177, 203, 250, 264, 278, 300, 311, 333, 344, 347, 350, 358, 361, 366, 374, 388, 404, 407, 420, 423, 427, 446, 450, 462, 468, 471, 478, 493, 500, 518, 537, 547, 564, 569, 576, 578, 585, 614, 619, 625, 641, 656, 660, 670, 673]}, "film": {"prob": 0.00145985401459854, "count": 1, "pos": [1]}, "begin": {"prob": 0.00145985401459854, "count": 1, "pos": [2]}, "in": {"prob": 0.014598540145985401, "count": 10, "pos": [3, 5, 152, 192, 270, 338, 403, 441, 636, 683]}, "jamaica": {"prob": 0.00145985401459854, "count": 1, "pos": [4]}, "1668": {"prob": 0.00145985401459854, "count": 1, "pos": [6]}, "after": {"prob": 0.010218978102189781, "count": 7, "pos": [7, 122, 194, 307, 461, 488, 520]}, "bed": {"prob": 0.00145985401459854, "count": 1, "pos": [8]}, "and": {"prob": 0.033576642335766425, "count": 23, "pos": [9, 26, 95, 185, 213, 223, 296, 302, 380, 395, 401, 433, 436, 487, 536, 543, 555, 572, 592, 604, 616, 650, 672]}, "outsmart": {"prob": 0.00145985401459854, "count": 1, "pos": [10]}, "a": {"prob": 0.032116788321167884, "count": 22, "pos": [11, 45, 48, 54, 71, 75, 169, 182, 196, 239, 285, 326, 336, 377, 381, 411, 442, 515, 530, 594, 648, 666]}, "bounti": {"prob": 0.00145985401459854, "count": 1, "pos": [12]}, "hunter": {"prob": 0.00145985401459854, "count": 1, "pos": [13]}, "tri": {"prob": 0.004379562043795621, "count": 3, "pos": [14, 83, 581]}, "to": {"prob": 0.043795620437956206, "count": 30, "pos": [15, 47, 84, 87, 110, 150, 163, 167, 199, 230, 234, 245, 260, 268, 305, 360, 385, 417, 439, 455, 505, 512, 545, 561, 582, 622, 624, 654, 658, 668]}, "arrest": {"prob": 0.00291970802919708, "count": 2, "pos": [16, 235]}, "her": {"prob": 0.01897810218978102, "count": 13, "pos": [17, 24, 34, 124, 135, 210, 221, 232, 236, 243, 317, 435, 440]}, "femal": {"prob": 0.00145985401459854, "count": 1, "pos": [18]}, "pirat": {"prob": 0.004379562043795621, "count": 3, "pos": [19, 28, 259]}, "morgan": {"prob": 0.02335766423357664, "count": 16, "pos": [20, 98, 130, 201, 293, 314, 340, 372, 396, 432, 459, 484, 566, 611, 644, 664]}, "adam": {"prob": 0.00145985401459854, "count": 1, "pos": [21]}, "hunt": {"prob": 0.00145985401459854, "count": 1, "pos": [22]}, "down": {"prob": 0.00291970802919708, "count": 2, "pos": [23, 369]}, "uncl": {"prob": 0.00145985401459854, "count": 1, "pos": [25]}, "fellow": {"prob": 0.00145985401459854, "count": 1, "pos": [27]}, "dawg": {"prob": 0.016058394160583942, "count": 11, "pos": [29, 60, 82, 283, 364, 475, 509, 534, 588, 630, 646]}, "brown": {"prob": 0.00145985401459854, "count": 1, "pos": [30]}, "who": {"prob": 0.01167883211678832, "count": 8, "pos": [31, 38, 256, 324, 465, 476, 526, 539]}, "ha": {"prob": 0.0072992700729927005, "count": 5, "pos": [32, 39, 61, 79, 492]}, "captur": {"prob": 0.00291970802919708, "count": 2, "pos": [33, 554]}, "father": {"prob": 0.004379562043795621, "count": 3, "pos": [35, 126, 136]}, "black": {"prob": 0.00145985401459854, "count": 1, "pos": [36]}, "harri": {"prob": 0.00583941605839416, "count": 4, "pos": [37, 86, 93, 108]}, "one": {"prob": 0.004379562043795621, "count": 3, "pos": [40, 156, 175]}, "of": {"prob": 0.016058394160583942, "count": 11, "pos": [41, 44, 51, 70, 115, 134, 176, 217, 252, 390, 422]}, "three": {"prob": 0.00145985401459854, "count": 1, "pos": [42]}, "piec": {"prob": 0.014598540145985401, "count": 10, "pos": [43, 63, 118, 129, 280, 301, 386, 397, 473, 494]}, "map": {"prob": 0.00583941605839416, "count": 4, "pos": [46, 91, 117, 351]}, "huge": {"prob": 0.00291970802919708, "count": 2, "pos": [49, 595]}, "stash": {"prob": 0.00145985401459854, "count": 1, "pos": [50]}, "gold": {"prob": 0.0072992700729927005, "count": 5, "pos": [52, 501, 548, 565, 626]}, "on": {"prob": 0.01167883211678832, "count": 8, "pos": [53, 119, 157, 310, 349, 370, 477, 502]}, "remot": {"prob": 0.00145985401459854, "count": 1, "pos": [55]}, "island": {"prob": 0.008759124087591242, "count": 6, "pos": [56, 59, 362, 392, 457, 479]}, "call": {"prob": 0.00145985401459854, "count": 1, "pos": [57]}, "cutthroat": {"prob": 0.004379562043795621, "count": 3, "pos": [58, 391, 456]}, "anoth": {"prob": 0.00145985401459854, "count": 1, "pos": [62]}, "have": {"prob": 0.00291970802919708, "count": 2, "pos": [64, 540]}, "stolen": {"prob": 0.00291970802919708, "count": 2, "pos": [65, 507]}, "it": {"prob": 0.00583941605839416, "count": 4, "pos": [66, 304, 504, 574]}, "from": {"prob": 0.0072992700729927005, "count": 5, "pos": [67, 209, 316, 474, 575]}, "corp": {"prob": 0.00145985401459854, "count": 1, "pos": [69]}, "third": {"prob": 0.00291970802919708, "count": 2, "pos": [72, 81]}, "brother": {"prob": 0.00291970802919708, "count": 2, "pos": [73, 77]}, "while": {"prob": 0.00291970802919708, "count": 2, "pos": [74, 631]}, "fourth": {"prob": 0.00145985401459854, "count": 1, "pos": [76]}, "mordachai": {"prob": 0.004379562043795621, "count": 3, "pos": [78, 269, 290]}, "forc": {"prob": 0.00583941605839416, "count": 4, "pos": [85, 510, 542, 653]}, "give": {"prob": 0.00145985401459854, "count": 1, "pos": [88]}, "him": {"prob": 0.00583941605839416, "count": 4, "pos": [89, 486, 496, 528]}, "but": {"prob": 0.008759124087591242, "count": 6, "pos": [92, 100, 319, 398, 480, 587]}, "refus": {"prob": 0.00145985401459854, "count": 1, "pos": [94]}, "escap": {"prob": 0.008759124087591242, "count": 6, "pos": [96, 309, 345, 466, 603, 659]}, "with": {"prob": 0.008759124087591242, "count": 6, "pos": [97, 220, 393, 563, 640, 647]}, "help": {"prob": 0.00291970802919708, "count": 2, "pos": [99, 251]}, "not": {"prob": 0.00145985401459854, "count": 1, "pos": [101]}, "befor": {"prob": 0.004379562043795621, "count": 3, "pos": [102, 106, 273]}, "be": {"prob": 0.004379562043795621, "count": 3, "pos": [103, 151, 506]}, "mortal": {"prob": 0.00145985401459854, "count": 1, "pos": [104]}, "wound": {"prob": 0.00291970802919708, "count": 2, "pos": [105, 318]}, "die": {"prob": 0.00145985401459854, "count": 1, "pos": [107]}, "reveal": {"prob": 0.00291970802919708, "count": 2, "pos": [109, 414]}, "hi": {"prob": 0.00583941605839416, "count": 4, "pos": [111, 120, 262, 394]}, "daughter": {"prob": 0.00145985401459854, "count": 1, "pos": [112]}, "locat": {"prob": 0.004379562043795621, "count": 3, "pos": [114, 389, 416]}, "scalp": {"prob": 0.00291970802919708, "count": 2, "pos": [121, 123]}, "dead": {"prob": 0.00145985401459854, "count": 1, "pos": [125]}, "for": {"prob": 0.008759124087591242, "count": 6, "pos": [127, 143, 180, 241, 503, 679]}, "now": {"prob": 0.00145985401459854, "count": 1, "pos": [131]}, "captain": {"prob": 0.00145985401459854, "count": 1, "pos": [133]}, "ship": {"prob": 0.0072992700729927005, "count": 5, "pos": [137, 365, 375, 620, 662]}, "morn": {"prob": 0.004379562043795621, "count": 3, "pos": [139, 312, 570]}, "star": {"prob": 0.004379562043795621, "count": 3, "pos": [140, 313, 571]}, "set": {"prob": 0.004379562043795621, "count": 3, "pos": [141, 532, 677]}, "out": {"prob": 0.01167883211678832, "count": 8, "pos": [142, 216, 342, 356, 490, 560, 591, 618]}, "treasur": {"prob": 0.0072992700729927005, "count": 5, "pos": [145, 463, 642, 657, 671]}, "unfortun": {"prob": 0.00291970802919708, "count": 2, "pos": [146, 205]}, "instruct": {"prob": 0.00145985401459854, "count": 1, "pos": [148]}, "appear": {"prob": 0.00291970802919708, "count": 2, "pos": [149, 284]}, "latin": {"prob": 0.00291970802919708, "count": 2, "pos": [153, 193]}, "which": {"prob": 0.004379562043795621, "count": 3, "pos": [154, 289, 601]}, "no": {"prob": 0.00145985401459854, "count": 1, "pos": [155]}, "board": {"prob": 0.00291970802919708, "count": 2, "pos": [158, 613]}, "read": {"prob": 0.00291970802919708, "count": 2, "pos": [159, 353]}, "so": {"prob": 0.00145985401459854, "count": 1, "pos": [160]}, "they": {"prob": 0.008759124087591242, "count": 6, "pos": [161, 172, 274, 308, 498, 556]}, "go": {"prob": 0.00145985401459854, "count": 1,