{"__total__": 428, "__name__": "doc_432_Daddy_Day_Care.txt", "char": {"prob": 0.02336448598130841, "count": 10, "pos": [0, 37, 112, 138, 158, 195, 235, 314, 345, 356]}, "hinton": {"prob": 0.002336448598130841, "count": 1, "pos": [1]}, "is": {"prob": 0.018691588785046728, "count": 8, "pos": [2, 38, 83, 188, 201, 361, 365, 398]}, "a": {"prob": 0.028037383177570093, "count": 12, "pos": [3, 16, 26, 48, 122, 175, 255, 280, 387, 401, 409, 412]}, "hardwork": {"prob": 0.002336448598130841, "count": 1, "pos": [4]}, "father": {"prob": 0.002336448598130841, "count": 1, "pos": [5]}, "whose": {"prob": 0.002336448598130841, "count": 1, "pos": [6]}, "wife": {"prob": 0.002336448598130841, "count": 1, "pos": [7]}, "kim": {"prob": 0.002336448598130841, "count": 1, "pos": [8]}, "ha": {"prob": 0.002336448598130841, "count": 1, "pos": [9]}, "just": {"prob": 0.002336448598130841, "count": 1, "pos": [10]}, "gone": {"prob": 0.002336448598130841, "count": 1, "pos": [11]}, "back": {"prob": 0.007009345794392523, "count": 3, "pos": [12, 322, 331]}, "to": {"prob": 0.037383177570093455, "count": 16, "pos": [13, 74, 95, 101, 134, 164, 171, 232, 250, 327, 332, 349, 369, 379, 381, 394]}, "work": {"prob": 0.004672897196261682, "count": 2, "pos": [14, 75]}, "as": {"prob": 0.007009345794392523, "count": 3, "pos": [15, 79, 411]}, "lawyer": {"prob": 0.002336448598130841, "count": 1, "pos": [17]}, "they": {"prob": 0.011682242990654205, "count": 5, "pos": [18, 160, 227, 237, 253]}, "enrol": {"prob": 0.002336448598130841, "count": 1, "pos": [19]}, "their": {"prob": 0.009345794392523364, "count": 4, "pos": [20, 319, 353, 377]}, "child": {"prob": 0.009345794392523364, "count": 4, "pos": [21, 87, 109, 125]}, "ben": {"prob": 0.002336448598130841, "count": 1, "pos": [22]}, "in": {"prob": 0.009345794392523364, "count": 4, "pos": [23, 41, 147, 400]}, "chapman": {"prob": 0.004672897196261682, "count": 2, "pos": [24, 392]}, "academi": {"prob": 0.009345794392523364, "count": 4, "pos": [25, 91, 334, 393]}, "veri": {"prob": 0.002336448598130841, "count": 1, "pos": [27]}, "academ": {"prob": 0.002336448598130841, "count": 1, "pos": [28]}, "pre": {"prob": 0.002336448598130841, "count": 1, "pos": [29]}, "school": {"prob": 0.002336448598130841, "count": 1, "pos": [30]}, "head": {"prob": 0.002336448598130841, "count": 1, "pos": [31]}, "by": {"prob": 0.011682242990654205, "count": 5, "pos": [32, 107, 181, 278, 337]}, "miss": {"prob": 0.014018691588785047, "count": 6, "pos": [33, 98, 265, 270, 324, 405]}, "harridan": {"prob": 0.014018691588785047, "count": 6, "pos": [34, 99, 266, 271, 325, 406]}, "soon": {"prob": 0.004672897196261682, "count": 2, "pos": [35, 357]}, "after": {"prob": 0.007009345794392523, "count": 3, "pos": [36, 183, 313]}, "laid": {"prob": 0.002336448598130841, "count": 1, "pos": [39]}, "off": {"prob": 0.002336448598130841, "count": 1, "pos": [40]}, "need": {"prob": 0.007009345794392523, "count": 3, "pos": [42, 133, 161]}, "of": {"prob": 0.02102803738317757, "count": 9, "pos": [43, 58, 71, 124, 129, 169, 215, 217, 340]}, "money": {"prob": 0.007009345794392523, "count": 3, "pos": [44, 249, 311]}, "he": {"prob": 0.004672897196261682, "count": 2, "pos": [45, 187]}, "open": {"prob": 0.002336448598130841, "count": 1, "pos": [46]}, "up": {"prob": 0.004672897196261682, "count": 2, "pos": [47, 368]}, "day": {"prob": 0.02336448598130841, "count": 10, "pos": [49, 53, 81, 105, 144, 262, 305, 342, 383, 422]}, "care": {"prob": 0.02336448598130841, "count": 10, "pos": [50, 54, 82, 106, 145, 263, 306, 343, 384, 423]}, "center": {"prob": 0.004672897196261682, "count": 2, "pos": [51, 88]}, "daddi": {"prob": 0.018691588785046728, "count": 8, "pos": [52, 80, 104, 143, 261, 304, 382, 421]}, "with": {"prob": 0.014018691588785047, "count": 6, "pos": [55, 76, 242, 286, 291, 403]}, "the": {"prob": 0.04672897196261682, "count": 20, "pos": [56, 66, 90, 92, 118, 130, 191, 212, 218, 248, 276, 284, 296, 302, 329, 333, 338, 341, 374, 425]}, "help": {"prob": 0.002336448598130841, "count": 1, "pos": [57]}, "hi": {"prob": 0.002336448598130841, "count": 1, "pos": [59]}, "best": {"prob": 0.002336448598130841, "count": 1, "pos": [60]}, "friend": {"prob": 0.002336448598130841, "count": 1, "pos": [61]}, "phil": {"prob": 0.016355140186915886, "count": 7, "pos": [62, 114, 140, 156, 193, 316, 347]}, "ryerson": {"prob": 0.002336448598130841, "count": 1, "pos": [63]}, "at": {"prob": 0.011682242990654205, "count": 5, "pos": [64, 189, 203, 234, 424]}, "first": {"prob": 0.004672897196261682, "count": 2, "pos": [65, 204]}, "local": {"prob": 0.002336448598130841, "count": 1, "pos": [67]}, "mom": {"prob": 0.002336448598130841, "count": 1, "pos": [68]}, "are": {"prob": 0.007009345794392523, "count": 3, "pos": [69, 115, 317]}, "suspici": {"prob": 0.002336448598130841, "count": 1, "pos": [70]}, "men": {"prob": 0.002336448598130841, "count": 1, "pos": [72]}, "want": {"prob": 0.002336448598130841, "count": 1, "pos": [73]}, "children": {"prob": 0.014018691588785047, "count": 6, "pos": [77, 152, 170, 192, 219, 375]}, "but": {"prob": 0.007009345794392523, "count": 3, "pos": [78, 205, 244]}, "cheaper": {"prob": 0.002336448598130841, "count": 1, "pos": [84]}, "and": {"prob": 0.037383177570093455, "count": 16, "pos": [85, 113, 139, 149, 157, 182, 194, 220, 272, 299, 315, 346, 371, 376, 390, 415]}, "more": {"prob": 0.004672897196261682, "count": 2, "pos": [86, 151]}, "than": {"prob": 0.002336448598130841, "count": 1, "pos": [89]}, "latter": {"prob": 0.002336448598130841, "count": 1, "pos": [93]}, "begin": {"prob": 0.002336448598130841, "count": 1, "pos": [94]}, "lose": {"prob": 0.002336448598130841, "count": 1, "pos": [96]}, "popular": {"prob": 0.004672897196261682, "count": 2, "pos": [97, 148]}, "attempt": {"prob": 0.002336448598130841, "count": 1, "pos": [100]}, "shut": {"prob": 0.004672897196261682, "count": 2, "pos": [102, 395]}, "down": {"prob": 0.004672897196261682, "count": 2, "pos": [103, 396]}, "notifi": {"prob": 0.004672897196261682, "count": 2, "pos": [108, 127]}, "servic": {"prob": 0.004672897196261682, "count": 2, "pos": [110, 126]}, "that": {"prob": 0.009345794392523364, "count": 4, "pos": [111, 132, 159, 359]}, "not": {"prob": 0.009345794392523364, "count": 4, "pos": [116, 246, 308, 362]}, "follow": {"prob": 0.002336448598130841, "count": 1, "pos": [117]}, "regul": {"prob": 0.002336448598130841, "count": 1, "pos": [119]}, "mr": {"prob": 0.007009345794392523, "count": 3, "pos": [120, 153, 223]}, "kubitz": {"prob": 0.007009345794392523, "count": 3, "pos": [121, 154, 224]}, "director": {"prob": 0.002336448598130841, "count": 1, "pos": [123]}, "them": {"prob": 0.004672897196261682, "count": 2, "pos": [128, 226]}, "code": {"prob": 0.002336448598130841, "count": 1, "pos": [131]}, "be": {"prob": 0.007009345794392523, "count": 3, "pos": [135, 350, 370]}, "fix": {"prob": 0.002336448598130841, "count": 1, "pos": [136]}, "which": {"prob": 0.004672897196261682, "count": 2, "pos": [137, 264]}, "quick": {"prob": 0.002336448598130841, "count": 1, "pos": [141]}, "correct": {"prob": 0.002336448598130841, "count": 1, "pos": [142]}, "grow": {"prob": 0.002336448598130841, "count": 1, "pos": [146]}, "attract": {"prob": 0.002336448598130841, "count": 1, "pos": [150]}, "inform": {"prob": 0.002336448598130841, "count": 1, "pos": [155]}, "anoth": {"prob": 0.002336448598130841, "count": 1, "pos": [162]}, "employ": {"prob": 0.002336448598130841, "count": 1, "pos": [163]}, "keep": {"prob": 0.002336448598130841, "count": 1, "pos": [165]}, "an": {"prob": 0.004672897196261682, "count": 2, "pos": [166, 239]}, "appropri": {"prob": 0.002336448598130841, "count": 1, "pos": [167]}, "ratio": {"prob": 0.002336448598130841, "count": 1, "pos": [168]}, "caregiv": {"prob": 0.002336448598130841, "count": 1, "pos": [172]}, "luckili": {"prob": 0.002336448598130841, "count": 1, "pos": [173]}, "marvin": {"prob": 0.009345794392523364, "count": 4, "pos": [174, 200, 335, 397]}, "former": {"prob": 0.004672897196261682, "count": 2, "pos": [176, 417]}, "co": {"prob": 0.002336448598130841,