{"__total__": 447, "__name__": "doc_456_Death_of_a_President_2006.txt", "broadcast": {"prob": 0.0022371364653243847, "count": 1, "pos": [0]}, "in": {"prob": 0.02237136465324385, "count": 10, "pos": [1, 9, 35, 127, 190, 244, 262, 298, 335, 422]}, "the": {"prob": 0.07606263982102908, "count": 34, "pos": [2, 5, 27, 45, 60, 79, 112, 122, 130, 145, 154, 158, 160, 183, 199, 225, 237, 252, 263, 266, 273, 321, 351, 353, 370, 380, 385, 400, 405, 408, 423, 426, 441, 444]}, "year": {"prob": 0.0044742729306487695, "count": 2, "pos": [3, 39]}, "2008": {"prob": 0.0022371364653243847, "count": 1, "pos": [4]}, "film": {"prob": 0.0044742729306487695, "count": 2, "pos": [6, 406]}, "is": {"prob": 0.011185682326621925, "count": 5, "pos": [7, 47, 195, 227, 359]}, "present": {"prob": 0.0022371364653243847, "count": 1, "pos": [8]}, "a": {"prob": 0.024608501118568233, "count": 11, "pos": [10, 38, 51, 191, 212, 234, 257, 288, 305, 360, 363]}, "tv": {"prob": 0.0022371364653243847, "count": 1, "pos": [11]}, "documentari": {"prob": 0.0022371364653243847, "count": 1, "pos": [12]}, "style": {"prob": 0.0022371364653243847, "count": 1, "pos": [13]}, "format": {"prob": 0.0022371364653243847, "count": 1, "pos": [14]}, "combin": {"prob": 0.0022371364653243847, "count": 1, "pos": [15]}, "talk": {"prob": 0.0022371364653243847, "count": 1, "pos": [16]}, "head": {"prob": 0.0022371364653243847, "count": 1, "pos": [17]}, "interview": {"prob": 0.0044742729306487695, "count": 2, "pos": [18, 219]}, "news": {"prob": 0.006711409395973154, "count": 3, "pos": [19, 73, 381]}, "coverag": {"prob": 0.0022371364653243847, "count": 1, "pos": [20]}, "clip": {"prob": 0.0022371364653243847, "count": 1, "pos": [21]}, "and": {"prob": 0.020134228187919462, "count": 9, "pos": [22, 90, 99, 162, 169, 202, 248, 436, 438]}, "video": {"prob": 0.0022371364653243847, "count": 1, "pos": [23]}, "surveil": {"prob": 0.0044742729306487695, "count": 2, "pos": [24, 437]}, "footag": {"prob": 0.0022371364653243847, "count": 1, "pos": [25]}, "surround": {"prob": 0.0022371364653243847, "count": 1, "pos": [26]}, "assassin": {"prob": 0.013422818791946308, "count": 6, "pos": [28, 132, 267, 282, 314, 392]}, "of": {"prob": 0.03355704697986577, "count": 15, "pos": [29, 105, 147, 157, 197, 236, 254, 275, 346, 350, 357, 362, 404, 434, 443]}, "u": {"prob": 0.013422818791946308, "count": 6, "pos": [30, 167, 200, 258, 386, 424]}, "presid": {"prob": 0.020134228187919462, "count": 9, "pos": [31, 46, 116, 120, 201, 270, 312, 372, 411]}, "georg": {"prob": 0.0022371364653243847, "count": 1, "pos": [32]}, "w": {"prob": 0.0022371364653243847, "count": 1, "pos": [33]}, "bush": {"prob": 0.011185682326621925, "count": 5, "pos": [34, 271, 281, 313, 373]}, "chicago": {"prob": 0.008948545861297539, "count": 4, "pos": [36, 61, 299, 374]}, "around": {"prob": 0.0022371364653243847, "count": 1, "pos": [37]}, "earlier": {"prob": 0.0044742729306487695, "count": 2, "pos": [40, 88]}, "on": {"prob": 0.008948545861297539, "count": 4, "pos": [41, 78, 317, 376]}, "19": {"prob": 0.0044742729306487695, "count": 2, "pos": [42, 377]}, "octob": {"prob": 0.0044742729306487695, "count": 2, "pos": [43, 378]}, "2007": {"prob": 0.0044742729306487695, "count": 2, "pos": [44, 379]}, "fatal": {"prob": 0.0022371364653243847, "count": 1, "pos": [48]}, "shot": {"prob": 0.0022371364653243847, "count": 1, "pos": [49]}, "by": {"prob": 0.0044742729306487695, "count": 2, "pos": [50, 218]}, "sniper": {"prob": 0.0022371364653243847, "count": 1, "pos": [52]}, "after": {"prob": 0.008948545861297539, "count": 4, "pos": [53, 86, 280, 311]}, "he": {"prob": 0.006711409395973154, "count": 3, "pos": [54, 142, 173]}, "address": {"prob": 0.0044742729306487695, "count": 2, "pos": [55, 286]}, "an": {"prob": 0.008948545861297539, "count": 4, "pos": [56, 66, 102, 293]}, "econom": {"prob": 0.0022371364653243847, "count": 1, "pos": [57]}, "forum": {"prob": 0.0022371364653243847, "count": 1, "pos": [58]}, "at": {"prob": 0.0044742729306487695, "count": 2, "pos": [59, 320]}, "sheraton": {"prob": 0.0022371364653243847, "count": 1, "pos": [62]}, "hotel": {"prob": 0.0022371364653243847, "count": 1, "pos": [63]}, "befor": {"prob": 0.0022371364653243847, "count": 1, "pos": [64]}, "which": {"prob": 0.0044742729306487695, "count": 2, "pos": [65, 215]}, "anti": {"prob": 0.0022371364653243847, "count": 1, "pos": [67]}, "war": {"prob": 0.011185682326621925, "count": 5, "pos": [68, 92, 241, 265, 295]}, "ralli": {"prob": 0.0022371364653243847, "count": 1, "pos": [69]}, "had": {"prob": 0.0022371364653243847, "count": 1, "pos": [70]}, "taken": {"prob": 0.0022371364653243847, "count": 1, "pos": [71]}, "place": {"prob": 0.0022371364653243847, "count": 1, "pos": [72]}, "outlet": {"prob": 0.0022371364653243847, "count": 1, "pos": [74]}, "immedi": {"prob": 0.0022371364653243847, "count": 1, "pos": [75]}, "begin": {"prob": 0.0022371364653243847, "count": 1, "pos": [76]}, "report": {"prob": 0.006711409395973154, "count": 3, "pos": [77, 214, 382]}, "incid": {"prob": 0.0022371364653243847, "count": 1, "pos": [80]}, "along": {"prob": 0.0022371364653243847, "count": 1, "pos": [81]}, "with": {"prob": 0.008948545861297539, "count": 4, "pos": [82, 129, 185, 220]}, "it": {"prob": 0.006711409395973154, "count": 3, "pos": [83, 103, 428]}, "polit": {"prob": 0.0044742729306487695, "count": 2, "pos": [84, 139]}, "ramif": {"prob": 0.0022371364653243847, "count": 1, "pos": [85]}, "author": {"prob": 0.0022371364653243847, "count": 1, "pos": [87]}, "arrest": {"prob": 0.0022371364653243847, "count": 1, "pos": [89]}, "interrog": {"prob": 0.0022371364653243847, "count": 1, "pos": [91]}, "protest": {"prob": 0.0022371364653243847, "count": 1, "pos": [93]}, "detain": {"prob": 0.0022371364653243847, "count": 1, "pos": [94]}, "such": {"prob": 0.0022371364653243847, "count": 1, "pos": [95]}, "as": {"prob": 0.008948545861297539, "count": 4, "pos": [96, 172, 177, 304]}, "frank": {"prob": 0.0022371364653243847, "count": 1, "pos": [97]}, "molini": {"prob": 0.0022371364653243847, "count": 1, "pos": [98]}, "samir": {"prob": 0.0022371364653243847, "count": 1, "pos": [100]}, "masri": {"prob": 0.0022371364653243847, "count": 1, "pos": [101]}, "profess": {"prob": 0.0022371364653243847, "count": 1, "pos": [104]}, "syrian": {"prob": 0.0022371364653243847, "count": 1, "pos": [106]}, "origin": {"prob": 0.0022371364653243847, "count": 1, "pos": [107]}, "jamal": {"prob": 0.0022371364653243847, "count": 1, "pos": [108]}, "abu": {"prob": 0.0022371364653243847, "count": 1, "pos": [109]}, "zikri": {"prob": 0.008948545861297539, "count": 4, "pos": [110, 133, 194, 315]}, "becom": {"prob": 0.0022371364653243847, "count": 1, "pos": [111]}, "prime": {"prob": 0.0022371364653243847, "count": 1, "pos": [113]}, "suspect": {"prob": 0.006711409395973154, "count": 3, "pos": [114, 131, 306]}, "vice": {"prob": 0.0022371364653243847, "count": 1, "pos": [115]}, "dick": {"prob": 0.0022371364653243847, "count": 1, "pos": [117]}, "cheney": {"prob": 0.0044742729306487695, "count": 2, "pos": [118, 412]}, "now": {"prob": 0.0022371364653243847, "count": 1, "pos": [119]}, "use": {"prob": 0.0022371364653243847, "count": 1, "pos": [121]}, "possibl": {"prob": 0.0022371364653243847, "count": 1, "pos": [123]}, "al": {"prob": 0.006711409395973154, "count": 3, "pos": [124, 232, 393]}, "qaeda": {"prob": 0.0022371364653243847, "count": 1, "pos": [125]}, "relationship": {"prob": 0.0022371364653243847, "count": 1, "pos": [126]}, "connect": {"prob": 0.0022371364653243847, "count": 1, "pos": [128]}, "to": {"prob": 0.013422818791946308, "count": 6, "pos": [134, 152, 182, 204, 287, 369]}, "push": {"prob": 0.0022371364653243847, "count": 1, "pos": [135]}, "hi": {"prob": 0.013422818791946308, "count": 6, "pos": [136, 178, 276, 331, 336, 347]}, "own": {"prob": 0.0022371364653243847, "count": 1, "pos": [137]}, "domest": {"prob": 0.0022371364653243847, "count": 1, "pos": [138]}, "secur": {"prob": 0.0022371364653243847, "count": 1, "pos": [140]}, "agenda": {"prob": 0.0022371364653243847, "count": 1,