{"__total__": 483, "__name__": "doc_458_Debbie_Does_Dallas.txt", "debbi": {"prob": 0.016563146997929608, "count": 8, "pos": [0, 39, 93, 167, 209, 419, 468, 482]}, "benton": {"prob": 0.002070393374741201, "count": 1, "pos": [1]}, "is": {"prob": 0.014492753623188406, "count": 7, "pos": [2, 133, 168, 228, 233, 267, 335]}, "the": {"prob": 0.039337474120082816, "count": 19, "pos": [3, 19, 30, 61, 86, 115, 130, 151, 164, 211, 273, 311, 318, 360, 380, 396, 434, 459, 474]}, "captain": {"prob": 0.002070393374741201, "count": 1, "pos": [4]}, "of": {"prob": 0.004140786749482402, "count": 2, "pos": [5, 138]}, "her": {"prob": 0.031055900621118012, "count": 15, "pos": [6, 22, 40, 52, 111, 177, 182, 320, 324, 330, 345, 351, 378, 442, 451]}, "high": {"prob": 0.002070393374741201, "count": 1, "pos": [7]}, "school": {"prob": 0.002070393374741201, "count": 1, "pos": [8]}, "cheerlead": {"prob": 0.004140786749482402, "count": 2, "pos": [9, 41]}, "squad": {"prob": 0.002070393374741201, "count": 1, "pos": [10]}, "and": {"prob": 0.035196687370600416, "count": 17, "pos": [11, 26, 47, 63, 72, 122, 143, 148, 247, 254, 354, 368, 403, 413, 425, 447, 465]}, "ha": {"prob": 0.006211180124223602, "count": 3, "pos": [12, 305, 384]}, "been": {"prob": 0.004140786749482402, "count": 2, "pos": [13, 385]}, "accept": {"prob": 0.002070393374741201, "count": 1, "pos": [14]}, "to": {"prob": 0.045548654244306416, "count": 22, "pos": [15, 28, 32, 37, 50, 53, 59, 109, 125, 171, 175, 202, 214, 257, 261, 285, 326, 343, 346, 372, 406, 427]}, "tri": {"prob": 0.002070393374741201, "count": 1, "pos": [16]}, "out": {"prob": 0.002070393374741201, "count": 1, "pos": [17]}, "for": {"prob": 0.016563146997929608, "count": 8, "pos": [18, 160, 179, 184, 191, 219, 293, 295]}, "texa": {"prob": 0.008281573498964804, "count": 4, "pos": [20, 33, 54, 423]}, "cowgirl": {"prob": 0.004140786749482402, "count": 2, "pos": [21, 424]}, "parent": {"prob": 0.004140786749482402, "count": 2, "pos": [23, 352]}, "disapprov": {"prob": 0.002070393374741201, "count": 1, "pos": [24]}, "though": {"prob": 0.002070393374741201, "count": 1, "pos": [25]}, "refus": {"prob": 0.002070393374741201, "count": 1, "pos": [27]}, "pay": {"prob": 0.002070393374741201, "count": 1, "pos": [29]}, "fare": {"prob": 0.002070393374741201, "count": 1, "pos": [31]}, "in": {"prob": 0.024844720496894408, "count": 12, "pos": [34, 85, 150, 170, 216, 241, 284, 359, 412, 455, 458, 473]}, "a": {"prob": 0.016563146997929608, "count": 8, "pos": [35, 74, 83, 95, 98, 112, 365, 422]}, "bid": {"prob": 0.002070393374741201, "count": 1, "pos": [36]}, "help": {"prob": 0.004140786749482402, "count": 2, "pos": [38, 80]}, "friend": {"prob": 0.004140786749482402, "count": 2, "pos": [42, 356]}, "lisa": {"prob": 0.008281573498964804, "count": 4, "pos": [43, 371, 391, 399]}, "roberta": {"prob": 0.010351966873706004, "count": 5, "pos": [44, 105, 140, 147, 232]}, "tammi": {"prob": 0.010351966873706004, "count": 5, "pos": [45, 81, 383, 410, 417]}, "pat": {"prob": 0.004140786749482402, "count": 2, "pos": [46, 149]}, "anni": {"prob": 0.008281573498964804, "count": 4, "pos": [48, 123, 255, 309]}, "decid": {"prob": 0.002070393374741201, "count": 1, "pos": [49]}, "accompani": {"prob": 0.002070393374741201, "count": 1, "pos": [51]}, "they": {"prob": 0.016563146997929608, "count": 8, "pos": [55, 154, 197, 222, 271, 291, 453, 471]}, "have": {"prob": 0.006211180124223602, "count": 3, "pos": [56, 155, 327]}, "two": {"prob": 0.002070393374741201, "count": 1, "pos": [57]}, "week": {"prob": 0.002070393374741201, "count": 1, "pos": [58]}, "rai": {"prob": 0.004140786749482402, "count": 2, "pos": [60, 203]}, "money": {"prob": 0.008281573498964804, "count": 4, "pos": [62, 205, 221, 252]}, "swear": {"prob": 0.002070393374741201, "count": 1, "pos": [64]}, "off": {"prob": 0.004140786749482402, "count": 2, "pos": [65, 287]}, "ani": {"prob": 0.002070393374741201, "count": 1, "pos": [66]}, "sexual": {"prob": 0.006211180124223602, "count": 3, "pos": [67, 217, 242]}, "activ": {"prob": 0.006211180124223602, "count": 3, "pos": [68, 218, 243]}, "with": {"prob": 0.018633540372670808, "count": 9, "pos": [69, 118, 135, 244, 308, 315, 329, 444, 467]}, "their": {"prob": 0.006211180124223602, "count": 3, "pos": [70, 230, 288]}, "boyfriend": {"prob": 0.006211180124223602, "count": 3, "pos": [71, 141, 321]}, "form": {"prob": 0.002070393374741201, "count": 1, "pos": [73]}, "compani": {"prob": 0.002070393374741201, "count": 1, "pos": [75]}, "call": {"prob": 0.004140786749482402, "count": 2, "pos": [76, 390]}, "teen": {"prob": 0.002070393374741201, "count": 1, "pos": [77]}, "servic": {"prob": 0.002070393374741201, "count": 1, "pos": [78]}, "offer": {"prob": 0.004140786749482402, "count": 2, "pos": [79, 400]}, "take": {"prob": 0.002070393374741201, "count": 1, "pos": [82]}, "job": {"prob": 0.006211180124223602, "count": 3, "pos": [84, 96, 113]}, "local": {"prob": 0.002070393374741201, "count": 1, "pos": [87]}, "record": {"prob": 0.006211180124223602, "count": 3, "pos": [88, 381, 397]}, "store": {"prob": 0.014492753623188406, "count": 7, "pos": [89, 100, 117, 166, 382, 398, 435]}, "run": {"prob": 0.004140786749482402, "count": 2, "pos": [90, 101]}, "by": {"prob": 0.010351966873706004, "count": 5, "pos": [91, 102, 206, 236, 337]}, "toni": {"prob": 0.006211180124223602, "count": 3, "pos": [92, 387, 401]}, "get": {"prob": 0.002070393374741201, "count": 1, "pos": [94]}, "at": {"prob": 0.014492753623188406, "count": 7, "pos": [97, 114, 163, 310, 379, 395, 433]}, "sport": {"prob": 0.004140786749482402, "count": 2, "pos": [99, 165]}, "mr": {"prob": 0.033126293995859216, "count": 16, "pos": [103, 107, 119, 127, 161, 173, 237, 246, 248, 259, 265, 277, 316, 338, 429, 478]}, "greenfield": {"prob": 0.010351966873706004, "count": 5, "pos": [104, 162, 174, 430, 479]}, "convinc": {"prob": 0.006211180124223602, "count": 3, "pos": [106, 210, 370]}, "hardwick": {"prob": 0.008281573498964804, "count": 4, "pos": [108, 120, 238, 249]}, "give": {"prob": 0.002070393374741201, "count": 1, "pos": [110]}, "candl": {"prob": 0.002070393374741201, "count": 1, "pos": [116]}, "rikki": {"prob": 0.004140786749482402, "count": 2, "pos": [121, 253]}, "agr": {"prob": 0.004140786749482402, "count": 2, "pos": [124, 223]}, "wash": {"prob": 0.006211180124223602, "count": 3, "pos": [126, 262, 272]}, "brad": {"prob": 0.008281573498964804, "count": 4, "pos": [128, 260, 266, 278]}, "car": {"prob": 0.006211180124223602, "count": 3, "pos": [129, 264, 274]}, "footbal": {"prob": 0.002070393374741201, "count": 1, "pos": [131]}, "team": {"prob": 0.002070393374741201, "count": 1, "pos": [132]}, "annoy": {"prob": 0.002070393374741201, "count": 1, "pos": [134]}, "it": {"prob": 0.004140786749482402, "count": 2, "pos": [136, 227]}, "lack": {"prob": 0.002070393374741201, "count": 1, "pos": [137]}, "sex": {"prob": 0.012422360248447204, "count": 6, "pos": [139, 157, 301, 307, 328, 456]}, "rick": {"prob": 0.002070393374741201, "count": 1, "pos": [142]}, "hi": {"prob": 0.008281573498964804, "count": 4, "pos": [144, 263, 355, 445]}, "teammat": {"prob": 0.002070393374741201, "count": 1, "pos": [145]}, "join": {"prob": 0.006211180124223602, "count": 3, "pos": [146, 393, 411]}, "shower": {"prob": 0.002070393374741201, "count": 1, "pos": [152]}, "where": {"prob": 0.002070393374741201, "count": 1, "pos": [153]}, "group": {"prob": 0.002070393374741201, "count": 1, "pos": [156]}, "while": {"prob": 0.004140786749482402, "count": 2, "pos": [158, 375]}, "work": {"prob": 0.002070393374741201, "count": 1, "pos": [159]}, "talk": {"prob": 0.002070393374741201, "count": 1, "pos": [169]}, "allow": {"prob": 0.004140786749482402, "count": 2, "pos": [172, 341]}, "see": {"prob": 0.006211180124223602, "count": 3, "pos": [176, 258, 428]}, "breast": {"prob": 0.006211180124223602, "count": 3, "pos": [178, 183, 418]}, "$10": {"prob": 0.006211180124223602, "count": 3, "pos": [180, 186, 296]}, "fondl": {"prob": 0.002070393374741201, "count": 1, "pos": [181]}, "anoth": {"prob": 0.002070393374741201,