{"__total__": 280, "__name__": "doc_465_Der_Schneemann.txt", "snow": {"prob": 0.017857142857142856, "count": 5, "pos": [0, 20, 37, 79, 145]}, "fall": {"prob": 0.014285714285714285, "count": 4, "pos": [1, 62, 71, 87]}, "on": {"prob": 0.02142857142857143, "count": 6, "pos": [2, 10, 43, 59, 122, 244]}, "the": {"prob": 0.14285714285714285, "count": 40, "pos": [3, 12, 19, 33, 39, 45, 49, 52, 55, 78, 80, 84, 101, 105, 119, 141, 144, 151, 155, 159, 161, 171, 175, 181, 186, 191, 195, 200, 203, 216, 218, 222, 225, 243, 248, 250, 258, 261, 265, 271]}, "snowman": {"prob": 0.05, "count": 14, "pos": [4, 13, 40, 50, 56, 81, 85, 102, 106, 156, 162, 219, 266, 272]}, "to": {"prob": 0.017857142857142856, "count": 5, "pos": [5, 88, 95, 150, 229]}, "form": {"prob": 0.0035714285714285713, "count": 1, "pos": [6]}, "a": {"prob": 0.03571428571428571, "count": 10, "pos": [7, 21, 28, 73, 92, 111, 115, 129, 207, 276]}, "heart": {"prob": 0.0035714285714285713, "count": 1, "pos": [8]}, "shape": {"prob": 0.0035714285714285713, "count": 1, "pos": [9]}, "him": {"prob": 0.010714285714285714, "count": 3, "pos": [11, 25, 32]}, "wake": {"prob": 0.007142857142857143, "count": 2, "pos": [14, 163]}, "and": {"prob": 0.05, "count": 14, "pos": [15, 26, 64, 75, 109, 113, 124, 147, 177, 183, 197, 213, 237, 274]}, "begin": {"prob": 0.010714285714285714, "count": 3, "pos": [16, 23, 228]}, "juggl": {"prob": 0.0035714285714285713, "count": 1, "pos": [17]}, "with": {"prob": 0.0035714285714285713, "count": 1, "pos": [18]}, "dog": {"prob": 0.010714285714285714, "count": 3, "pos": [22, 34, 53]}, "chase": {"prob": 0.0035714285714285713, "count": 1, "pos": [24]}, "take": {"prob": 0.007142857142857143, "count": 2, "pos": [27, 275]}, "bite": {"prob": 0.007142857142857143, "count": 2, "pos": [29, 277]}, "out": {"prob": 0.0035714285714285713, "count": 1, "pos": [30]}, "of": {"prob": 0.02142857142857143, "count": 6, "pos": [31, 48, 188, 202, 224, 260]}, "then": {"prob": 0.007142857142857143, "count": 2, "pos": [35, 125]}, "throw": {"prob": 0.0035714285714285713, "count": 1, "pos": [36]}, "at": {"prob": 0.007142857142857143, "count": 2, "pos": [38, 90]}, "but": {"prob": 0.010714285714285714, "count": 3, "pos": [41, 61, 100]}, "thi": {"prob": 0.014285714285714285, "count": 4, "pos": [42, 104, 136, 139]}, "fill": {"prob": 0.0035714285714285713, "count": 1, "pos": [44]}, "miss": {"prob": 0.0035714285714285713, "count": 1, "pos": [46]}, "part": {"prob": 0.0035714285714285713, "count": 1, "pos": [47]}, "eventu": {"prob": 0.0035714285714285713, "count": 1, "pos": [51]}, "leav": {"prob": 0.007142857142857143, "count": 2, "pos": [54, 180]}, "start": {"prob": 0.0035714285714285713, "count": 1, "pos": [57]}, "skate": {"prob": 0.0035714285714285713, "count": 1, "pos": [58]}, "ice": {"prob": 0.0035714285714285713, "count": 1, "pos": [60]}, "through": {"prob": 0.007142857142857143, "count": 2, "pos": [63, 190]}, "stagger": {"prob": 0.0035714285714285713, "count": 1, "pos": [65]}, "away": {"prob": 0.0035714285714285713, "count": 1, "pos": [66]}, "larg": {"prob": 0.0035714285714285713, "count": 1, "pos": [67]}, "melt": {"prob": 0.010714285714285714, "count": 3, "pos": [68, 146, 220]}, "howev": {"prob": 0.0035714285714285713, "count": 1, "pos": [69]}, "by": {"prob": 0.0035714285714285713, "count": 1, "pos": [70]}, "down": {"prob": 0.0035714285714285713, "count": 1, "pos": [72]}, "hill": {"prob": 0.0035714285714285713, "count": 1, "pos": [74]}, "roll": {"prob": 0.007142857142857143, "count": 2, "pos": [76, 214]}, "in": {"prob": 0.03214285714285714, "count": 9, "pos": [77, 128, 158, 164, 170, 199, 210, 215, 247]}, "reform": {"prob": 0.0035714285714285713, "count": 1, "pos": [82]}, "himself": {"prob": 0.007142857142857143, "count": 2, "pos": [83, 127]}, "now": {"prob": 0.0035714285714285713, "count": 1, "pos": [86]}, "sleep": {"prob": 0.007142857142857143, "count": 2, "pos": [89, 157]}, "night": {"prob": 0.0035714285714285713, "count": 1, "pos": [91]}, "rabbit": {"prob": 0.010714285714285714, "count": 3, "pos": [93, 251, 262]}, "tri": {"prob": 0.0035714285714285713, "count": 1, "pos": [94]}, "steal": {"prob": 0.0035714285714285713, "count": 1, "pos": [96]}, "hi": {"prob": 0.014285714285714285, "count": 4, "pos": [97, 166, 211, 255]}, "carrot": {"prob": 0.007142857142857143, "count": 2, "pos": [98, 273]}, "nose": {"prob": 0.0035714285714285713, "count": 1, "pos": [99]}, "prevent": {"prob": 0.0035714285714285713, "count": 1, "pos": [103]}, "get": {"prob": 0.0035714285714285713, "count": 1, "pos": [107]}, "up": {"prob": 0.007142857142857143, "count": 2, "pos": [108, 270]}, "enter": {"prob": 0.0035714285714285713, "count": 1, "pos": [110]}, "hous": {"prob": 0.0035714285714285713, "count": 1, "pos": [112]}, "find": {"prob": 0.007142857142857143, "count": 2, "pos": [114, 118]}, "calendar": {"prob": 0.0035714285714285713, "count": 1, "pos": [116]}, "he": {"prob": 0.02857142857142857, "count": 8, "pos": [117, 133, 173, 179, 193, 205, 227, 268]}, "month": {"prob": 0.007142857142857143, "count": 2, "pos": [120, 137]}, "juli": {"prob": 0.007142857142857143, "count": 2, "pos": [121, 165]}, "it": {"prob": 0.007142857142857143, "count": 2, "pos": [123, 279]}, "put": {"prob": 0.007142857142857143, "count": 2, "pos": [126, 206]}, "refrig": {"prob": 0.010714285714285714, "count": 3, "pos": [130, 160, 182]}, "so": {"prob": 0.0035714285714285713, "count": 1, "pos": [131]}, "that": {"prob": 0.0035714285714285713, "count": 1, "pos": [132]}, "may": {"prob": 0.0035714285714285713, "count": 1, "pos": [134]}, "see": {"prob": 0.0035714285714285713, "count": 1, "pos": [135]}, "dure": {"prob": 0.0035714285714285713, "count": 1, "pos": [138]}, "time": {"prob": 0.0035714285714285713, "count": 1, "pos": [140]}, "sun": {"prob": 0.007142857142857143, "count": 2, "pos": [142, 226]}, "make": {"prob": 0.0035714285714285713, "count": 1, "pos": [143]}, "give": {"prob": 0.0035714285714285713, "count": 1, "pos": [148]}, "colour": {"prob": 0.0035714285714285713, "count": 1, "pos": [149]}, "botan": {"prob": 0.0035714285714285713, "count": 1, "pos": [152]}, "speci": {"prob": 0.0035714285714285713, "count": 1, "pos": [153]}, "meanwhil": {"prob": 0.0035714285714285713, "count": 1, "pos": [154]}, "back": {"prob": 0.0035714285714285713, "count": 1, "pos": [167]}, "is": {"prob": 0.0035714285714285713, "count": 1, "pos": [168]}, "stuck": {"prob": 0.0035714285714285713, "count": 1, "pos": [169]}, "fridg": {"prob": 0.0035714285714285713, "count": 1, "pos": [172]}, "adjust": {"prob": 0.0035714285714285713, "count": 1, "pos": [174]}, "thermostat": {"prob": 0.0035714285714285713, "count": 1, "pos": [176]}, "wait": {"prob": 0.0035714285714285713, "count": 1, "pos": [178]}, "look": {"prob": 0.0035714285714285713, "count": 1, "pos": [184]}, "for": {"prob": 0.0035714285714285713, "count": 1, "pos": [185]}, "sign": {"prob": 0.0035714285714285713, "count": 1, "pos": [187]}, "summer": {"prob": 0.007142857142857143, "count": 2, "pos": [189, 196]}, "window": {"prob": 0.0035714285714285713, "count": 1, "pos": [192]}, "embrac": {"prob": 0.0035714285714285713, "count": 1, "pos": [194]}, "breath": {"prob": 0.0035714285714285713, "count": 1, "pos": [198]}, "perfum": {"prob": 0.0035714285714285713, "count": 1, "pos": [201]}, "flower": {"prob": 0.0035714285714285713, "count": 1, "pos": [204]}, "pink": {"prob": 0.0035714285714285713, "count": 1, "pos": [208]}, "rose": {"prob": 0.0035714285714285713, "count": 1, "pos": [209]}, "lapel": {"prob": 0.0035714285714285713, "count": 1, "pos": [212]}, "field": {"prob": 0.0035714285714285713, "count": 1, "pos": [217]}, "under": {"prob": 0.0035714285714285713, "count": 1, "pos": [221]}, "heat": {"prob": 0.0035714285714285713, "count": 1, "pos": [223]}, "sing": {"prob": 0.0035714285714285713, "count": 1, "pos": [230]}, "da": {"prob": 0.0035714285714285713, "count": 1, "pos": [231]}, "ist": {"prob": 0.0035714285714285713, "count": 1, "pos": [232]}, "der": {"prob": 0.0035714285714285713, "count": 1, "pos": [233]}, "sommer": {"prob": 0.0035714285714285713,