{"__total__": 226, "__name__": "doc_467_Destination_Moon.txt", "when": {"prob": 0.008849557522123894, "count": 2, "pos": [0, 92]}, "their": {"prob": 0.01327433628318584, "count": 3, "pos": [1, 71, 125]}, "latest": {"prob": 0.004424778761061947, "count": 1, "pos": [2]}, "v": {"prob": 0.004424778761061947, "count": 1, "pos": [3]}, "2": {"prob": 0.004424778761061947, "count": 1, "pos": [4]}, "rocket": {"prob": 0.008849557522123894, "count": 2, "pos": [5, 12]}, "test": {"prob": 0.004424778761061947, "count": 1, "pos": [6]}, "fail": {"prob": 0.004424778761061947, "count": 1, "pos": [7]}, "and": {"prob": 0.030973451327433628, "count": 7, "pos": [8, 17, 40, 111, 170, 187, 203]}, "govern": {"prob": 0.008849557522123894, "count": 2, "pos": [9, 207]}, "fund": {"prob": 0.004424778761061947, "count": 1, "pos": [10]}, "collap": {"prob": 0.004424778761061947, "count": 1, "pos": [11]}, "scientist": {"prob": 0.004424778761061947, "count": 1, "pos": [13]}, "dr": {"prob": 0.004424778761061947, "count": 1, "pos": [14]}, "charl": {"prob": 0.004424778761061947, "count": 1, "pos": [15]}, "cargrav": {"prob": 0.004424778761061947, "count": 1, "pos": [16]}, "space": {"prob": 0.008849557522123894, "count": 2, "pos": [18, 86]}, "enthusiast": {"prob": 0.004424778761061947, "count": 1, "pos": [19]}, "gener": {"prob": 0.004424778761061947, "count": 1, "pos": [20]}, "thayer": {"prob": 0.004424778761061947, "count": 1, "pos": [21]}, "enlist": {"prob": 0.004424778761061947, "count": 1, "pos": [22]}, "the": {"prob": 0.08849557522123894, "count": 20, "pos": [23, 31, 52, 63, 96, 104, 114, 122, 152, 159, 168, 176, 179, 189, 194, 197, 201, 205, 215, 224]}, "aid": {"prob": 0.004424778761061947, "count": 1, "pos": [24]}, "of": {"prob": 0.01327433628318584, "count": 3, "pos": [25, 38, 76]}, "aircraft": {"prob": 0.004424778761061947, "count": 1, "pos": [26]}, "magnat": {"prob": 0.004424778761061947, "count": 1, "pos": [27]}, "jim": {"prob": 0.004424778761061947, "count": 1, "pos": [28]}, "barn": {"prob": 0.004424778761061947, "count": 1, "pos": [29]}, "with": {"prob": 0.008849557522123894, "count": 2, "pos": [30, 78]}, "necessari": {"prob": 0.004424778761061947, "count": 1, "pos": [32]}, "million": {"prob": 0.004424778761061947, "count": 1, "pos": [33]}, "rai": {"prob": 0.004424778761061947, "count": 1, "pos": [34]}, "from": {"prob": 0.008849557522123894, "count": 2, "pos": [35, 167]}, "a": {"prob": 0.030973451327433628, "count": 7, "pos": [36, 45, 48, 57, 79, 90, 100]}, "group": {"prob": 0.004424778761061947, "count": 1, "pos": [37]}, "adventur": {"prob": 0.004424778761061947, "count": 1, "pos": [39]}, "patriot": {"prob": 0.004424778761061947, "count": 1, "pos": [41]}, "industrialist": {"prob": 0.008849557522123894, "count": 2, "pos": [42, 218]}, "they": {"prob": 0.030973451327433628, "count": 7, "pos": [43, 87, 93, 116, 119, 138, 162]}, "build": {"prob": 0.004424778761061947, "count": 1, "pos": [44]}, "ship": {"prob": 0.01327433628318584, "count": 3, "pos": [46, 97, 123]}, "at": {"prob": 0.008849557522123894, "count": 2, "pos": [47, 200]}, "desert": {"prob": 0.004424778761061947, "count": 1, "pos": [49]}, "base": {"prob": 0.004424778761061947, "count": 1, "pos": [50]}, "but": {"prob": 0.004424778761061947, "count": 1, "pos": [51]}, "project": {"prob": 0.008849557522123894, "count": 2, "pos": [53, 72]}, "is": {"prob": 0.008849557522123894, "count": 2, "pos": [54, 128]}, "threaten": {"prob": 0.004424778761061947, "count": 1, "pos": [55]}, "by": {"prob": 0.008849557522123894, "count": 2, "pos": [56, 73]}, "public": {"prob": 0.004424778761061947, "count": 1, "pos": [58]}, "uproar": {"prob": 0.004424778761061947, "count": 1, "pos": [59]}, "over": {"prob": 0.004424778761061947, "count": 1, "pos": [60]}, "radiat": {"prob": 0.004424778761061947, "count": 1, "pos": [61]}, "safeti": {"prob": 0.004424778761061947, "count": 1, "pos": [62]}, "three": {"prob": 0.008849557522123894, "count": 2, "pos": [64, 154]}, "idealist": {"prob": 0.004424778761061947, "count": 1, "pos": [65]}, "circumv": {"prob": 0.004424778761061947, "count": 1, "pos": [66]}, "legal": {"prob": 0.004424778761061947, "count": 1, "pos": [67]}, "effort": {"prob": 0.004424778761061947, "count": 1, "pos": [68]}, "to": {"prob": 0.048672566371681415, "count": 11, "pos": [69, 98, 129, 148, 156, 158, 164, 174, 192, 211, 222]}, "stop": {"prob": 0.004424778761061947, "count": 1, "pos": [70]}, "launch": {"prob": 0.004424778761061947, "count": 1, "pos": [74]}, "ahead": {"prob": 0.004424778761061947, "count": 1, "pos": [75]}, "schedul": {"prob": 0.004424778761061947, "count": 1, "pos": [77]}, "substitut": {"prob": 0.004424778761061947, "count": 1, "pos": [80]}, "radio": {"prob": 0.008849557522123894, "count": 2, "pos": [81, 102]}, "oper": {"prob": 0.004424778761061947, "count": 1, "pos": [82]}, "joe": {"prob": 0.004424778761061947, "count": 1, "pos": [83]}, "sweeney": {"prob": 0.004424778761061947, "count": 1, "pos": [84]}, "in": {"prob": 0.004424778761061947, "count": 1, "pos": [85]}, "almost": {"prob": 0.004424778761061947, "count": 1, "pos": [88]}, "lose": {"prob": 0.004424778761061947, "count": 1, "pos": [89]}, "crewman": {"prob": 0.004424778761061947, "count": 1, "pos": [91]}, "go": {"prob": 0.004424778761061947, "count": 1, "pos": [94]}, "outsid": {"prob": 0.004424778761061947, "count": 1, "pos": [95]}, "free": {"prob": 0.004424778761061947, "count": 1, "pos": [99]}, "frozen": {"prob": 0.004424778761061947, "count": 1, "pos": [101]}, "antenna": {"prob": 0.004424778761061947, "count": 1, "pos": [103]}, "land": {"prob": 0.004424778761061947, "count": 1, "pos": [105]}, "use": {"prob": 0.004424778761061947, "count": 1, "pos": [106]}, "up": {"prob": 0.004424778761061947, "count": 1, "pos": [107]}, "too": {"prob": 0.004424778761061947, "count": 1, "pos": [108]}, "much": {"prob": 0.008849557522123894, "count": 2, "pos": [109, 136]}, "fuel": {"prob": 0.008849557522123894, "count": 2, "pos": [110, 127]}, "after": {"prob": 0.004424778761061947, "count": 1, "pos": [112]}, "explor": {"prob": 0.004424778761061947, "count": 1, "pos": [113]}, "surfac": {"prob": 0.004424778761061947, "count": 1, "pos": [115]}, "discov": {"prob": 0.004424778761061947, "count": 1, "pos": [117]}, "that": {"prob": 0.008849557522123894, "count": 2, "pos": [118, 181]}, "must": {"prob": 0.004424778761061947, "count": 1, "pos": [120]}, "lighten": {"prob": 0.004424778761061947, "count": 1, "pos": [121]}, "if": {"prob": 0.008849557522123894, "count": 2, "pos": [124, 151]}, "remain": {"prob": 0.004424778761061947, "count": 1, "pos": [126]}, "get": {"prob": 0.004424778761061947, "count": 1, "pos": [130]}, "them": {"prob": 0.004424778761061947, "count": 1, "pos": [131]}, "back": {"prob": 0.008849557522123894, "count": 2, "pos": [132, 173]}, "no": {"prob": 0.004424778761061947, "count": 1, "pos": [133]}, "matter": {"prob": 0.004424778761061947, "count": 1, "pos": [134]}, "how": {"prob": 0.004424778761061947, "count": 1, "pos": [135]}, "equip": {"prob": 0.004424778761061947, "count": 1, "pos": [137]}, "throw": {"prob": 0.004424778761061947, "count": 1, "pos": [139]}, "overboard": {"prob": 0.004424778761061947, "count": 1, "pos": [140]}, "it": {"prob": 0.008849557522123894, "count": 2, "pos": [141, 172]}, "look": {"prob": 0.004424778761061947, "count": 1, "pos": [142]}, "as": {"prob": 0.004424778761061947, "count": 1, "pos": [143]}, "though": {"prob": 0.004424778761061947, "count": 1, "pos": [144]}, "someon": {"prob": 0.004424778761061947, "count": 1, "pos": [145]}, "will": {"prob": 0.01327433628318584, "count": 3, "pos": [146, 185, 208]}, "have": {"prob": 0.004424778761061947, "count": 1, "pos": [147]}, "stay": {"prob": 0.004424778761061947, "count": 1, "pos": [149]}, "behind": {"prob": 0.004424778761061947, "count": 1, "pos": [150]}, "other": {"prob": 0.004424778761061947, "count": 1, "pos": [153]}, "are": {"prob": 0.008849557522123894, "count": 2, "pos": [155, 219]}, "return": {"prob": 0.004424778761061947, "count": 1, "pos": [157]}, "earth": {"prob": 0.004424778761061947, "count": 1,