{"__total__": 201, "__name__": "doc_469_Destry_Rides_Again.txt", "saloon": {"prob": 0.004975124378109453, "count": 1, "pos": [0]}, "owner": {"prob": 0.004975124378109453, "count": 1, "pos": [1]}, "kent": {"prob": 0.01990049751243781, "count": 4, "pos": [2, 32, 63, 168]}, "the": {"prob": 0.08955223880597014, "count": 18, "pos": [3, 7, 14, 20, 38, 47, 51, 65, 71, 86, 98, 109, 126, 149, 152, 191, 194, 199]}, "unscrupul": {"prob": 0.004975124378109453, "count": 1, "pos": [4]}, "boss": {"prob": 0.004975124378109453, "count": 1, "pos": [5]}, "of": {"prob": 0.024875621890547265, "count": 5, "pos": [6, 11, 137, 151, 196]}, "fiction": {"prob": 0.004975124378109453, "count": 1, "pos": [8]}, "western": {"prob": 0.004975124378109453, "count": 1, "pos": [9]}, "town": {"prob": 0.024875621890547265, "count": 5, "pos": [10, 15, 53, 66, 123]}, "bottleneck": {"prob": 0.009950248756218905, "count": 2, "pos": [12, 119]}, "ha": {"prob": 0.004975124378109453, "count": 1, "pos": [13]}, "sheriff": {"prob": 0.01990049751243781, "count": 4, "pos": [16, 21, 73, 156]}, "keogh": {"prob": 0.004975124378109453, "count": 1, "pos": [17]}, "kill": {"prob": 0.009950248756218905, "count": 2, "pos": [18, 189]}, "when": {"prob": 0.004975124378109453, "count": 1, "pos": [19]}, "ask": {"prob": 0.004975124378109453, "count": 1, "pos": [22]}, "one": {"prob": 0.004975124378109453, "count": 1, "pos": [23]}, "too": {"prob": 0.004975124378109453, "count": 1, "pos": [24]}, "mani": {"prob": 0.004975124378109453, "count": 1, "pos": [25]}, "question": {"prob": 0.004975124378109453, "count": 1, "pos": [26]}, "about": {"prob": 0.004975124378109453, "count": 1, "pos": [27]}, "a": {"prob": 0.03482587064676617, "count": 7, "pos": [28, 44, 95, 120, 133, 162, 182]}, "rig": {"prob": 0.004975124378109453, "count": 1, "pos": [29]}, "poker": {"prob": 0.004975124378109453, "count": 1, "pos": [30]}, "game": {"prob": 0.004975124378109453, "count": 1, "pos": [31]}, "and": {"prob": 0.03980099502487562, "count": 8, "pos": [33, 37, 82, 103, 157, 167, 179, 193]}, "frenchi": {"prob": 0.014925373134328358, "count": 3, "pos": [34, 173, 187]}, "hi": {"prob": 0.004975124378109453, "count": 1, "pos": [35]}, "girlfriend": {"prob": 0.004975124378109453, "count": 1, "pos": [36]}, "danc": {"prob": 0.004975124378109453, "count": 1, "pos": [39]}, "hall": {"prob": 0.004975124378109453, "count": 1, "pos": [40]}, "queen": {"prob": 0.004975124378109453, "count": 1, "pos": [41]}, "now": {"prob": 0.004975124378109453, "count": 1, "pos": [42]}, "have": {"prob": 0.004975124378109453, "count": 1, "pos": [43]}, "stranglehold": {"prob": 0.004975124378109453, "count": 1, "pos": [45]}, "over": {"prob": 0.014925373134328358, "count": 3, "pos": [46, 159, 176]}, "local": {"prob": 0.004975124378109453, "count": 1, "pos": [48]}, "cattl": {"prob": 0.004975124378109453, "count": 1, "pos": [49]}, "rancher": {"prob": 0.004975124378109453, "count": 1, "pos": [50]}, "crook": {"prob": 0.004975124378109453, "count": 1, "pos": [52]}, "mayor": {"prob": 0.009950248756218905, "count": 2, "pos": [54, 87]}, "hiram": {"prob": 0.004975124378109453, "count": 1, "pos": [55]}, "j": {"prob": 0.004975124378109453, "count": 1, "pos": [56]}, "slade": {"prob": 0.004975124378109453, "count": 1, "pos": [57]}, "who": {"prob": 0.004975124378109453, "count": 1, "pos": [58]}, "is": {"prob": 0.03482587064676617, "count": 7, "pos": [59, 91, 104, 141, 170, 174, 188]}, "in": {"prob": 0.014925373134328358, "count": 3, "pos": [60, 135, 190]}, "collus": {"prob": 0.004975124378109453, "count": 1, "pos": [61]}, "with": {"prob": 0.004975124378109453, "count": 1, "pos": [62]}, "appoint": {"prob": 0.004975124378109453, "count": 1, "pos": [64]}, "drunk": {"prob": 0.004975124378109453, "count": 1, "pos": [67]}, "washington": {"prob": 0.004975124378109453, "count": 1, "pos": [68]}, "dimsdal": {"prob": 0.009950248756218905, "count": 2, "pos": [69, 93]}, "as": {"prob": 0.009950248756218905, "count": 2, "pos": [70, 154]}, "new": {"prob": 0.004975124378109453, "count": 1, "pos": [72]}, "assum": {"prob": 0.004975124378109453, "count": 1, "pos": [74]}, "that": {"prob": 0.014925373134328358, "count": 3, "pos": [75, 92, 139]}, "he": {"prob": 0.014925373134328358, "count": 3, "pos": [76, 140, 145]}, "ll": {"prob": 0.004975124378109453, "count": 1, "pos": [77]}, "be": {"prob": 0.004975124378109453, "count": 1, "pos": [78]}, "easi": {"prob": 0.004975124378109453, "count": 1, "pos": [79]}, "to": {"prob": 0.01990049751243781, "count": 4, "pos": [80, 106, 115, 130]}, "control": {"prob": 0.004975124378109453, "count": 1, "pos": [81]}, "manipul": {"prob": 0.004975124378109453, "count": 1, "pos": [83]}, "but": {"prob": 0.009950248756218905, "count": 2, "pos": [84, 172]}, "what": {"prob": 0.004975124378109453, "count": 1, "pos": [85]}, "doesn": {"prob": 0.004975124378109453, "count": 1, "pos": [88]}, "t": {"prob": 0.004975124378109453, "count": 1, "pos": [89]}, "know": {"prob": 0.004975124378109453, "count": 1, "pos": [90]}, "wa": {"prob": 0.004975124378109453, "count": 1, "pos": [94]}, "deputi": {"prob": 0.009950248756218905, "count": 2, "pos": [96, 155]}, "under": {"prob": 0.004975124378109453, "count": 1, "pos": [97]}, "famou": {"prob": 0.004975124378109453, "count": 1, "pos": [99]}, "lawman": {"prob": 0.004975124378109453, "count": 1, "pos": [100]}, "tom": {"prob": 0.009950248756218905, "count": 2, "pos": [101, 112]}, "destri": {"prob": 0.024875621890547265, "count": 5, "pos": [102, 113, 124, 166, 178]}, "abl": {"prob": 0.004975124378109453, "count": 1, "pos": [105]}, "call": {"prob": 0.004975124378109453, "count": 1, "pos": [107]}, "upon": {"prob": 0.004975124378109453, "count": 1, "pos": [108]}, "equal": {"prob": 0.004975124378109453, "count": 1, "pos": [110]}, "formid": {"prob": 0.004975124378109453, "count": 1, "pos": [111]}, "jr": {"prob": 0.004975124378109453, "count": 1, "pos": [114]}, "help": {"prob": 0.004975124378109453, "count": 1, "pos": [116]}, "him": {"prob": 0.004975124378109453, "count": 1, "pos": [117]}, "make": {"prob": 0.004975124378109453, "count": 1, "pos": [118]}, "law": {"prob": 0.014925373134328358, "count": 3, "pos": [121, 153, 197]}, "respect": {"prob": 0.009950248756218905, "count": 2, "pos": [122, 161]}, "confound": {"prob": 0.004975124378109453, "count": 1, "pos": [125]}, "townsfolk": {"prob": 0.004975124378109453, "count": 1, "pos": [127]}, "by": {"prob": 0.009950248756218905, "count": 2, "pos": [128, 177]}, "refus": {"prob": 0.004975124378109453, "count": 1, "pos": [129]}, "strap": {"prob": 0.004975124378109453, "count": 1, "pos": [131]}, "on": {"prob": 0.004975124378109453, "count": 1, "pos": [132]}, "gun": {"prob": 0.004975124378109453, "count": 1, "pos": [134]}, "spite": {"prob": 0.004975124378109453, "count": 1, "pos": [136]}, "demonstr": {"prob": 0.004975124378109453, "count": 1, "pos": [138]}, "an": {"prob": 0.004975124378109453, "count": 1, "pos": [142]}, "expert": {"prob": 0.004975124378109453, "count": 1, "pos": [143]}, "marksman": {"prob": 0.004975124378109453, "count": 1, "pos": [144]}, "still": {"prob": 0.004975124378109453, "count": 1, "pos": [146]}, "carri": {"prob": 0.004975124378109453, "count": 1, "pos": [147]}, "out": {"prob": 0.004975124378109453, "count": 1, "pos": [148]}, "letter": {"prob": 0.004975124378109453, "count": 1, "pos": [150]}, "win": {"prob": 0.009950248756218905, "count": 2, "pos": [158, 198]}, "their": {"prob": 0.004975124378109453, "count": 1, "pos": [160]}, "final": {"prob": 0.009950248756218905, "count": 2, "pos": [163, 183]}, "confront": {"prob": 0.004975124378109453, "count": 1, "pos": [164]}, "between": {"prob": 0.004975124378109453, "count": 1, "pos": [165]}, "gang": {"prob": 0.004975124378109453, "count": 1, "pos": [169]}, "inevit": {"prob": 0.004975124378109453, "count": 1, "pos": [171]}, "won": {"prob": 0.004975124378109453, "count": 1, "pos": [175]}, "chang": {"prob": 0.004975124378109453, "count": 1, "pos": [180]}, "side": {"prob": 0.004975124378109453, "count": 1, "pos": [181]}, "gunfight": {"prob": 0.004975124378109453,