{"__total__": 280, "__name__": "doc_48_A_Thin_Line_Between_Love_and_Hate.txt", "martin": {"prob": 0.0035714285714285713, "count": 1, "pos": [0]}, "lawrenc": {"prob": 0.0035714285714285713, "count": 1, "pos": [1]}, "star": {"prob": 0.0035714285714285713, "count": 1, "pos": [2]}, "as": {"prob": 0.0035714285714285713, "count": 1, "pos": [3]}, "nightclub": {"prob": 0.007142857142857143, "count": 2, "pos": [4, 36]}, "manag": {"prob": 0.0035714285714285713, "count": 1, "pos": [5]}, "darnel": {"prob": 0.025, "count": 7, "pos": [6, 14, 92, 182, 187, 222, 241]}, "a": {"prob": 0.02142857142857143, "count": 6, "pos": [7, 16, 35, 86, 212, 236]}, "perpetu": {"prob": 0.0035714285714285713, "count": 1, "pos": [8]}, "playboy": {"prob": 0.0035714285714285713, "count": 1, "pos": [9]}, "and": {"prob": 0.02857142857142857, "count": 8, "pos": [10, 21, 40, 146, 217, 231, 235, 240]}, "hopeless": {"prob": 0.0035714285714285713, "count": 1, "pos": [11]}, "male": {"prob": 0.0035714285714285713, "count": 1, "pos": [12]}, "chauvinist": {"prob": 0.0035714285714285713, "count": 1, "pos": [13]}, "is": {"prob": 0.010714285714285714, "count": 3, "pos": [15, 59, 173]}, "crude": {"prob": 0.0035714285714285713, "count": 1, "pos": [17]}, "but": {"prob": 0.010714285714285714, "count": 3, "pos": [18, 138, 262]}, "smooth": {"prob": 0.0035714285714285713, "count": 1, "pos": [19]}, "talker": {"prob": 0.0035714285714285713, "count": 1, "pos": [20]}, "ladi": {"prob": 0.0035714285714285713, "count": 1, "pos": [22]}, "man": {"prob": 0.0035714285714285713, "count": 1, "pos": [23]}, "who": {"prob": 0.007142857142857143, "count": 2, "pos": [24, 179]}, "doesn": {"prob": 0.007142857142857143, "count": 2, "pos": [25, 140]}, "t": {"prob": 0.007142857142857143, "count": 2, "pos": [26, 141]}, "take": {"prob": 0.010714285714285714, "count": 3, "pos": [27, 142, 155]}, "no": {"prob": 0.0035714285714285713, "count": 1, "pos": [28]}, "for": {"prob": 0.014285714285714285, "count": 4, "pos": [29, 34, 53, 184]}, "an": {"prob": 0.014285714285714285, "count": 4, "pos": [30, 60, 148, 220]}, "answer": {"prob": 0.0035714285714285713, "count": 1, "pos": [31]}, "he": {"prob": 0.02857142857142857, "count": 8, "pos": [32, 46, 58, 65, 95, 110, 122, 132]}, "work": {"prob": 0.0035714285714285713, "count": 1, "pos": [33]}, "call": {"prob": 0.0035714285714285713, "count": 1, "pos": [37]}, "chocol": {"prob": 0.0035714285714285713, "count": 1, "pos": [38]}, "citi": {"prob": 0.0035714285714285713, "count": 1, "pos": [39]}, "aspir": {"prob": 0.0035714285714285713, "count": 1, "pos": [41]}, "to": {"prob": 0.03571428571428571, "count": 10, "pos": [42, 88, 128, 144, 162, 176, 199, 229, 233, 252]}, "be": {"prob": 0.0035714285714285713, "count": 1, "pos": [43]}, "it": {"prob": 0.0035714285714285713, "count": 1, "pos": [44]}, "owner": {"prob": 0.0035714285714285713, "count": 1, "pos": [45]}, "trade": {"prob": 0.0035714285714285713, "count": 1, "pos": [47]}, "vip": {"prob": 0.0035714285714285713, "count": 1, "pos": [48]}, "privileg": {"prob": 0.0035714285714285713, "count": 1, "pos": [49]}, "at": {"prob": 0.010714285714285714, "count": 3, "pos": [50, 62, 117]}, "the": {"prob": 0.025, "count": 7, "pos": [51, 79, 90, 190, 201, 206, 210]}, "club": {"prob": 0.007142857142857143, "count": 2, "pos": [52, 91]}, "favor": {"prob": 0.0035714285714285713, "count": 1, "pos": [54]}, "from": {"prob": 0.007142857142857143, "count": 2, "pos": [55, 165]}, "women": {"prob": 0.007142857142857143, "count": 2, "pos": [56, 64]}, "though": {"prob": 0.0035714285714285713, "count": 1, "pos": [57]}, "expert": {"prob": 0.0035714285714285713, "count": 1, "pos": [61]}, "con": {"prob": 0.0035714285714285713, "count": 1, "pos": [63]}, "sometim": {"prob": 0.0035714285714285713, "count": 1, "pos": [66]}, "worri": {"prob": 0.0035714285714285713, "count": 1, "pos": [67]}, "about": {"prob": 0.007142857142857143, "count": 2, "pos": [68, 249]}, "what": {"prob": 0.010714285714285714, "count": 3, "pos": [69, 227, 250]}, "hi": {"prob": 0.03214285714285714, "count": 9, "pos": [70, 76, 97, 102, 108, 160, 166, 169, 185]}, "childhood": {"prob": 0.0035714285714285713, "count": 1, "pos": [71]}, "sweetheart": {"prob": 0.0035714285714285713, "count": 1, "pos": [72]}, "mia": {"prob": 0.010714285714285714, "count": 3, "pos": [73, 137, 172]}, "think": {"prob": 0.0035714285714285713, "count": 1, "pos": [74]}, "of": {"prob": 0.014285714285714285, "count": 4, "pos": [75, 85, 209, 238]}, "adventur": {"prob": 0.0035714285714285713, "count": 1, "pos": [77]}, "when": {"prob": 0.007142857142857143, "count": 2, "pos": [78, 194]}, "classi": {"prob": 0.0035714285714285713, "count": 1, "pos": [80]}, "eleg": {"prob": 0.0035714285714285713, "count": 1, "pos": [81]}, "brandi": {"prob": 0.02142857142857143, "count": 6, "pos": [82, 126, 139, 178, 239, 253]}, "step": {"prob": 0.0035714285714285713, "count": 1, "pos": [83]}, "out": {"prob": 0.010714285714285714, "count": 3, "pos": [84, 130, 279]}, "limousin": {"prob": 0.0035714285714285713, "count": 1, "pos": [87]}, "enter": {"prob": 0.0035714285714285713, "count": 1, "pos": [89]}, "feel": {"prob": 0.0035714285714285713, "count": 1, "pos": [93]}, "that": {"prob": 0.014285714285714285, "count": 4, "pos": [94, 131, 193, 270]}, "met": {"prob": 0.0035714285714285713, "count": 1, "pos": [96]}, "ultim": {"prob": 0.0035714285714285713, "count": 1, "pos": [98]}, "prize": {"prob": 0.0035714285714285713, "count": 1, "pos": [99]}, "she": {"prob": 0.0035714285714285713, "count": 1, "pos": [100]}, "reject": {"prob": 0.007142857142857143, "count": 2, "pos": [101, 145]}, "come": {"prob": 0.0035714285714285713, "count": 1, "pos": [103]}, "on": {"prob": 0.014285714285714285, "count": 4, "pos": [104, 106, 127, 259]}, "which": {"prob": 0.0035714285714285713, "count": 1, "pos": [105]}, "fuel": {"prob": 0.0035714285714285713, "count": 1, "pos": [107]}, "appetit": {"prob": 0.0035714285714285713, "count": 1, "pos": [109]}, "pursu": {"prob": 0.0035714285714285713, "count": 1, "pos": [111]}, "her": {"prob": 0.017857142857142856, "count": 5, "pos": [112, 118, 260, 273, 278]}, "show": {"prob": 0.0035714285714285713, "count": 1, "pos": [113]}, "up": {"prob": 0.0035714285714285713, "count": 1, "pos": [114]}, "with": {"prob": 0.014285714285714285, "count": 4, "pos": [115, 136, 171, 219]}, "flower": {"prob": 0.0035714285714285713, "count": 1, "pos": [116]}, "real": {"prob": 0.0035714285714285713, "count": 1, "pos": [119]}, "estat": {"prob": 0.0035714285714285713, "count": 1, "pos": [120]}, "offic": {"prob": 0.0035714285714285713, "count": 1, "pos": [121]}, "final": {"prob": 0.007142857142857143, "count": 2, "pos": [123, 180]}, "win": {"prob": 0.0035714285714285713, "count": 1, "pos": [124]}, "over": {"prob": 0.007142857142857143, "count": 2, "pos": [125, 226]}, "find": {"prob": 0.0035714285714285713, "count": 1, "pos": [129]}, "realli": {"prob": 0.0035714285714285713, "count": 1, "pos": [133]}, "in": {"prob": 0.010714285714285714, "count": 3, "pos": [134, 223, 272]}, "love": {"prob": 0.007142857142857143, "count": 2, "pos": [135, 216]}, "kind": {"prob": 0.0035714285714285713, "count": 1, "pos": [143]}, "becom": {"prob": 0.0035714285714285713, "count": 1, "pos": [147]}, "obsess": {"prob": 0.0035714285714285713, "count": 1, "pos": [149]}, "femm": {"prob": 0.0035714285714285713, "count": 1, "pos": [150]}, "fatal": {"prob": 0.0035714285714285713, "count": 1, "pos": [151]}, "stalk": {"prob": 0.0035714285714285713, "count": 1, "pos": [152]}, "him": {"prob": 0.010714285714285714, "count": 3, "pos": [153, 164, 230]}, "even": {"prob": 0.0035714285714285713, "count": 1, "pos": [154]}, "all": {"prob": 0.0035714285714285713, "count": 1, "pos": [156]}, "four": {"prob": 0.0035714285714285713, "count": 1, "pos": [157]}, "wheel": {"prob": 0.0035714285714285713, "count": 1, "pos": [158]}, "off": {"prob": 0.0035714285714285713, "count": 1, "pos": [159]}, "suv": {"prob": 0.0035714285714285713, "count": 1, "pos": [161]}, "ground": {"prob": 0.0035714285714285713, "count": 1, "pos": [163]},