{"__total__": 219, "__name__": "doc_486_Divine_Intervention.txt", "in": {"prob": 0.0319634703196347, "count": 7, "pos": [0, 31, 75, 109, 140, 153, 215]}, "nazareth": {"prob": 0.0045662100456621, "count": 1, "pos": [1]}, "santa": {"prob": 0.0045662100456621, "count": 1, "pos": [2]}, "clau": {"prob": 0.0045662100456621, "count": 1, "pos": [3]}, "run": {"prob": 0.0045662100456621, "count": 1, "pos": [4]}, "away": {"prob": 0.0045662100456621, "count": 1, "pos": [5]}, "from": {"prob": 0.0136986301369863, "count": 3, "pos": [6, 11, 58]}, "children": {"prob": 0.0045662100456621, "count": 1, "pos": [7]}, "as": {"prob": 0.0045662100456621, "count": 1, "pos": [8]}, "gift": {"prob": 0.0045662100456621, "count": 1, "pos": [9]}, "fall": {"prob": 0.0045662100456621, "count": 1, "pos": [10]}, "hi": {"prob": 0.0182648401826484, "count": 4, "pos": [12, 62, 105, 209]}, "basket": {"prob": 0.0045662100456621, "count": 1, "pos": [13]}, "he": {"prob": 0.0045662100456621, "count": 1, "pos": [14]}, "been": {"prob": 0.0045662100456621, "count": 1, "pos": [15]}, "stab": {"prob": 0.0045662100456621, "count": 1, "pos": [16]}, "and": {"prob": 0.0273972602739726, "count": 6, "pos": [17, 88, 176, 188, 196, 208]}, "lean": {"prob": 0.0045662100456621, "count": 1, "pos": [18]}, "against": {"prob": 0.0091324200913242, "count": 2, "pos": [19, 129]}, "a": {"prob": 0.0593607305936073, "count": 13, "pos": [20, 27, 32, 37, 54, 83, 141, 150, 161, 165, 192, 206, 216]}, "tree": {"prob": 0.0045662100456621, "count": 1, "pos": [21]}, "neighbor": {"prob": 0.0091324200913242, "count": 2, "pos": [22, 36]}, "bicker": {"prob": 0.0091324200913242, "count": 2, "pos": [23, 35]}, "over": {"prob": 0.0045662100456621, "count": 1, "pos": [24]}, "small": {"prob": 0.0045662100456621, "count": 1, "pos": [25]}, "stuff": {"prob": 0.0045662100456621, "count": 1, "pos": [26]}, "palestinian": {"prob": 0.0228310502283105, "count": 5, "pos": [28, 56, 65, 162, 168]}, "coupl": {"prob": 0.0182648401826484, "count": 4, "pos": [29, 73, 113, 138]}, "meet": {"prob": 0.0045662100456621, "count": 1, "pos": [30]}, "car": {"prob": 0.0136986301369863, "count": 3, "pos": [33, 77, 142]}, "more": {"prob": 0.0045662100456621, "count": 1, "pos": [34]}, "tourist": {"prob": 0.0045662100456621, "count": 1, "pos": [38]}, "ask": {"prob": 0.0045662100456621, "count": 1, "pos": [39]}, "an": {"prob": 0.0136986301369863, "count": 3, "pos": [40, 92, 95]}, "isra": {"prob": 0.0182648401826484, "count": 4, "pos": [41, 93, 96, 147]}, "policeman": {"prob": 0.0091324200913242, "count": 2, "pos": [42, 51]}, "for": {"prob": 0.0045662100456621, "count": 1, "pos": [43]}, "direct": {"prob": 0.0045662100456621, "count": 1, "pos": [44]}, "unabl": {"prob": 0.0045662100456621, "count": 1, "pos": [45]}, "to": {"prob": 0.0136986301369863, "count": 3, "pos": [46, 100, 116]}, "help": {"prob": 0.0045662100456621, "count": 1, "pos": [47]}, "her": {"prob": 0.0091324200913242, "count": 2, "pos": [48, 67]}, "himself": {"prob": 0.0045662100456621, "count": 1, "pos": [49]}, "the": {"prob": 0.0867579908675799, "count": 19, "pos": [50, 59, 64, 72, 76, 79, 110, 112, 119, 122, 130, 133, 137, 143, 171, 174, 181, 186, 201]}, "bring": {"prob": 0.0045662100456621, "count": 1, "pos": [52]}, "out": {"prob": 0.0045662100456621, "count": 1, "pos": [53]}, "blindfold": {"prob": 0.0045662100456621, "count": 1, "pos": [55]}, "prison": {"prob": 0.0045662100456621, "count": 1, "pos": [57]}, "back": {"prob": 0.0045662100456621, "count": 1, "pos": [60]}, "of": {"prob": 0.0091324200913242, "count": 2, "pos": [61, 132]}, "van": {"prob": 0.0045662100456621, "count": 1, "pos": [63]}, "tell": {"prob": 0.0045662100456621, "count": 1, "pos": [66]}, "three": {"prob": 0.0045662100456621, "count": 1, "pos": [68]}, "differ": {"prob": 0.0045662100456621, "count": 1, "pos": [69]}, "possibl": {"prob": 0.0045662100456621, "count": 1, "pos": [70]}, "rout": {"prob": 0.0045662100456621, "count": 1, "pos": [71]}, "is": {"prob": 0.0091324200913242, "count": 2, "pos": [74, 98]}, "again": {"prob": 0.0091324200913242, "count": 2, "pos": [78, 139]}, "man": {"prob": 0.0091324200913242, "count": 2, "pos": [80, 207]}, "blow": {"prob": 0.0045662100456621, "count": 1, "pos": [81]}, "up": {"prob": 0.0091324200913242, "count": 2, "pos": [82, 195]}, "red": {"prob": 0.0045662100456621, "count": 1, "pos": [84]}, "yasser": {"prob": 0.0045662100456621, "count": 1, "pos": [85]}, "arafat": {"prob": 0.0045662100456621, "count": 1, "pos": [86]}, "balloon": {"prob": 0.0091324200913242, "count": 2, "pos": [87, 123]}, "relea": {"prob": 0.0045662100456621, "count": 1, "pos": [89]}, "it": {"prob": 0.0136986301369863, "count": 3, "pos": [90, 102, 199]}, "near": {"prob": 0.0045662100456621, "count": 1, "pos": [91]}, "checkpoint": {"prob": 0.0091324200913242, "count": 2, "pos": [94, 120]}, "soldier": {"prob": 0.0045662100456621, "count": 1, "pos": [97]}, "about": {"prob": 0.0045662100456621, "count": 1, "pos": [99]}, "shoot": {"prob": 0.0091324200913242, "count": 2, "pos": [101, 156]}, "down": {"prob": 0.0091324200913242, "count": 2, "pos": [103, 200]}, "but": {"prob": 0.0045662100456621, "count": 1, "pos": [104]}, "comrad": {"prob": 0.0045662100456621, "count": 1, "pos": [106]}, "stop": {"prob": 0.0045662100456621, "count": 1, "pos": [107]}, "him": {"prob": 0.0045662100456621, "count": 1, "pos": [108]}, "confus": {"prob": 0.0045662100456621, "count": 1, "pos": [111]}, "are": {"prob": 0.0045662100456621, "count": 1, "pos": [114]}, "abl": {"prob": 0.0045662100456621, "count": 1, "pos": [115]}, "drive": {"prob": 0.0045662100456621, "count": 1, "pos": [117]}, "through": {"prob": 0.0045662100456621, "count": 1, "pos": [118]}, "togeth": {"prob": 0.0045662100456621, "count": 1, "pos": [121]}, "float": {"prob": 0.0045662100456621, "count": 1, "pos": [124]}, "across": {"prob": 0.0045662100456621, "count": 1, "pos": [125]}, "jerusalem": {"prob": 0.0045662100456621, "count": 1, "pos": [126]}, "eventu": {"prob": 0.0045662100456621, "count": 1, "pos": [127]}, "settl": {"prob": 0.0045662100456621, "count": 1, "pos": [128]}, "dome": {"prob": 0.0045662100456621, "count": 1, "pos": [131]}, "rock": {"prob": 0.0045662100456621, "count": 1, "pos": [134]}, "at": {"prob": 0.0136986301369863, "count": 3, "pos": [135, 157, 179]}, "night": {"prob": 0.0045662100456621, "count": 1, "pos": [136]}, "next": {"prob": 0.0045662100456621, "count": 1, "pos": [144]}, "morn": {"prob": 0.0045662100456621, "count": 1, "pos": [145]}, "five": {"prob": 0.0045662100456621, "count": 1, "pos": [146]}, "men": {"prob": 0.0091324200913242, "count": 2, "pos": [148, 182]}, "practic": {"prob": 0.0045662100456621, "count": 1, "pos": [149]}, "danc": {"prob": 0.0091324200913242, "count": 2, "pos": [151, 202]}, "choreographi": {"prob": 0.0045662100456621, "count": 1, "pos": [152]}, "which": {"prob": 0.0045662100456621, "count": 1, "pos": [154]}, "they": {"prob": 0.0045662100456621, "count": 1, "pos": [155]}, "target": {"prob": 0.0091324200913242, "count": 2, "pos": [158, 175]}, "paint": {"prob": 0.0045662100456621, "count": 1, "pos": [159]}, "with": {"prob": 0.0045662100456621, "count": 1, "pos": [160]}, "woman": {"prob": 0.0045662100456621, "count": 1, "pos": [163]}, "then": {"prob": 0.0091324200913242, "count": 2, "pos": [164, 191]}, "real": {"prob": 0.0045662100456621, "count": 1, "pos": [166]}, "femal": {"prob": 0.0045662100456621, "count": 1, "pos": [167]}, "ninja": {"prob": 0.0045662100456621, "count": 1, "pos": [169]}, "like": {"prob": 0.0045662100456621, "count": 1, "pos": [170]}, "one": {"prob": 0.0045662100456621, "count": 1, "pos": [172]}, "on": {"prob": 0.0045662100456621, "count": 1, "pos": [173]}, "get": {"prob": 0.0045662100456621, "count": 1, "pos": [177]}, "shot": {"prob": 0.0045662100456621, "count": 1, "pos": [178]}, "by": {"prob": 0.0045662100456621, "count": 1, "pos": [180]}, "she": {"prob": 0.0091324200913242, "count": 2, "pos": [183, 197]}, "gather": {"prob": 0.0045662100456621, "count": 1, "pos": [184]}, "all": {"prob": 0.0045662100456621, "count": 1,