{"__total__": 438, "__name__": "doc_49_A_Trip_to_the_Moon.txt", "at": {"prob": 0.0136986301369863, "count": 6, "pos": [0, 205, 260, 324, 402, 412]}, "a": {"prob": 0.0502283105022831, "count": 22, "pos": [1, 8, 26, 33, 36, 66, 131, 151, 166, 173, 183, 201, 208, 228, 302, 309, 317, 359, 370, 383, 395, 403]}, "meet": {"prob": 0.00228310502283105, "count": 1, "pos": [2]}, "of": {"prob": 0.0273972602739726, "count": 12, "pos": [3, 32, 58, 61, 68, 106, 143, 150, 160, 375, 382, 435]}, "astronom": {"prob": 0.02968036529680365, "count": 13, "pos": [4, 19, 45, 103, 122, 178, 190, 218, 241, 253, 265, 282, 328]}, "their": {"prob": 0.0136986301369863, "count": 6, "pos": [5, 48, 119, 124, 258, 286]}, "presid": {"prob": 0.00228310502283105, "count": 1, "pos": [6]}, "propo": {"prob": 0.00228310502283105, "count": 1, "pos": [7]}, "trip": {"prob": 0.00228310502283105, "count": 1, "pos": [9]}, "to": {"prob": 0.02511415525114155, "count": 11, "pos": [10, 21, 39, 242, 257, 276, 285, 290, 304, 320, 351]}, "the": {"prob": 0.10273972602739725, "count": 45, "pos": [11, 22, 30, 44, 53, 56, 75, 79, 82, 85, 95, 100, 102, 107, 111, 115, 121, 134, 161, 177, 220, 240, 249, 252, 261, 267, 277, 281, 292, 299, 306, 312, 322, 325, 342, 347, 352, 366, 376, 380, 407, 413, 421, 430, 436]}, "moon": {"prob": 0.0136986301369863, "count": 6, "pos": [12, 83, 101, 162, 168, 313]}, "after": {"prob": 0.00228310502283105, "count": 1, "pos": [13]}, "address": {"prob": 0.00228310502283105, "count": 1, "pos": [14]}, "some": {"prob": 0.00228310502283105, "count": 1, "pos": [15]}, "dissent": {"prob": 0.00228310502283105, "count": 1, "pos": [16]}, "six": {"prob": 0.00228310502283105, "count": 1, "pos": [17]}, "brave": {"prob": 0.00228310502283105, "count": 1, "pos": [18]}, "agr": {"prob": 0.00228310502283105, "count": 1, "pos": [20]}, "plan": {"prob": 0.00228310502283105, "count": 1, "pos": [23]}, "they": {"prob": 0.0136986301369863, "count": 6, "pos": [24, 129, 179, 224, 246, 355]}, "build": {"prob": 0.00228310502283105, "count": 1, "pos": [25]}, "space": {"prob": 0.0091324200913242, "count": 4, "pos": [27, 43, 316, 334]}, "capsul": {"prob": 0.02054794520547945, "count": 9, "pos": [28, 49, 86, 108, 287, 307, 323, 329, 348]}, "in": {"prob": 0.02968036529680365, "count": 13, "pos": [29, 71, 81, 94, 114, 153, 165, 182, 337, 373, 405, 418, 427]}, "shape": {"prob": 0.00228310502283105, "count": 1, "pos": [31]}, "bullet": {"prob": 0.00228310502283105, "count": 1, "pos": [34]}, "and": {"prob": 0.04337899543378995, "count": 19, "pos": [35, 47, 90, 109, 126, 157, 185, 198, 234, 254, 273, 295, 314, 330, 335, 346, 361, 420, 425]}, "huge": {"prob": 0.00228310502283105, "count": 1, "pos": [37]}, "cannon": {"prob": 0.0045662100456621, "count": 2, "pos": [38, 54]}, "shoot": {"prob": 0.00228310502283105, "count": 1, "pos": [40]}, "it": {"prob": 0.0136986301369863, "count": 6, "pos": [41, 88, 91, 194, 212, 235]}, "into": {"prob": 0.00684931506849315, "count": 3, "pos": [42, 200, 315]}, "embark": {"prob": 0.00228310502283105, "count": 1, "pos": [46]}, "is": {"prob": 0.0045662100456621, "count": 2, "pos": [50, 213]}, "fire": {"prob": 0.00228310502283105, "count": 1, "pos": [51]}, "from": {"prob": 0.00228310502283105, "count": 1, "pos": [52]}, "with": {"prob": 0.00684931506849315, "count": 3, "pos": [55, 138, 227]}, "help": {"prob": 0.00228310502283105, "count": 1, "pos": [57]}, "marin": {"prob": 0.00228310502283105, "count": 1, "pos": [59]}, "most": {"prob": 0.00228310502283105, "count": 1, "pos": [60]}, "whom": {"prob": 0.00228310502283105, "count": 1, "pos": [62]}, "are": {"prob": 0.01141552511415525, "count": 5, "pos": [63, 77, 225, 247, 356]}, "portray": {"prob": 0.00228310502283105, "count": 1, "pos": [64]}, "as": {"prob": 0.01141552511415525, "count": 5, "pos": [65, 87, 128, 219, 245]}, "bevi": {"prob": 0.00228310502283105, "count": 1, "pos": [67]}, "beauti": {"prob": 0.00228310502283105, "count": 1, "pos": [69]}, "women": {"prob": 0.00228310502283105, "count": 1, "pos": [70]}, "sailor": {"prob": 0.00228310502283105, "count": 1, "pos": [72]}, "outfit": {"prob": 0.00228310502283105, "count": 1, "pos": [73]}, "while": {"prob": 0.0045662100456621, "count": 2, "pos": [74, 288]}, "rest": {"prob": 0.00228310502283105, "count": 1, "pos": [76]}, "men": {"prob": 0.00228310502283105, "count": 1, "pos": [78]}, "man": {"prob": 0.00228310502283105, "count": 1, "pos": [80]}, "watch": {"prob": 0.0045662100456621, "count": 2, "pos": [84, 110]}, "approach": {"prob": 0.00228310502283105, "count": 1, "pos": [89]}, "hit": {"prob": 0.00684931506849315, "count": 3, "pos": [92, 226, 291]}, "him": {"prob": 0.00684931506849315, "count": 3, "pos": [93, 275, 280]}, "eye": {"prob": 0.00228310502283105, "count": 1, "pos": [96]}, "land": {"prob": 0.0045662100456621, "count": 2, "pos": [97, 336]}, "safe": {"prob": 0.00228310502283105, "count": 1, "pos": [98]}, "on": {"prob": 0.00684931506849315, "count": 3, "pos": [99, 311, 340]}, "get": {"prob": 0.0045662100456621, "count": 2, "pos": [104, 297]}, "out": {"prob": 0.00684931506849315, "count": 3, "pos": [105, 142, 149]}, "earth": {"prob": 0.0045662100456621, "count": 2, "pos": [112, 341]}, "rise": {"prob": 0.00228310502283105, "count": 1, "pos": [113]}, "distanc": {"prob": 0.00228310502283105, "count": 1, "pos": [116]}, "exhaust": {"prob": 0.00228310502283105, "count": 1, "pos": [117]}, "by": {"prob": 0.00684931506849315, "count": 3, "pos": [118, 216, 358]}, "journey": {"prob": 0.00228310502283105, "count": 1, "pos": [120]}, "unrol": {"prob": 0.00228310502283105, "count": 1, "pos": [123]}, "blanket": {"prob": 0.00228310502283105, "count": 1, "pos": [125]}, "sleep": {"prob": 0.0045662100456621, "count": 2, "pos": [127, 130]}, "comet": {"prob": 0.00228310502283105, "count": 1, "pos": [132]}, "pass": {"prob": 0.00228310502283105, "count": 1, "pos": [133]}, "big": {"prob": 0.00228310502283105, "count": 1, "pos": [135]}, "dipper": {"prob": 0.00228310502283105, "count": 1, "pos": [136]}, "appear": {"prob": 0.0091324200913242, "count": 4, "pos": [137, 163, 210, 233]}, "human": {"prob": 0.00228310502283105, "count": 1, "pos": [139]}, "face": {"prob": 0.00228310502283105, "count": 1, "pos": [140]}, "peer": {"prob": 0.00228310502283105, "count": 1, "pos": [141]}, "each": {"prob": 0.00228310502283105, "count": 1, "pos": [144]}, "star": {"prob": 0.00228310502283105, "count": 1, "pos": [145]}, "old": {"prob": 0.00228310502283105, "count": 1, "pos": [146]}, "saturn": {"prob": 0.00228310502283105, "count": 1, "pos": [147]}, "lean": {"prob": 0.00228310502283105, "count": 1, "pos": [148]}, "window": {"prob": 0.00228310502283105, "count": 1, "pos": [152]}, "hi": {"prob": 0.00684931506849315, "count": 3, "pos": [154, 192, 271]}, "ring": {"prob": 0.00228310502283105, "count": 1, "pos": [155]}, "planet": {"prob": 0.00228310502283105, "count": 1, "pos": [156]}, "phoeb": {"prob": 0.0045662100456621, "count": 2, "pos": [158, 170]}, "goddess": {"prob": 0.00228310502283105, "count": 1, "pos": [159]}, "seat": {"prob": 0.00228310502283105, "count": 1, "pos": [164]}, "crescent": {"prob": 0.00228310502283105, "count": 1, "pos": [167]}, "swing": {"prob": 0.00228310502283105, "count": 1, "pos": [169]}, "call": {"prob": 0.00228310502283105, "count": 1, "pos": [171]}, "down": {"prob": 0.00228310502283105, "count": 1, "pos": [172]}, "snowfal": {"prob": 0.00228310502283105, "count": 1, "pos": [174]}, "that": {"prob": 0.00228310502283105, "count": 1, "pos": [175]}, "awaken": {"prob": 0.00228310502283105, "count": 1, "pos": [176]}, "seek": {"prob": 0.00228310502283105, "count": 1, "pos": [180]}, "shelter": {"prob": 0.00228310502283105, "count": 1, "pos": [181]}, "cavern": {"prob": 0.00228310502283105, "count": 1, "pos": [184]}, "discov": {"prob": 0.0045662100456621, "count": 2, "pos": [186, 401]}, "giant": {"prob": 0.0045662100456621, "count": 2, "pos": [187, 202]}, "mushroom": {"prob": 0.0045662100456621, "count": 2, "pos": [188, 203]}, "one": {"prob": 0.00228310502283105, "count": 1, "pos": [189]},