{"__total__": 407, "__name__": "doc_494_Domestic_Disturbance.txt", "susan": {"prob": 0.0171990171990172, "count": 7, "pos": [0, 25, 43, 53, 318, 341, 391]}, "morrison": {"prob": 0.002457002457002457, "count": 1, "pos": [1]}, "recent": {"prob": 0.002457002457002457, "count": 1, "pos": [2]}, "divorc": {"prob": 0.002457002457002457, "count": 1, "pos": [3]}, "from": {"prob": 0.007371007371007371, "count": 3, "pos": [4, 245, 397]}, "her": {"prob": 0.007371007371007371, "count": 3, "pos": [5, 350, 405]}, "husband": {"prob": 0.002457002457002457, "count": 1, "pos": [6]}, "frank": {"prob": 0.02457002457002457, "count": 10, "pos": [7, 27, 55, 184, 229, 254, 278, 306, 314, 358]}, "who": {"prob": 0.007371007371007371, "count": 3, "pos": [8, 164, 291]}, "is": {"prob": 0.014742014742014743, "count": 6, "pos": [9, 14, 32, 201, 284, 373]}, "a": {"prob": 0.03194103194103194, "count": 13, "pos": [10, 18, 48, 75, 81, 97, 204, 223, 289, 325, 356, 376, 383]}, "struggl": {"prob": 0.002457002457002457, "count": 1, "pos": [11]}, "ship": {"prob": 0.002457002457002457, "count": 1, "pos": [12]}, "builder": {"prob": 0.002457002457002457, "count": 1, "pos": [13]}, "get": {"prob": 0.002457002457002457, "count": 1, "pos": [15]}, "marri": {"prob": 0.004914004914004914, "count": 2, "pos": [16, 39]}, "to": {"prob": 0.03931203931203931, "count": 16, "pos": [17, 56, 59, 66, 91, 141, 171, 183, 193, 269, 304, 316, 343, 360, 366, 382]}, "younger": {"prob": 0.002457002457002457, "count": 1, "pos": [19]}, "and": {"prob": 0.04176904176904177, "count": 17, "pos": [20, 26, 44, 64, 71, 80, 86, 113, 147, 185, 200, 227, 240, 261, 273, 287, 352]}, "wealthier": {"prob": 0.002457002457002457, "count": 1, "pos": [21]}, "rick": {"prob": 0.03194103194103194, "count": 13, "pos": [22, 45, 58, 73, 87, 104, 137, 158, 178, 189, 246, 263, 281]}, "barn": {"prob": 0.002457002457002457, "count": 1, "pos": [23]}, "danni": {"prob": 0.03194103194103194, "count": 13, "pos": [24, 65, 68, 85, 89, 109, 126, 133, 179, 221, 346, 354, 379]}, "12": {"prob": 0.002457002457002457, "count": 1, "pos": [28]}, "year": {"prob": 0.002457002457002457, "count": 1, "pos": [29]}, "old": {"prob": 0.002457002457002457, "count": 1, "pos": [30]}, "son": {"prob": 0.007371007371007371, "count": 3, "pos": [31, 232, 272]}, "clear": {"prob": 0.004914004914004914, "count": 2, "pos": [33, 105]}, "unhappi": {"prob": 0.002457002457002457, "count": 1, "pos": [34]}, "with": {"prob": 0.012285012285012284, "count": 5, "pos": [35, 62, 70, 108, 345]}, "hi": {"prob": 0.019656019656019656, "count": 8, "pos": [36, 149, 231, 241, 259, 271, 295, 309]}, "mother": {"prob": 0.002457002457002457, "count": 1, "pos": [37]}, "re": {"prob": 0.002457002457002457, "count": 1, "pos": [38]}, "the": {"prob": 0.044226044226044224, "count": 18, "pos": [40, 51, 78, 102, 131, 154, 167, 181, 186, 198, 207, 218, 252, 320, 334, 337, 369, 398]}, "revel": {"prob": 0.002457002457002457, "count": 1, "pos": [41]}, "that": {"prob": 0.007371007371007371, "count": 3, "pos": [42, 280, 390]}, "are": {"prob": 0.002457002457002457, "count": 1, "pos": [46]}, "have": {"prob": 0.004914004914004914, "count": 2, "pos": [47, 331]}, "babi": {"prob": 0.004914004914004914, "count": 2, "pos": [49, 132]}, "worsen": {"prob": 0.002457002457002457, "count": 1, "pos": [50]}, "situat": {"prob": 0.002457002457002457, "count": 1, "pos": [52]}, "ask": {"prob": 0.002457002457002457, "count": 1, "pos": [54]}, "allow": {"prob": 0.002457002457002457, "count": 1, "pos": [57]}, "go": {"prob": 0.002457002457002457, "count": 1, "pos": [60]}, "sail": {"prob": 0.002457002457002457, "count": 1, "pos": [61]}, "him": {"prob": 0.012285012285012284, "count": 5, "pos": [63, 93, 116, 381, 387]}, "help": {"prob": 0.002457002457002457, "count": 1, "pos": [67]}, "bond": {"prob": 0.002457002457002457, "count": 1, "pos": [69]}, "accept": {"prob": 0.002457002457002457, "count": 1, "pos": [72]}, "as": {"prob": 0.014742014742014743, "count": 6, "pos": [74, 118, 120, 210, 355, 363]}, "stepfath": {"prob": 0.002457002457002457, "count": 1, "pos": [76]}, "after": {"prob": 0.004914004914004914, "count": 2, "pos": [77, 127]}, "marriag": {"prob": 0.002457002457002457, "count": 1, "pos": [79]}, "brief": {"prob": 0.002457002457002457, "count": 1, "pos": [82]}, "improv": {"prob": 0.002457002457002457, "count": 1, "pos": [83]}, "in": {"prob": 0.012285012285012284, "count": 5, "pos": [84, 136, 217, 276, 368]}, "relationship": {"prob": 0.004914004914004914, "count": 2, "pos": [88, 239]}, "begin": {"prob": 0.002457002457002457, "count": 1, "pos": [90]}, "dislik": {"prob": 0.002457002457002457, "count": 1, "pos": [92]}, "onc": {"prob": 0.002457002457002457, "count": 1, "pos": [94]}, "again": {"prob": 0.002457002457002457, "count": 1, "pos": [95]}, "dure": {"prob": 0.002457002457002457, "count": 1, "pos": [96]}, "game": {"prob": 0.002457002457002457, "count": 1, "pos": [98]}, "of": {"prob": 0.022113022113022112, "count": 9, "pos": [99, 177, 195, 197, 206, 215, 225, 235, 258]}, "catch": {"prob": 0.002457002457002457, "count": 1, "pos": [100]}, "between": {"prob": 0.002457002457002457, "count": 1, "pos": [101]}, "two": {"prob": 0.002457002457002457, "count": 1, "pos": [103]}, "becom": {"prob": 0.002457002457002457, "count": 1, "pos": [106]}, "agit": {"prob": 0.002457002457002457, "count": 1, "pos": [107]}, "ambiv": {"prob": 0.002457002457002457, "count": 1, "pos": [110]}, "play": {"prob": 0.002457002457002457, "count": 1, "pos": [111]}, "style": {"prob": 0.002457002457002457, "count": 1, "pos": [112]}, "start": {"prob": 0.002457002457002457, "count": 1, "pos": [114]}, "critici": {"prob": 0.002457002457002457, "count": 1, "pos": [115]}, "harsh": {"prob": 0.002457002457002457, "count": 1, "pos": [117]}, "well": {"prob": 0.002457002457002457, "count": 1, "pos": [119]}, "deal": {"prob": 0.002457002457002457, "count": 1, "pos": [121]}, "some": {"prob": 0.004914004914004914, "count": 2, "pos": [122, 256]}, "hard": {"prob": 0.002457002457002457, "count": 1, "pos": [123]}, "throw": {"prob": 0.002457002457002457, "count": 1, "pos": [124]}, "toward": {"prob": 0.002457002457002457, "count": 1, "pos": [125]}, "find": {"prob": 0.002457002457002457, "count": 1, "pos": [128]}, "out": {"prob": 0.004914004914004914, "count": 2, "pos": [129, 351]}, "about": {"prob": 0.004914004914004914, "count": 2, "pos": [130, 333]}, "stow": {"prob": 0.002457002457002457, "count": 1, "pos": [134]}, "away": {"prob": 0.002457002457002457, "count": 1, "pos": [135]}, "chevi": {"prob": 0.002457002457002457, "count": 1, "pos": [138]}, "suburban": {"prob": 0.002457002457002457, "count": 1, "pos": [139]}, "plan": {"prob": 0.002457002457002457, "count": 1, "pos": [140]}, "drop": {"prob": 0.002457002457002457, "count": 1, "pos": [142]}, "off": {"prob": 0.002457002457002457, "count": 1, "pos": [143]}, "it": {"prob": 0.002457002457002457, "count": 1, "pos": [144]}, "en": {"prob": 0.002457002457002457, "count": 1, "pos": [145]}, "rout": {"prob": 0.002457002457002457, "count": 1, "pos": [146]}, "visit": {"prob": 0.002457002457002457, "count": 1, "pos": [148]}, "dad": {"prob": 0.002457002457002457, "count": 1, "pos": [150]}, "but": {"prob": 0.007371007371007371, "count": 3, "pos": [151, 313, 347]}, "while": {"prob": 0.004914004914004914, "count": 2, "pos": [152, 294]}, "insid": {"prob": 0.002457002457002457, "count": 1, "pos": [153]}, "car": {"prob": 0.002457002457002457, "count": 1, "pos": [155]}, "he": {"prob": 0.009828009828009828, "count": 4, "pos": [156, 211, 288, 364]}, "wit": {"prob": 0.002457002457002457, "count": 1, "pos": [157]}, "murder": {"prob": 0.004914004914004914, "count": 2, "pos": [159, 182]}, "mysteri": {"prob": 0.002457002457002457, "count": 1, "pos": [160]}, "stranger": {"prob": 0.002457002457002457, "count": 1, "pos": [161]}, "ray": {"prob": 0.002457002457002457, "count": 1, "pos": [162]}, "coleman": {"prob": 0.007371007371007371, "count": 3, "pos": [163, 250, 299]}, "earlier": {"prob": 0.004914004914004914, "count": 2, "pos": [165, 340]},