{"__total__": 535, "__name__": "doc_498_Dont_Say_a_Word.txt", "in": {"prob": 0.013084112149532711, "count": 7, "pos": [0, 13, 216, 308, 313, 362, 379]}, "1991": {"prob": 0.001869158878504673, "count": 1, "pos": [1]}, "a": {"prob": 0.016822429906542057, "count": 9, "pos": [2, 7, 64, 112, 119, 264, 369, 400, 490]}, "gang": {"prob": 0.014953271028037384, "count": 8, "pos": [3, 19, 87, 169, 268, 291, 317, 407]}, "of": {"prob": 0.018691588785046728, "count": 10, "pos": [4, 17, 114, 224, 248, 266, 289, 310, 346, 477]}, "thiev": {"prob": 0.001869158878504673, "count": 1, "pos": [5]}, "steal": {"prob": 0.003738317757009346, "count": 2, "pos": [6, 399]}, "rare": {"prob": 0.001869158878504673, "count": 1, "pos": [8]}, "$10": {"prob": 0.001869158878504673, "count": 1, "pos": [9]}, "million": {"prob": 0.001869158878504673, "count": 1, "pos": [10]}, "gem": {"prob": 0.013084112149532711, "count": 7, "pos": [11, 285, 305, 332, 442, 483, 499]}, "but": {"prob": 0.011214953271028037, "count": 6, "pos": [12, 135, 235, 454, 469, 500]}, "the": {"prob": 0.07476635514018691, "count": 40, "pos": [14, 18, 30, 37, 72, 85, 108, 158, 168, 182, 213, 217, 220, 230, 249, 267, 271, 283, 290, 304, 311, 314, 316, 331, 339, 344, 351, 363, 386, 392, 406, 418, 424, 438, 441, 478, 482, 498, 503, 533]}, "process": {"prob": 0.001869158878504673, "count": 1, "pos": [15]}, "two": {"prob": 0.001869158878504673, "count": 1, "pos": [16]}, "doubl": {"prob": 0.003738317757009346, "count": 2, "pos": [20, 278]}, "cross": {"prob": 0.003738317757009346, "count": 2, "pos": [21, 279]}, "their": {"prob": 0.001869158878504673, "count": 1, "pos": [22]}, "leader": {"prob": 0.001869158878504673, "count": 1, "pos": [23]}, "patrick": {"prob": 0.016822429906542057, "count": 9, "pos": [24, 83, 106, 427, 463, 470, 485, 494, 507]}, "koster": {"prob": 0.001869158878504673, "count": 1, "pos": [25]}, "and": {"prob": 0.037383177570093455, "count": 20, "pos": [26, 56, 84, 101, 149, 211, 240, 276, 281, 295, 324, 354, 397, 412, 426, 440, 452, 486, 520, 522]}, "take": {"prob": 0.009345794392523364, "count": 5, "pos": [27, 245, 373, 475, 481]}, "off": {"prob": 0.001869158878504673, "count": 1, "pos": [28]}, "with": {"prob": 0.011214953271028037, "count": 6, "pos": [29, 233, 327, 508, 517, 532]}, "preciou": {"prob": 0.001869158878504673, "count": 1, "pos": [31]}, "stone": {"prob": 0.001869158878504673, "count": 1, "pos": [32]}, "ten": {"prob": 0.003738317757009346, "count": 2, "pos": [33, 273]}, "year": {"prob": 0.003738317757009346, "count": 2, "pos": [34, 274]}, "later": {"prob": 0.005607476635514018, "count": 3, "pos": [35, 140, 292]}, "on": {"prob": 0.009345794392523364, "count": 5, "pos": [36, 80, 368, 382, 529]}, "day": {"prob": 0.001869158878504673, "count": 1, "pos": [38]}, "befor": {"prob": 0.003738317757009346, "count": 2, "pos": [39, 458]}, "thanksgiv": {"prob": 0.001869158878504673, "count": 1, "pos": [40]}, "promin": {"prob": 0.001869158878504673, "count": 1, "pos": [41]}, "privat": {"prob": 0.001869158878504673, "count": 1, "pos": [42]}, "practic": {"prob": 0.001869158878504673, "count": 1, "pos": [43]}, "manhattan": {"prob": 0.001869158878504673, "count": 1, "pos": [44]}, "child": {"prob": 0.001869158878504673, "count": 1, "pos": [45]}, "psychiatrist": {"prob": 0.003738317757009346, "count": 2, "pos": [46, 109]}, "dr": {"prob": 0.005607476635514018, "count": 3, "pos": [47, 59, 162]}, "nathan": {"prob": 0.020560747663551402, "count": 11, "pos": [48, 95, 127, 166, 244, 396, 415, 451, 480, 501, 513]}, "r": {"prob": 0.001869158878504673, "count": 1, "pos": [49]}, "conrad": {"prob": 0.003738317757009346, "count": 2, "pos": [50, 534]}, "is": {"prob": 0.014953271028037384, "count": 8, "pos": [51, 131, 188, 258, 343, 465, 514, 524]}, "invit": {"prob": 0.001869158878504673, "count": 1, "pos": [52]}, "by": {"prob": 0.005607476635514018, "count": 3, "pos": [53, 191, 467]}, "hi": {"prob": 0.013084112149532711, "count": 7, "pos": [54, 98, 145, 175, 200, 429, 518]}, "friend": {"prob": 0.001869158878504673, "count": 1, "pos": [55]}, "former": {"prob": 0.001869158878504673, "count": 1, "pos": [57]}, "colleagu": {"prob": 0.001869158878504673, "count": 1, "pos": [58]}, "loui": {"prob": 0.003738317757009346, "count": 2, "pos": [60, 186]}, "sach": {"prob": 0.005607476635514018, "count": 3, "pos": [61, 163, 187]}, "to": {"prob": 0.029906542056074768, "count": 16, "pos": [62, 117, 165, 177, 180, 197, 226, 253, 298, 402, 431, 449, 472, 489, 496, 530]}, "examin": {"prob": 0.001869158878504673, "count": 1, "pos": [63]}, "disturb": {"prob": 0.001869158878504673, "count": 1, "pos": [65]}, "young": {"prob": 0.001869158878504673, "count": 1, "pos": [66]}, "ladi": {"prob": 0.001869158878504673, "count": 1, "pos": [67]}, "name": {"prob": 0.001869158878504673, "count": 1, "pos": [68]}, "elisabeth": {"prob": 0.020560747663551402, "count": 11, "pos": [69, 124, 129, 185, 246, 261, 325, 398, 422, 453, 527]}, "burrow": {"prob": 0.001869158878504673, "count": 1, "pos": [70]}, "at": {"prob": 0.005607476635514018, "count": 3, "pos": [71, 133, 350]}, "state": {"prob": 0.001869158878504673, "count": 1, "pos": [73]}, "sanatorium": {"prob": 0.003738317757009346, "count": 2, "pos": [74, 250]}, "have": {"prob": 0.001869158878504673, "count": 1, "pos": [75]}, "been": {"prob": 0.005607476635514018, "count": 3, "pos": [76, 203, 358]}, "relea": {"prob": 0.001869158878504673, "count": 1, "pos": [77]}, "from": {"prob": 0.007476635514018692, "count": 4, "pos": [78, 123, 184, 484]}, "prison": {"prob": 0.001869158878504673, "count": 1, "pos": [79]}, "4": {"prob": 0.001869158878504673, "count": 1, "pos": [81]}, "novemb": {"prob": 0.001869158878504673, "count": 1, "pos": [82]}, "remain": {"prob": 0.001869158878504673, "count": 1, "pos": [86]}, "member": {"prob": 0.009345794392523364, "count": 5, "pos": [88, 265, 288, 318, 408]}, "break": {"prob": 0.001869158878504673, "count": 1, "pos": [89]}, "into": {"prob": 0.001869158878504673, "count": 1, "pos": [90]}, "an": {"prob": 0.003738317757009346, "count": 2, "pos": [91, 238]}, "apart": {"prob": 0.005607476635514018, "count": 3, "pos": [92, 96, 218]}, "which": {"prob": 0.003738317757009346, "count": 2, "pos": [93, 505]}, "overview": {"prob": 0.001869158878504673, "count": 1, "pos": [94]}, "includ": {"prob": 0.001869158878504673, "count": 1, "pos": [97]}, "wife": {"prob": 0.003738317757009346, "count": 2, "pos": [99, 519]}, "aggi": {"prob": 0.007476635514018692, "count": 4, "pos": [100, 207, 228, 236]}, "daughter": {"prob": 0.007476635514018692, "count": 4, "pos": [102, 110, 146, 521]}, "jessi": {"prob": 0.007476635514018692, "count": 4, "pos": [103, 172, 209, 234]}, "that": {"prob": 0.018691588785046728, "count": 10, "pos": [104, 167, 199, 260, 269, 323, 338, 371, 414, 526]}, "even": {"prob": 0.001869158878504673, "count": 1, "pos": [105]}, "kidnap": {"prob": 0.007476635514018692, "count": 4, "pos": [107, 148, 171, 174]}, "as": {"prob": 0.003738317757009346, "count": 2, "pos": [111, 126]}, "mean": {"prob": 0.001869158878504673, "count": 1, "pos": [113]}, "forc": {"prob": 0.003738317757009346, "count": 2, "pos": [115, 178]}, "him": {"prob": 0.016822429906542057, "count": 9, "pos": [116, 179, 198, 242, 294, 297, 307, 361, 511]}, "acquir": {"prob": 0.003738317757009346, "count": 2, "pos": [118, 181]}, "6": {"prob": 0.001869158878504673, "count": 1, "pos": [120]}, "digit": {"prob": 0.001869158878504673, "count": 1, "pos": [121]}, "number": {"prob": 0.013084112149532711, "count": 7, "pos": [122, 159, 183, 341, 345, 419, 425]}, "memori": {"prob": 0.001869158878504673, "count": 1, "pos": [125]}, "visit": {"prob": 0.003738317757009346, "count": 2, "pos": [128, 190]}, "she": {"prob": 0.007476635514018692, "count": 4, "pos": [130, 251, 335, 365]}, "reluct": {"prob": 0.001869158878504673, "count": 1, "pos": [132]}, "first": {"prob": 0.001869158878504673, "count": 1, "pos": [134]}, "he": {"prob": 0.014953271028037384, "count": 8, "pos": [136, 143, 154, 277, 301, 436, 446, 459]}, "gain": {"prob": 0.001869158878504673,