{"__total__": 524, "__name__": "doc_504_Down_to_Earth_2001.txt", "lanc": {"prob": 0.03244274809160305, "count": 17, "pos": [0, 84, 107, 124, 133, 137, 171, 191, 208, 257, 270, 335, 377, 388, 420, 453, 482]}, "barton": {"prob": 0.003816793893129771, "count": 2, "pos": [1, 258]}, "is": {"prob": 0.026717557251908396, "count": 14, "pos": [2, 7, 16, 50, 61, 85, 94, 101, 108, 192, 221, 243, 334, 366]}, "a": {"prob": 0.03435114503816794, "count": 18, "pos": [3, 52, 65, 73, 82, 97, 144, 199, 212, 230, 239, 297, 305, 309, 371, 398, 409, 425]}, "struggl": {"prob": 0.0019083969465648854, "count": 1, "pos": [4]}, "comedian": {"prob": 0.003816793893129771, "count": 2, "pos": [5, 400]}, "who": {"prob": 0.0057251908396946565, "count": 3, "pos": [6, 121, 405]}, "quit": {"prob": 0.0019083969465648854, "count": 1, "pos": [8]}, "funni": {"prob": 0.0019083969465648854, "count": 1, "pos": [9]}, "and": {"prob": 0.03435114503816794, "count": 18, "pos": [10, 100, 119, 130, 138, 167, 263, 289, 329, 341, 357, 368, 378, 384, 401, 431, 436, 497]}, "confid": {"prob": 0.0019083969465648854, "count": 1, "pos": [11]}, "in": {"prob": 0.02480916030534351, "count": 13, "pos": [12, 23, 70, 161, 202, 284, 299, 348, 408, 490, 499, 504, 514]}, "hi": {"prob": 0.02480916030534351, "count": 13, "pos": [13, 20, 41, 78, 128, 162, 165, 203, 300, 319, 325, 471, 479]}, "person": {"prob": 0.003816793893129771, "count": 2, "pos": [14, 301]}, "but": {"prob": 0.0057251908396946565, "count": 3, "pos": [15, 219, 251]}, "unabl": {"prob": 0.0019083969465648854, "count": 1, "pos": [17]}, "to": {"prob": 0.03816793893129771, "count": 20, "pos": [18, 56, 63, 67, 111, 135, 174, 198, 214, 216, 223, 234, 292, 295, 317, 346, 360, 389, 393, 502]}, "bring": {"prob": 0.0019083969465648854, "count": 1, "pos": [19]}, "talent": {"prob": 0.0019083969465648854, "count": 1, "pos": [21]}, "across": {"prob": 0.0019083969465648854, "count": 1, "pos": [22]}, "front": {"prob": 0.003816793893129771, "count": 2, "pos": [24, 71]}, "of": {"prob": 0.011450381679389313, "count": 6, "pos": [25, 72, 105, 256, 481, 488]}, "an": {"prob": 0.0057251908396946565, "count": 3, "pos": [26, 38, 155]}, "audienc": {"prob": 0.003816793893129771, "count": 2, "pos": [27, 75]}, "after": {"prob": 0.013358778625954198, "count": 7, "pos": [28, 146, 246, 422, 444, 459, 511]}, "be": {"prob": 0.003816793893129771, "count": 2, "pos": [29, 225]}, "boo": {"prob": 0.0019083969465648854, "count": 1, "pos": [30]}, "off": {"prob": 0.003816793893129771, "count": 2, "pos": [31, 424]}, "stage": {"prob": 0.0019083969465648854, "count": 1, "pos": [32]}, "one": {"prob": 0.0019083969465648854, "count": 1, "pos": [33]}, "night": {"prob": 0.0019083969465648854, "count": 1, "pos": [34]}, "he": {"prob": 0.03816793893129771, "count": 20, "pos": [35, 60, 93, 114, 180, 186, 189, 220, 228, 262, 302, 315, 333, 343, 365, 448, 463, 476, 483, 492]}, "hear": {"prob": 0.0019083969465648854, "count": 1, "pos": [36]}, "about": {"prob": 0.0019083969465648854, "count": 1, "pos": [37]}, "opportun": {"prob": 0.0019083969465648854, "count": 1, "pos": [39]}, "from": {"prob": 0.007633587786259542, "count": 4, "pos": [40, 249, 304, 414]}, "manag": {"prob": 0.003816793893129771, "count": 2, "pos": [42, 327]}, "whitney": {"prob": 0.007633587786259542, "count": 4, "pos": [43, 328, 434, 495]}, "daniel": {"prob": 0.0019083969465648854, "count": 1, "pos": [44]}, "at": {"prob": 0.003816793893129771, "count": 2, "pos": [45, 428]}, "the": {"prob": 0.030534351145038167, "count": 16, "pos": [46, 116, 177, 184, 253, 264, 276, 285, 287, 375, 429, 460, 467, 486, 515, 518]}, "apollo": {"prob": 0.003816793893129771, "count": 2, "pos": [47, 430]}, "theater": {"prob": 0.003816793893129771, "count": 2, "pos": [48, 516]}, "which": {"prob": 0.0019083969465648854, "count": 1, "pos": [49]}, "have": {"prob": 0.0019083969465648854, "count": 1, "pos": [51]}, "goodbi": {"prob": 0.0019083969465648854, "count": 1, "pos": [53]}, "show": {"prob": 0.0019083969465648854, "count": 1, "pos": [54]}, "due": {"prob": 0.0019083969465648854, "count": 1, "pos": [55]}, "it": {"prob": 0.0019083969465648854, "count": 1, "pos": [57]}, "immin": {"prob": 0.0019083969465648854, "count": 1, "pos": [58]}, "close": {"prob": 0.0019083969465648854, "count": 1, "pos": [59]}, "hope": {"prob": 0.0019083969465648854, "count": 1, "pos": [62]}, "get": {"prob": 0.007633587786259542, "count": 4, "pos": [64, 215, 344, 500]}, "chanc": {"prob": 0.003816793893129771, "count": 2, "pos": [66, 213]}, "prove": {"prob": 0.0019083969465648854, "count": 1, "pos": [68]}, "himself": {"prob": 0.0019083969465648854, "count": 1, "pos": [69]}, "real": {"prob": 0.0019083969465648854, "count": 1, "pos": [74]}, "when": {"prob": 0.003816793893129771, "count": 2, "pos": [76, 188]}, "on": {"prob": 0.003816793893129771, "count": 2, "pos": [77, 261]}, "way": {"prob": 0.0019083969465648854, "count": 1, "pos": [79]}, "home": {"prob": 0.003816793893129771, "count": 2, "pos": [80, 310]}, "ride": {"prob": 0.0019083969465648854, "count": 1, "pos": [81]}, "bike": {"prob": 0.0019083969465648854, "count": 1, "pos": [83]}, "distract": {"prob": 0.0019083969465648854, "count": 1, "pos": [86]}, "by": {"prob": 0.009541984732824428, "count": 5, "pos": [87, 96, 164, 195, 370]}, "sont": {"prob": 0.009541984732824428, "count": 5, "pos": [88, 183, 345, 456, 501]}, "jenkin": {"prob": 0.0019083969465648854, "count": 1, "pos": [89]}, "not": {"prob": 0.003816793893129771, "count": 2, "pos": [90, 450]}, "pay": {"prob": 0.0019083969465648854, "count": 1, "pos": [91]}, "attent": {"prob": 0.0019083969465648854, "count": 1, "pos": [92]}, "hit": {"prob": 0.0019083969465648854, "count": 1, "pos": [95]}, "semi": {"prob": 0.0019083969465648854, "count": 1, "pos": [98]}, "truck": {"prob": 0.0019083969465648854, "count": 1, "pos": [99]}, "instant": {"prob": 0.0019083969465648854, "count": 1, "pos": [102]}, "kill": {"prob": 0.003816793893129771, "count": 2, "pos": [103, 369]}, "becaus": {"prob": 0.0019083969465648854, "count": 1, "pos": [104]}, "thi": {"prob": 0.0057251908396946565, "count": 3, "pos": [106, 210, 415]}, "brought": {"prob": 0.0019083969465648854, "count": 1, "pos": [109]}, "up": {"prob": 0.003816793893129771, "count": 2, "pos": [110, 381]}, "heaven": {"prob": 0.0019083969465648854, "count": 1, "pos": [112]}, "where": {"prob": 0.0019083969465648854, "count": 1, "pos": [113]}, "meet": {"prob": 0.003816793893129771, "count": 2, "pos": [115, 512]}, "angel": {"prob": 0.0057251908396946565, "count": 3, "pos": [117, 265, 461]}, "king": {"prob": 0.011450381679389313, "count": 6, "pos": [118, 139, 233, 379, 383, 435]}, "key": {"prob": 0.0057251908396946565, "count": 3, "pos": [120, 385, 437]}, "reveal": {"prob": 0.0019083969465648854, "count": 1, "pos": [122]}, "that": {"prob": 0.007633587786259542, "count": 4, "pos": [123, 182, 332, 443]}, "ha": {"prob": 0.0057251908396946565, "count": 3, "pos": [125, 477, 485]}, "die": {"prob": 0.003816793893129771, "count": 2, "pos": [126, 407]}, "befor": {"prob": 0.0019083969465648854, "count": 1, "pos": [127]}, "time": {"prob": 0.003816793893129771, "count": 2, "pos": [129, 520]}, "can": {"prob": 0.003816793893129771, "count": 2, "pos": [131, 266]}, "help": {"prob": 0.0019083969465648854, "count": 1, "pos": [132]}, "return": {"prob": 0.007633587786259542, "count": 4, "pos": [134, 248, 390, 413]}, "earth": {"prob": 0.003816793893129771, "count": 2, "pos": [136, 394]}, "then": {"prob": 0.003816793893129771, "count": 2, "pos": [140, 386]}, "start": {"prob": 0.003816793893129771, "count": 2, "pos": [141, 294]}, "search": {"prob": 0.0019083969465648854, "count": 1, "pos": [142]}, "for": {"prob": 0.003816793893129771, "count": 2, "pos": [143, 517]}, "bodi": {"prob": 0.007633587786259542, "count": 4, "pos": [145, 178, 237, 242]}, "sort": {"prob": 0.0019083969465648854, "count": 1, "pos": [147]}, "through": {"prob": 0.0057251908396946565, "count": 3, "pos": [148, 322, 337]}, "mani": {"prob": 0.003816793893129771, "count": 2, "pos": [149, 338]},