{"__total__": 123, "__name__": "doc_509_Dr_T_the_Women.txt", "dr": {"prob": 0.04065040650406504, "count": 5, "pos": [0, 41, 70, 86, 100]}, "sullivan": {"prob": 0.008130081300813009, "count": 1, "pos": [1]}, "travi": {"prob": 0.008130081300813009, "count": 1, "pos": [2]}, "is": {"prob": 0.04065040650406504, "count": 5, "pos": [3, 34, 47, 61, 75]}, "a": {"prob": 0.032520325203252036, "count": 4, "pos": [4, 30, 76, 117]}, "wealthi": {"prob": 0.008130081300813009, "count": 1, "pos": [5]}, "dalla": {"prob": 0.008130081300813009, "count": 1, "pos": [6]}, "gynecologist": {"prob": 0.008130081300813009, "count": 1, "pos": [7]}, "for": {"prob": 0.016260162601626018, "count": 2, "pos": [8, 94]}, "some": {"prob": 0.008130081300813009, "count": 1, "pos": [9]}, "of": {"prob": 0.016260162601626018, "count": 2, "pos": [10, 68]}, "the": {"prob": 0.032520325203252036, "count": 4, "pos": [11, 37, 57, 66]}, "wealthiest": {"prob": 0.008130081300813009, "count": 1, "pos": [12]}, "women": {"prob": 0.008130081300813009, "count": 1, "pos": [13]}, "in": {"prob": 0.024390243902439025, "count": 3, "pos": [14, 103, 107]}, "texa": {"prob": 0.008130081300813009, "count": 1, "pos": [15]}, "who": {"prob": 0.016260162601626018, "count": 2, "pos": [16, 80]}, "find": {"prob": 0.008130081300813009, "count": 1, "pos": [17]}, "hi": {"prob": 0.016260162601626018, "count": 2, "pos": [18, 26]}, "life": {"prob": 0.008130081300813009, "count": 1, "pos": [19]}, "begin": {"prob": 0.008130081300813009, "count": 1, "pos": [20]}, "to": {"prob": 0.024390243902439025, "count": 3, "pos": [21, 36, 49]}, "fall": {"prob": 0.008130081300813009, "count": 1, "pos": [22]}, "apart": {"prob": 0.008130081300813009, "count": 1, "pos": [23]}, "start": {"prob": 0.008130081300813009, "count": 1, "pos": [24]}, "when": {"prob": 0.008130081300813009, "count": 1, "pos": [25]}, "wife": {"prob": 0.008130081300813009, "count": 1, "pos": [27]}, "kate": {"prob": 0.008130081300813009, "count": 1, "pos": [28]}, "suffer": {"prob": 0.008130081300813009, "count": 1, "pos": [29]}, "nervou": {"prob": 0.008130081300813009, "count": 1, "pos": [31]}, "breakdown": {"prob": 0.008130081300813009, "count": 1, "pos": [32]}, "and": {"prob": 0.008130081300813009, "count": 1, "pos": [33]}, "commit": {"prob": 0.008130081300813009, "count": 1, "pos": [35]}, "state": {"prob": 0.008130081300813009, "count": 1, "pos": [38]}, "mental": {"prob": 0.008130081300813009, "count": 1, "pos": [39]}, "hospit": {"prob": 0.008130081300813009, "count": 1, "pos": [40]}, "t": {"prob": 0.032520325203252036, "count": 4, "pos": [42, 71, 87, 101]}, "eldest": {"prob": 0.008130081300813009, "count": 1, "pos": [43]}, "daughter": {"prob": 0.016260162601626018, "count": 2, "pos": [44, 73]}, "dee": {"prob": 0.016260162601626018, "count": 2, "pos": [45, 46]}, "plan": {"prob": 0.008130081300813009, "count": 1, "pos": [48]}, "go": {"prob": 0.008130081300813009, "count": 1, "pos": [50]}, "through": {"prob": 0.008130081300813009, "count": 1, "pos": [51]}, "with": {"prob": 0.016260162601626018, "count": 2, "pos": [52, 64]}, "her": {"prob": 0.016260162601626018, "count": 2, "pos": [53, 82]}, "approach": {"prob": 0.008130081300813009, "count": 1, "pos": [54]}, "wed": {"prob": 0.008130081300813009, "count": 1, "pos": [55]}, "despit": {"prob": 0.008130081300813009, "count": 1, "pos": [56]}, "secret": {"prob": 0.008130081300813009, "count": 1, "pos": [58]}, "that": {"prob": 0.008130081300813009, "count": 1, "pos": [59]}, "she": {"prob": 0.016260162601626018, "count": 2, "pos": [60, 110]}, "romant": {"prob": 0.016260162601626018, "count": 2, "pos": [62, 92]}, "involv": {"prob": 0.008130081300813009, "count": 1, "pos": [63]}, "marilyn": {"prob": 0.008130081300813009, "count": 1, "pos": [65]}, "maid": {"prob": 0.008130081300813009, "count": 1, "pos": [67]}, "honor": {"prob": 0.008130081300813009, "count": 1, "pos": [69]}, "youngest": {"prob": 0.008130081300813009, "count": 1, "pos": [72]}, "conni": {"prob": 0.008130081300813009, "count": 1, "pos": [74]}, "spunki": {"prob": 0.008130081300813009, "count": 1, "pos": [77]}, "conspiraci": {"prob": 0.008130081300813009, "count": 1, "pos": [78]}, "theorist": {"prob": 0.008130081300813009, "count": 1, "pos": [79]}, "ha": {"prob": 0.016260162601626018, "count": 2, "pos": [81, 91]}, "own": {"prob": 0.008130081300813009, "count": 1, "pos": [83]}, "agenda": {"prob": 0.008130081300813009, "count": 1, "pos": [84]}, "while": {"prob": 0.016260162601626018, "count": 2, "pos": [85, 113]}, "loyal": {"prob": 0.008130081300813009, "count": 1, "pos": [88]}, "secretari": {"prob": 0.008130081300813009, "count": 1, "pos": [89]}, "carolyn": {"prob": 0.008130081300813009, "count": 1, "pos": [90]}, "feel": {"prob": 0.008130081300813009, "count": 1, "pos": [93]}, "him": {"prob": 0.016260162601626018, "count": 2, "pos": [95, 121]}, "which": {"prob": 0.008130081300813009, "count": 1, "pos": [96]}, "are": {"prob": 0.008130081300813009, "count": 1, "pos": [97]}, "not": {"prob": 0.008130081300813009, "count": 1, "pos": [98]}, "mutual": {"prob": 0.008130081300813009, "count": 1, "pos": [99]}, "sister": {"prob": 0.008130081300813009, "count": 1, "pos": [102]}, "law": {"prob": 0.008130081300813009, "count": 1, "pos": [104]}, "peggi": {"prob": 0.008130081300813009, "count": 1, "pos": [105]}, "meddl": {"prob": 0.008130081300813009, "count": 1, "pos": [106]}, "everi": {"prob": 0.008130081300813009, "count": 1, "pos": [108]}, "situat": {"prob": 0.008130081300813009, "count": 1, "pos": [109]}, "stumbl": {"prob": 0.008130081300813009, "count": 1, "pos": [111]}, "into": {"prob": 0.008130081300813009, "count": 1, "pos": [112]}, "one": {"prob": 0.008130081300813009, "count": 1, "pos": [114]}, "woman": {"prob": 0.008130081300813009, "count": 1, "pos": [115]}, "bree": {"prob": 0.008130081300813009, "count": 1, "pos": [116]}, "golf": {"prob": 0.008130081300813009, "count": 1, "pos": [118]}, "instructor": {"prob": 0.008130081300813009, "count": 1, "pos": [119]}, "offer": {"prob": 0.008130081300813009, "count": 1, "pos": [120]}, "comfort": {"prob": 0.008130081300813009, "count": 1, "pos": [122]}}