{"__total__": 630, "__name__": "doc_511_Dracula_1958.txt", "in": {"prob": 0.03015873015873016, "count": 19, "pos": [0, 50, 55, 109, 120, 143, 176, 205, 207, 218, 236, 250, 308, 365, 377, 405, 439, 527, 587]}, "may": {"prob": 0.0015873015873015873, "count": 1, "pos": [1]}, "1885": {"prob": 0.0015873015873015873, "count": 1, "pos": [2]}, "jonathan": {"prob": 0.0031746031746031746, "count": 2, "pos": [3, 51]}, "harker": {"prob": 0.01746031746031746, "count": 11, "pos": [4, 39, 73, 111, 180, 186, 216, 225, 234, 253, 326]}, "arriv": {"prob": 0.007936507936507936, "count": 5, "pos": [5, 101, 175, 190, 297]}, "at": {"prob": 0.004761904761904762, "count": 3, "pos": [6, 191, 402]}, "the": {"prob": 0.06031746031746032, "count": 38, "pos": [7, 22, 78, 113, 126, 131, 138, 152, 161, 181, 192, 208, 230, 262, 274, 288, 330, 340, 374, 382, 408, 417, 430, 446, 455, 479, 499, 507, 513, 516, 519, 528, 534, 561, 572, 583, 588, 612]}, "castl": {"prob": 0.009523809523809525, "count": 6, "pos": [8, 23, 127, 193, 549, 573]}, "of": {"prob": 0.012698412698412698, "count": 8, "pos": [9, 233, 252, 290, 384, 492, 518, 594]}, "count": {"prob": 0.0031746031746031746, "count": 2, "pos": [10, 162]}, "dracula": {"prob": 0.02857142857142857, "count": 18, "pos": [11, 36, 69, 95, 136, 160, 296, 359, 385, 424, 493, 495, 524, 543, 577, 598, 601, 621]}, "near": {"prob": 0.0031746031746031746, "count": 2, "pos": [12, 550]}, "klausenberg": {"prob": 0.004761904761904762, "count": 3, "pos": [13, 177, 551]}, "pose": {"prob": 0.0015873015873015873, "count": 1, "pos": [14]}, "as": {"prob": 0.011111111111111112, "count": 7, "pos": [15, 92, 221, 354, 542, 605, 620]}, "a": {"prob": 0.03333333333333333, "count": 21, "pos": [16, 25, 34, 121, 148, 197, 203, 219, 222, 239, 291, 336, 355, 395, 440, 470, 490, 504, 538, 592, 627]}, "librarian": {"prob": 0.0015873015873015873, "count": 1, "pos": [17]}, "he": {"prob": 0.01904761904761905, "count": 12, "pos": [18, 47, 64, 107, 116, 134, 150, 156, 189, 226, 554, 596]}, "is": {"prob": 0.01904761904761905, "count": 12, "pos": [19, 75, 167, 195, 212, 259, 264, 342, 389, 425, 525, 564]}, "startl": {"prob": 0.0015873015873015873, "count": 1, "pos": [20]}, "insid": {"prob": 0.004761904761904762, "count": 3, "pos": [21, 498, 571]}, "by": {"prob": 0.011111111111111112, "count": 7, "pos": [24, 77, 201, 344, 394, 506, 566]}, "young": {"prob": 0.0015873015873015873, "count": 1, "pos": [26]}, "woman": {"prob": 0.006349206349206349, "count": 4, "pos": [27, 80, 141, 153]}, "beg": {"prob": 0.0031746031746031746, "count": 2, "pos": [28, 82]}, "for": {"prob": 0.011111111111111112, "count": 7, "pos": [29, 84, 169, 179, 421, 428, 445]}, "help": {"prob": 0.0031746031746031746, "count": 2, "pos": [30, 85]}, "claim": {"prob": 0.0015873015873015873, "count": 1, "pos": [31]}, "to": {"prob": 0.03492063492063492, "count": 22, "pos": [32, 43, 53, 67, 158, 214, 228, 238, 276, 351, 357, 373, 379, 399, 461, 467, 472, 512, 545, 547, 556, 585]}, "be": {"prob": 0.0015873015873015873, "count": 1, "pos": [33]}, "prison": {"prob": 0.0015873015873015873, "count": 1, "pos": [35]}, "then": {"prob": 0.006349206349206349, "count": 4, "pos": [37, 87, 174, 540]}, "greet": {"prob": 0.0015873015873015873, "count": 1, "pos": [38]}, "and": {"prob": 0.03968253968253968, "count": 25, "pos": [40, 58, 98, 102, 128, 137, 166, 243, 248, 279, 294, 298, 320, 328, 347, 370, 412, 423, 434, 483, 501, 530, 569, 576, 590]}, "guid": {"prob": 0.0015873015873015873, "count": 1, "pos": [41]}, "him": {"prob": 0.007936507936507936, "count": 5, "pos": [42, 49, 83, 170, 185]}, "hi": {"prob": 0.012698412698412698, "count": 8, "pos": [44, 56, 59, 89, 118, 244, 316, 548]}, "room": {"prob": 0.0015873015873015873, "count": 1, "pos": [45]}, "where": {"prob": 0.0031746031746031746, "count": 2, "pos": [46, 133]}, "lock": {"prob": 0.0015873015873015873, "count": 1, "pos": [48]}, "start": {"prob": 0.0015873015873015873, "count": 1, "pos": [52]}, "write": {"prob": 0.0015873015873015873, "count": 1, "pos": [54]}, "diari": {"prob": 0.0015873015873015873, "count": 1, "pos": [57]}, "true": {"prob": 0.0015873015873015873, "count": 1, "pos": [60]}, "intent": {"prob": 0.0015873015873015873, "count": 1, "pos": [61]}, "are": {"prob": 0.0031746031746031746, "count": 2, "pos": [62, 415]}, "reveal": {"prob": 0.0031746031746031746, "count": 2, "pos": [63, 329]}, "ha": {"prob": 0.0031746031746031746, "count": 2, "pos": [65, 163]}, "come": {"prob": 0.0015873015873015873, "count": 1, "pos": [66]}, "kill": {"prob": 0.0031746031746031746, "count": 2, "pos": [68, 159]}, "freed": {"prob": 0.0015873015873015873, "count": 1, "pos": [70]}, "sometim": {"prob": 0.0015873015873015873, "count": 1, "pos": [71]}, "later": {"prob": 0.0015873015873015873, "count": 1, "pos": [72]}, "again": {"prob": 0.004761904761904762, "count": 3, "pos": [74, 301, 464]}, "confront": {"prob": 0.0015873015873015873, "count": 1, "pos": [76]}, "desper": {"prob": 0.0015873015873015873, "count": 1, "pos": [79]}, "she": {"prob": 0.0031746031746031746, "count": 2, "pos": [81, 93]}, "but": {"prob": 0.015873015873015872, "count": 10, "pos": [86, 154, 268, 313, 339, 453, 474, 494, 523, 563]}, "bite": {"prob": 0.007936507936507936, "count": 5, "pos": [88, 114, 293, 299, 502]}, "neck": {"prob": 0.0031746031746031746, "count": 2, "pos": [90, 283]}, "just": {"prob": 0.0015873015873015873, "count": 1, "pos": [91]}, "doe": {"prob": 0.0015873015873015873, "count": 1, "pos": [94]}, "fang": {"prob": 0.0015873015873015873, "count": 1, "pos": [96]}, "bare": {"prob": 0.0031746031746031746, "count": 2, "pos": [97, 281]}, "lip": {"prob": 0.0015873015873015873, "count": 1, "pos": [99]}, "bloodi": {"prob": 0.0015873015873015873, "count": 1, "pos": [100]}, "yank": {"prob": 0.0015873015873015873, "count": 1, "pos": [103]}, "her": {"prob": 0.01746031746031746, "count": 11, "pos": [104, 267, 277, 282, 300, 366, 398, 429, 477, 503, 618]}, "away": {"prob": 0.006349206349206349, "count": 4, "pos": [105, 335, 391, 624]}, "when": {"prob": 0.007936507936507936, "count": 5, "pos": [106, 155, 188, 269, 458]}, "awaken": {"prob": 0.0031746031746031746, "count": 2, "pos": [108, 165]}, "daylight": {"prob": 0.0015873015873015873, "count": 1, "pos": [110]}, "find": {"prob": 0.007936507936507936, "count": 5, "pos": [112, 135, 358, 437, 454]}, "mark": {"prob": 0.0031746031746031746, "count": 2, "pos": [115, 289]}, "hide": {"prob": 0.0015873015873015873, "count": 1, "pos": [117]}, "journal": {"prob": 0.004761904761904762, "count": 3, "pos": [119, 187, 327]}, "virgin": {"prob": 0.0015873015873015873, "count": 1, "pos": [122]}, "mari": {"prob": 0.0015873015873015873, "count": 1, "pos": [123]}, "grotto": {"prob": 0.0015873015873015873, "count": 1, "pos": [124]}, "outsid": {"prob": 0.004761904761904762, "count": 3, "pos": [125, 488, 560]}, "descend": {"prob": 0.0015873015873015873, "count": 1, "pos": [129]}, "into": {"prob": 0.006349206349206349, "count": 4, "pos": [130, 533, 599, 603]}, "crypt": {"prob": 0.004761904761904762, "count": 3, "pos": [132, 209, 562]}, "unnam": {"prob": 0.0015873015873015873, "count": 1, "pos": [139]}, "vampir": {"prob": 0.007936507936507936, "count": 5, "pos": [140, 223, 292, 318, 332]}, "rest": {"prob": 0.0015873015873015873, "count": 1, "pos": [142]}, "their": {"prob": 0.0015873015873015873, "count": 1, "pos": [144]}, "coffin": {"prob": 0.014285714285714285, "count": 9, "pos": [145, 204, 220, 367, 386, 418, 456, 514, 529]}, "arm": {"prob": 0.0015873015873015873, "count": 1, "pos": [146]}, "with": {"prob": 0.004761904761904762, "count": 3, "pos": [147, 202, 536]}, "stake": {"prob": 0.004761904761904762, "count": 3, "pos": [149, 224, 363]}, "impal": {"prob": 0.0015873015873015873, "count": 1, "pos": [151]}, "turn": {"prob": 0.0031746031746031746, "count": 2, "pos": [157, 324]}, "alreadi": {"prob": 0.0031746031746031746, "count": 2, "pos": [164, 285]}, "wait": {"prob": 0.0031746031746031746, "count": 2, "pos": [168, 427]}, "dr": {"prob": 0.0015873015873015873, "count": 1, "pos": [171]},