{"__total__": 415, "__name__": "doc_523_Dumbo.txt", "while": {"prob": 0.0024096385542168677, "count": 1, "pos": [0]}, "circu": {"prob": 0.014457831325301205, "count": 6, "pos": [1, 40, 112, 316, 374, 413]}, "anim": {"prob": 0.0024096385542168677, "count": 1, "pos": [2]}, "are": {"prob": 0.004819277108433735, "count": 2, "pos": [3, 406]}, "be": {"prob": 0.0024096385542168677, "count": 1, "pos": [4]}, "transport": {"prob": 0.0024096385542168677, "count": 1, "pos": [5]}, "mr": {"prob": 0.007228915662650603, "count": 3, "pos": [6, 44, 404]}, "jumbo": {"prob": 0.007228915662650603, "count": 3, "pos": [7, 45, 405]}, "one": {"prob": 0.0024096385542168677, "count": 1, "pos": [8]}, "of": {"prob": 0.033734939759036145, "count": 14, "pos": [9, 29, 52, 57, 118, 165, 216, 230, 247, 286, 289, 305, 322, 367]}, "the": {"prob": 0.05542168674698795, "count": 23, "pos": [10, 18, 25, 39, 72, 111, 116, 127, 133, 139, 152, 197, 250, 268, 284, 315, 336, 341, 348, 368, 373, 382, 412]}, "eleph": {"prob": 0.016867469879518072, "count": 7, "pos": [11, 20, 27, 74, 120, 135, 249]}, "receiv": {"prob": 0.0024096385542168677, "count": 1, "pos": [12]}, "her": {"prob": 0.007228915662650603, "count": 3, "pos": [13, 47, 58]}, "babi": {"prob": 0.004819277108433735, "count": 2, "pos": [14, 19]}, "from": {"prob": 0.00963855421686747, "count": 4, "pos": [15, 218, 324, 330]}, "a": {"prob": 0.043373493975903614, "count": 18, "pos": [16, 50, 89, 145, 148, 163, 214, 219, 228, 236, 259, 287, 302, 306, 325, 331, 394, 408]}, "stork": {"prob": 0.0024096385542168677, "count": 1, "pos": [17]}, "is": {"prob": 0.024096385542168676, "count": 10, "pos": [21, 41, 62, 69, 84, 143, 179, 293, 356, 362]}, "quick": {"prob": 0.0024096385542168677, "count": 1, "pos": [22]}, "taunt": {"prob": 0.0024096385542168677, "count": 1, "pos": [23]}, "by": {"prob": 0.004819277108433735, "count": 2, "pos": [24, 71]}, "other": {"prob": 0.007228915662650603, "count": 3, "pos": [26, 73, 134]}, "becaus": {"prob": 0.0024096385542168677, "count": 1, "pos": [28]}, "hi": {"prob": 0.01927710843373494, "count": 8, "pos": [30, 169, 194, 278, 311, 320, 379, 399]}, "larg": {"prob": 0.004819277108433735, "count": 2, "pos": [31, 279]}, "ear": {"prob": 0.007228915662650603, "count": 3, "pos": [32, 125, 280]}, "and": {"prob": 0.04819277108433735, "count": 20, "pos": [33, 60, 65, 75, 93, 103, 136, 150, 172, 178, 202, 239, 244, 254, 270, 343, 353, 370, 401, 403]}, "they": {"prob": 0.004819277108433735, "count": 2, "pos": [34, 264]}, "nicknam": {"prob": 0.0024096385542168677, "count": 1, "pos": [35]}, "him": {"prob": 0.01927710843373494, "count": 8, "pos": [36, 82, 108, 160, 191, 212, 224, 346]}, "dumbo": {"prob": 0.043373493975903614, "count": 18, "pos": [37, 68, 102, 115, 124, 142, 174, 187, 200, 238, 253, 273, 297, 317, 339, 361, 392, 402]}, "onc": {"prob": 0.0024096385542168677, "count": 1, "pos": [38]}, "set": {"prob": 0.0024096385542168677, "count": 1, "pos": [42]}, "up": {"prob": 0.014457831325301205, "count": 6, "pos": [43, 64, 188, 257, 266, 275]}, "lose": {"prob": 0.004819277108433735, "count": 2, "pos": [46, 340]}, "temper": {"prob": 0.0024096385542168677, "count": 1, "pos": [48]}, "at": {"prob": 0.007228915662650603, "count": 3, "pos": [49, 314, 378]}, "group": {"prob": 0.004819277108433735, "count": 2, "pos": [51, 288]}, "boy": {"prob": 0.0024096385542168677, "count": 1, "pos": [53]}, "for": {"prob": 0.012048192771084338, "count": 5, "pos": [54, 81, 88, 101, 213]}, "make": {"prob": 0.007228915662650603, "count": 3, "pos": [55, 107, 114]}, "fun": {"prob": 0.0024096385542168677, "count": 1, "pos": [56]}, "son": {"prob": 0.0024096385542168677, "count": 1, "pos": [59]}, "she": {"prob": 0.0024096385542168677, "count": 1, "pos": [61]}, "lock": {"prob": 0.0024096385542168677, "count": 1, "pos": [63]}, "deem": {"prob": 0.0024096385542168677, "count": 1, "pos": [66]}, "mad": {"prob": 0.0024096385542168677, "count": 1, "pos": [67]}, "shun": {"prob": 0.0024096385542168677, "count": 1, "pos": [70]}, "with": {"prob": 0.004819277108433735, "count": 2, "pos": [76, 283]}, "no": {"prob": 0.0024096385542168677, "count": 1, "pos": [77]}, "mother": {"prob": 0.004819277108433735, "count": 2, "pos": [78, 195]}, "to": {"prob": 0.03132530120481928, "count": 13, "pos": [79, 106, 129, 185, 192, 205, 210, 223, 295, 298, 309, 359, 364]}, "care": {"prob": 0.0024096385542168677, "count": 1, "pos": [80]}, "he": {"prob": 0.004819277108433735, "count": 2, "pos": [83, 355]}, "now": {"prob": 0.004819277108433735, "count": 2, "pos": [85, 180]}, "alon": {"prob": 0.0024096385542168677, "count": 1, "pos": [86]}, "except": {"prob": 0.0024096385542168677, "count": 1, "pos": [87]}, "self": {"prob": 0.0024096385542168677, "count": 1, "pos": [90]}, "appoint": {"prob": 0.0024096385542168677, "count": 1, "pos": [91]}, "mentor": {"prob": 0.0024096385542168677, "count": 1, "pos": [92]}, "protector": {"prob": 0.0024096385542168677, "count": 1, "pos": [94]}, "timothi": {"prob": 0.021686746987951807, "count": 9, "pos": [95, 189, 208, 240, 255, 261, 292, 344, 397]}, "q": {"prob": 0.0024096385542168677, "count": 1, "pos": [96]}, "mous": {"prob": 0.0024096385542168677, "count": 1, "pos": [97]}, "who": {"prob": 0.0024096385542168677, "count": 1, "pos": [98]}, "feel": {"prob": 0.0024096385542168677, "count": 1, "pos": [99]}, "sympathi": {"prob": 0.0024096385542168677, "count": 1, "pos": [100]}, "becom": {"prob": 0.00963855421686747, "count": 4, "pos": [104, 242, 393, 398]}, "determin": {"prob": 0.0024096385542168677, "count": 1, "pos": [105]}, "happi": {"prob": 0.0024096385542168677, "count": 1, "pos": [109]}, "again": {"prob": 0.004819277108433735, "count": 2, "pos": [110, 300]}, "director": {"prob": 0.0024096385542168677, "count": 1, "pos": [113]}, "top": {"prob": 0.004819277108433735, "count": 2, "pos": [117, 141]}, "an": {"prob": 0.004819277108433735, "count": 2, "pos": [119, 156]}, "pyramid": {"prob": 0.0024096385542168677, "count": 1, "pos": [121]}, "stunt": {"prob": 0.007228915662650603, "count": 3, "pos": [122, 128, 321]}, "but": {"prob": 0.0024096385542168677, "count": 1, "pos": [123]}, "caus": {"prob": 0.0024096385542168677, "count": 1, "pos": [126]}, "go": {"prob": 0.0024096385542168677, "count": 1, "pos": [130]}, "wrong": {"prob": 0.0024096385542168677, "count": 1, "pos": [131]}, "injur": {"prob": 0.0024096385542168677, "count": 1, "pos": [132]}, "bring": {"prob": 0.0024096385542168677, "count": 1, "pos": [137]}, "down": {"prob": 0.004819277108433735, "count": 2, "pos": [138, 338]}, "big": {"prob": 0.0024096385542168677, "count": 1, "pos": [140]}, "made": {"prob": 0.0024096385542168677, "count": 1, "pos": [144]}, "clown": {"prob": 0.0024096385542168677, "count": 1, "pos": [146]}, "as": {"prob": 0.00963855421686747, "count": 4, "pos": [147, 235, 281, 381]}, "result": {"prob": 0.004819277108433735, "count": 2, "pos": [149, 237]}, "play": {"prob": 0.0024096385542168677, "count": 1, "pos": [151]}, "main": {"prob": 0.0024096385542168677, "count": 1, "pos": [153]}, "role": {"prob": 0.0024096385542168677, "count": 1, "pos": [154]}, "in": {"prob": 0.00963855421686747, "count": 4, "pos": [155, 258, 267, 387]}, "act": {"prob": 0.0024096385542168677, "count": 1, "pos": [157]}, "that": {"prob": 0.00963855421686747, "count": 4, "pos": [158, 272, 347, 354]}, "involv": {"prob": 0.0024096385542168677, "count": 1, "pos": [159]}, "fall": {"prob": 0.0024096385542168677, "count": 1, "pos": [161]}, "into": {"prob": 0.004819277108433735, "count": 2, "pos": [162, 233]}, "vat": {"prob": 0.0024096385542168677, "count": 1, "pos": [164]}, "pie": {"prob": 0.0024096385542168677, "count": 1, "pos": [166]}, "fill": {"prob": 0.0024096385542168677, "count": 1, "pos": [167]}, "despit": {"prob": 0.0024096385542168677, "count": 1, "pos": [168]}, "newfound": {"prob": 0.0024096385542168677, "count": 1, "pos": [170]}, "popular": {"prob": 0.0024096385542168677, "count": 1, "pos": [171]}, "fame": {"prob": 0.0024096385542168677, "count": 1, "pos": [173]}, "hate": {"prob": 0.0024096385542168677, "count": 1,