{"__total__": 621, "__name__": "doc_534_Education_for_Death.txt", "the": {"prob": 0.08373590982286634, "count": 52, "pos": [0, 3, 25, 28, 57, 60, 62, 72, 90, 96, 108, 130, 136, 138, 147, 150, 152, 172, 207, 210, 214, 226, 230, 233, 255, 270, 286, 358, 378, 383, 389, 405, 407, 411, 418, 428, 434, 437, 441, 452, 456, 468, 489, 495, 509, 549, 559, 570, 577, 581, 584, 617]}, "film": {"prob": 0.004830917874396135, "count": 3, "pos": [1, 29, 151]}, "featur": {"prob": 0.001610305958132045, "count": 1, "pos": [2]}, "stori": {"prob": 0.00322061191626409, "count": 2, "pos": [4, 198]}, "of": {"prob": 0.03542673107890499, "count": 22, "pos": [5, 27, 42, 59, 75, 92, 104, 135, 140, 149, 166, 195, 209, 213, 220, 252, 360, 370, 391, 436, 583, 596]}, "littl": {"prob": 0.001610305958132045, "count": 1, "pos": [6]}, "han": {"prob": 0.027375201288244767, "count": 17, "pos": [7, 55, 158, 199, 236, 274, 303, 344, 356, 400, 414, 425, 460, 473, 506, 579, 613]}, "a": {"prob": 0.03864734299516908, "count": 24, "pos": [8, 21, 30, 35, 102, 111, 163, 186, 218, 224, 250, 265, 334, 352, 386, 392, 397, 421, 449, 478, 498, 503, 604, 607]}, "boy": {"prob": 0.001610305958132045, "count": 1, "pos": [9]}, "born": {"prob": 0.001610305958132045, "count": 1, "pos": [10]}, "and": {"prob": 0.03864734299516908, "count": 24, "pos": [11, 46, 66, 86, 95, 206, 238, 258, 283, 295, 329, 347, 357, 375, 451, 465, 494, 501, 514, 517, 526, 565, 580, 606]}, "rai": {"prob": 0.001610305958132045, "count": 1, "pos": [12]}, "in": {"prob": 0.01932367149758454, "count": 12, "pos": [13, 78, 174, 229, 351, 364, 417, 427, 448, 477, 537, 576]}, "nazi": {"prob": 0.011272141706924315, "count": 7, "pos": [14, 36, 97, 266, 499, 535, 585]}, "germani": {"prob": 0.00322061191626409, "count": 2, "pos": [15, 184]}, "who": {"prob": 0.00322061191626409, "count": 2, "pos": [16, 542]}, "is": {"prob": 0.00966183574879227, "count": 6, "pos": [17, 127, 142, 154, 281, 615]}, "bred": {"prob": 0.001610305958132045, "count": 1, "pos": [18]}, "to": {"prob": 0.03542673107890499, "count": 22, "pos": [19, 34, 48, 80, 116, 146, 192, 262, 272, 290, 299, 316, 320, 326, 401, 415, 461, 553, 563, 574, 589, 592]}, "becom": {"prob": 0.004830917874396135, "count": 3, "pos": [20, 200, 530]}, "merciless": {"prob": 0.001610305958132045, "count": 1, "pos": [22]}, "soldier": {"prob": 0.00644122383252818, "count": 4, "pos": [23, 335, 450, 586]}, "at": {"prob": 0.00322061191626409, "count": 2, "pos": [24, 56]}, "begin": {"prob": 0.001610305958132045, "count": 1, "pos": [26]}, "german": {"prob": 0.001610305958132045, "count": 1, "pos": [31]}, "coupl": {"prob": 0.001610305958132045, "count": 1, "pos": [32]}, "prove": {"prob": 0.001610305958132045, "count": 1, "pos": [33]}, "suprem": {"prob": 0.001610305958132045, "count": 1, "pos": [37]}, "judg": {"prob": 0.00644122383252818, "count": 4, "pos": [38, 61, 73, 109]}, "that": {"prob": 0.00966183574879227, "count": 6, "pos": [39, 156, 322, 333, 467, 485]}, "they": {"prob": 0.004830917874396135, "count": 3, "pos": [40, 53, 99]}, "are": {"prob": 0.00322061191626409, "count": 2, "pos": [41, 100]}, "pure": {"prob": 0.001610305958132045, "count": 1, "pos": [43]}, "aryan": {"prob": 0.001610305958132045, "count": 1, "pos": [44]}, "blood": {"prob": 0.001610305958132045, "count": 1, "pos": [45]}, "agr": {"prob": 0.00322061191626409, "count": 2, "pos": [47, 466]}, "give": {"prob": 0.004830917874396135, "count": 3, "pos": [49, 217, 368]}, "their": {"prob": 0.004830917874396135, "count": 3, "pos": [50, 114, 118]}, "son": {"prob": 0.00322061191626409, "count": 2, "pos": [51, 293]}, "whom": {"prob": 0.001610305958132045, "count": 1, "pos": [52]}, "name": {"prob": 0.004830917874396135, "count": 3, "pos": [54, 63, 77]}, "approv": {"prob": 0.001610305958132045, "count": 1, "pos": [58]}, "franklin": {"prob": 0.00322061191626409, "count": 2, "pos": [64, 81]}, "winston": {"prob": 0.00322061191626409, "count": 2, "pos": [65, 84]}, "joseph": {"prob": 0.004830917874396135, "count": 3, "pos": [67, 87, 376]}, "can": {"prob": 0.001610305958132045, "count": 1, "pos": [68]}, "be": {"prob": 0.00966183574879227, "count": 6, "pos": [69, 249, 310, 330, 394, 471]}, "seen": {"prob": 0.001610305958132045, "count": 1, "pos": [70]}, "on": {"prob": 0.01288244766505636, "count": 8, "pos": [71, 131, 248, 269, 388, 591, 601, 610]}, "list": {"prob": 0.001610305958132045, "count": 1, "pos": [74]}, "forbidden": {"prob": 0.001610305958132045, "count": 1, "pos": [76]}, "refer": {"prob": 0.001610305958132045, "count": 1, "pos": [79]}, "d": {"prob": 0.001610305958132045, "count": 1, "pos": [82]}, "roosevelt": {"prob": 0.001610305958132045, "count": 1, "pos": [83]}, "churchil": {"prob": 0.001610305958132045, "count": 1, "pos": [85]}, "stalin": {"prob": 0.001610305958132045, "count": 1, "pos": [88]}, "into": {"prob": 0.00322061191626409, "count": 2, "pos": [89, 594]}, "servic": {"prob": 0.00322061191626409, "count": 2, "pos": [91, 115]}, "adolf": {"prob": 0.001610305958132045, "count": 1, "pos": [93]}, "hitler": {"prob": 0.017713365539452495, "count": 11, "pos": [94, 117, 170, 203, 215, 227, 264, 371, 379, 487, 544]}, "parti": {"prob": 0.00644122383252818, "count": 4, "pos": [98, 550, 560, 571]}, "given": {"prob": 0.001610305958132045, "count": 1, "pos": [101]}, "copi": {"prob": 0.001610305958132045, "count": 1, "pos": [103]}, "mein": {"prob": 0.00322061191626409, "count": 2, "pos": [105, 492]}, "kampf": {"prob": 0.00322061191626409, "count": 2, "pos": [106, 493]}, "by": {"prob": 0.004830917874396135, "count": 3, "pos": [107, 129, 396]}, "as": {"prob": 0.014492753623188406, "count": 9, "pos": [110, 157, 171, 204, 223, 382, 424, 430, 443]}, "reward": {"prob": 0.001610305958132045, "count": 1, "pos": [112]}, "for": {"prob": 0.008051529790660225, "count": 5, "pos": [113, 122, 243, 404, 619]}, "passport": {"prob": 0.001610305958132045, "count": 1, "pos": [119]}, "contain": {"prob": 0.001610305958132045, "count": 1, "pos": [120]}, "space": {"prob": 0.001610305958132045, "count": 1, "pos": [121]}, "12": {"prob": 0.001610305958132045, "count": 1, "pos": [123]}, "more": {"prob": 0.004830917874396135, "count": 3, "pos": [124, 319, 568]}, "children": {"prob": 0.00322061191626409, "count": 2, "pos": [125, 197]}, "thi": {"prob": 0.004830917874396135, "count": 3, "pos": [126, 193, 458]}, "follow": {"prob": 0.00322061191626409, "count": 2, "pos": [128, 231]}, "extend": {"prob": 0.001610305958132045, "count": 1, "pos": [132]}, "comic": {"prob": 0.001610305958132045, "count": 1, "pos": [133]}, "section": {"prob": 0.001610305958132045, "count": 1, "pos": [134]}, "cartoon": {"prob": 0.004830917874396135, "count": 3, "pos": [137, 387, 442]}, "tone": {"prob": 0.001610305958132045, "count": 1, "pos": [139]}, "which": {"prob": 0.001610305958132045, "count": 1, "pos": [141]}, "veri": {"prob": 0.001610305958132045, "count": 1, "pos": [143]}, "light": {"prob": 0.001610305958132045, "count": 1, "pos": [144]}, "compar": {"prob": 0.001610305958132045, "count": 1, "pos": [145]}, "rest": {"prob": 0.008051529790660225, "count": 5, "pos": [148, 208, 359, 435, 582]}, "audienc": {"prob": 0.00322061191626409, "count": 2, "pos": [153, 234]}, "told": {"prob": 0.001610305958132045, "count": 1, "pos": [155]}, "grow": {"prob": 0.001610305958132045, "count": 1, "pos": [159]}, "up": {"prob": 0.001610305958132045, "count": 1, "pos": [160]}, "he": {"prob": 0.01288244766505636, "count": 8, "pos": [161, 205, 280, 308, 312, 432, 520, 529]}, "hear": {"prob": 0.00322061191626409, "count": 2, "pos": [162, 433]}, "distort": {"prob": 0.00322061191626409, "count": 2, "pos": [164, 196]}, "version": {"prob": 0.001610305958132045, "count": 1, "pos": [165]}, "sleep": {"prob": 0.00322061191626409, "count": 2, "pos": [167, 178]}, "beauti": {"prob": 0.00322061191626409, "count": 2, "pos": [168, 179]}, "depict": {"prob": 0.001610305958132045, "count": 1, "pos": [169]}, "knight": {"prob": 0.00322061191626409, "count": 2, "pos": [173, 225]}, "shine": {"prob": 0.001610305958132045, "count": 1, "pos": [175]},