{"__total__": 476, "__name__": "doc_539_Elephant_2003.txt", "the": {"prob": 0.0546218487394958, "count": 26, "pos": [0, 13, 25, 41, 48, 57, 89, 127, 150, 153, 162, 170, 220, 225, 230, 241, 254, 270, 286, 296, 387, 399, 427, 459, 464, 470]}, "film": {"prob": 0.004201680672268907, "count": 2, "pos": [1, 460]}, "open": {"prob": 0.004201680672268907, "count": 2, "pos": [2, 258]}, "with": {"prob": 0.008403361344537815, "count": 4, "pos": [3, 138, 243, 407]}, "mr": {"prob": 0.0063025210084033615, "count": 3, "pos": [4, 308, 343]}, "mcfarland": {"prob": 0.0021008403361344537, "count": 1, "pos": [5]}, "drive": {"prob": 0.004201680672268907, "count": 2, "pos": [6, 47]}, "errat": {"prob": 0.0021008403361344537, "count": 1, "pos": [7]}, "down": {"prob": 0.012605042016806723, "count": 6, "pos": [8, 56, 205, 334, 394, 403]}, "a": {"prob": 0.02100840336134454, "count": 10, "pos": [9, 97, 102, 120, 124, 133, 314, 412, 441, 472]}, "residenti": {"prob": 0.0021008403361344537, "count": 1, "pos": [10]}, "street": {"prob": 0.0021008403361344537, "count": 1, "pos": [11]}, "on": {"prob": 0.004201680672268907, "count": 2, "pos": [12, 390]}, "way": {"prob": 0.004201680672268907, "count": 2, "pos": [14, 175]}, "to": {"prob": 0.05672268907563025, "count": 27, "pos": [15, 24, 38, 40, 60, 64, 176, 196, 203, 210, 214, 218, 222, 236, 277, 282, 318, 324, 342, 355, 369, 375, 385, 391, 450, 452, 469]}, "drop": {"prob": 0.0021008403361344537, "count": 1, "pos": [16]}, "off": {"prob": 0.0021008403361344537, "count": 1, "pos": [17]}, "hi": {"prob": 0.0063025210084033615, "count": 3, "pos": [18, 30, 320]}, "son": {"prob": 0.0021008403361344537, "count": 1, "pos": [19]}, "john": {"prob": 0.01050420168067227, "count": 5, "pos": [20, 21, 35, 191, 212]}, "notic": {"prob": 0.0021008403361344537, "count": 1, "pos": [22]}, "damag": {"prob": 0.0021008403361344537, "count": 1, "pos": [23]}, "car": {"prob": 0.004201680672268907, "count": 2, "pos": [26, 182]}, "and": {"prob": 0.04831932773109244, "count": 23, "pos": [27, 44, 62, 80, 99, 111, 122, 149, 166, 188, 193, 232, 265, 301, 322, 335, 362, 371, 380, 401, 409, 435, 438]}, "realiz": {"prob": 0.0063025210084033615, "count": 3, "pos": [28, 206, 268]}, "that": {"prob": 0.008403361344537815, "count": 4, "pos": [29, 74, 142, 269]}, "father": {"prob": 0.0021008403361344537, "count": 1, "pos": [31]}, "is": {"prob": 0.012605042016806723, "count": 6, "pos": [32, 131, 208, 272, 348, 467]}, "drunk": {"prob": 0.0021008403361344537, "count": 1, "pos": [33]}, "so": {"prob": 0.0063025210084033615, "count": 3, "pos": [34, 90, 350]}, "instruct": {"prob": 0.0021008403361344537, "count": 1, "pos": [36]}, "him": {"prob": 0.02100840336134454, "count": 10, "pos": [37, 46, 139, 195, 325, 338, 359, 373, 393, 408]}, "move": {"prob": 0.0021008403361344537, "count": 1, "pos": [39]}, "passeng": {"prob": 0.0021008403361344537, "count": 1, "pos": [42]}, "seat": {"prob": 0.0021008403361344537, "count": 1, "pos": [43]}, "let": {"prob": 0.004201680672268907, "count": 2, "pos": [45, 386]}, "camera": {"prob": 0.0021008403361344537, "count": 1, "pos": [49]}, "then": {"prob": 0.012605042016806723, "count": 6, "pos": [50, 100, 172, 228, 383, 425]}, "follow": {"prob": 0.0021008403361344537, "count": 1, "pos": [51]}, "student": {"prob": 0.0063025210084033615, "count": 3, "pos": [52, 262, 274]}, "as": {"prob": 0.004201680672268907, "count": 2, "pos": [53, 198]}, "they": {"prob": 0.0063025210084033615, "count": 3, "pos": [54, 257, 410]}, "walk": {"prob": 0.0021008403361344537, "count": 1, "pos": [55]}, "hallway": {"prob": 0.004201680672268907, "count": 2, "pos": [58, 315]}, "talk": {"prob": 0.004201680672268907, "count": 2, "pos": [59, 323]}, "friend": {"prob": 0.0021008403361344537, "count": 1, "pos": [61]}, "go": {"prob": 0.0063025210084033615, "count": 3, "pos": [63, 204, 389]}, "class": {"prob": 0.004201680672268907, "count": 2, "pos": [65, 108]}, "mani": {"prob": 0.0021008403361344537, "count": 1, "pos": [66]}, "charact": {"prob": 0.0021008403361344537, "count": 1, "pos": [67]}, "are": {"prob": 0.01050420168067227, "count": 5, "pos": [68, 82, 113, 155, 303]}, "shown": {"prob": 0.008403361344537815, "count": 4, "pos": [69, 83, 114, 157]}, "in": {"prob": 0.01680672268907563, "count": 8, "pos": [70, 126, 137, 178, 180, 313, 421, 440]}, "long": {"prob": 0.0021008403361344537, "count": 1, "pos": [71]}, "track": {"prob": 0.0021008403361344537, "count": 1, "pos": [72]}, "shot": {"prob": 0.004201680672268907, "count": 2, "pos": [73, 466]}, "do": {"prob": 0.004201680672268907, "count": 2, "pos": [75, 349]}, "not": {"prob": 0.0063025210084033615, "count": 3, "pos": [76, 217, 374]}, "turn": {"prob": 0.0063025210084033615, "count": 3, "pos": [77, 352, 367]}, "away": {"prob": 0.0021008403361344537, "count": 1, "pos": [78]}, "alex": {"prob": 0.025210084033613446, "count": 12, "pos": [79, 105, 110, 130, 165, 181, 187, 294, 379, 397, 418, 424]}, "eric": {"prob": 0.0273109243697479, "count": 13, "pos": [81, 112, 135, 167, 189, 312, 317, 327, 360, 366, 404, 420, 434]}, "be": {"prob": 0.0021008403361344537, "count": 1, "pos": [84]}, "bulli": {"prob": 0.004201680672268907, "count": 2, "pos": [85, 376]}, "at": {"prob": 0.01050420168067227, "count": 5, "pos": [86, 104, 115, 185, 337]}, "school": {"prob": 0.012605042016806723, "count": 6, "pos": [87, 177, 186, 221, 231, 242]}, "by": {"prob": 0.004201680672268907, "count": 2, "pos": [88, 311]}, "call": {"prob": 0.0021008403361344537, "count": 1, "pos": [91]}, "jock": {"prob": 0.0021008403361344537, "count": 1, "pos": [92]}, "one": {"prob": 0.0021008403361344537, "count": 1, "pos": [93]}, "of": {"prob": 0.004201680672268907, "count": 2, "pos": [94, 240]}, "whom": {"prob": 0.004201680672268907, "count": 2, "pos": [95, 454]}, "divert": {"prob": 0.0021008403361344537, "count": 1, "pos": [96]}, "teacher": {"prob": 0.004201680672268907, "count": 2, "pos": [98, 280]}, "throw": {"prob": 0.0021008403361344537, "count": 1, "pos": [101]}, "spitbal": {"prob": 0.0021008403361344537, "count": 1, "pos": [103]}, "dure": {"prob": 0.0021008403361344537, "count": 1, "pos": [106]}, "scienc": {"prob": 0.0021008403361344537, "count": 1, "pos": [107]}, "later": {"prob": 0.0063025210084033615, "count": 3, "pos": [109, 156, 396]}, "home": {"prob": 0.0021008403361344537, "count": 1, "pos": [116]}, "order": {"prob": 0.0021008403361344537, "count": 1, "pos": [117]}, "weapon": {"prob": 0.004201680672268907, "count": 2, "pos": [118, 321]}, "from": {"prob": 0.0021008403361344537, "count": 1, "pos": [119]}, "websit": {"prob": 0.0021008403361344537, "count": 1, "pos": [121]}, "receiv": {"prob": 0.0021008403361344537, "count": 1, "pos": [123]}, "rifl": {"prob": 0.0021008403361344537, "count": 1, "pos": [125]}, "mail": {"prob": 0.0021008403361344537, "count": 1, "pos": [128]}, "while": {"prob": 0.0063025210084033615, "count": 3, "pos": [129, 279, 346]}, "take": {"prob": 0.0021008403361344537, "count": 1, "pos": [132]}, "shower": {"prob": 0.0021008403361344537, "count": 1, "pos": [134]}, "get": {"prob": 0.0021008403361344537, "count": 1, "pos": [136]}, "he": {"prob": 0.01680672268907563, "count": 8, "pos": [140, 143, 339, 347, 351, 382, 443, 455]}, "claim": {"prob": 0.0021008403361344537, "count": 1, "pos": [141]}, "ha": {"prob": 0.0021008403361344537, "count": 1, "pos": [144]}, "never": {"prob": 0.0021008403361344537, "count": 1, "pos": [145]}, "kiss": {"prob": 0.004201680672268907, "count": 2, "pos": [146, 152]}, "anyon": {"prob": 0.0021008403361344537, "count": 1, "pos": [147]}, "befor": {"prob": 0.0021008403361344537, "count": 1, "pos": [148]}, "two": {"prob": 0.008403361344537815, "count": 4, "pos": [151, 154, 226, 287]}, "formul": {"prob": 0.0021008403361344537, "count": 1, "pos": [158]}, "an": {"prob": 0.0021008403361344537, "count": 1, "pos": [159]}, "attack": {"prob": 0.0021008403361344537, "count": 1, "pos": [160]}, "plan": {"prob": 0.004201680672268907, "count": 2, "pos": [161, 235]}, "next": {"prob": 0.0021008403361344537, "count": 1, "pos": [163]},