{"__total__": 377, "__name__": "doc_541_Elizabeth.txt", "in": {"prob": 0.013262599469496022, "count": 5, "pos": [0, 14, 195, 227, 305]}, "1558": {"prob": 0.002652519893899204, "count": 1, "pos": [1]}, "the": {"prob": 0.050397877984084884, "count": 19, "pos": [2, 45, 86, 114, 185, 203, 230, 251, 267, 270, 296, 306, 310, 327, 339, 341, 353, 360, 372]}, "roman": {"prob": 0.002652519893899204, "count": 1, "pos": [3]}, "cathol": {"prob": 0.005305039787798408, "count": 2, "pos": [4, 119]}, "mari": {"prob": 0.013262599469496022, "count": 5, "pos": [5, 36, 121, 134, 279]}, "i": {"prob": 0.002652519893899204, "count": 1, "pos": [6]}, "of": {"prob": 0.042440318302387266, "count": 16, "pos": [7, 10, 84, 116, 123, 132, 135, 184, 222, 232, 257, 269, 280, 309, 338, 359]}, "england": {"prob": 0.007957559681697613, "count": 3, "pos": [8, 143, 365]}, "die": {"prob": 0.002652519893899204, "count": 1, "pos": [9]}, "a": {"prob": 0.023872679045092837, "count": 9, "pos": [11, 31, 74, 99, 168, 209, 292, 320, 335]}, "cancer": {"prob": 0.002652519893899204, "count": 1, "pos": [12]}, "tumour": {"prob": 0.002652519893899204, "count": 1, "pos": [13]}, "her": {"prob": 0.04509283819628647, "count": 17, "pos": [15, 18, 43, 69, 78, 111, 118, 129, 150, 174, 178, 215, 239, 247, 330, 332, 347]}, "uteru": {"prob": 0.002652519893899204, "count": 1, "pos": [16]}, "leav": {"prob": 0.002652519893899204, "count": 1, "pos": [17]}, "protest": {"prob": 0.002652519893899204, "count": 1, "pos": [19]}, "half": {"prob": 0.002652519893899204, "count": 1, "pos": [20]}, "sister": {"prob": 0.002652519893899204, "count": 1, "pos": [21]}, "elizabeth": {"prob": 0.023872679045092837, "count": 9, "pos": [22, 25, 48, 105, 145, 161, 285, 303, 345]}, "as": {"prob": 0.015915119363395226, "count": 6, "pos": [23, 64, 226, 241, 243, 246]}, "queen": {"prob": 0.010610079575596816, "count": 4, "pos": [24, 122, 321, 362]}, "had": {"prob": 0.002652519893899204, "count": 1, "pos": [26]}, "previous": {"prob": 0.002652519893899204, "count": 1, "pos": [27]}, "been": {"prob": 0.007957559681697613, "count": 3, "pos": [28, 40, 316]}, "jail": {"prob": 0.002652519893899204, "count": 1, "pos": [29]}, "for": {"prob": 0.007957559681697613, "count": 3, "pos": [30, 42, 275]}, "suppo": {"prob": 0.002652519893899204, "count": 1, "pos": [32]}, "conspiraci": {"prob": 0.005305039787798408, "count": 2, "pos": [33, 277]}, "to": {"prob": 0.021220159151193633, "count": 8, "pos": [34, 61, 110, 127, 141, 208, 238, 375]}, "murder": {"prob": 0.005305039787798408, "count": 2, "pos": [35, 130]}, "but": {"prob": 0.002652519893899204, "count": 1, "pos": [37]}, "ha": {"prob": 0.007957559681697613, "count": 3, "pos": [38, 73, 101]}, "now": {"prob": 0.002652519893899204, "count": 1, "pos": [39]}, "freed": {"prob": 0.002652519893899204, "count": 1, "pos": [41]}, "coron": {"prob": 0.002652519893899204, "count": 1, "pos": [44]}, "film": {"prob": 0.013262599469496022, "count": 5, "pos": [46, 271, 311, 340, 342]}, "show": {"prob": 0.002652519893899204, "count": 1, "pos": [47]}, "be": {"prob": 0.005305039787798408, "count": 2, "pos": [49, 319]}, "court": {"prob": 0.002652519893899204, "count": 1, "pos": [50]}, "by": {"prob": 0.013262599469496022, "count": 5, "pos": [51, 55, 187, 284, 349]}, "suitor": {"prob": 0.002652519893899204, "count": 1, "pos": [52]}, "and": {"prob": 0.029177718832891247, "count": 11, "pos": [53, 193, 201, 212, 278, 325, 331, 351, 356, 363, 371]}, "urg": {"prob": 0.002652519893899204, "count": 1, "pos": [54]}, "william": {"prob": 0.002652519893899204, "count": 1, "pos": [56]}, "cecil": {"prob": 0.002652519893899204, "count": 1, "pos": [57]}, "1st": {"prob": 0.002652519893899204, "count": 1, "pos": [58]}, "baron": {"prob": 0.002652519893899204, "count": 1, "pos": [59]}, "burghley": {"prob": 0.002652519893899204, "count": 1, "pos": [60]}, "marri": {"prob": 0.005305039787798408, "count": 2, "pos": [62, 160]}, "which": {"prob": 0.007957559681697613, "count": 3, "pos": [63, 188, 302]}, "he": {"prob": 0.005305039787798408, "count": 2, "pos": [65, 158]}, "state": {"prob": 0.002652519893899204, "count": 1, "pos": [66]}, "would": {"prob": 0.007957559681697613, "count": 3, "pos": [67, 206, 314]}, "secur": {"prob": 0.002652519893899204, "count": 1, "pos": [68]}, "throne": {"prob": 0.002652519893899204, "count": 1, "pos": [70]}, "instead": {"prob": 0.002652519893899204, "count": 1, "pos": [71]}, "she": {"prob": 0.021220159151193633, "count": 8, "pos": [72, 154, 189, 198, 205, 218, 235, 368]}, "secret": {"prob": 0.005305039787798408, "count": 2, "pos": [75, 91]}, "affair": {"prob": 0.005305039787798408, "count": 2, "pos": [76, 87]}, "with": {"prob": 0.01856763925729443, "count": 7, "pos": [77, 107, 139, 180, 262, 318, 344]}, "childhood": {"prob": 0.002652519893899204, "count": 1, "pos": [79]}, "sweetheart": {"prob": 0.002652519893899204, "count": 1, "pos": [80]}, "robert": {"prob": 0.002652519893899204, "count": 1, "pos": [81]}, "dudley": {"prob": 0.007957559681697613, "count": 3, "pos": [82, 148, 181]}, "earl": {"prob": 0.002652519893899204, "count": 1, "pos": [83]}, "leicest": {"prob": 0.002652519893899204, "count": 1, "pos": [85]}, "is": {"prob": 0.01856763925729443, "count": 7, "pos": [88, 159, 182, 273, 282, 291, 334]}, "howev": {"prob": 0.002652519893899204, "count": 1, "pos": [89]}, "no": {"prob": 0.005305039787798408, "count": 2, "pos": [90, 102]}, "from": {"prob": 0.007957559681697613, "count": 3, "pos": [92, 149, 295]}, "cecil\u00e2": {"prob": 0.002652519893899204, "count": 1, "pos": [93]}, "who": {"prob": 0.015915119363395226, "count": 6, "pos": [94, 125, 137, 234, 254, 322]}, "make": {"prob": 0.002652519893899204, "count": 1, "pos": [95]}, "it": {"prob": 0.002652519893899204, "count": 1, "pos": [96]}, "clear": {"prob": 0.002652519893899204, "count": 1, "pos": [97]}, "that": {"prob": 0.007957559681697613, "count": 3, "pos": [98, 157, 163]}, "monarch": {"prob": 0.002652519893899204, "count": 1, "pos": [100]}, "privat": {"prob": 0.005305039787798408, "count": 2, "pos": [103, 151]}, "life": {"prob": 0.002652519893899204, "count": 1, "pos": [104]}, "deal": {"prob": 0.002652519893899204, "count": 1, "pos": [106]}, "variou": {"prob": 0.002652519893899204, "count": 1, "pos": [108]}, "threat": {"prob": 0.002652519893899204, "count": 1, "pos": [109]}, "reign": {"prob": 0.002652519893899204, "count": 1, "pos": [112]}, "includ": {"prob": 0.002652519893899204, "count": 1, "pos": [113]}, "duke": {"prob": 0.002652519893899204, "count": 1, "pos": [115]}, "norfolk": {"prob": 0.005305039787798408, "count": 2, "pos": [117, 272]}, "cousin": {"prob": 0.002652519893899204, "count": 1, "pos": [120]}, "scot": {"prob": 0.002652519893899204, "count": 1, "pos": [124]}, "conspir": {"prob": 0.002652519893899204, "count": 1, "pos": [126]}, "have": {"prob": 0.005305039787798408, "count": 2, "pos": [128, 315]}, "agent": {"prob": 0.002652519893899204, "count": 1, "pos": [131]}, "scotland": {"prob": 0.002652519893899204, "count": 1, "pos": [133]}, "gui": {"prob": 0.005305039787798408, "count": 2, "pos": [136, 281]}, "alli": {"prob": 0.002652519893899204, "count": 1, "pos": [138]}, "franc": {"prob": 0.002652519893899204, "count": 1, "pos": [140]}, "attack": {"prob": 0.002652519893899204, "count": 1, "pos": [142]}, "forc": {"prob": 0.005305039787798408, "count": 2, "pos": [144, 213]}, "perman": {"prob": 0.002652519893899204, "count": 1, "pos": [146]}, "banish": {"prob": 0.002652519893899204, "count": 1, "pos": [147]}, "presenc": {"prob": 0.002652519893899204, "count": 1, "pos": [152]}, "when": {"prob": 0.002652519893899204, "count": 1, "pos": [153]}, "find": {"prob": 0.002652519893899204, "count": 1, "pos": [155]}, "out": {"prob": 0.002652519893899204, "count": 1, "pos": [156]}, "feel": {"prob": 0.002652519893899204, "count": 1, "pos": [162]}, "such": {"prob": 0.005305039787798408, "count": 2, "pos": [164, 313]}, "relat": {"prob": 0.005305039787798408, "count": 2, "pos": [165, 179]}, "could": {"prob": 0.002652519893899204, "count": 1, "pos": [166]},