{"__total__": 143, "__name__": "doc_544_Enchanted_April.txt", "elizabeth": {"prob": 0.006993006993006993, "count": 1, "pos": [0]}, "von": {"prob": 0.006993006993006993, "count": 1, "pos": [1]}, "arnim": {"prob": 0.006993006993006993, "count": 1, "pos": [2]}, "novel": {"prob": 0.006993006993006993, "count": 1, "pos": [3]}, "tell": {"prob": 0.006993006993006993, "count": 1, "pos": [4]}, "the": {"prob": 0.07692307692307693, "count": 11, "pos": [5, 41, 63, 66, 73, 89, 108, 114, 121, 127, 133]}, "stori": {"prob": 0.006993006993006993, "count": 1, "pos": [6]}, "of": {"prob": 0.03496503496503497, "count": 5, "pos": [7, 65, 75, 91, 136]}, "four": {"prob": 0.013986013986013986, "count": 2, "pos": [8, 122]}, "dissimilar": {"prob": 0.006993006993006993, "count": 1, "pos": [9]}, "women": {"prob": 0.013986013986013986, "count": 2, "pos": [10, 123]}, "in": {"prob": 0.027972027972027972, "count": 4, "pos": [11, 31, 82, 132]}, "1920": {"prob": 0.006993006993006993, "count": 1, "pos": [12]}, "england": {"prob": 0.006993006993006993, "count": 1, "pos": [13]}, "who": {"prob": 0.013986013986013986, "count": 2, "pos": [14, 38]}, "leav": {"prob": 0.006993006993006993, "count": 1, "pos": [15]}, "their": {"prob": 0.013986013986013986, "count": 2, "pos": [16, 137]}, "damp": {"prob": 0.006993006993006993, "count": 1, "pos": [17]}, "and": {"prob": 0.03496503496503497, "count": 5, "pos": [18, 35, 113, 129, 141]}, "raini": {"prob": 0.006993006993006993, "count": 1, "pos": [19]}, "environ": {"prob": 0.006993006993006993, "count": 1, "pos": [20]}, "to": {"prob": 0.04895104895104895, "count": 7, "pos": [21, 26, 40, 68, 87, 96, 100]}, "go": {"prob": 0.006993006993006993, "count": 1, "pos": [22]}, "on": {"prob": 0.02097902097902098, "count": 3, "pos": [23, 62, 107]}, "a": {"prob": 0.027972027972027972, "count": 4, "pos": [24, 27, 53, 57]}, "holiday": {"prob": 0.006993006993006993, "count": 1, "pos": [25]}, "seclud": {"prob": 0.006993006993006993, "count": 1, "pos": [28]}, "coastal": {"prob": 0.006993006993006993, "count": 1, "pos": [29]}, "castl": {"prob": 0.02097902097902098, "count": 3, "pos": [30, 61, 128]}, "itali": {"prob": 0.006993006993006993, "count": 1, "pos": [32]}, "mr": {"prob": 0.02097902097902098, "count": 3, "pos": [33, 36, 111]}, "arbuthnot": {"prob": 0.006993006993006993, "count": 1, "pos": [34]}, "wilkin": {"prob": 0.006993006993006993, "count": 1, "pos": [37]}, "belong": {"prob": 0.006993006993006993, "count": 1, "pos": [39]}, "same": {"prob": 0.006993006993006993, "count": 1, "pos": [42]}, "ladi": {"prob": 0.02097902097902098, "count": 3, "pos": [43, 99, 118]}, "club": {"prob": 0.006993006993006993, "count": 1, "pos": [44]}, "but": {"prob": 0.013986013986013986, "count": 2, "pos": [45, 116]}, "have": {"prob": 0.013986013986013986, "count": 2, "pos": [46, 94]}, "never": {"prob": 0.006993006993006993, "count": 1, "pos": [47]}, "spoken": {"prob": 0.006993006993006993, "count": 1, "pos": [48]}, "becom": {"prob": 0.006993006993006993, "count": 1, "pos": [49]}, "acquaint": {"prob": 0.006993006993006993, "count": 1, "pos": [50]}, "after": {"prob": 0.006993006993006993, "count": 1, "pos": [51]}, "read": {"prob": 0.006993006993006993, "count": 1, "pos": [52]}, "newspap": {"prob": 0.006993006993006993, "count": 1, "pos": [54]}, "adverti": {"prob": 0.006993006993006993, "count": 1, "pos": [55]}, "for": {"prob": 0.013986013986013986, "count": 2, "pos": [56, 72]}, "small": {"prob": 0.006993006993006993, "count": 1, "pos": [58]}, "mediaev": {"prob": 0.006993006993006993, "count": 1, "pos": [59]}, "italian": {"prob": 0.006993006993006993, "count": 1, "pos": [60]}, "shore": {"prob": 0.006993006993006993, "count": 1, "pos": [64]}, "mediterranean": {"prob": 0.006993006993006993, "count": 1, "pos": [67]}, "be": {"prob": 0.006993006993006993, "count": 1, "pos": [69]}, "let": {"prob": 0.006993006993006993, "count": 1, "pos": [70]}, "furnish": {"prob": 0.006993006993006993, "count": 1, "pos": [71]}, "month": {"prob": 0.006993006993006993, "count": 1, "pos": [74]}, "april": {"prob": 0.006993006993006993, "count": 1, "pos": [76]}, "they": {"prob": 0.013986013986013986, "count": 2, "pos": [77, 104]}, "find": {"prob": 0.013986013986013986, "count": 2, "pos": [78, 130]}, "some": {"prob": 0.006993006993006993, "count": 1, "pos": [79]}, "common": {"prob": 0.006993006993006993, "count": 1, "pos": [80]}, "ground": {"prob": 0.006993006993006993, "count": 1, "pos": [81]}, "that": {"prob": 0.006993006993006993, "count": 1, "pos": [83]}, "both": {"prob": 0.006993006993006993, "count": 1, "pos": [84]}, "are": {"prob": 0.006993006993006993, "count": 1, "pos": [85]}, "struggl": {"prob": 0.006993006993006993, "count": 1, "pos": [86]}, "make": {"prob": 0.006993006993006993, "count": 1, "pos": [88]}, "best": {"prob": 0.006993006993006993, "count": 1, "pos": [90]}, "unhappi": {"prob": 0.006993006993006993, "count": 1, "pos": [92]}, "marriag": {"prob": 0.006993006993006993, "count": 1, "pos": [93]}, "decid": {"prob": 0.006993006993006993, "count": 1, "pos": [95]}, "seek": {"prob": 0.006993006993006993, "count": 1, "pos": [97]}, "other": {"prob": 0.006993006993006993, "count": 1, "pos": [98]}, "help": {"prob": 0.006993006993006993, "count": 1, "pos": [101]}, "share": {"prob": 0.006993006993006993, "count": 1, "pos": [102]}, "expen": {"prob": 0.006993006993006993, "count": 1, "pos": [103]}, "reluct": {"prob": 0.006993006993006993, "count": 1, "pos": [105]}, "take": {"prob": 0.006993006993006993, "count": 1, "pos": [106]}, "waspish": {"prob": 0.006993006993006993, "count": 1, "pos": [109]}, "elder": {"prob": 0.006993006993006993, "count": 1, "pos": [110]}, "fisher": {"prob": 0.006993006993006993, "count": 1, "pos": [112]}, "stun": {"prob": 0.006993006993006993, "count": 1, "pos": [115]}, "aloof": {"prob": 0.006993006993006993, "count": 1, "pos": [117]}, "carolin": {"prob": 0.006993006993006993, "count": 1, "pos": [119]}, "dester": {"prob": 0.006993006993006993, "count": 1, "pos": [120]}, "come": {"prob": 0.006993006993006993, "count": 1, "pos": [124]}, "togeth": {"prob": 0.006993006993006993, "count": 1, "pos": [125]}, "at": {"prob": 0.006993006993006993, "count": 1, "pos": [126]}, "rejuven": {"prob": 0.006993006993006993, "count": 1, "pos": [131]}, "tranquil": {"prob": 0.006993006993006993, "count": 1, "pos": [134]}, "beauti": {"prob": 0.006993006993006993, "count": 1, "pos": [135]}, "surround": {"prob": 0.006993006993006993, "count": 1, "pos": [138]}, "rediscov": {"prob": 0.006993006993006993, "count": 1, "pos": [139]}, "hope": {"prob": 0.006993006993006993, "count": 1, "pos": [140]}, "love": {"prob": 0.006993006993006993, "count": 1, "pos": [142]}}