{"__total__": 607, "__name__": "doc_546_Enemy_at_the_Gates.txt", "in": {"prob": 0.019769357495881382, "count": 12, "pos": [0, 15, 63, 95, 128, 139, 323, 434, 442, 538, 573, 603]}, "1942": {"prob": 0.0016474464579901153, "count": 1, "pos": [1]}, "vassili": {"prob": 0.047775947281713346, "count": 29, "pos": [2, 93, 109, 179, 200, 213, 235, 256, 282, 286, 315, 340, 344, 351, 368, 394, 410, 427, 430, 441, 453, 479, 480, 518, 528, 552, 574, 580, 599]}, "zaitsev": {"prob": 0.0016474464579901153, "count": 1, "pos": [3]}, "a": {"prob": 0.03459637561779242, "count": 21, "pos": [4, 13, 32, 51, 78, 103, 130, 137, 185, 202, 251, 268, 330, 345, 353, 365, 381, 443, 475, 569, 604]}, "shepherd": {"prob": 0.0016474464579901153, "count": 1, "pos": [5]}, "from": {"prob": 0.008237232289950576, "count": 5, "pos": [6, 50, 152, 474, 495]}, "the": {"prob": 0.05271828665568369, "count": 32, "pos": [7, 16, 22, 26, 36, 67, 83, 96, 113, 140, 153, 156, 164, 191, 218, 264, 277, 304, 321, 349, 385, 389, 404, 423, 437, 468, 496, 507, 524, 542, 558, 594]}, "ural": {"prob": 0.0016474464579901153, "count": 1, "pos": [8]}, "mountain": {"prob": 0.0016474464579901153, "count": 1, "pos": [9]}, "who": {"prob": 0.006589785831960461, "count": 4, "pos": [10, 134, 313, 581]}, "is": {"prob": 0.013179571663920923, "count": 8, "pos": [11, 110, 172, 378, 411, 500, 546, 572]}, "now": {"prob": 0.0032948929159802307, "count": 2, "pos": [12, 77]}, "soldier": {"prob": 0.0032948929159802307, "count": 2, "pos": [14, 384]}, "red": {"prob": 0.0032948929159802307, "count": 2, "pos": [17, 219]}, "armi": {"prob": 0.006589785831960461, "count": 4, "pos": [18, 97, 193, 220]}, "find": {"prob": 0.004942339373970346, "count": 3, "pos": [19, 527, 600]}, "himself": {"prob": 0.004942339373970346, "count": 3, "pos": [20, 56, 537]}, "on": {"prob": 0.004942339373970346, "count": 3, "pos": [21, 31, 163]}, "front": {"prob": 0.0016474464579901153, "count": 1, "pos": [23]}, "line": {"prob": 0.0016474464579901153, "count": 1, "pos": [24]}, "of": {"prob": 0.013179571663920923, "count": 8, "pos": [25, 28, 92, 132, 190, 208, 223, 393]}, "battl": {"prob": 0.0016474464579901153, "count": 1, "pos": [27]}, "stalingrad": {"prob": 0.008237232289950576, "count": 5, "pos": [29, 64, 133, 175, 589]}, "sent": {"prob": 0.0016474464579901153, "count": 1, "pos": [30]}, "suicid": {"prob": 0.0016474464579901153, "count": 1, "pos": [33]}, "charg": {"prob": 0.0016474464579901153, "count": 1, "pos": [34]}, "against": {"prob": 0.0016474464579901153, "count": 1, "pos": [35]}, "invad": {"prob": 0.0016474464579901153, "count": 1, "pos": [37]}, "german": {"prob": 0.014827018121911038, "count": 9, "pos": [38, 165, 167, 192, 305, 322, 383, 386, 595]}, "he": {"prob": 0.014827018121911038, "count": 9, "pos": [39, 117, 198, 413, 417, 466, 549, 565, 576]}, "use": {"prob": 0.0016474464579901153, "count": 1, "pos": [40]}, "impress": {"prob": 0.0016474464579901153, "count": 1, "pos": [41]}, "marksmanship": {"prob": 0.0016474464579901153, "count": 1, "pos": [42]}, "skills\u00e2": {"prob": 0.0016474464579901153, "count": 1, "pos": [43]}, "taught": {"prob": 0.0016474464579901153, "count": 1, "pos": [44]}, "to": {"prob": 0.04942339373970346, "count": 30, "pos": [45, 54, 65, 73, 87, 112, 147, 174, 176, 215, 233, 262, 267, 273, 276, 283, 288, 327, 347, 360, 398, 445, 477, 482, 491, 506, 530, 540, 556, 578]}, "him": {"prob": 0.013179571663920923, "count": 8, "pos": [46, 101, 237, 249, 296, 362, 456, 584]}, "by": {"prob": 0.008237232289950576, "count": 5, "pos": [47, 303, 333, 380, 502]}, "hi": {"prob": 0.018121911037891267, "count": 11, "pos": [48, 209, 229, 245, 375, 446, 458, 462, 472, 515, 520]}, "grandfath": {"prob": 0.0016474464579901153, "count": 1, "pos": [49]}, "young": {"prob": 0.0032948929159802307, "count": 2, "pos": [52, 308]}, "age\u00e2": {"prob": 0.0016474464579901153, "count": 1, "pos": [53]}, "save": {"prob": 0.0016474464579901153, "count": 1, "pos": [55]}, "and": {"prob": 0.039538714991762765, "count": 24, "pos": [57, 70, 89, 106, 116, 118, 180, 188, 204, 247, 316, 358, 374, 396, 429, 436, 452, 470, 486, 489, 519, 545, 571, 593]}, "commissar": {"prob": 0.0016474464579901153, "count": 1, "pos": [58]}, "danilov": {"prob": 0.018121911037891267, "count": 11, "pos": [59, 76, 119, 143, 261, 280, 306, 439, 490, 513, 534]}, "nikita": {"prob": 0.0016474464579901153, "count": 1, "pos": [60]}, "khrushchev": {"prob": 0.0032948929159802307, "count": 2, "pos": [61, 259]}, "arriv": {"prob": 0.0016474464579901153, "count": 1, "pos": [62]}, "coordin": {"prob": 0.0016474464579901153, "count": 1, "pos": [66]}, "citi": {"prob": 0.0032948929159802307, "count": 2, "pos": [68, 497]}, "defen": {"prob": 0.0016474464579901153, "count": 1, "pos": [69]}, "demand": {"prob": 0.0016474464579901153, "count": 1, "pos": [71]}, "idea": {"prob": 0.0016474464579901153, "count": 1, "pos": [72]}, "improv": {"prob": 0.0016474464579901153, "count": 1, "pos": [74]}, "moral": {"prob": 0.0032948929159802307, "count": 2, "pos": [75, 184]}, "senior": {"prob": 0.0016474464579901153, "count": 1, "pos": [79]}, "lieuten": {"prob": 0.0016474464579901153, "count": 1, "pos": [80]}, "suggest": {"prob": 0.0016474464579901153, "count": 1, "pos": [81]}, "that": {"prob": 0.008237232289950576, "count": 5, "pos": [82, 99, 409, 422, 564]}, "peopl": {"prob": 0.0016474464579901153, "count": 1, "pos": [84]}, "need": {"prob": 0.0016474464579901153, "count": 1, "pos": [85]}, "figur": {"prob": 0.0016474464579901153, "count": 1, "pos": [86]}, "idol": {"prob": 0.0032948929159802307, "count": 2, "pos": [88, 314]}, "publish": {"prob": 0.0016474464579901153, "count": 1, "pos": [90]}, "tale": {"prob": 0.0016474464579901153, "count": 1, "pos": [91]}, "exploit": {"prob": 0.0016474464579901153, "count": 1, "pos": [94]}, "newspap": {"prob": 0.0016474464579901153, "count": 1, "pos": [98]}, "paint": {"prob": 0.0016474464579901153, "count": 1, "pos": [100]}, "as": {"prob": 0.004942339373970346, "count": 3, "pos": [102, 329, 391]}, "nation": {"prob": 0.0016474464579901153, "count": 1, "pos": [104]}, "hero": {"prob": 0.0016474464579901153, "count": 1, "pos": [105]}, "propaganda": {"prob": 0.0016474464579901153, "count": 1, "pos": [107]}, "icon": {"prob": 0.0016474464579901153, "count": 1, "pos": [108]}, "transfer": {"prob": 0.0032948929159802307, "count": 2, "pos": [111, 146]}, "sniper": {"prob": 0.011532125205930808, "count": 7, "pos": [114, 158, 194, 211, 265, 278, 376]}, "divi": {"prob": 0.0032948929159802307, "count": 2, "pos": [115, 279]}, "becom": {"prob": 0.004942339373970346, "count": 3, "pos": [120, 125, 136]}, "friend": {"prob": 0.0016474464579901153, "count": 1, "pos": [121]}, "they": {"prob": 0.0032948929159802307, "count": 2, "pos": [122, 227]}, "also": {"prob": 0.0016474464579901153, "count": 1, "pos": [123]}, "both": {"prob": 0.0016474464579901153, "count": 1, "pos": [124]}, "romant": {"prob": 0.0016474464579901153, "count": 1, "pos": [126]}, "interest": {"prob": 0.0016474464579901153, "count": 1, "pos": [127]}, "tania": {"prob": 0.013179571663920923, "count": 8, "pos": [129, 271, 294, 428, 451, 488, 499, 601]}, "citizen": {"prob": 0.0016474464579901153, "count": 1, "pos": [131]}, "ha": {"prob": 0.008237232289950576, "count": 5, "pos": [135, 144, 550, 566, 590]}, "privat": {"prob": 0.0016474464579901153, "count": 1, "pos": [138]}, "local": {"prob": 0.0032948929159802307, "count": 2, "pos": [141, 309]}, "militia": {"prob": 0.0016474464579901153, "count": 1, "pos": [142]}, "her": {"prob": 0.006589785831960461, "count": 4, "pos": [145, 285, 298, 511]}, "an": {"prob": 0.0032948929159802307, "count": 2, "pos": [148, 160]}, "intellig": {"prob": 0.0016474464579901153, "count": 1, "pos": [149]}, "unit": {"prob": 0.0016474464579901153, "count": 1, "pos": [150]}, "away": {"prob": 0.0016474464579901153, "count": 1, "pos": [151]}, "battlefield": {"prob": 0.0016474464579901153, "count": 1, "pos": [154]}, "with": {"prob": 0.004942339373970346, "count": 3, "pos": [155, 250, 523]}, "soviet": {"prob": 0.0032948929159802307,