{"__total__": 433, "__name__": "doc_548_Entrapment.txt", "virginia": {"prob": 0.0023094688221709007, "count": 1, "pos": [0]}, "gin": {"prob": 0.03002309468822171, "count": 13, "pos": [1, 28, 75, 110, 145, 163, 222, 267, 294, 321, 364, 378, 407]}, "baker": {"prob": 0.0023094688221709007, "count": 1, "pos": [2]}, "is": {"prob": 0.018475750577367205, "count": 8, "pos": [3, 12, 21, 29, 49, 105, 129, 171]}, "an": {"prob": 0.011547344110854504, "count": 5, "pos": [4, 13, 24, 100, 179]}, "investig": {"prob": 0.004618937644341801, "count": 2, "pos": [5, 32]}, "for": {"prob": 0.011547344110854504, "count": 5, "pos": [6, 327, 346, 348, 424]}, "waver": {"prob": 0.0023094688221709007, "count": 1, "pos": [7]}, "insur": {"prob": 0.004618937644341801, "count": 2, "pos": [8, 168]}, "robert": {"prob": 0.0023094688221709007, "count": 1, "pos": [9]}, "mac": {"prob": 0.03695150115473441, "count": 16, "pos": [10, 33, 73, 98, 104, 120, 132, 143, 269, 278, 303, 328, 355, 376, 384, 419]}, "macdoug": {"prob": 0.0023094688221709007, "count": 1, "pos": [11]}, "intern": {"prob": 0.004618937644341801, "count": 2, "pos": [14, 190]}, "art": {"prob": 0.0023094688221709007, "count": 1, "pos": [15]}, "thief": {"prob": 0.006928406466512702, "count": 3, "pos": [16, 51, 368]}, "a": {"prob": 0.03233256351039261, "count": 14, "pos": [17, 44, 50, 61, 86, 153, 172, 259, 274, 283, 357, 379, 397, 431]}, "priceless": {"prob": 0.004618937644341801, "count": 2, "pos": [18, 62]}, "rembrandt": {"prob": 0.0023094688221709007, "count": 1, "pos": [19]}, "paint": {"prob": 0.0023094688221709007, "count": 1, "pos": [20]}, "stolen": {"prob": 0.0023094688221709007, "count": 1, "pos": [22]}, "from": {"prob": 0.009237875288683603, "count": 4, "pos": [23, 65, 188, 248]}, "offic": {"prob": 0.0023094688221709007, "count": 1, "pos": [25]}, "one": {"prob": 0.004618937644341801, "count": 2, "pos": [26, 78]}, "night": {"prob": 0.0023094688221709007, "count": 1, "pos": [27]}, "sent": {"prob": 0.0023094688221709007, "count": 1, "pos": [30]}, "to": {"prob": 0.03233256351039261, "count": 14, "pos": [31, 40, 90, 133, 148, 152, 243, 273, 289, 310, 359, 372, 387, 403]}, "as": {"prob": 0.0023094688221709007, "count": 1, "pos": [34]}, "the": {"prob": 0.07390300230946882, "count": 32, "pos": [35, 66, 94, 127, 141, 150, 189, 194, 198, 206, 208, 213, 217, 224, 237, 245, 249, 252, 255, 264, 292, 300, 313, 317, 324, 336, 341, 361, 366, 391, 400, 404]}, "chief": {"prob": 0.0023094688221709007, "count": 1, "pos": [36]}, "suspect": {"prob": 0.0023094688221709007, "count": 1, "pos": [37]}, "she": {"prob": 0.023094688221709007, "count": 10, "pos": [38, 48, 53, 56, 124, 176, 382, 395, 417, 421]}, "tri": {"prob": 0.0023094688221709007, "count": 1, "pos": [39]}, "entrap": {"prob": 0.0023094688221709007, "count": 1, "pos": [41]}, "him": {"prob": 0.018475750577367205, "count": 8, "pos": [42, 59, 118, 161, 165, 312, 389, 423]}, "with": {"prob": 0.004618937644341801, "count": 2, "pos": [43, 333]}, "proposit": {"prob": 0.0023094688221709007, "count": 1, "pos": [45]}, "claim": {"prob": 0.0023094688221709007, "count": 1, "pos": [46]}, "that": {"prob": 0.016166281755196306, "count": 7, "pos": [47, 55, 126, 166, 175, 340, 420]}, "herself": {"prob": 0.0023094688221709007, "count": 1, "pos": [52]}, "promi": {"prob": 0.0023094688221709007, "count": 1, "pos": [54]}, "will": {"prob": 0.0023094688221709007, "count": 1, "pos": [57]}, "help": {"prob": 0.004618937644341801, "count": 2, "pos": [58, 360]}, "steal": {"prob": 0.0023094688221709007, "count": 1, "pos": [60]}, "chine": {"prob": 0.0023094688221709007, "count": 1, "pos": [63]}, "mask": {"prob": 0.004618937644341801, "count": 2, "pos": [64, 151]}, "well": {"prob": 0.0023094688221709007, "count": 1, "pos": [67]}, "guard": {"prob": 0.0023094688221709007, "count": 1, "pos": [68]}, "bedford": {"prob": 0.0023094688221709007, "count": 1, "pos": [69]}, "palac": {"prob": 0.0023094688221709007, "count": 1, "pos": [70]}, "befor": {"prob": 0.0023094688221709007, "count": 1, "pos": [71]}, "agr": {"prob": 0.0023094688221709007, "count": 1, "pos": [72]}, "tell": {"prob": 0.006928406466512702, "count": 3, "pos": [74, 308, 418]}, "rule": {"prob": 0.0023094688221709007, "count": 1, "pos": [76]}, "number": {"prob": 0.0023094688221709007, "count": 1, "pos": [77]}, "how": {"prob": 0.0023094688221709007, "count": 1, "pos": [79]}, "do": {"prob": 0.0023094688221709007, "count": 1, "pos": [80]}, "i": {"prob": 0.0023094688221709007, "count": 1, "pos": [81]}, "know": {"prob": 0.004618937644341801, "count": 2, "pos": [82, 125]}, "you": {"prob": 0.0023094688221709007, "count": 1, "pos": [83]}, "re": {"prob": 0.0023094688221709007, "count": 1, "pos": [84]}, "not": {"prob": 0.0023094688221709007, "count": 1, "pos": [85]}, "cop": {"prob": 0.0023094688221709007, "count": 1, "pos": [87]}, "they": {"prob": 0.011547344110854504, "count": 5, "pos": [88, 139, 234, 286, 428]}, "travel": {"prob": 0.0023094688221709007, "count": 1, "pos": [89]}, "scotland": {"prob": 0.0023094688221709007, "count": 1, "pos": [91]}, "and": {"prob": 0.03002309468822171, "count": 13, "pos": [92, 116, 158, 174, 202, 230, 240, 268, 335, 381, 399, 412, 427]}, "plan": {"prob": 0.011547344110854504, "count": 5, "pos": [93, 147, 178, 280, 371]}, "complic": {"prob": 0.0023094688221709007, "count": 1, "pos": [95]}, "theft": {"prob": 0.006928406466512702, "count": 3, "pos": [96, 142, 209]}, "at": {"prob": 0.009237875288683603, "count": 4, "pos": [97, 316, 323, 415]}, "hideout": {"prob": 0.0023094688221709007, "count": 1, "pos": [99]}, "isol": {"prob": 0.0023094688221709007, "count": 1, "pos": [101]}, "castl": {"prob": 0.0023094688221709007, "count": 1, "pos": [102]}, "while": {"prob": 0.0023094688221709007, "count": 1, "pos": [103]}, "busi": {"prob": 0.0023094688221709007, "count": 1, "pos": [106]}, "make": {"prob": 0.004618937644341801, "count": 2, "pos": [107, 270]}, "final": {"prob": 0.004618937644341801, "count": 2, "pos": [108, 214]}, "prepar": {"prob": 0.0023094688221709007, "count": 1, "pos": [109]}, "contact": {"prob": 0.0023094688221709007, "count": 1, "pos": [111]}, "her": {"prob": 0.020785219399538105, "count": 9, "pos": [112, 167, 227, 296, 305, 309, 347, 374, 394]}, "boss": {"prob": 0.0023094688221709007, "count": 1, "pos": [113]}, "hector": {"prob": 0.0023094688221709007, "count": 1, "pos": [114]}, "cruz": {"prob": 0.006928406466512702, "count": 3, "pos": [115, 201, 334]}, "inform": {"prob": 0.0023094688221709007, "count": 1, "pos": [117]}, "of": {"prob": 0.011547344110854504, "count": 5, "pos": [119, 146, 200, 216, 251]}, "whereabout": {"prob": 0.0023094688221709007, "count": 1, "pos": [121]}, "littl": {"prob": 0.0023094688221709007, "count": 1, "pos": [122]}, "doe": {"prob": 0.0023094688221709007, "count": 1, "pos": [123]}, "island": {"prob": 0.0023094688221709007, "count": 1, "pos": [128]}, "bug": {"prob": 0.0023094688221709007, "count": 1, "pos": [130]}, "allow": {"prob": 0.0023094688221709007, "count": 1, "pos": [131]}, "eavesdrop": {"prob": 0.0023094688221709007, "count": 1, "pos": [134]}, "on": {"prob": 0.004618937644341801, "count": 2, "pos": [135, 226]}, "their": {"prob": 0.004618937644341801, "count": 2, "pos": [136, 271]}, "conver": {"prob": 0.0023094688221709007, "count": 1, "pos": [137]}, "after": {"prob": 0.0023094688221709007, "count": 1, "pos": [138]}, "complet": {"prob": 0.0023094688221709007, "count": 1, "pos": [140]}, "accus": {"prob": 0.0023094688221709007, "count": 1, "pos": [144]}, "sell": {"prob": 0.0023094688221709007, "count": 1, "pos": [149]}, "buyer": {"prob": 0.0023094688221709007, "count": 1, "pos": [154]}, "in": {"prob": 0.013856812933025405, "count": 6, "pos": [155, 162, 183, 193, 212, 299]}, "kuala": {"prob": 0.004618937644341801, "count": 2, "pos": [156, 184]}, "lumpur": {"prob": 0.004618937644341801, "count": 2, "pos": [157, 185]}, "then": {"prob": 0.0023094688221709007, "count": 1, "pos": [159]}, "turn": {"prob": 0.0023094688221709007, "count": 1, "pos": [160]}, "convinc": {"prob": 0.0023094688221709007,