{"__total__": 476, "__name__": "doc_550_Eraser.txt", "john": {"prob": 0.025210084033613446, "count": 12, "pos": [0, 18, 172, 193, 209, 287, 292, 315, 325, 387, 414, 454]}, "kruger": {"prob": 0.0021008403361344537, "count": 1, "pos": [1]}, "code": {"prob": 0.0021008403361344537, "count": 1, "pos": [2]}, "name": {"prob": 0.0021008403361344537, "count": 1, "pos": [3]}, "era": {"prob": 0.004201680672268907, "count": 2, "pos": [4, 468]}, "is": {"prob": 0.01680672268907563, "count": 8, "pos": [5, 19, 178, 226, 342, 367, 404, 411]}, "a": {"prob": 0.029411764705882353, "count": 14, "pos": [6, 25, 31, 50, 183, 186, 221, 260, 320, 364, 371, 422, 430, 443]}, "u": {"prob": 0.004201680672268907, "count": 2, "pos": [7, 256]}, "marshal": {"prob": 0.0063025210084033615, "count": 3, "pos": [8, 215, 257]}, "who": {"prob": 0.0021008403361344537, "count": 1, "pos": [9]}, "work": {"prob": 0.0021008403361344537, "count": 1, "pos": [10]}, "for": {"prob": 0.01680672268907563, "count": 8, "pos": [11, 28, 38, 91, 138, 180, 344, 424]}, "the": {"prob": 0.07563025210084033, "count": 36, "pos": [12, 39, 62, 71, 76, 92, 94, 107, 129, 151, 162, 174, 189, 224, 238, 243, 249, 264, 274, 289, 298, 303, 310, 313, 329, 337, 340, 360, 375, 392, 399, 408, 419, 436, 448, 466]}, "feder": {"prob": 0.0021008403361344537, "count": 1, "pos": [13]}, "wit": {"prob": 0.01050420168067227, "count": 5, "pos": [14, 228, 245, 250, 322]}, "secur": {"prob": 0.0021008403361344537, "count": 1, "pos": [15]}, "protect": {"prob": 0.004201680672268907, "count": 2, "pos": [16, 22]}, "program": {"prob": 0.0021008403361344537, "count": 1, "pos": [17]}, "assign": {"prob": 0.0021008403361344537, "count": 1, "pos": [20]}, "to": {"prob": 0.037815126050420166, "count": 18, "pos": [21, 48, 56, 70, 80, 100, 140, 156, 166, 169, 199, 203, 237, 279, 285, 332, 359, 418]}, "lee": {"prob": 0.031512605042016806, "count": 15, "pos": [23, 41, 83, 115, 132, 144, 177, 195, 234, 296, 316, 334, 354, 389, 459]}, "cullen": {"prob": 0.0021008403361344537, "count": 1, "pos": [24]}, "senior": {"prob": 0.0021008403361344537, "count": 1, "pos": [26]}, "execut": {"prob": 0.0021008403361344537, "count": 1, "pos": [27]}, "cyrez": {"prob": 0.014705882352941176, "count": 7, "pos": [29, 47, 102, 111, 148, 306, 345]}, "corpor": {"prob": 0.0021008403361344537, "count": 1, "pos": [30]}, "compani": {"prob": 0.0021008403361344537, "count": 1, "pos": [32]}, "that": {"prob": 0.0063025210084033615, "count": 3, "pos": [33, 218, 438]}, "creat": {"prob": 0.0021008403361344537, "count": 1, "pos": [34]}, "and": {"prob": 0.03571428571428571, "count": 17, "pos": [35, 117, 127, 143, 196, 259, 294, 317, 355, 384, 390, 415, 426, 434, 445, 458, 465]}, "manufactur": {"prob": 0.0021008403361344537, "count": 1, "pos": [36]}, "weapon": {"prob": 0.004201680672268907, "count": 2, "pos": [37, 66]}, "militari": {"prob": 0.0021008403361344537, "count": 1, "pos": [40]}, "ha": {"prob": 0.0063025210084033615, "count": 3, "pos": [42, 307, 356]}, "come": {"prob": 0.0021008403361344537, "count": 1, "pos": [43]}, "across": {"prob": 0.0021008403361344537, "count": 1, "pos": [44]}, "plan": {"prob": 0.004201680672268907, "count": 2, "pos": [45, 282]}, "by": {"prob": 0.008403361344537815, "count": 4, "pos": [46, 182, 395, 413]}, "sell": {"prob": 0.0021008403361344537, "count": 1, "pos": [49]}, "top": {"prob": 0.004201680672268907, "count": 2, "pos": [51, 230]}, "secret": {"prob": 0.0021008403361344537, "count": 1, "pos": [52]}, "electron": {"prob": 0.0021008403361344537, "count": 1, "pos": [53]}, "pul": {"prob": 0.004201680672268907, "count": 2, "pos": [54, 191]}, "rifl": {"prob": 0.004201680672268907, "count": 2, "pos": [55, 192]}, "russian": {"prob": 0.0021008403361344537, "count": 1, "pos": [57]}, "terrorist": {"prob": 0.0063025210084033615, "count": 3, "pos": [58, 372, 400]}, "sergei": {"prob": 0.0021008403361344537, "count": 1, "pos": [59]}, "ivanovich": {"prob": 0.0021008403361344537, "count": 1, "pos": [60]}, "petrofski": {"prob": 0.004201680672268907, "count": 2, "pos": [61, 402]}, "sale": {"prob": 0.0021008403361344537, "count": 1, "pos": [63]}, "of": {"prob": 0.031512605042016806, "count": 15, "pos": [64, 67, 78, 110, 114, 154, 188, 240, 242, 270, 300, 312, 377, 398, 447]}, "such": {"prob": 0.0021008403361344537, "count": 1, "pos": [65]}, "unparallel": {"prob": 0.0021008403361344537, "count": 1, "pos": [68]}, "firepow": {"prob": 0.0021008403361344537, "count": 1, "pos": [69]}, "wrong": {"prob": 0.0021008403361344537, "count": 1, "pos": [72]}, "hand": {"prob": 0.0063025210084033615, "count": 3, "pos": [73, 311, 416]}, "would": {"prob": 0.0021008403361344537, "count": 1, "pos": [74]}, "tip": {"prob": 0.0021008403361344537, "count": 1, "pos": [75]}, "balanc": {"prob": 0.0021008403361344537, "count": 1, "pos": [77]}, "power": {"prob": 0.0021008403361344537, "count": 1, "pos": [79]}, "procur": {"prob": 0.0021008403361344537, "count": 1, "pos": [81]}, "evid": {"prob": 0.008403361344537815, "count": 4, "pos": [82, 97, 163, 304]}, "copi": {"prob": 0.004201680672268907, "count": 2, "pos": [84, 335]}, "critic": {"prob": 0.004201680672268907, "count": 2, "pos": [85, 405]}, "data": {"prob": 0.004201680672268907, "count": 2, "pos": [86, 338]}, "onto": {"prob": 0.004201680672268907, "count": 2, "pos": [87, 370]}, "two": {"prob": 0.0063025210084033615, "count": 3, "pos": [88, 382, 385]}, "disc": {"prob": 0.004201680672268907, "count": 2, "pos": [89, 341]}, "one": {"prob": 0.004201680672268907, "count": 2, "pos": [90, 241]}, "fbi": {"prob": 0.004201680672268907, "count": 2, "pos": [93, 152]}, "other": {"prob": 0.0021008403361344537, "count": 1, "pos": [95]}, "as": {"prob": 0.0063025210084033615, "count": 3, "pos": [96, 254, 288]}, "in": {"prob": 0.014705882352941176, "count": 7, "pos": [98, 136, 229, 263, 277, 297, 471]}, "order": {"prob": 0.008403361344537815, "count": 4, "pos": [99, 118, 137, 278]}, "public": {"prob": 0.004201680672268907, "count": 2, "pos": [101, 455]}, "transgress": {"prob": 0.0021008403361344537, "count": 1, "pos": [103]}, "howev": {"prob": 0.0063025210084033615, "count": 3, "pos": [104, 206, 351]}, "william": {"prob": 0.0021008403361344537, "count": 1, "pos": [105]}, "donahu": {"prob": 0.0063025210084033615, "count": 3, "pos": [106, 123, 255]}, "corrupt": {"prob": 0.0021008403361344537, "count": 1, "pos": [108]}, "ceo": {"prob": 0.0021008403361344537, "count": 1, "pos": [109]}, "catch": {"prob": 0.0021008403361344537, "count": 1, "pos": [112]}, "wind": {"prob": 0.0021008403361344537, "count": 1, "pos": [113]}, "intent": {"prob": 0.0021008403361344537, "count": 1, "pos": [116]}, "her": {"prob": 0.012605042016806723, "count": 6, "pos": [119, 125, 158, 198, 205, 357]}, "into": {"prob": 0.004201680672268907, "count": 2, "pos": [120, 309]}, "hi": {"prob": 0.012605042016806723, "count": 6, "pos": [121, 212, 281, 379, 427, 457]}, "offic": {"prob": 0.004201680672268907, "count": 2, "pos": [122, 331]}, "confisc": {"prob": 0.0021008403361344537, "count": 1, "pos": [124]}, "camera": {"prob": 0.0021008403361344537, "count": 1, "pos": [126]}, "aim": {"prob": 0.0021008403361344537, "count": 1, "pos": [128]}, "gun": {"prob": 0.0021008403361344537, "count": 1, "pos": [130]}, "at": {"prob": 0.0021008403361344537, "count": 1, "pos": [131]}, "but": {"prob": 0.012605042016806723, "count": 6, "pos": [133, 164, 246, 291, 410, 461]}, "commit": {"prob": 0.0021008403361344537, "count": 1, "pos": [134]}, "suicid": {"prob": 0.0021008403361344537, "count": 1, "pos": [135]}, "him": {"prob": 0.0021008403361344537, "count": 1, "pos": [139]}, "escap": {"prob": 0.0063025210084033615, "count": 3, "pos": [141, 146, 293]}, "punish": {"prob": 0.0021008403361344537, "count": 1, "pos": [142]}, "bare": {"prob": 0.0021008403361344537, "count": 1, "pos": [145]}, "from": {"prob": 0.004201680672268907, "count": 2, "pos": [147, 211]}, "disappoint": {"prob": 0.0021008403361344537, "count": 1, "pos": [149]}, "with": {"prob": 0.0063025210084033615, "count": 3, "pos": [150, 374, 435]},