{"__total__": 370, "__name__": "doc_554_Eternal_Sunshine_of_the_Spotless_Mind.txt", "emot": {"prob": 0.002702702702702703, "count": 1, "pos": [0]}, "withdrawn": {"prob": 0.002702702702702703, "count": 1, "pos": [1]}, "joel": {"prob": 0.02702702702702703, "count": 10, "pos": [2, 50, 90, 115, 122, 185, 214, 290, 337, 354]}, "barish": {"prob": 0.002702702702702703, "count": 1, "pos": [3]}, "and": {"prob": 0.02702702702702703, "count": 10, "pos": [4, 51, 93, 152, 216, 275, 291, 311, 331, 357]}, "unh": {"prob": 0.002702702702702703, "count": 1, "pos": [5]}, "free": {"prob": 0.002702702702702703, "count": 1, "pos": [6]}, "spirit": {"prob": 0.002702702702702703, "count": 1, "pos": [7]}, "clementin": {"prob": 0.024324324324324326, "count": 9, "pos": [8, 52, 70, 136, 170, 211, 292, 339, 343]}, "kruczynski": {"prob": 0.002702702702702703, "count": 1, "pos": [9]}, "strike": {"prob": 0.002702702702702703, "count": 1, "pos": [10]}, "up": {"prob": 0.002702702702702703, "count": 1, "pos": [11]}, "a": {"prob": 0.01891891891891892, "count": 7, "pos": [12, 15, 67, 100, 249, 329, 362]}, "relationship": {"prob": 0.01891891891891892, "count": 7, "pos": [13, 86, 141, 221, 250, 330, 363]}, "on": {"prob": 0.008108108108108109, "count": 3, "pos": [14, 33, 304]}, "long": {"prob": 0.002702702702702703, "count": 1, "pos": [16]}, "island": {"prob": 0.002702702702702703, "count": 1, "pos": [17]}, "rail": {"prob": 0.002702702702702703, "count": 1, "pos": [18]}, "road": {"prob": 0.002702702702702703, "count": 1, "pos": [19]}, "train": {"prob": 0.005405405405405406, "count": 2, "pos": [20, 306]}, "from": {"prob": 0.008108108108108109, "count": 3, "pos": [21, 137, 257]}, "montauk": {"prob": 0.005405405405405406, "count": 2, "pos": [22, 176]}, "new": {"prob": 0.005405405405405406, "count": 2, "pos": [23, 73]}, "york": {"prob": 0.005405405405405406, "count": 2, "pos": [24, 74]}, "they": {"prob": 0.013513513513513514, "count": 5, "pos": [25, 41, 307, 315, 358]}, "are": {"prob": 0.013513513513513514, "count": 5, "pos": [26, 53, 120, 162, 192]}, "almost": {"prob": 0.002702702702702703, "count": 1, "pos": [27]}, "immedi": {"prob": 0.002702702702702703, "count": 1, "pos": [28]}, "drawn": {"prob": 0.002702702702702703, "count": 1, "pos": [29]}, "to": {"prob": 0.02972972972972973, "count": 11, "pos": [30, 79, 95, 144, 194, 224, 233, 254, 284, 340, 360]}, "each": {"prob": 0.008108108108108109, "count": 3, "pos": [31, 302, 323]}, "other": {"prob": 0.008108108108108109, "count": 3, "pos": [32, 303, 324]}, "account": {"prob": 0.002702702702702703, "count": 1, "pos": [34]}, "of": {"prob": 0.02972972972972973, "count": 11, "pos": [35, 84, 109, 133, 150, 169, 190, 202, 219, 287, 320]}, "their": {"prob": 0.01891891891891892, "count": 7, "pos": [36, 85, 140, 220, 295, 334, 366]}, "radic": {"prob": 0.002702702702702703, "count": 1, "pos": [37]}, "differ": {"prob": 0.002702702702702703, "count": 1, "pos": [38]}, "person": {"prob": 0.002702702702702703, "count": 1, "pos": [39]}, "although": {"prob": 0.002702702702702703, "count": 1, "pos": [40]}, "appar": {"prob": 0.002702702702702703, "count": 1, "pos": [42]}, "do": {"prob": 0.002702702702702703, "count": 1, "pos": [43]}, "not": {"prob": 0.002702702702702703, "count": 1, "pos": [44]}, "realiz": {"prob": 0.002702702702702703, "count": 1, "pos": [45]}, "it": {"prob": 0.008108108108108109, "count": 3, "pos": [46, 261, 348]}, "at": {"prob": 0.005405405405405406, "count": 2, "pos": [47, 146]}, "the": {"prob": 0.043243243243243246, "count": 16, "pos": [48, 72, 97, 110, 160, 166, 188, 203, 207, 228, 242, 247, 277, 288, 305, 351]}, "time": {"prob": 0.005405405405405406, "count": 2, "pos": [49, 132]}, "in": {"prob": 0.01891891891891892, "count": 7, "pos": [54, 114, 127, 139, 175, 177, 222]}, "fact": {"prob": 0.002702702702702703, "count": 1, "pos": [55]}, "former": {"prob": 0.002702702702702703, "count": 1, "pos": [56]}, "lover": {"prob": 0.002702702702702703, "count": 1, "pos": [57]}, "now": {"prob": 0.002702702702702703, "count": 1, "pos": [58]}, "separ": {"prob": 0.005405405405405406, "count": 2, "pos": [59, 178]}, "after": {"prob": 0.008108108108108109, "count": 3, "pos": [60, 66, 299]}, "have": {"prob": 0.01891891891891892, "count": 7, "pos": [61, 234, 255, 316, 321, 327, 332]}, "spent": {"prob": 0.002702702702702703, "count": 1, "pos": [62]}, "two": {"prob": 0.002702702702702703, "count": 1, "pos": [63]}, "year": {"prob": 0.002702702702702703, "count": 1, "pos": [64]}, "togeth": {"prob": 0.005405405405405406, "count": 2, "pos": [65, 368]}, "nasti": {"prob": 0.002702702702702703, "count": 1, "pos": [68]}, "fight": {"prob": 0.002702702702702703, "count": 1, "pos": [69]}, "hire": {"prob": 0.002702702702702703, "count": 1, "pos": [71]}, "citi": {"prob": 0.002702702702702703, "count": 1, "pos": [75]}, "firm": {"prob": 0.002702702702702703, "count": 1, "pos": [76]}, "lacuna": {"prob": 0.013513513513513514, "count": 5, "pos": [77, 191, 204, 229, 296]}, "inc": {"prob": 0.002702702702702703, "count": 1, "pos": [78]}, "era": {"prob": 0.013513513513513514, "count": 5, "pos": [80, 121, 164, 256, 336]}, "all": {"prob": 0.005405405405405406, "count": 2, "pos": [81, 285]}, "her": {"prob": 0.016216216216216217, "count": 6, "pos": [82, 151, 156, 226, 258, 273]}, "memori": {"prob": 0.02702702702702703, "count": 10, "pos": [83, 119, 149, 161, 168, 186, 215, 259, 319, 335]}, "upon": {"prob": 0.008108108108108109, "count": 3, "pos": [87, 129, 294]}, "discov": {"prob": 0.005405405405405406, "count": 2, "pos": [88, 263]}, "thi": {"prob": 0.008108108108108109, "count": 3, "pos": [89, 270, 356]}, "is": {"prob": 0.005405405405405406, "count": 2, "pos": [91, 209]}, "devast": {"prob": 0.002702702702702703, "count": 1, "pos": [92]}, "decid": {"prob": 0.005405405405405406, "count": 2, "pos": [94, 359]}, "undergo": {"prob": 0.002702702702702703, "count": 1, "pos": [96]}, "procedur": {"prob": 0.002702702702702703, "count": 1, "pos": [98]}, "himself": {"prob": 0.005405405405405406, "count": 2, "pos": [99, 124]}, "process": {"prob": 0.002702702702702703, "count": 1, "pos": [101]}, "that": {"prob": 0.005405405405405406, "count": 2, "pos": [102, 314]}, "take": {"prob": 0.005405405405405406, "count": 2, "pos": [103, 112]}, "place": {"prob": 0.005405405405405406, "count": 2, "pos": [104, 113]}, "while": {"prob": 0.005405405405405406, "count": 2, "pos": [105, 212]}, "he": {"prob": 0.005405405405405406, "count": 2, "pos": [106, 142]}, "sleep": {"prob": 0.002702702702702703, "count": 1, "pos": [107]}, "much": {"prob": 0.002702702702702703, "count": 1, "pos": [108]}, "film": {"prob": 0.002702702702702703, "count": 1, "pos": [111]}, "mind": {"prob": 0.002702702702702703, "count": 1, "pos": [116]}, "as": {"prob": 0.002702702702702703, "count": 1, "pos": [117]}, "hi": {"prob": 0.010810810810810811, "count": 4, "pos": [118, 153, 158, 265]}, "find": {"prob": 0.002702702702702703, "count": 1, "pos": [123]}, "revisit": {"prob": 0.002702702702702703, "count": 1, "pos": [125]}, "them": {"prob": 0.005405405405405406, "count": 2, "pos": [126, 282]}, "rever": {"prob": 0.002702702702702703, "count": 1, "pos": [128]}, "see": {"prob": 0.002702702702702703, "count": 1, "pos": [130]}, "happier": {"prob": 0.002702702702702703, "count": 1, "pos": [131]}, "love": {"prob": 0.005405405405405406, "count": 2, "pos": [134, 154]}, "with": {"prob": 0.010810810810810811, "count": 4, "pos": [135, 165, 238, 309]}, "earlier": {"prob": 0.002702702702702703, "count": 1, "pos": [138]}, "struggl": {"prob": 0.002702702702702703, "count": 1, "pos": [143]}, "preserv": {"prob": 0.002702702702702703, "count": 1, "pos": [145]}, "least": {"prob": 0.002702702702702703, "count": 1, "pos": [147]}, "some": {"prob": 0.002702702702702703, "count": 1, "pos": [148]}, "for": {"prob": 0.002702702702702703, "count": 1, "pos": [155]}, "despit": {"prob": 0.002702702702702703, "count": 1, "pos": [157]}, "effort": {"prob": 0.002702702702702703, "count": 1, "pos": [159]}, "slowli": {"prob": 0.002702702702702703, "count": 1, "pos": [163]},