{"__total__": 562, "__name__": "doc_559_Evil_Dead_II.txt", "ash": {"prob": 0.033807829181494664, "count": 19, "pos": [0, 26, 65, 89, 90, 106, 111, 131, 144, 204, 296, 344, 382, 400, 417, 472, 474, 483, 531]}, "william": {"prob": 0.0017793594306049821, "count": 1, "pos": [1]}, "and": {"prob": 0.033807829181494664, "count": 19, "pos": [2, 58, 105, 154, 184, 228, 279, 291, 309, 325, 349, 362, 366, 407, 426, 471, 484, 540, 559]}, "hi": {"prob": 0.019572953736654804, "count": 11, "pos": [3, 11, 71, 74, 136, 214, 274, 352, 412, 485, 538]}, "girlfriend": {"prob": 0.0035587188612099642, "count": 2, "pos": [4, 72]}, "linda": {"prob": 0.005338078291814947, "count": 3, "pos": [5, 64, 394]}, "take": {"prob": 0.0017793594306049821, "count": 1, "pos": [6]}, "a": {"prob": 0.023131672597864767, "count": 13, "pos": [7, 15, 28, 81, 240, 263, 380, 431, 454, 508, 517, 525, 544]}, "romant": {"prob": 0.0017793594306049821, "count": 1, "pos": [8]}, "vacat": {"prob": 0.0017793594306049821, "count": 1, "pos": [9]}, "in": {"prob": 0.01601423487544484, "count": 9, "pos": [10, 19, 23, 170, 281, 379, 462, 488, 498]}, "1973": {"prob": 0.0017793594306049821, "count": 1, "pos": [12]}, "oldsmobil": {"prob": 0.005338078291814947, "count": 3, "pos": [13, 470, 486]}, "to": {"prob": 0.042704626334519574, "count": 24, "pos": [14, 69, 109, 122, 127, 134, 173, 187, 194, 213, 226, 262, 300, 311, 335, 338, 359, 369, 384, 389, 410, 445, 491, 549]}, "seeming": {"prob": 0.0035587188612099642, "count": 2, "pos": [16, 207]}, "abandon": {"prob": 0.0017793594306049821, "count": 1, "pos": [17]}, "cabin": {"prob": 0.010676156583629894, "count": 6, "pos": [18, 25, 124, 196, 283, 361]}, "the": {"prob": 0.0711743772241993, "count": 40, "pos": [20, 24, 37, 49, 61, 86, 95, 101, 119, 123, 150, 162, 168, 175, 180, 195, 197, 217, 223, 243, 252, 258, 282, 306, 318, 327, 360, 370, 405, 420, 424, 441, 450, 463, 469, 480, 493, 499, 533, 551]}, "wood": {"prob": 0.0017793594306049821, "count": 1, "pos": [21]}, "while": {"prob": 0.0035587188612099642, "count": 2, "pos": [22, 143]}, "play": {"prob": 0.0017793594306049821, "count": 1, "pos": [27]}, "tape": {"prob": 0.0017793594306049821, "count": 1, "pos": [29]}, "of": {"prob": 0.019572953736654804, "count": 11, "pos": [30, 63, 115, 167, 182, 199, 265, 317, 398, 423, 510]}, "an": {"prob": 0.010676156583629894, "count": 6, "pos": [31, 46, 53, 191, 202, 437]}, "archeolog": {"prob": 0.0017793594306049821, "count": 1, "pos": [32]}, "professor": {"prob": 0.005338078291814947, "count": 3, "pos": [33, 151, 268]}, "recit": {"prob": 0.0017793594306049821, "count": 1, "pos": [34]}, "passag": {"prob": 0.0017793594306049821, "count": 1, "pos": [35]}, "from": {"prob": 0.005338078291814947, "count": 3, "pos": [36, 161, 449]}, "necronomicon": {"prob": 0.005338078291814947, "count": 3, "pos": [38, 169, 425]}, "ex": {"prob": 0.0017793594306049821, "count": 1, "pos": [39]}, "morti": {"prob": 0.0017793594306049821, "count": 1, "pos": [40]}, "which": {"prob": 0.008896797153024912, "count": 5, "pos": [41, 56, 139, 458, 554]}, "he": {"prob": 0.014234875444839857, "count": 8, "pos": [42, 78, 236, 247, 374, 392, 503, 556]}, "ha": {"prob": 0.005338078291814947, "count": 3, "pos": [43, 140, 547]}, "discov": {"prob": 0.0017793594306049821, "count": 1, "pos": [44]}, "dure": {"prob": 0.0017793594306049821, "count": 1, "pos": [45]}, "archaeolog": {"prob": 0.0017793594306049821, "count": 1, "pos": [47]}, "dig": {"prob": 0.0035587188612099642, "count": 2, "pos": [48, 163]}, "record": {"prob": 0.0035587188612099642, "count": 2, "pos": [50, 264]}, "incant": {"prob": 0.005338078291814947, "count": 3, "pos": [51, 438, 451]}, "unleash": {"prob": 0.0017793594306049821, "count": 1, "pos": [52]}, "evil": {"prob": 0.005338078291814947, "count": 3, "pos": [54, 442, 464]}, "forc": {"prob": 0.012455516014234875, "count": 7, "pos": [55, 68, 133, 149, 336, 443, 465]}, "kill": {"prob": 0.008896797153024912, "count": 5, "pos": [57, 294, 376, 385, 427]}, "later": {"prob": 0.0017793594306049821, "count": 1, "pos": [59]}, "possess": {"prob": 0.012455516014234875, "count": 7, "pos": [60, 93, 142, 278, 290, 346, 475]}, "bodi": {"prob": 0.0017793594306049821, "count": 1, "pos": [62]}, "is": {"prob": 0.028469750889679714, "count": 16, "pos": [66, 83, 103, 107, 125, 132, 145, 206, 237, 289, 292, 303, 345, 375, 504, 541]}, "then": {"prob": 0.0035587188612099642, "count": 2, "pos": [67, 505]}, "decapit": {"prob": 0.0017793594306049821, "count": 1, "pos": [70]}, "for": {"prob": 0.008896797153024912, "count": 5, "pos": [73, 88, 239, 341, 516]}, "own": {"prob": 0.0017793594306049821, "count": 1, "pos": [75]}, "safeti": {"prob": 0.0035587188612099642, "count": 2, "pos": [76, 116]}, "after": {"prob": 0.0035587188612099642, "count": 2, "pos": [77, 260]}, "buri": {"prob": 0.0035587188612099642, "count": 2, "pos": [79, 280]}, "her": {"prob": 0.0071174377224199285, "count": 4, "pos": [80, 155, 312, 399]}, "spirit": {"prob": 0.0035587188612099642, "count": 2, "pos": [82, 102]}, "seen": {"prob": 0.0017793594306049821, "count": 1, "pos": [84]}, "on": {"prob": 0.008896797153024912, "count": 5, "pos": [85, 172, 323, 351, 460]}, "hunt": {"prob": 0.0017793594306049821, "count": 1, "pos": [87]}, "becom": {"prob": 0.0035587188612099642, "count": 2, "pos": [91, 141]}, "briefli": {"prob": 0.0017793594306049821, "count": 1, "pos": [92]}, "by": {"prob": 0.010676156583629894, "count": 6, "pos": [94, 242, 295, 305, 377, 507]}, "demon": {"prob": 0.005338078291814947, "count": 3, "pos": [96, 218, 307]}, "but": {"prob": 0.010676156583629894, "count": 6, "pos": [97, 254, 302, 387, 466, 519]}, "when": {"prob": 0.005338078291814947, "count": 3, "pos": [98, 391, 524]}, "day": {"prob": 0.0017793594306049821, "count": 1, "pos": [99]}, "break": {"prob": 0.0035587188612099642, "count": 2, "pos": [100, 557]}, "gone": {"prob": 0.0017793594306049821, "count": 1, "pos": [104]}, "back": {"prob": 0.0035587188612099642, "count": 2, "pos": [108, 444]}, "normal": {"prob": 0.0035587188612099642, "count": 2, "pos": [110, 390]}, "find": {"prob": 0.008896797153024912, "count": 5, "pos": [112, 174, 201, 256, 419]}, "littl": {"prob": 0.0017793594306049821, "count": 1, "pos": [113]}, "chanc": {"prob": 0.0017793594306049821, "count": 1, "pos": [114]}, "howev": {"prob": 0.0017793594306049821, "count": 1, "pos": [117]}, "as": {"prob": 0.005338078291814947, "count": 3, "pos": [118, 220, 543]}, "bridg": {"prob": 0.0035587188612099642, "count": 2, "pos": [120, 177]}, "lead": {"prob": 0.0017793594306049821, "count": 1, "pos": [121]}, "destroy": {"prob": 0.0035587188612099642, "count": 2, "pos": [126, 176]}, "make": {"prob": 0.0017793594306049821, "count": 1, "pos": [128]}, "thing": {"prob": 0.0017793594306049821, "count": 1, "pos": [129]}, "wor": {"prob": 0.0017793594306049821, "count": 1, "pos": [130]}, "sever": {"prob": 0.0017793594306049821, "count": 1, "pos": [135]}, "right": {"prob": 0.0035587188612099642, "count": 2, "pos": [137, 413]}, "hand": {"prob": 0.005338078291814947, "count": 3, "pos": [138, 414, 476]}, "deal": {"prob": 0.0017793594306049821, "count": 1, "pos": [146]}, "with": {"prob": 0.010676156583629894, "count": 6, "pos": [147, 164, 216, 401, 479, 537]}, "thi": {"prob": 0.0017793594306049821, "count": 1, "pos": [148]}, "daughter": {"prob": 0.0017793594306049821, "count": 1, "pos": [152]}, "anni": {"prob": 0.014234875444839857, "count": 8, "pos": [153, 266, 314, 357, 386, 402, 435, 478]}, "research": {"prob": 0.0017793594306049821, "count": 1, "pos": [156]}, "partner": {"prob": 0.0017793594306049821, "count": 1, "pos": [157]}, "ed": {"prob": 0.0035587188612099642, "count": 2, "pos": [158, 288]}, "getley": {"prob": 0.0017793594306049821, "count": 1, "pos": [159]}, "return": {"prob": 0.0035587188612099642, "count": 2, "pos": [160, 388]}, "more": {"prob": 0.0017793594306049821, "count": 1, "pos": [165]}, "page": {"prob": 0.0071174377224199285, "count": 4, "pos": [166, 319, 328, 422]}, "tow": {"prob": 0.0017793594306049821, "count": 1, "pos": [171]},