{"__total__": 322, "__name__": "doc_570_Fanny_and_Alexander.txt", "the": {"prob": 0.08695652173913043, "count": 28, "pos": [0, 8, 29, 31, 44, 61, 80, 107, 118, 123, 165, 171, 174, 181, 207, 214, 219, 245, 256, 261, 268, 280, 285, 292, 296, 301, 304, 310]}, "stori": {"prob": 0.006211180124223602, "count": 2, "pos": [1, 246]}, "is": {"prob": 0.015527950310559006, "count": 5, "pos": [2, 89, 209, 234, 288]}, "set": {"prob": 0.003105590062111801, "count": 1, "pos": [3]}, "dure": {"prob": 0.006211180124223602, "count": 2, "pos": [4, 295]}, "1907\u00e2": {"prob": 0.003105590062111801, "count": 1, "pos": [5]}, "09": {"prob": 0.003105590062111801, "count": 1, "pos": [6]}, "in": {"prob": 0.021739130434782608, "count": 7, "pos": [7, 37, 60, 117, 134, 140, 213]}, "swedish": {"prob": 0.003105590062111801, "count": 1, "pos": [9]}, "town": {"prob": 0.003105590062111801, "count": 1, "pos": [10]}, "of": {"prob": 0.027950310559006212, "count": 9, "pos": [11, 71, 146, 170, 258, 271, 279, 303, 320]}, "uppsala": {"prob": 0.003105590062111801, "count": 1, "pos": [12]}, "it": {"prob": 0.009316770186335404, "count": 3, "pos": [13, 233, 244]}, "deal": {"prob": 0.003105590062111801, "count": 1, "pos": [14]}, "with": {"prob": 0.015527950310559006, "count": 5, "pos": [15, 136, 150, 255, 284]}, "a": {"prob": 0.024844720496894408, "count": 8, "pos": [16, 49, 57, 64, 156, 193, 202, 249]}, "young": {"prob": 0.003105590062111801, "count": 1, "pos": [17]}, "boy": {"prob": 0.003105590062111801, "count": 1, "pos": [18]}, "alexand": {"prob": 0.018633540372670808, "count": 6, "pos": [19, 93, 216, 237, 272, 299]}, "hi": {"prob": 0.018633540372670808, "count": 6, "pos": [20, 69, 75, 83, 97, 229]}, "sister": {"prob": 0.003105590062111801, "count": 1, "pos": [21]}, "fanni": {"prob": 0.003105590062111801, "count": 1, "pos": [22]}, "and": {"prob": 0.034161490683229816, "count": 11, "pos": [23, 39, 67, 78, 85, 109, 143, 195, 206, 226, 260]}, "their": {"prob": 0.012422360248447204, "count": 4, "pos": [24, 53, 110, 147]}, "well": {"prob": 0.009316770186335404, "count": 3, "pos": [25, 161, 266]}, "to": {"prob": 0.015527950310559006, "count": 5, "pos": [26, 95, 177, 211, 309]}, "do": {"prob": 0.003105590062111801, "count": 1, "pos": [27]}, "famili": {"prob": 0.006211180124223602, "count": 2, "pos": [28, 125]}, "ekdahl": {"prob": 0.015527950310559006, "count": 5, "pos": [30, 124, 175, 276, 293]}, "sibl": {"prob": 0.003105590062111801, "count": 1, "pos": [32]}, "parent": {"prob": 0.003105590062111801, "count": 1, "pos": [33]}, "are": {"prob": 0.009316770186335404, "count": 3, "pos": [34, 40, 167]}, "both": {"prob": 0.003105590062111801, "count": 1, "pos": [35]}, "involv": {"prob": 0.003105590062111801, "count": 1, "pos": [36]}, "theater": {"prob": 0.003105590062111801, "count": 1, "pos": [38]}, "happili": {"prob": 0.003105590062111801, "count": 1, "pos": [41]}, "marri": {"prob": 0.003105590062111801, "count": 1, "pos": [42]}, "until": {"prob": 0.006211180124223602, "count": 2, "pos": [43, 121]}, "father": {"prob": 0.003105590062111801, "count": 1, "pos": [45]}, "sudden": {"prob": 0.003105590062111801, "count": 1, "pos": [46]}, "death": {"prob": 0.009316770186335404, "count": 3, "pos": [47, 212, 231]}, "through": {"prob": 0.003105590062111801, "count": 1, "pos": [48]}, "stroke": {"prob": 0.003105590062111801, "count": 1, "pos": [50]}, "short": {"prob": 0.003105590062111801, "count": 1, "pos": [51]}, "thereaft": {"prob": 0.003105590062111801, "count": 1, "pos": [52]}, "mother": {"prob": 0.009316770186335404, "count": 3, "pos": [54, 111, 139]}, "emili": {"prob": 0.015527950310559006, "count": 5, "pos": [55, 103, 129, 186, 259]}, "find": {"prob": 0.003105590062111801, "count": 1, "pos": [56]}, "new": {"prob": 0.003105590062111801, "count": 1, "pos": [58]}, "suitor": {"prob": 0.003105590062111801, "count": 1, "pos": [59]}, "local": {"prob": 0.003105590062111801, "count": 1, "pos": [62]}, "bishop": {"prob": 0.018633540372670808, "count": 6, "pos": [63, 119, 182, 208, 263, 305]}, "handsom": {"prob": 0.003105590062111801, "count": 1, "pos": [65]}, "widow": {"prob": 0.003105590062111801, "count": 1, "pos": [66]}, "accept": {"prob": 0.003105590062111801, "count": 1, "pos": [68]}, "propo": {"prob": 0.003105590062111801, "count": 1, "pos": [70]}, "marriag": {"prob": 0.003105590062111801, "count": 1, "pos": [72]}, "move": {"prob": 0.003105590062111801, "count": 1, "pos": [73]}, "into": {"prob": 0.009316770186335404, "count": 3, "pos": [74, 183, 291]}, "ascet": {"prob": 0.003105590062111801, "count": 1, "pos": [76]}, "home": {"prob": 0.003105590062111801, "count": 1, "pos": [77]}, "put": {"prob": 0.003105590062111801, "count": 1, "pos": [79]}, "children": {"prob": 0.009316770186335404, "count": 3, "pos": [81, 108, 166]}, "under": {"prob": 0.003105590062111801, "count": 1, "pos": [82]}, "stern": {"prob": 0.003105590062111801, "count": 1, "pos": [84]}, "unforgiv": {"prob": 0.003105590062111801, "count": 1, "pos": [86]}, "rule": {"prob": 0.003105590062111801, "count": 1, "pos": [87]}, "he": {"prob": 0.012422360248447204, "count": 4, "pos": [88, 198, 242, 314]}, "particular": {"prob": 0.003105590062111801, "count": 1, "pos": [90]}, "hard": {"prob": 0.003105590062111801, "count": 1, "pos": [91]}, "on": {"prob": 0.006211180124223602, "count": 2, "pos": [92, 248]}, "tri": {"prob": 0.003105590062111801, "count": 1, "pos": [94]}, "break": {"prob": 0.006211180124223602, "count": 2, "pos": [96, 204]}, "will": {"prob": 0.006211180124223602, "count": 2, "pos": [98, 315]}, "by": {"prob": 0.009316770186335404, "count": 3, "pos": [99, 128, 187]}, "everi": {"prob": 0.003105590062111801, "count": 1, "pos": [100]}, "mean": {"prob": 0.003105590062111801, "count": 1, "pos": [101]}, "someth": {"prob": 0.003105590062111801, "count": 1, "pos": [102]}, "had": {"prob": 0.003105590062111801, "count": 1, "pos": [104]}, "not": {"prob": 0.003105590062111801, "count": 1, "pos": [105]}, "expect": {"prob": 0.003105590062111801, "count": 1, "pos": [106]}, "soon": {"prob": 0.003105590062111801, "count": 1, "pos": [112]}, "live": {"prob": 0.003105590062111801, "count": 1, "pos": [113]}, "as": {"prob": 0.024844720496894408, "count": 8, "pos": [114, 160, 162, 197, 235, 241, 265, 267]}, "virtual": {"prob": 0.003105590062111801, "count": 1, "pos": [115]}, "prison": {"prob": 0.003105590062111801, "count": 1, "pos": [116]}, "hous": {"prob": 0.006211180124223602, "count": 2, "pos": [120, 172]}, "final": {"prob": 0.003105590062111801, "count": 1, "pos": [122]}, "interven": {"prob": 0.003105590062111801, "count": 1, "pos": [126]}, "urg": {"prob": 0.003105590062111801, "count": 1, "pos": [127]}, "who": {"prob": 0.006211180124223602, "count": 2, "pos": [130, 306]}, "ha": {"prob": 0.006211180124223602, "count": 2, "pos": [131, 217]}, "secret": {"prob": 0.003105590062111801, "count": 1, "pos": [132]}, "been": {"prob": 0.003105590062111801, "count": 1, "pos": [133]}, "touch": {"prob": 0.003105590062111801, "count": 1, "pos": [135]}, "her": {"prob": 0.009316770186335404, "count": 3, "pos": [137, 145, 191]}, "former": {"prob": 0.003105590062111801, "count": 1, "pos": [138]}, "law": {"prob": 0.003105590062111801, "count": 1, "pos": [141]}, "helena": {"prob": 0.003105590062111801, "count": 1, "pos": [142]}, "told": {"prob": 0.003105590062111801, "count": 1, "pos": [144]}, "dire": {"prob": 0.003105590062111801, "count": 1, "pos": [148]}, "situat": {"prob": 0.003105590062111801, "count": 1, "pos": [149]}, "help": {"prob": 0.003105590062111801, "count": 1, "pos": [151]}, "from": {"prob": 0.003105590062111801, "count": 1, "pos": [152]}, "an": {"prob": 0.003105590062111801, "count": 1, "pos": [153]}, "old": {"prob": 0.003105590062111801, "count": 1, "pos": [154]}, "friend": {"prob": 0.003105590062111801, "count": 1, "pos": [155]}, "jewish": {"prob": 0.006211180124223602, "count": 2, "pos": [157, 220]}, "antiqu": {"prob": 0.003105590062111801, "count": 1, "pos": [158]}, "dealer": {"prob": 0.003105590062111801, "count": 1, "pos": [159]},