{"__total__": 104, "__name__": "doc_572_Faster_Pussycat_Kill_Kill.txt", "three": {"prob": 0.009615384615384616, "count": 1, "pos": [0]}, "thrill": {"prob": 0.009615384615384616, "count": 1, "pos": [1]}, "seek": {"prob": 0.009615384615384616, "count": 1, "pos": [2]}, "go": {"prob": 0.019230769230769232, "count": 2, "pos": [3, 4]}, "dancers\u00e2": {"prob": 0.009615384615384616, "count": 1, "pos": [5]}, "billi": {"prob": 0.009615384615384616, "count": 1, "pos": [6]}, "rosi": {"prob": 0.009615384615384616, "count": 1, "pos": [7]}, "and": {"prob": 0.038461538461538464, "count": 4, "pos": [8, 37, 61, 78]}, "their": {"prob": 0.019230769230769232, "count": 2, "pos": [9, 22]}, "leader": {"prob": 0.009615384615384616, "count": 1, "pos": [10]}, "varla": {"prob": 0.028846153846153848, "count": 3, "pos": [11, 33, 94]}, "\u00e2": {"prob": 0.009615384615384616, "count": 1, "pos": [12]}, "encount": {"prob": 0.009615384615384616, "count": 1, "pos": [13]}, "a": {"prob": 0.0673076923076923, "count": 7, "pos": [14, 43, 50, 56, 84, 88, 96]}, "young": {"prob": 0.009615384615384616, "count": 1, "pos": [15]}, "coupl": {"prob": 0.009615384615384616, "count": 1, "pos": [16]}, "in": {"prob": 0.009615384615384616, "count": 1, "pos": [17]}, "the": {"prob": 0.0673076923076923, "count": 7, "pos": [18, 27, 46, 67, 72, 75, 100]}, "desert": {"prob": 0.009615384615384616, "count": 1, "pos": [19]}, "while": {"prob": 0.009615384615384616, "count": 1, "pos": [20]}, "race": {"prob": 0.009615384615384616, "count": 1, "pos": [21]}, "sport": {"prob": 0.009615384615384616, "count": 1, "pos": [23]}, "car": {"prob": 0.009615384615384616, "count": 1, "pos": [24]}, "after": {"prob": 0.009615384615384616, "count": 1, "pos": [25]}, "kill": {"prob": 0.009615384615384616, "count": 1, "pos": [26]}, "boyfriend": {"prob": 0.009615384615384616, "count": 1, "pos": [28]}, "with": {"prob": 0.019230769230769232, "count": 2, "pos": [29, 87]}, "her": {"prob": 0.009615384615384616, "count": 1, "pos": [30]}, "bare": {"prob": 0.009615384615384616, "count": 1, "pos": [31]}, "hand": {"prob": 0.009615384615384616, "count": 1, "pos": [32]}, "drug": {"prob": 0.009615384615384616, "count": 1, "pos": [34]}, "bind": {"prob": 0.009615384615384616, "count": 1, "pos": [35]}, "gag": {"prob": 0.009615384615384616, "count": 1, "pos": [36]}, "kidnap": {"prob": 0.009615384615384616, "count": 1, "pos": [38]}, "hi": {"prob": 0.028846153846153848, "count": 3, "pos": [39, 62, 79]}, "girlfriend": {"prob": 0.009615384615384616, "count": 1, "pos": [40]}, "linda": {"prob": 0.009615384615384616, "count": 1, "pos": [41]}, "on": {"prob": 0.019230769230769232, "count": 2, "pos": [42, 83]}, "desol": {"prob": 0.009615384615384616, "count": 1, "pos": [44]}, "highway": {"prob": 0.009615384615384616, "count": 1, "pos": [45]}, "four": {"prob": 0.009615384615384616, "count": 1, "pos": [47]}, "stop": {"prob": 0.009615384615384616, "count": 1, "pos": [48]}, "at": {"prob": 0.009615384615384616, "count": 1, "pos": [49]}, "ga": {"prob": 0.019230769230769232, "count": 2, "pos": [51, 68]}, "station": {"prob": 0.019230769230769232, "count": 2, "pos": [52, 69]}, "where": {"prob": 0.009615384615384616, "count": 1, "pos": [53]}, "they": {"prob": 0.009615384615384616, "count": 1, "pos": [54]}, "see": {"prob": 0.009615384615384616, "count": 1, "pos": [55]}, "wheelchair": {"prob": 0.009615384615384616, "count": 1, "pos": [57]}, "bound": {"prob": 0.009615384615384616, "count": 1, "pos": [58]}, "old": {"prob": 0.028846153846153848, "count": 3, "pos": [59, 76, 102]}, "man": {"prob": 0.028846153846153848, "count": 3, "pos": [60, 77, 103]}, "muscular": {"prob": 0.009615384615384616, "count": 1, "pos": [63]}, "dimwit": {"prob": 0.009615384615384616, "count": 1, "pos": [64]}, "son": {"prob": 0.019230769230769232, "count": 2, "pos": [65, 81]}, "veget": {"prob": 0.009615384615384616, "count": 1, "pos": [66]}, "attend": {"prob": 0.009615384615384616, "count": 1, "pos": [70]}, "tell": {"prob": 0.009615384615384616, "count": 1, "pos": [71]}, "women": {"prob": 0.009615384615384616, "count": 1, "pos": [73]}, "that": {"prob": 0.009615384615384616, "count": 1, "pos": [74]}, "two": {"prob": 0.009615384615384616, "count": 1, "pos": [80]}, "live": {"prob": 0.009615384615384616, "count": 1, "pos": [82]}, "decrepit": {"prob": 0.009615384615384616, "count": 1, "pos": [85]}, "ranch": {"prob": 0.009615384615384616, "count": 1, "pos": [86]}, "hidden": {"prob": 0.009615384615384616, "count": 1, "pos": [89]}, "cach": {"prob": 0.009615384615384616, "count": 1, "pos": [90]}, "of": {"prob": 0.009615384615384616, "count": 1, "pos": [91]}, "money": {"prob": 0.009615384615384616, "count": 1, "pos": [92]}, "intrigu": {"prob": 0.009615384615384616, "count": 1, "pos": [93]}, "hatch": {"prob": 0.009615384615384616, "count": 1, "pos": [95]}, "scheme": {"prob": 0.009615384615384616, "count": 1, "pos": [97]}, "to": {"prob": 0.009615384615384616, "count": 1, "pos": [98]}, "rob": {"prob": 0.009615384615384616, "count": 1, "pos": [99]}, "lecher": {"prob": 0.009615384615384616, "count": 1, "pos": [101]}}