{"__total__": 563, "__name__": "doc_576_Father_of_the_Bride_1991.txt", "georg": {"prob": 0.03019538188277087, "count": 17, "pos": [0, 65, 89, 110, 120, 137, 185, 224, 235, 251, 324, 383, 394, 422, 498, 523, 554]}, "bank": {"prob": 0.003552397868561279, "count": 2, "pos": [1, 169]}, "is": {"prob": 0.008880994671403197, "count": 5, "pos": [2, 164, 459, 478, 506]}, "an": {"prob": 0.008880994671403197, "count": 5, "pos": [3, 9, 38, 91, 172]}, "upper": {"prob": 0.003552397868561279, "count": 2, "pos": [4, 39]}, "middl": {"prob": 0.0017761989342806395, "count": 1, "pos": [5]}, "class": {"prob": 0.003552397868561279, "count": 2, "pos": [6, 40]}, "owner": {"prob": 0.0017761989342806395, "count": 1, "pos": [7]}, "of": {"prob": 0.015985790408525755, "count": 9, "pos": [8, 192, 206, 212, 296, 330, 406, 426, 492]}, "athlet": {"prob": 0.0017761989342806395, "count": 1, "pos": [10]}, "shoe": {"prob": 0.0017761989342806395, "count": 1, "pos": [11]}, "compani": {"prob": 0.0017761989342806395, "count": 1, "pos": [12]}, "in": {"prob": 0.010657193605683837, "count": 6, "pos": [13, 72, 108, 215, 391, 495]}, "san": {"prob": 0.0017761989342806395, "count": 1, "pos": [14]}, "marino": {"prob": 0.0017761989342806395, "count": 1, "pos": [15]}, "california": {"prob": 0.0017761989342806395, "count": 1, "pos": [16]}, "whose": {"prob": 0.0017761989342806395, "count": 1, "pos": [17]}, "22": {"prob": 0.0017761989342806395, "count": 1, "pos": [18]}, "year": {"prob": 0.003552397868561279, "count": 2, "pos": [19, 464]}, "old": {"prob": 0.0017761989342806395, "count": 1, "pos": [20]}, "daughter": {"prob": 0.003552397868561279, "count": 2, "pos": [21, 511]}, "anni": {"prob": 0.02486678507992895, "count": 14, "pos": [22, 67, 316, 337, 357, 367, 376, 421, 435, 445, 468, 473, 501, 520]}, "return": {"prob": 0.0017761989342806395, "count": 1, "pos": [23]}, "from": {"prob": 0.014209591474245116, "count": 8, "pos": [24, 37, 42, 123, 283, 320, 342, 524]}, "europ": {"prob": 0.0017761989342806395, "count": 1, "pos": [25]}, "tell": {"prob": 0.003552397868561279, "count": 2, "pos": [26, 531]}, "them": {"prob": 0.003552397868561279, "count": 2, "pos": [27, 80]}, "she": {"prob": 0.0053285968028419185, "count": 3, "pos": [28, 513, 534]}, "ha": {"prob": 0.003552397868561279, "count": 2, "pos": [29, 423]}, "decid": {"prob": 0.0017761989342806395, "count": 1, "pos": [30]}, "to": {"prob": 0.02664298401420959, "count": 15, "pos": [31, 76, 94, 219, 242, 255, 290, 305, 366, 378, 403, 434, 489, 508, 527]}, "marri": {"prob": 0.003552397868561279, "count": 2, "pos": [32, 474]}, "bryan": {"prob": 0.03019538188277087, "count": 17, "pos": [33, 75, 82, 114, 134, 335, 355, 364, 380, 396, 412, 431, 440, 447, 466, 471, 515]}, "mackenzi": {"prob": 0.003552397868561279, "count": 2, "pos": [34, 159]}, "a": {"prob": 0.02486678507992895, "count": 14, "pos": [35, 61, 105, 201, 213, 262, 265, 359, 362, 369, 399, 424, 476, 484]}, "man": {"prob": 0.003552397868561279, "count": 2, "pos": [36, 103]}, "famili": {"prob": 0.003552397868561279, "count": 2, "pos": [41, 344]}, "bel": {"prob": 0.0017761989342806395, "count": 1, "pos": [43]}, "air": {"prob": 0.0017761989342806395, "count": 1, "pos": [44]}, "despit": {"prob": 0.007104795737122558, "count": 4, "pos": [45, 81, 449, 483]}, "on": {"prob": 0.010657193605683837, "count": 6, "pos": [46, 223, 244, 309, 352, 372]}, "know": {"prob": 0.0017761989342806395, "count": 1, "pos": [47]}, "each": {"prob": 0.0017761989342806395, "count": 1, "pos": [48]}, "other": {"prob": 0.0017761989342806395, "count": 1, "pos": [49]}, "for": {"prob": 0.010657193605683837, "count": 6, "pos": [50, 74, 271, 398, 408, 517]}, "three": {"prob": 0.0017761989342806395, "count": 1, "pos": [51]}, "month": {"prob": 0.0017761989342806395, "count": 1, "pos": [52]}, "the": {"prob": 0.047957371225577264, "count": 27, "pos": [53, 57, 101, 153, 158, 168, 190, 193, 197, 204, 216, 230, 253, 292, 310, 331, 347, 392, 455, 457, 481, 490, 503, 525, 543, 546, 551]}, "sudden": {"prob": 0.0017761989342806395, "count": 1, "pos": [54]}, "shock": {"prob": 0.003552397868561279, "count": 2, "pos": [55, 128]}, "turn": {"prob": 0.0017761989342806395, "count": 1, "pos": [56]}, "warm": {"prob": 0.0017761989342806395, "count": 1, "pos": [58]}, "reunion": {"prob": 0.0017761989342806395, "count": 1, "pos": [59]}, "into": {"prob": 0.0053285968028419185, "count": 3, "pos": [60, 140, 152]}, "heat": {"prob": 0.0017761989342806395, "count": 1, "pos": [62]}, "argument": {"prob": 0.0017761989342806395, "count": 1, "pos": [63]}, "between": {"prob": 0.0017761989342806395, "count": 1, "pos": [64]}, "and": {"prob": 0.046181172291296625, "count": 26, "pos": [66, 78, 86, 111, 117, 147, 167, 179, 209, 225, 322, 328, 336, 356, 415, 428, 444, 446, 467, 472, 475, 505, 514, 530, 550, 559]}, "but": {"prob": 0.008880994671403197, "count": 5, "pos": [68, 258, 302, 346, 410]}, "they": {"prob": 0.003552397868561279, "count": 2, "pos": [69, 541]}, "quick": {"prob": 0.003552397868561279, "count": 2, "pos": [70, 138]}, "reconcil": {"prob": 0.003552397868561279, "count": 2, "pos": [71, 448]}, "time": {"prob": 0.003552397868561279, "count": 2, "pos": [73, 539]}, "arriv": {"prob": 0.003552397868561279, "count": 2, "pos": [77, 304]}, "meet": {"prob": 0.007104795737122558, "count": 4, "pos": [79, 113, 170, 470]}, "good": {"prob": 0.003552397868561279, "count": 2, "pos": [83, 409]}, "financ": {"prob": 0.0017761989342806395, "count": 1, "pos": [84]}, "statu": {"prob": 0.0017761989342806395, "count": 1, "pos": [85]}, "likeabl": {"prob": 0.0017761989342806395, "count": 1, "pos": [87]}, "demeanour": {"prob": 0.0017761989342806395, "count": 1, "pos": [88]}, "take": {"prob": 0.0053285968028419185, "count": 3, "pos": [90, 220, 395]}, "immedi": {"prob": 0.003552397868561279, "count": 2, "pos": [92, 186]}, "dislik": {"prob": 0.0017761989342806395, "count": 1, "pos": [93]}, "him": {"prob": 0.010657193605683837, "count": 6, "pos": [95, 307, 407, 529, 532, 536]}, "while": {"prob": 0.0017761989342806395, "count": 1, "pos": [96]}, "hi": {"prob": 0.008880994671403197, "count": 5, "pos": [97, 180, 249, 386, 510]}, "wife": {"prob": 0.0017761989342806395, "count": 1, "pos": [98]}, "nina": {"prob": 0.008880994671403197, "count": 5, "pos": [99, 112, 303, 321, 558]}, "accept": {"prob": 0.0053285968028419185, "count": 3, "pos": [100, 329, 430]}, "young": {"prob": 0.0017761989342806395, "count": 1, "pos": [102]}, "as": {"prob": 0.0053285968028419185, "count": 3, "pos": [104, 289, 368]}, "potenti": {"prob": 0.0017761989342806395, "count": 1, "pos": [106]}, "son": {"prob": 0.0017761989342806395, "count": 1, "pos": [107]}, "law": {"prob": 0.0017761989342806395, "count": 1, "pos": [109]}, "parent": {"prob": 0.0017761989342806395, "count": 1, "pos": [115]}, "john": {"prob": 0.003552397868561279, "count": 2, "pos": [116, 124]}, "joanna": {"prob": 0.0017761989342806395, "count": 1, "pos": [118]}, "though": {"prob": 0.0017761989342806395, "count": 1, "pos": [119]}, "feel": {"prob": 0.0017761989342806395, "count": 1, "pos": [121]}, "comfort": {"prob": 0.0017761989342806395, "count": 1, "pos": [122]}, "also": {"prob": 0.0017761989342806395, "count": 1, "pos": [125]}, "express": {"prob": 0.0017761989342806395, "count": 1, "pos": [126]}, "how": {"prob": 0.0017761989342806395, "count": 1, "pos": [127]}, "he": {"prob": 0.021314387211367674, "count": 12, "pos": [129, 143, 226, 239, 247, 273, 277, 298, 313, 389, 419, 432]}, "had": {"prob": 0.003552397868561279, "count": 2, "pos": [130, 240]}, "initi": {"prob": 0.003552397868561279, "count": 2, "pos": [131, 401]}, "been": {"prob": 0.0017761989342806395, "count": 1, "pos": [132]}, "at": {"prob": 0.008880994671403197, "count": 5, "pos": [133, 264, 385, 439, 480]}, "marriag": {"prob": 0.0017761989342806395, "count": 1, "pos": [135]}, "plan": {"prob": 0.003552397868561279, "count": 2, "pos": [136, 349]}, "get": {"prob": 0.003552397868561279, "count": 2, "pos": [139, 404]}, "troubl": {"prob": 0.0017761989342806395, "count": 1, "pos": [141]},