{"__total__": 262, "__name__": "doc_582_Finding_Neverland.txt", "the": {"prob": 0.04961832061068702, "count": 13, "pos": [0, 25, 31, 39, 50, 80, 128, 135, 180, 191, 205, 220, 255]}, "stori": {"prob": 0.003816793893129771, "count": 1, "pos": [1]}, "focus": {"prob": 0.003816793893129771, "count": 1, "pos": [2]}, "on": {"prob": 0.003816793893129771, "count": 1, "pos": [3]}, "scottish": {"prob": 0.003816793893129771, "count": 1, "pos": [4]}, "writer": {"prob": 0.003816793893129771, "count": 1, "pos": [5]}, "j": {"prob": 0.003816793893129771, "count": 1, "pos": [6]}, "m": {"prob": 0.003816793893129771, "count": 1, "pos": [7]}, "barri": {"prob": 0.022900763358778626, "count": 6, "pos": [8, 48, 132, 178, 222, 240]}, "hi": {"prob": 0.019083969465648856, "count": 5, "pos": [9, 17, 43, 113, 168]}, "platon": {"prob": 0.003816793893129771, "count": 1, "pos": [10]}, "relationship": {"prob": 0.003816793893129771, "count": 1, "pos": [11]}, "with": {"prob": 0.019083969465648856, "count": 5, "pos": [12, 20, 134, 184, 199]}, "sylvia": {"prob": 0.019083969465648856, "count": 5, "pos": [13, 52, 121, 150, 214]}, "llewelyn": {"prob": 0.011450381679389313, "count": 3, "pos": [14, 111, 136]}, "davi": {"prob": 0.011450381679389313, "count": 3, "pos": [15, 112, 137]}, "and": {"prob": 0.03816793893129771, "count": 10, "pos": [16, 53, 61, 75, 82, 120, 146, 190, 239, 249]}, "close": {"prob": 0.003816793893129771, "count": 1, "pos": [18]}, "friendship": {"prob": 0.007633587786259542, "count": 2, "pos": [19, 64]}, "her": {"prob": 0.022900763358778626, "count": 6, "pos": [21, 54, 144, 233, 243, 250]}, "son": {"prob": 0.007633587786259542, "count": 2, "pos": [22, 57]}, "who": {"prob": 0.015267175572519083, "count": 4, "pos": [23, 33, 97, 116]}, "inspir": {"prob": 0.003816793893129771, "count": 1, "pos": [24]}, "classic": {"prob": 0.003816793893129771, "count": 1, "pos": [26]}, "play": {"prob": 0.015267175572519083, "count": 4, "pos": [27, 45, 94, 206]}, "peter": {"prob": 0.011450381679389313, "count": 3, "pos": [28, 110, 165]}, "pan": {"prob": 0.007633587786259542, "count": 2, "pos": [29, 166]}, "or": {"prob": 0.003816793893129771, "count": 1, "pos": [30]}, "boy": {"prob": 0.015267175572519083, "count": 4, "pos": [32, 81, 96, 256]}, "wouldn": {"prob": 0.003816793893129771, "count": 1, "pos": [34]}, "t": {"prob": 0.003816793893129771, "count": 1, "pos": [35]}, "grow": {"prob": 0.007633587786259542, "count": 2, "pos": [36, 102]}, "up": {"prob": 0.007633587786259542, "count": 2, "pos": [37, 103]}, "follow": {"prob": 0.003816793893129771, "count": 1, "pos": [38]}, "dismal": {"prob": 0.003816793893129771, "count": 1, "pos": [40]}, "recept": {"prob": 0.003816793893129771, "count": 1, "pos": [41]}, "of": {"prob": 0.015267175572519083, "count": 4, "pos": [42, 130, 202, 229]}, "latest": {"prob": 0.003816793893129771, "count": 1, "pos": [44]}, "littl": {"prob": 0.003816793893129771, "count": 1, "pos": [46]}, "mari": {"prob": 0.007633587786259542, "count": 2, "pos": [47, 115]}, "meet": {"prob": 0.003816793893129771, "count": 1, "pos": [49]}, "widow": {"prob": 0.003816793893129771, "count": 1, "pos": [51]}, "four": {"prob": 0.003816793893129771, "count": 1, "pos": [55]}, "young": {"prob": 0.007633587786259542, "count": 2, "pos": [56, 109]}, "in": {"prob": 0.007633587786259542, "count": 2, "pos": [58, 232]}, "kensington": {"prob": 0.003816793893129771, "count": 1, "pos": [59]}, "garden": {"prob": 0.003816793893129771, "count": 1, "pos": [60]}, "a": {"prob": 0.019083969465648856, "count": 5, "pos": [62, 72, 93, 187, 210]}, "strong": {"prob": 0.003816793893129771, "count": 1, "pos": [63]}, "develop": {"prob": 0.003816793893129771, "count": 1, "pos": [65]}, "between": {"prob": 0.003816793893129771, "count": 1, "pos": [66]}, "them": {"prob": 0.003816793893129771, "count": 1, "pos": [67]}, "he": {"prob": 0.007633587786259542, "count": 2, "pos": [68, 90]}, "prove": {"prob": 0.007633587786259542, "count": 2, "pos": [69, 207]}, "to": {"prob": 0.04580152671755725, "count": 12, "pos": [70, 101, 127, 142, 163, 195, 208, 218, 224, 246, 252, 260]}, "be": {"prob": 0.007633587786259542, "count": 2, "pos": [71, 209]}, "great": {"prob": 0.003816793893129771, "count": 1, "pos": [73]}, "playmat": {"prob": 0.003816793893129771, "count": 1, "pos": [74]}, "surrog": {"prob": 0.003816793893129771, "count": 1, "pos": [76]}, "father": {"prob": 0.003816793893129771, "count": 1, "pos": [77]}, "figur": {"prob": 0.003816793893129771, "count": 1, "pos": [78]}, "for": {"prob": 0.007633587786259542, "count": 2, "pos": [79, 174]}, "their": {"prob": 0.011450381679389313, "count": 3, "pos": [83, 196, 203]}, "imagin": {"prob": 0.003816793893129771, "count": 1, "pos": [84]}, "antic": {"prob": 0.003816793893129771, "count": 1, "pos": [85]}, "give": {"prob": 0.003816793893129771, "count": 1, "pos": [86]}, "him": {"prob": 0.011450381679389313, "count": 3, "pos": [87, 119, 248]}, "idea": {"prob": 0.003816793893129771, "count": 1, "pos": [88]}, "which": {"prob": 0.003816793893129771, "count": 1, "pos": [89]}, "incorpor": {"prob": 0.003816793893129771, "count": 1, "pos": [91]}, "into": {"prob": 0.003816793893129771, "count": 1, "pos": [92]}, "about": {"prob": 0.003816793893129771, "count": 1, "pos": [95]}, "do": {"prob": 0.003816793893129771, "count": 1, "pos": [98]}, "not": {"prob": 0.003816793893129771, "count": 1, "pos": [99]}, "want": {"prob": 0.003816793893129771, "count": 1, "pos": [100]}, "especi": {"prob": 0.007633587786259542, "count": 2, "pos": [104, 148]}, "one": {"prob": 0.003816793893129771, "count": 1, "pos": [105]}, "name": {"prob": 0.003816793893129771, "count": 1, "pos": [106]}, "after": {"prob": 0.007633587786259542, "count": 2, "pos": [107, 254]}, "troubl": {"prob": 0.003816793893129771, "count": 1, "pos": [108]}, "wife": {"prob": 0.003816793893129771, "count": 1, "pos": [114]}, "eventu": {"prob": 0.003816793893129771, "count": 1, "pos": [117]}, "divorc": {"prob": 0.003816793893129771, "count": 1, "pos": [118]}, "mother": {"prob": 0.007633587786259542, "count": 2, "pos": [122, 251]}, "emma": {"prob": 0.007633587786259542, "count": 2, "pos": [123, 139]}, "du": {"prob": 0.003816793893129771, "count": 1, "pos": [124]}, "maurier": {"prob": 0.003816793893129771, "count": 1, "pos": [125]}, "object": {"prob": 0.003816793893129771, "count": 1, "pos": [126]}, "amount": {"prob": 0.003816793893129771, "count": 1, "pos": [129]}, "time": {"prob": 0.003816793893129771, "count": 1, "pos": [131]}, "spend": {"prob": 0.003816793893129771, "count": 1, "pos": [133]}, "famili": {"prob": 0.003816793893129771, "count": 1, "pos": [138]}, "also": {"prob": 0.003816793893129771, "count": 1, "pos": [140]}, "seek": {"prob": 0.003816793893129771, "count": 1, "pos": [141]}, "control": {"prob": 0.003816793893129771, "count": 1, "pos": [143]}, "daughter": {"prob": 0.003816793893129771, "count": 1, "pos": [145]}, "grandson": {"prob": 0.003816793893129771, "count": 1, "pos": [147]}, "as": {"prob": 0.003816793893129771, "count": 1, "pos": [149]}, "becom": {"prob": 0.003816793893129771, "count": 1, "pos": [151]}, "increasing": {"prob": 0.003816793893129771, "count": 1, "pos": [152]}, "weak": {"prob": 0.003816793893129771, "count": 1, "pos": [153]}, "from": {"prob": 0.007633587786259542, "count": 2, "pos": [154, 186]}, "an": {"prob": 0.015267175572519083, "count": 4, "pos": [155, 200, 226, 257]}, "unidentifi": {"prob": 0.003816793893129771, "count": 1, "pos": [156]}, "ill": {"prob": 0.007633587786259542, "count": 2, "pos": [157, 217]}, "produc": {"prob": 0.003816793893129771, "count": 1, "pos": [158]}, "charl": {"prob": 0.003816793893129771, "count": 1, "pos": [159]}, "frohman": {"prob": 0.003816793893129771, "count": 1, "pos": [160]}, "skeptic": {"prob": 0.003816793893129771, "count": 1, "pos": [161]}, "agr": {"prob": 0.003816793893129771, "count": 1, "pos": [162]}, "mount": {"prob": 0.003816793893129771, "count": 1, "pos": [164]}, "despit": {"prob": 0.003816793893129771, "count": 1, "pos": [167]}, "belief": {"prob": 0.003816793893129771, "count": 1,