{"__total__": 376, "__name__": "doc_585_Firefox.txt", "a": {"prob": 0.02925531914893617, "count": 11, "pos": [0, 9, 39, 57, 161, 193, 207, 283, 286, 339, 342]}, "joint": {"prob": 0.0026595744680851063, "count": 1, "pos": [1]}, "anglo": {"prob": 0.0026595744680851063, "count": 1, "pos": [2]}, "american": {"prob": 0.0026595744680851063, "count": 1, "pos": [3]}, "plot": {"prob": 0.0026595744680851063, "count": 1, "pos": [4]}, "is": {"prob": 0.02925531914893617, "count": 11, "pos": [5, 16, 21, 77, 101, 108, 133, 160, 239, 329, 358]}, "devi": {"prob": 0.0026595744680851063, "count": 1, "pos": [6]}, "to": {"prob": 0.03723404255319149, "count": 14, "pos": [7, 23, 53, 78, 86, 176, 197, 223, 227, 270, 301, 315, 348, 374]}, "steal": {"prob": 0.005319148936170213, "count": 2, "pos": [8, 79]}, "high": {"prob": 0.0026595744680851063, "count": 1, "pos": [10]}, "advanc": {"prob": 0.0026595744680851063, "count": 1, "pos": [11]}, "soviet": {"prob": 0.018617021276595744, "count": 7, "pos": [12, 47, 194, 211, 268, 307, 366]}, "fighter": {"prob": 0.007978723404255319, "count": 3, "pos": [13, 73, 234]}, "aircraft": {"prob": 0.005319148936170213, "count": 2, "pos": [14, 295]}, "which": {"prob": 0.0026595744680851063, "count": 1, "pos": [15]}, "capabl": {"prob": 0.0026595744680851063, "count": 1, "pos": [17]}, "of": {"prob": 0.02127659574468085, "count": 8, "pos": [18, 59, 65, 97, 119, 153, 219, 351]}, "mach": {"prob": 0.0026595744680851063, "count": 1, "pos": [19]}, "6": {"prob": 0.0026595744680851063, "count": 1, "pos": [20]}, "invi": {"prob": 0.0026595744680851063, "count": 1, "pos": [22]}, "radar": {"prob": 0.0026595744680851063, "count": 1, "pos": [24]}, "and": {"prob": 0.03723404255319149, "count": 14, "pos": [25, 42, 56, 62, 82, 100, 122, 180, 230, 242, 257, 292, 328, 355]}, "carri": {"prob": 0.0026595744680851063, "count": 1, "pos": [26]}, "weapon": {"prob": 0.0026595744680851063, "count": 1, "pos": [27]}, "control": {"prob": 0.0026595744680851063, "count": 1, "pos": [28]}, "by": {"prob": 0.007978723404255319, "count": 3, "pos": [29, 50, 247]}, "thought": {"prob": 0.0026595744680851063, "count": 1, "pos": [30]}, "former": {"prob": 0.005319148936170213, "count": 2, "pos": [31, 43]}, "unit": {"prob": 0.0026595744680851063, "count": 1, "pos": [32]}, "state": {"prob": 0.0026595744680851063, "count": 1, "pos": [33]}, "air": {"prob": 0.005319148936170213, "count": 2, "pos": [34, 125]}, "forc": {"prob": 0.005319148936170213, "count": 2, "pos": [35, 367]}, "major": {"prob": 0.0026595744680851063, "count": 1, "pos": [36]}, "mitchel": {"prob": 0.0026595744680851063, "count": 1, "pos": [37]}, "gant": {"prob": 0.03723404255319149, "count": 14, "pos": [38, 105, 114, 145, 157, 175, 186, 225, 252, 273, 297, 324, 345, 370]}, "vietnam": {"prob": 0.0026595744680851063, "count": 1, "pos": [40]}, "veteran": {"prob": 0.0026595744680851063, "count": 1, "pos": [41]}, "pow": {"prob": 0.0026595744680851063, "count": 1, "pos": [44]}, "infiltr": {"prob": 0.005319148936170213, "count": 2, "pos": [45, 146]}, "the": {"prob": 0.09574468085106383, "count": 36, "pos": [46, 72, 80, 92, 98, 111, 120, 124, 130, 137, 142, 147, 154, 165, 171, 178, 183, 199, 210, 214, 217, 220, 232, 236, 243, 248, 255, 262, 267, 276, 294, 306, 310, 320, 326, 331]}, "union": {"prob": 0.0026595744680851063, "count": 1, "pos": [48]}, "aid": {"prob": 0.0026595744680851063, "count": 1, "pos": [49]}, "hi": {"prob": 0.010638297872340425, "count": 4, "pos": [51, 75, 352, 372]}, "abil": {"prob": 0.0026595744680851063, "count": 1, "pos": [52]}, "speak": {"prob": 0.0026595744680851063, "count": 1, "pos": [54]}, "russian": {"prob": 0.0026595744680851063, "count": 1, "pos": [55]}, "network": {"prob": 0.0026595744680851063, "count": 1, "pos": [58]}, "jewish": {"prob": 0.0026595744680851063, "count": 1, "pos": [60]}, "dissid": {"prob": 0.005319148936170213, "count": 2, "pos": [61, 138]}, "sympath": {"prob": 0.005319148936170213, "count": 2, "pos": [63, 112]}, "three": {"prob": 0.0026595744680851063, "count": 1, "pos": [64]}, "whom": {"prob": 0.0026595744680851063, "count": 1, "pos": [66]}, "are": {"prob": 0.007978723404255319, "count": 3, "pos": [67, 245, 363]}, "key": {"prob": 0.0026595744680851063, "count": 1, "pos": [68]}, "scientist": {"prob": 0.013297872340425532, "count": 5, "pos": [69, 139, 155, 215, 244]}, "work": {"prob": 0.005319148936170213, "count": 2, "pos": [70, 140]}, "on": {"prob": 0.015957446808510637, "count": 6, "pos": [71, 104, 109, 141, 202, 330]}, "itself": {"prob": 0.0026595744680851063, "count": 1, "pos": [74]}, "goal": {"prob": 0.0026595744680851063, "count": 1, "pos": [76]}, "firefox": {"prob": 0.010638297872340425, "count": 4, "pos": [81, 131, 143, 185]}, "fli": {"prob": 0.005319148936170213, "count": 2, "pos": [83, 309]}, "it": {"prob": 0.007978723404255319, "count": 3, "pos": [84, 107, 203]}, "back": {"prob": 0.0026595744680851063, "count": 1, "pos": [85]}, "friend": {"prob": 0.0026595744680851063, "count": 1, "pos": [87]}, "territori": {"prob": 0.0026595744680851063, "count": 1, "pos": [88]}, "for": {"prob": 0.010638297872340425, "count": 4, "pos": [89, 251, 280, 317]}, "analysi": {"prob": 0.0026595744680851063, "count": 1, "pos": [90]}, "howev": {"prob": 0.005319148936170213, "count": 2, "pos": [91, 296]}, "kgb": {"prob": 0.005319148936170213, "count": 2, "pos": [93, 121]}, "ha": {"prob": 0.005319148936170213, "count": 2, "pos": [94, 304]}, "gotten": {"prob": 0.0026595744680851063, "count": 1, "pos": [95]}, "wind": {"prob": 0.0026595744680851063, "count": 1, "pos": [96]}, "oper": {"prob": 0.0026595744680851063, "count": 1, "pos": [99]}, "alreadi": {"prob": 0.0026595744680851063, "count": 1, "pos": [102]}, "hot": {"prob": 0.0026595744680851063, "count": 1, "pos": [103]}, "tail": {"prob": 0.0026595744680851063, "count": 1, "pos": [106]}, "through": {"prob": 0.0026595744680851063, "count": 1, "pos": [110]}, "that": {"prob": 0.010638297872340425, "count": 4, "pos": [113, 158, 167, 361]}, "remain": {"prob": 0.0026595744680851063, "count": 1, "pos": [115]}, "one": {"prob": 0.007978723404255319, "count": 3, "pos": [116, 152, 350]}, "step": {"prob": 0.0026595744680851063, "count": 1, "pos": [117]}, "ahead": {"prob": 0.0026595744680851063, "count": 1, "pos": [118]}, "reach": {"prob": 0.005319148936170213, "count": 2, "pos": [123, 275]}, "base": {"prob": 0.005319148936170213, "count": 2, "pos": [126, 148]}, "at": {"prob": 0.005319148936170213, "count": 2, "pos": [127, 319]}, "bilyarsk": {"prob": 0.0026595744680851063, "count": 1, "pos": [128]}, "where": {"prob": 0.0026595744680851063, "count": 1, "pos": [129]}, "prototyp": {"prob": 0.015957446808510637, "count": 6, "pos": [132, 163, 201, 222, 238, 312]}, "under": {"prob": 0.0026595744680851063, "count": 1, "pos": [134]}, "heavi": {"prob": 0.0026595744680851063, "count": 1, "pos": [135]}, "guard": {"prob": 0.005319148936170213, "count": 2, "pos": [136, 249]}, "help": {"prob": 0.0026595744680851063, "count": 1, "pos": [144]}, "dr": {"prob": 0.0026595744680851063, "count": 1, "pos": [149]}, "pyotr": {"prob": 0.0026595744680851063, "count": 1, "pos": [150]}, "baranovich": {"prob": 0.0026595744680851063, "count": 1, "pos": [151]}, "inform": {"prob": 0.0026595744680851063, "count": 1, "pos": [156]}, "there": {"prob": 0.005319148936170213, "count": 2, "pos": [159, 362]}, "second": {"prob": 0.010638297872340425, "count": 4, "pos": [162, 221, 237, 311]}, "in": {"prob": 0.005319148936170213, "count": 2, "pos": [164, 338]}, "hangar": {"prob": 0.007978723404255319, "count": 3, "pos": [166, 179, 256]}, "must": {"prob": 0.0026595744680851063, "count": 1, "pos": [168]}, "be": {"prob": 0.0026595744680851063, "count": 1, "pos": [169]}, "destroy": {"prob": 0.007978723404255319, "count": 3, "pos": [170, 241, 359]}, "diver": {"prob": 0.0026595744680851063, "count": 1, "pos": [172]}, "will": {"prob": 0.0026595744680851063, "count": 1, "pos": [173]}, "allow": {"prob": 0.0026595744680851063, "count": 1, "pos": [174]}, "enter": {"prob": 0.0026595744680851063, "count": 1, "pos": [177]},