{"__total__": 385, "__name__": "doc_590_Five_Easy_Pieces.txt", "classic": {"prob": 0.0025974025974025974, "count": 1, "pos": [0]}, "pianist": {"prob": 0.007792207792207792, "count": 3, "pos": [1, 78, 202]}, "robert": {"prob": 0.01818181818181818, "count": 7, "pos": [2, 141, 169, 213, 257, 288, 346]}, "dupea": {"prob": 0.005194805194805195, "count": 2, "pos": [3, 238]}, "who": {"prob": 0.007792207792207792, "count": 3, "pos": [4, 161, 350]}, "come": {"prob": 0.005194805194805195, "count": 2, "pos": [5, 235]}, "from": {"prob": 0.005194805194805195, "count": 2, "pos": [6, 265]}, "a": {"prob": 0.04935064935064935, "count": 19, "pos": [7, 13, 57, 60, 77, 81, 150, 159, 183, 200, 208, 250, 259, 283, 290, 352, 364, 378, 381]}, "famili": {"prob": 0.01038961038961039, "count": 4, "pos": [8, 100, 189, 252]}, "of": {"prob": 0.02077922077922078, "count": 8, "pos": [9, 18, 31, 144, 149, 177, 262, 270]}, "musician": {"prob": 0.0025974025974025974, "count": 1, "pos": [10]}, "work": {"prob": 0.0025974025974025974, "count": 1, "pos": [11]}, "in": {"prob": 0.02077922077922078, "count": 8, "pos": [12, 23, 28, 182, 224, 268, 336, 370]}, "california": {"prob": 0.0025974025974025974, "count": 1, "pos": [14]}, "oil": {"prob": 0.0025974025974025974, "count": 1, "pos": [15]}, "field": {"prob": 0.0025974025974025974, "count": 1, "pos": [16]}, "most": {"prob": 0.0025974025974025974, "count": 1, "pos": [17]}, "hi": {"prob": 0.033766233766233764, "count": 13, "pos": [19, 32, 37, 49, 65, 73, 114, 165, 171, 188, 205, 274, 343]}, "time": {"prob": 0.0025974025974025974, "count": 1, "pos": [20]}, "is": {"prob": 0.01038961038961039, "count": 4, "pos": [21, 46, 79, 296]}, "spent": {"prob": 0.0025974025974025974, "count": 1, "pos": [22]}, "bowl": {"prob": 0.0025974025974025974, "count": 1, "pos": [24]}, "alley": {"prob": 0.0025974025974025974, "count": 1, "pos": [25]}, "drink": {"prob": 0.0025974025974025974, "count": 1, "pos": [26]}, "beer": {"prob": 0.0025974025974025974, "count": 1, "pos": [27]}, "the": {"prob": 0.023376623376623377, "count": 9, "pos": [29, 99, 124, 142, 232, 237, 266, 279, 300]}, "trailer": {"prob": 0.0025974025974025974, "count": 1, "pos": [30]}, "friend": {"prob": 0.007792207792207792, "count": 3, "pos": [33, 50, 253]}, "elton": {"prob": 0.005194805194805195, "count": 2, "pos": [34, 51]}, "or": {"prob": 0.005194805194805195, "count": 2, "pos": [35, 326]}, "with": {"prob": 0.012987012987012988, "count": 5, "pos": [36, 158, 293, 310, 348]}, "waitress": {"prob": 0.005194805194805195, "count": 2, "pos": [38, 160]}, "girlfriend": {"prob": 0.0025974025974025974, "count": 1, "pos": [39]}, "rayett": {"prob": 0.01818181818181818, "count": 7, "pos": [40, 107, 175, 228, 255, 349, 368]}, "when": {"prob": 0.01038961038961039, "count": 4, "pos": [41, 152, 248, 367]}, "he": {"prob": 0.03116883116883117, "count": 12, "pos": [42, 63, 105, 109, 153, 179, 195, 272, 302, 321, 359, 374]}, "learn": {"prob": 0.0025974025974025974, "count": 1, "pos": [43]}, "that": {"prob": 0.01038961038961039, "count": 4, "pos": [44, 86, 108, 193]}, "she": {"prob": 0.007792207792207792, "count": 3, "pos": [45, 313, 316]}, "pregnant": {"prob": 0.0025974025974025974, "count": 1, "pos": [47]}, "and": {"prob": 0.025974025974025976, "count": 10, "pos": [48, 67, 93, 116, 185, 214, 221, 234, 295, 330]}, "get": {"prob": 0.005194805194805195, "count": 2, "pos": [52, 154]}, "arrest": {"prob": 0.0025974025974025974, "count": 1, "pos": [53]}, "for": {"prob": 0.01038961038961039, "count": 4, "pos": [54, 69, 132, 371]}, "have": {"prob": 0.0025974025974025974, "count": 1, "pos": [55]}, "rob": {"prob": 0.0025974025974025974, "count": 1, "pos": [56]}, "ga": {"prob": 0.005194805194805195, "count": 2, "pos": [58, 365]}, "station": {"prob": 0.005194805194805195, "count": 2, "pos": [59, 366]}, "year": {"prob": 0.0025974025974025974, "count": 1, "pos": [61]}, "earlier": {"prob": 0.0025974025974025974, "count": 1, "pos": [62]}, "quit": {"prob": 0.0025974025974025974, "count": 1, "pos": [64]}, "job": {"prob": 0.0025974025974025974, "count": 1, "pos": [66]}, "leav": {"prob": 0.005194805194805195, "count": 2, "pos": [68, 347]}, "lo": {"prob": 0.0025974025974025974, "count": 1, "pos": [70]}, "angel": {"prob": 0.0025974025974025974, "count": 1, "pos": [71]}, "where": {"prob": 0.0025974025974025974, "count": 1, "pos": [72]}, "sister": {"prob": 0.0025974025974025974, "count": 1, "pos": [74]}, "partita": {"prob": 0.007792207792207792, "count": 3, "pos": [75, 83, 282]}, "also": {"prob": 0.0025974025974025974, "count": 1, "pos": [76]}, "make": {"prob": 0.007792207792207792, "count": 3, "pos": [80, 222, 351]}, "record": {"prob": 0.0025974025974025974, "count": 1, "pos": [82]}, "inform": {"prob": 0.0025974025974025974, "count": 1, "pos": [84]}, "him": {"prob": 0.015584415584415584, "count": 6, "pos": [85, 95, 294, 311, 315, 357]}, "their": {"prob": 0.0025974025974025974, "count": 1, "pos": [87]}, "father": {"prob": 0.01038961038961039, "count": 4, "pos": [88, 115, 275, 345]}, "ha": {"prob": 0.0025974025974025974, "count": 1, "pos": [89]}, "suffer": {"prob": 0.0025974025974025974, "count": 1, "pos": [90]}, "two": {"prob": 0.005194805194805195, "count": 2, "pos": [91, 129]}, "stroke": {"prob": 0.0025974025974025974, "count": 1, "pos": [92]}, "urg": {"prob": 0.0025974025974025974, "count": 1, "pos": [94]}, "to": {"prob": 0.04155844155844156, "count": 16, "pos": [96, 98, 112, 119, 163, 187, 204, 218, 236, 299, 304, 307, 340, 342, 356, 383]}, "return": {"prob": 0.005194805194805195, "count": 2, "pos": [97, 337]}, "home": {"prob": 0.005194805194805195, "count": 2, "pos": [101, 190]}, "on": {"prob": 0.007792207792207792, "count": 3, "pos": [102, 123, 380]}, "puget": {"prob": 0.0025974025974025974, "count": 1, "pos": [103]}, "sound": {"prob": 0.0025974025974025974, "count": 1, "pos": [104]}, "tell": {"prob": 0.005194805194805195, "count": 2, "pos": [106, 314]}, "must": {"prob": 0.0025974025974025974, "count": 1, "pos": [110]}, "go": {"prob": 0.005194805194805195, "count": 2, "pos": [111, 308]}, "see": {"prob": 0.0025974025974025974, "count": 1, "pos": [113]}, "reluct": {"prob": 0.0025974025974025974, "count": 1, "pos": [117]}, "agr": {"prob": 0.0025974025974025974, "count": 1, "pos": [118]}, "take": {"prob": 0.0025974025974025974, "count": 1, "pos": [120]}, "her": {"prob": 0.015584415584415584, "count": 6, "pos": [121, 181, 225, 241, 263, 376]}, "along": {"prob": 0.0025974025974025974, "count": 1, "pos": [122]}, "way": {"prob": 0.0025974025974025974, "count": 1, "pos": [125]}, "they": {"prob": 0.0025974025974025974, "count": 1, "pos": [126]}, "pick": {"prob": 0.005194805194805195, "count": 2, "pos": [127, 289]}, "up": {"prob": 0.0025974025974025974, "count": 1, "pos": [128]}, "lesbian": {"prob": 0.0025974025974025974, "count": 1, "pos": [130]}, "head": {"prob": 0.0025974025974025974, "count": 1, "pos": [131]}, "alaska": {"prob": 0.005194805194805195, "count": 2, "pos": [133, 384]}, "whose": {"prob": 0.0025974025974025974, "count": 1, "pos": [134]}, "constant": {"prob": 0.0025974025974025974, "count": 1, "pos": [135]}, "chatter": {"prob": 0.0025974025974025974, "count": 1, "pos": [136]}, "about": {"prob": 0.0025974025974025974, "count": 1, "pos": [137]}, "filth": {"prob": 0.0025974025974025974, "count": 1, "pos": [138]}, "increasing": {"prob": 0.0025974025974025974, "count": 1, "pos": [139]}, "annoy": {"prob": 0.0025974025974025974, "count": 1, "pos": [140]}, "four": {"prob": 0.0025974025974025974, "count": 1, "pos": [143]}, "them": {"prob": 0.0025974025974025974, "count": 1, "pos": [145]}, "are": {"prob": 0.0025974025974025974, "count": 1, "pos": [146]}, "thrown": {"prob": 0.0025974025974025974, "count": 1, "pos": [147]}, "out": {"prob": 0.0025974025974025974, "count": 1, "pos": [148]}, "restaur": {"prob": 0.0025974025974025974, "count": 1, "pos": [151]}, "into": {"prob": 0.0025974025974025974, "count": 1, "pos": [155]}, "an": {"prob": 0.005194805194805195, "count": 2, "pos": [156, 244]}, "argument": {"prob": 0.0025974025974025974, "count": 1,