{"__total__": 273, "__name__": "doc_591_Five_Star_Final.txt", "joseph": {"prob": 0.003663003663003663, "count": 1, "pos": [0]}, "w": {"prob": 0.003663003663003663, "count": 1, "pos": [1]}, "randal": {"prob": 0.02197802197802198, "count": 6, "pos": [2, 102, 155, 160, 210, 239]}, "the": {"prob": 0.047619047619047616, "count": 13, "pos": [3, 39, 71, 85, 89, 121, 124, 128, 131, 165, 187, 222, 249]}, "citi": {"prob": 0.003663003663003663, "count": 1, "pos": [4]}, "editor": {"prob": 0.003663003663003663, "count": 1, "pos": [5]}, "of": {"prob": 0.02197802197802198, "count": 6, "pos": [6, 61, 73, 123, 130, 224]}, "a": {"prob": 0.040293040293040296, "count": 11, "pos": [7, 21, 25, 33, 65, 74, 113, 117, 152, 237, 243]}, "tabloid": {"prob": 0.003663003663003663, "count": 1, "pos": [8]}, "newspap": {"prob": 0.003663003663003663, "count": 1, "pos": [9]}, "reluct": {"prob": 0.003663003663003663, "count": 1, "pos": [10]}, "agr": {"prob": 0.003663003663003663, "count": 1, "pos": [11]}, "when": {"prob": 0.007326007326007326, "count": 2, "pos": [12, 168]}, "publish": {"prob": 0.003663003663003663, "count": 1, "pos": [13]}, "bernard": {"prob": 0.003663003663003663, "count": 1, "pos": [14]}, "hinchecliff": {"prob": 0.007326007326007326, "count": 2, "pos": [15, 241]}, "plan": {"prob": 0.003663003663003663, "count": 1, "pos": [16]}, "to": {"prob": 0.054945054945054944, "count": 15, "pos": [17, 48, 55, 69, 96, 119, 135, 150, 161, 184, 189, 204, 215, 218, 247]}, "boost": {"prob": 0.003663003663003663, "count": 1, "pos": [18]}, "circul": {"prob": 0.003663003663003663, "count": 1, "pos": [19]}, "with": {"prob": 0.01098901098901099, "count": 3, "pos": [20, 82, 261]}, "restrospect": {"prob": 0.003663003663003663, "count": 1, "pos": [22]}, "seri": {"prob": 0.003663003663003663, "count": 1, "pos": [23]}, "on": {"prob": 0.007326007326007326, "count": 2, "pos": [24, 127]}, "20": {"prob": 0.003663003663003663, "count": 1, "pos": [26]}, "year": {"prob": 0.007326007326007326, "count": 2, "pos": [27, 264]}, "old": {"prob": 0.003663003663003663, "count": 1, "pos": [28]}, "murder": {"prob": 0.003663003663003663, "count": 1, "pos": [29]}, "and": {"prob": 0.029304029304029304, "count": 8, "pos": [30, 45, 63, 145, 196, 227, 233, 245]}, "scandal": {"prob": 0.007326007326007326, "count": 2, "pos": [31, 90]}, "involv": {"prob": 0.003663003663003663, "count": 1, "pos": [32]}, "secretari": {"prob": 0.007326007326007326, "count": 2, "pos": [34, 254]}, "nanci": {"prob": 0.02197802197802198, "count": 6, "pos": [35, 51, 101, 140, 157, 190]}, "voorh": {"prob": 0.003663003663003663, "count": 1, "pos": [36]}, "who": {"prob": 0.014652014652014652, "count": 4, "pos": [37, 41, 111, 257]}, "shot": {"prob": 0.003663003663003663, "count": 1, "pos": [38]}, "man": {"prob": 0.003663003663003663, "count": 1, "pos": [40]}, "got": {"prob": 0.003663003663003663, "count": 1, "pos": [42]}, "her": {"prob": 0.02197802197802198, "count": 6, "pos": [43, 50, 95, 176, 225, 235]}, "pregnant": {"prob": 0.003663003663003663, "count": 1, "pos": [44]}, "then": {"prob": 0.003663003663003663, "count": 1, "pos": [46]}, "refus": {"prob": 0.01098901098901099, "count": 3, "pos": [47, 170, 195]}, "marri": {"prob": 0.01098901098901099, "count": 3, "pos": [49, 54, 70]}, "is": {"prob": 0.003663003663003663, "count": 1, "pos": [52]}, "now": {"prob": 0.003663003663003663, "count": 1, "pos": [53]}, "michael": {"prob": 0.003663003663003663, "count": 1, "pos": [56]}, "townsend": {"prob": 0.003663003663003663, "count": 1, "pos": [57]}, "an": {"prob": 0.01098901098901099, "count": 3, "pos": [58, 104, 206]}, "upstand": {"prob": 0.003663003663003663, "count": 1, "pos": [59]}, "member": {"prob": 0.003663003663003663, "count": 1, "pos": [60]}, "societi": {"prob": 0.003663003663003663, "count": 1, "pos": [62]}, "ha": {"prob": 0.003663003663003663, "count": 1, "pos": [64]}, "daughter": {"prob": 0.007326007326007326, "count": 2, "pos": [66, 191]}, "jenni": {"prob": 0.01098901098901099, "count": 3, "pos": [67, 192, 208]}, "about": {"prob": 0.007326007326007326, "count": 2, "pos": [68, 100]}, "son": {"prob": 0.003663003663003663, "count": 1, "pos": [72]}, "social": {"prob": 0.003663003663003663, "count": 1, "pos": [75]}, "promin": {"prob": 0.003663003663003663, "count": 1, "pos": [76]}, "famili": {"prob": 0.003663003663003663, "count": 1, "pos": [77]}, "philip": {"prob": 0.007326007326007326, "count": 2, "pos": [78, 230]}, "week": {"prob": 0.003663003663003663, "count": 1, "pos": [79]}, "she": {"prob": 0.01098901098901099, "count": 3, "pos": [80, 91, 171]}, "react": {"prob": 0.003663003663003663, "count": 1, "pos": [81]}, "horror": {"prob": 0.003663003663003663, "count": 1, "pos": [83]}, "at": {"prob": 0.007326007326007326, "count": 2, "pos": [84, 211]}, "renew": {"prob": 0.003663003663003663, "count": 1, "pos": [86]}, "interest": {"prob": 0.003663003663003663, "count": 1, "pos": [87]}, "in": {"prob": 0.007326007326007326, "count": 2, "pos": [88, 259]}, "had": {"prob": 0.003663003663003663, "count": 1, "pos": [92]}, "put": {"prob": 0.003663003663003663, "count": 1, "pos": [93]}, "behind": {"prob": 0.003663003663003663, "count": 1, "pos": [94]}, "dig": {"prob": 0.003663003663003663, "count": 1, "pos": [97]}, "up": {"prob": 0.01098901098901099, "count": 3, "pos": [98, 203, 232]}, "dirt": {"prob": 0.003663003663003663, "count": 1, "pos": [99]}, "assign": {"prob": 0.003663003663003663, "count": 1, "pos": [103]}, "unscrupul": {"prob": 0.003663003663003663, "count": 1, "pos": [105]}, "report": {"prob": 0.003663003663003663, "count": 1, "pos": [106]}, "reverend": {"prob": 0.003663003663003663, "count": 1, "pos": [107]}, "t": {"prob": 0.003663003663003663, "count": 1, "pos": [108]}, "vernon": {"prob": 0.003663003663003663, "count": 1, "pos": [109]}, "isopod": {"prob": 0.003663003663003663, "count": 1, "pos": [110]}, "wear": {"prob": 0.003663003663003663, "count": 1, "pos": [112]}, "cleric": {"prob": 0.003663003663003663, "count": 1, "pos": [114]}, "collar": {"prob": 0.003663003663003663, "count": 1, "pos": [115]}, "as": {"prob": 0.018315018315018316, "count": 5, "pos": [116, 174, 200, 242, 251]}, "devic": {"prob": 0.003663003663003663, "count": 1, "pos": [118]}, "win": {"prob": 0.003663003663003663, "count": 1, "pos": [120]}, "confid": {"prob": 0.003663003663003663, "count": 1, "pos": [122]}, "bride": {"prob": 0.003663003663003663, "count": 1, "pos": [125]}, "parent": {"prob": 0.007326007326007326, "count": 2, "pos": [126, 181]}, "eve": {"prob": 0.003663003663003663, "count": 1, "pos": [129]}, "wed": {"prob": 0.007326007326007326, "count": 2, "pos": [132, 188]}, "they": {"prob": 0.007326007326007326, "count": 2, "pos": [133, 197]}, "confess": {"prob": 0.003663003663003663, "count": 1, "pos": [134]}, "him": {"prob": 0.018315018315018316, "count": 5, "pos": [136, 183, 199, 217, 262]}, "their": {"prob": 0.007326007326007326, "count": 2, "pos": [137, 148]}, "concern": {"prob": 0.003663003663003663, "count": 1, "pos": [138]}, "that": {"prob": 0.007326007326007326, "count": 2, "pos": [139, 154]}, "past": {"prob": 0.003663003663003663, "count": 1, "pos": [141]}, "will": {"prob": 0.003663003663003663, "count": 1, "pos": [142]}, "come": {"prob": 0.003663003663003663, "count": 1, "pos": [143]}, "out": {"prob": 0.003663003663003663, "count": 1, "pos": [144]}, "he": {"prob": 0.014652014652014652, "count": 4, "pos": [146, 169, 194, 201]}, "use": {"prob": 0.003663003663003663, "count": 1, "pos": [147]}, "inform": {"prob": 0.003663003663003663, "count": 1, "pos": [149]}, "write": {"prob": 0.003663003663003663, "count": 1, "pos": [151]}, "stori": {"prob": 0.007326007326007326, "count": 2, "pos": [153, 166]}, "print": {"prob": 0.003663003663003663, "count": 1, "pos": [156]}, "tri": {"prob": 0.003663003663003663, "count": 1, "pos": [158]}, "get": {"prob": 0.003663003663003663, "count": 1, "pos": [159]}, "back": {"prob": 0.003663003663003663, "count": 1, "pos": [162]}, "away": {"prob": 0.003663003663003663, "count": 1, "pos": [163]}, "from": {"prob": 0.003663003663003663,