{"__total__": 626, "__name__": "doc_595_Flirting_with_Disaster.txt", "mel": {"prob": 0.052715654952076675, "count": 33, "pos": [0, 11, 20, 30, 63, 81, 94, 117, 139, 147, 169, 196, 220, 231, 238, 288, 293, 298, 301, 312, 338, 377, 400, 414, 423, 461, 500, 510, 543, 560, 588, 599, 620]}, "coplin": {"prob": 0.003194888178913738, "count": 2, "pos": [1, 19]}, "and": {"prob": 0.04792332268370607, "count": 30, "pos": [2, 17, 21, 29, 83, 106, 150, 168, 229, 257, 262, 274, 284, 325, 339, 382, 394, 407, 418, 433, 445, 481, 496, 519, 533, 568, 583, 591, 595, 621]}, "hi": {"prob": 0.012779552715654952, "count": 8, "pos": [3, 47, 56, 223, 233, 473, 549, 602]}, "wife": {"prob": 0.001597444089456869, "count": 1, "pos": [4]}, "nanci": {"prob": 0.012779552715654952, "count": 8, "pos": [5, 22, 82, 163, 275, 343, 567, 622]}, "live": {"prob": 0.001597444089456869, "count": 1, "pos": [6]}, "in": {"prob": 0.01597444089456869, "count": 10, "pos": [7, 60, 251, 263, 320, 429, 436, 456, 472, 507]}, "new": {"prob": 0.004792332268370607, "count": 3, "pos": [8, 322, 359]}, "york": {"prob": 0.001597444089456869, "count": 1, "pos": [9]}, "near": {"prob": 0.001597444089456869, "count": 1, "pos": [10]}, "neurot": {"prob": 0.001597444089456869, "count": 1, "pos": [12]}, "jewish": {"prob": 0.001597444089456869, "count": 1, "pos": [13]}, "adopt": {"prob": 0.012779552715654952, "count": 8, "pos": [14, 52, 75, 199, 299, 425, 511, 544]}, "parent": {"prob": 0.01597444089456869, "count": 10, "pos": [15, 49, 303, 314, 380, 512, 545, 551, 589, 603]}, "ed": {"prob": 0.001597444089456869, "count": 1, "pos": [16]}, "pearl": {"prob": 0.001597444089456869, "count": 1, "pos": [18]}, "have": {"prob": 0.003194888178913738, "count": 2, "pos": [23, 616]}, "just": {"prob": 0.001597444089456869, "count": 1, "pos": [24]}, "had": {"prob": 0.003194888178913738, "count": 2, "pos": [25, 420]}, "their": {"prob": 0.011182108626198083, "count": 7, "pos": [26, 38, 503, 517, 530, 607, 617]}, "first": {"prob": 0.003194888178913738, "count": 2, "pos": [27, 116]}, "child": {"prob": 0.001597444089456869, "count": 1, "pos": [28]}, "won": {"prob": 0.001597444089456869, "count": 1, "pos": [31]}, "t": {"prob": 0.001597444089456869, "count": 1, "pos": [32]}, "decid": {"prob": 0.009584664536741214, "count": 6, "pos": [33, 64, 78, 330, 497, 520]}, "on": {"prob": 0.009584664536741214, "count": 6, "pos": [34, 86, 296, 334, 372, 441]}, "a": {"prob": 0.020766773162939296, "count": 13, "pos": [35, 61, 87, 110, 122, 209, 212, 242, 249, 264, 489, 535, 604]}, "name": {"prob": 0.006389776357827476, "count": 4, "pos": [36, 59, 188, 572]}, "for": {"prob": 0.003194888178913738, "count": 2, "pos": [37, 431]}, "son": {"prob": 0.003194888178913738, "count": 2, "pos": [39, 224]}, "until": {"prob": 0.001597444089456869, "count": 1, "pos": [40]}, "he": {"prob": 0.006389776357827476, "count": 4, "pos": [41, 217, 225, 290]}, "can": {"prob": 0.001597444089456869, "count": 1, "pos": [42]}, "discov": {"prob": 0.006389776357827476, "count": 4, "pos": [43, 218, 271, 415]}, "the": {"prob": 0.04792332268370607, "count": 30, "pos": [44, 70, 84, 97, 113, 155, 159, 174, 181, 185, 191, 198, 201, 308, 335, 351, 355, 368, 373, 390, 437, 469, 508, 524, 539, 562, 573, 576, 581, 611]}, "ident": {"prob": 0.001597444089456869, "count": 1, "pos": [45]}, "of": {"prob": 0.012779552715654952, "count": 8, "pos": [46, 99, 112, 183, 311, 376, 505, 606]}, "biolog": {"prob": 0.01437699680511182, "count": 9, "pos": [48, 57, 95, 148, 302, 313, 379, 401, 550]}, "after": {"prob": 0.001597444089456869, "count": 1, "pos": [50]}, "an": {"prob": 0.003194888178913738, "count": 2, "pos": [51, 457]}, "agenc": {"prob": 0.006389776357827476, "count": 4, "pos": [53, 76, 160, 200]}, "employ": {"prob": 0.003194888178913738, "count": 2, "pos": [54, 77]}, "locat": {"prob": 0.003194888178913738, "count": 2, "pos": [55, 307]}, "mother": {"prob": 0.004792332268370607, "count": 3, "pos": [58, 96, 149]}, "databa": {"prob": 0.003194888178913738, "count": 2, "pos": [62, 161]}, "to": {"prob": 0.04313099041533546, "count": 27, "pos": [65, 79, 89, 92, 120, 153, 171, 177, 197, 207, 248, 277, 318, 331, 388, 421, 448, 459, 478, 494, 498, 521, 553, 566, 571, 586, 597]}, "meet": {"prob": 0.004792332268370607, "count": 3, "pos": [66, 93, 184]}, "her": {"prob": 0.001597444089456869, "count": 1, "pos": [67]}, "person": {"prob": 0.003194888178913738, "count": 2, "pos": [68, 192]}, "tina": {"prob": 0.007987220447284345, "count": 5, "pos": [69, 151, 167, 306, 340]}, "sexi": {"prob": 0.001597444089456869, "count": 1, "pos": [71]}, "but": {"prob": 0.009584664536741214, "count": 6, "pos": [72, 295, 443, 483, 514, 619]}, "high": {"prob": 0.003194888178913738, "count": 2, "pos": [73, 278]}, "incompet": {"prob": 0.001597444089456869, "count": 1, "pos": [74]}, "accompani": {"prob": 0.001597444089456869, "count": 1, "pos": [80]}, "newborn": {"prob": 0.001597444089456869, "count": 1, "pos": [85]}, "trip": {"prob": 0.006389776357827476, "count": 4, "pos": [88, 98, 336, 356]}, "san": {"prob": 0.001597444089456869, "count": 1, "pos": [90]}, "diego": {"prob": 0.001597444089456869, "count": 1, "pos": [91]}, "cour": {"prob": 0.001597444089456869, "count": 1, "pos": [100]}, "doe": {"prob": 0.001597444089456869, "count": 1, "pos": [101]}, "not": {"prob": 0.007987220447284345, "count": 5, "pos": [102, 146, 292, 440, 555]}, "go": {"prob": 0.001597444089456869, "count": 1, "pos": [103]}, "as": {"prob": 0.006389776357827476, "count": 4, "pos": [104, 166, 190, 451]}, "plan": {"prob": 0.001597444089456869, "count": 1, "pos": [105]}, "end": {"prob": 0.001597444089456869, "count": 1, "pos": [107]}, "up": {"prob": 0.001597444089456869, "count": 1, "pos": [108]}, "becom": {"prob": 0.007987220447284345, "count": 5, "pos": [109, 164, 226, 341, 452]}, "tour": {"prob": 0.001597444089456869, "count": 1, "pos": [111]}, "unit": {"prob": 0.001597444089456869, "count": 1, "pos": [114]}, "state": {"prob": 0.003194888178913738, "count": 2, "pos": [115, 475]}, "is": {"prob": 0.012779552715654952, "count": 8, "pos": [118, 145, 270, 291, 361, 404, 410, 584]}, "introduc": {"prob": 0.001597444089456869, "count": 1, "pos": [119]}, "valeri": {"prob": 0.003194888178913738, "count": 2, "pos": [121, 144]}, "blond": {"prob": 0.001597444089456869, "count": 1, "pos": [123]}, "scandinavian": {"prob": 0.001597444089456869, "count": 1, "pos": [124]}, "woman": {"prob": 0.001597444089456869, "count": 1, "pos": [125]}, "with": {"prob": 0.01437699680511182, "count": 9, "pos": [126, 180, 211, 252, 266, 347, 363, 462, 488]}, "confed": {"prob": 0.001597444089456869, "count": 1, "pos": [127]}, "root": {"prob": 0.001597444089456869, "count": 1, "pos": [128]}, "whose": {"prob": 0.003194888178913738, "count": 2, "pos": [129, 187]}, "twin": {"prob": 0.001597444089456869, "count": 1, "pos": [130]}, "daughter": {"prob": 0.001597444089456869, "count": 1, "pos": [131]}, "are": {"prob": 0.012779552715654952, "count": 8, "pos": [132, 260, 282, 386, 396, 546, 593, 623]}, "at": {"prob": 0.004792332268370607, "count": 3, "pos": [133, 366, 464]}, "least": {"prob": 0.001597444089456869, "count": 1, "pos": [134]}, "six": {"prob": 0.001597444089456869, "count": 1, "pos": [135]}, "inch": {"prob": 0.001597444089456869, "count": 1, "pos": [136]}, "taller": {"prob": 0.001597444089456869, "count": 1, "pos": [137]}, "than": {"prob": 0.003194888178913738, "count": 2, "pos": [138, 398]}, "they": {"prob": 0.012779552715654952, "count": 8, "pos": [140, 385, 427, 492, 528, 569, 592, 613]}, "quick": {"prob": 0.001597444089456869, "count": 1, "pos": [141]}, "realiz": {"prob": 0.003194888178913738, "count": 2, "pos": [142, 556]}, "that": {"prob": 0.011182108626198083, "count": 7, "pos": [143, 219, 272, 289, 413, 416, 442]}, "scrambl": {"prob": 0.001597444089456869, "count": 1, "pos": [152]}, "get": {"prob": 0.003194888178913738, "count": 2, "pos": [154, 587]}, "correct": {"prob": 0.001597444089456869, "count": 1, "pos": [156]}, "inform": {"prob": 0.001597444089456869, "count": 1, "pos": [157]},