{"__total__": 287, "__name__": "doc_599_Footloose_1984.txt", "ren": {"prob": 0.020905923344947737, "count": 6, "pos": [0, 27, 82, 104, 110, 128]}, "mccormack": {"prob": 0.003484320557491289, "count": 1, "pos": [1]}, "a": {"prob": 0.0313588850174216, "count": 9, "pos": [2, 29, 52, 59, 86, 125, 194, 212, 267]}, "teenag": {"prob": 0.003484320557491289, "count": 1, "pos": [3]}, "rai": {"prob": 0.003484320557491289, "count": 1, "pos": [4]}, "in": {"prob": 0.010452961672473868, "count": 3, "pos": [5, 73, 285]}, "chicago": {"prob": 0.003484320557491289, "count": 1, "pos": [6]}, "move": {"prob": 0.006968641114982578, "count": 2, "pos": [7, 157]}, "with": {"prob": 0.013937282229965157, "count": 4, "pos": [8, 19, 79, 118]}, "hi": {"prob": 0.017421602787456445, "count": 5, "pos": [9, 20, 112, 249, 275]}, "mother": {"prob": 0.003484320557491289, "count": 1, "pos": [10]}, "to": {"prob": 0.04878048780487805, "count": 14, "pos": [11, 17, 49, 85, 107, 115, 139, 148, 160, 163, 181, 196, 229, 251]}, "the": {"prob": 0.059233449477351915, "count": 17, "pos": [12, 37, 74, 119, 131, 144, 165, 167, 177, 207, 220, 230, 233, 242, 254, 260, 282]}, "small": {"prob": 0.003484320557491289, "count": 1, "pos": [13]}, "town": {"prob": 0.010452961672473868, "count": 3, "pos": [14, 75, 272]}, "of": {"prob": 0.027874564459930314, "count": 8, "pos": [15, 88, 146, 176, 214, 219, 238, 271]}, "bomont": {"prob": 0.003484320557491289, "count": 1, "pos": [16]}, "live": {"prob": 0.003484320557491289, "count": 1, "pos": [18]}, "aunt": {"prob": 0.003484320557491289, "count": 1, "pos": [21]}, "and": {"prob": 0.04529616724738676, "count": 13, "pos": [22, 33, 43, 63, 92, 111, 123, 134, 158, 179, 188, 203, 274]}, "uncl": {"prob": 0.003484320557491289, "count": 1, "pos": [23]}, "soon": {"prob": 0.010452961672473868, "count": 3, "pos": [24, 47, 210]}, "after": {"prob": 0.010452961672473868, "count": 3, "pos": [25, 76, 216]}, "arriv": {"prob": 0.003484320557491289, "count": 1, "pos": [26]}, "make": {"prob": 0.003484320557491289, "count": 1, "pos": [28]}, "friend": {"prob": 0.003484320557491289, "count": 1, "pos": [30]}, "name": {"prob": 0.006968641114982578, "count": 2, "pos": [31, 55]}, "willard": {"prob": 0.003484320557491289, "count": 1, "pos": [32]}, "from": {"prob": 0.003484320557491289, "count": 1, "pos": [34]}, "him": {"prob": 0.010452961672473868, "count": 3, "pos": [35, 109, 171]}, "learn": {"prob": 0.003484320557491289, "count": 1, "pos": [36]}, "citi": {"prob": 0.006968641114982578, "count": 2, "pos": [38, 132]}, "council": {"prob": 0.010452961672473868, "count": 3, "pos": [39, 133, 168]}, "ha": {"prob": 0.013937282229965157, "count": 4, "pos": [40, 58, 211, 235]}, "ban": {"prob": 0.003484320557491289, "count": 1, "pos": [41]}, "danc": {"prob": 0.017421602787456445, "count": 5, "pos": [42, 121, 147, 202, 280]}, "rock": {"prob": 0.003484320557491289, "count": 1, "pos": [44]}, "music": {"prob": 0.006968641114982578, "count": 2, "pos": [45, 204]}, "he": {"prob": 0.013937282229965157, "count": 4, "pos": [46, 99, 183, 190]}, "begin": {"prob": 0.003484320557491289, "count": 1, "pos": [48]}, "fall": {"prob": 0.003484320557491289, "count": 1, "pos": [50]}, "for": {"prob": 0.013937282229965157, "count": 4, "pos": [51, 143, 253, 281]}, "rebelli": {"prob": 0.003484320557491289, "count": 1, "pos": [53]}, "girl": {"prob": 0.003484320557491289, "count": 1, "pos": [54]}, "ariel": {"prob": 0.013937282229965157, "count": 4, "pos": [56, 80, 106, 197]}, "who": {"prob": 0.003484320557491289, "count": 1, "pos": [57]}, "boyfriend": {"prob": 0.006968641114982578, "count": 2, "pos": [60, 81]}, "chuck": {"prob": 0.003484320557491289, "count": 1, "pos": [61]}, "cranston": {"prob": 0.003484320557491289, "count": 1, "pos": [62]}, "an": {"prob": 0.006968641114982578, "count": 2, "pos": [64, 70]}, "overprotect": {"prob": 0.003484320557491289, "count": 1, "pos": [65]}, "father": {"prob": 0.010452961672473868, "count": 3, "pos": [66, 187, 195]}, "reverend": {"prob": 0.003484320557491289, "count": 1, "pos": [67]}, "shaw": {"prob": 0.003484320557491289, "count": 1, "pos": [68]}, "moor": {"prob": 0.0313588850174216, "count": 9, "pos": [69, 102, 155, 172, 182, 209, 240, 247, 273]}, "author": {"prob": 0.003484320557491289, "count": 1, "pos": [71]}, "figur": {"prob": 0.003484320557491289, "count": 1, "pos": [72]}, "trade": {"prob": 0.003484320557491289, "count": 1, "pos": [77]}, "insult": {"prob": 0.003484320557491289, "count": 1, "pos": [78]}, "is": {"prob": 0.017421602787456445, "count": 5, "pos": [83, 156, 174, 191, 263]}, "challeng": {"prob": 0.003484320557491289, "count": 1, "pos": [84]}, "game": {"prob": 0.003484320557491289, "count": 1, "pos": [87]}, "chicken": {"prob": 0.003484320557491289, "count": 1, "pos": [89]}, "involv": {"prob": 0.003484320557491289, "count": 1, "pos": [90]}, "tractor": {"prob": 0.003484320557491289, "count": 1, "pos": [91]}, "despit": {"prob": 0.003484320557491289, "count": 1, "pos": [93]}, "have": {"prob": 0.006968641114982578, "count": 2, "pos": [94, 124]}, "never": {"prob": 0.003484320557491289, "count": 1, "pos": [95]}, "driven": {"prob": 0.003484320557491289, "count": 1, "pos": [96]}, "one": {"prob": 0.003484320557491289, "count": 1, "pos": [97]}, "befor": {"prob": 0.006968641114982578, "count": 2, "pos": [98, 130]}, "win": {"prob": 0.003484320557491289, "count": 1, "pos": [100]}, "rev": {"prob": 0.010452961672473868, "count": 3, "pos": [101, 154, 246]}, "mistrust": {"prob": 0.003484320557491289, "count": 1, "pos": [103]}, "forbid": {"prob": 0.003484320557491289, "count": 1, "pos": [105]}, "see": {"prob": 0.006968641114982578, "count": 2, "pos": [108, 217]}, "classmat": {"prob": 0.003484320557491289, "count": 1, "pos": [113]}, "want": {"prob": 0.003484320557491289, "count": 1, "pos": [114]}, "do": {"prob": 0.003484320557491289, "count": 1, "pos": [116]}, "away": {"prob": 0.003484320557491289, "count": 1, "pos": [117]}, "no": {"prob": 0.003484320557491289, "count": 1, "pos": [120]}, "law": {"prob": 0.006968641114982578, "count": 2, "pos": [122, 166]}, "senior": {"prob": 0.003484320557491289, "count": 1, "pos": [126]}, "prom": {"prob": 0.006968641114982578, "count": 2, "pos": [127, 261]}, "goe": {"prob": 0.003484320557491289, "count": 1, "pos": [129]}, "read": {"prob": 0.003484320557491289, "count": 1, "pos": [135]}, "sever": {"prob": 0.003484320557491289, "count": 1, "pos": [136]}, "bibl": {"prob": 0.003484320557491289, "count": 1, "pos": [137]}, "ver": {"prob": 0.003484320557491289, "count": 1, "pos": [138]}, "cite": {"prob": 0.003484320557491289, "count": 1, "pos": [140]}, "scriptur": {"prob": 0.003484320557491289, "count": 1, "pos": [141]}, "support": {"prob": 0.006968641114982578, "count": 2, "pos": [142, 175]}, "worth": {"prob": 0.003484320557491289, "count": 1, "pos": [145]}, "rejoic": {"prob": 0.003484320557491289, "count": 1, "pos": [149]}, "exerci": {"prob": 0.003484320557491289, "count": 1, "pos": [150]}, "or": {"prob": 0.003484320557491289, "count": 1, "pos": [151]}, "celebr": {"prob": 0.003484320557491289, "count": 1, "pos": [152]}, "although": {"prob": 0.003484320557491289, "count": 1, "pos": [153]}, "tri": {"prob": 0.003484320557491289, "count": 1, "pos": [159]}, "get": {"prob": 0.003484320557491289, "count": 1, "pos": [161]}, "them": {"prob": 0.003484320557491289, "count": 1, "pos": [162]}, "abolish": {"prob": 0.003484320557491289, "count": 1, "pos": [164]}, "vote": {"prob": 0.003484320557491289, "count": 1, "pos": [169]}, "against": {"prob": 0.003484320557491289, "count": 1, "pos": [170]}, "wife": {"prob": 0.006968641114982578, "count": 2, "pos": [173, 276]}, "movement": {"prob": 0.003484320557491289, "count": 1, "pos": [178]}, "explain": {"prob": 0.003484320557491289, "count": 1, "pos": [180]}, "cannot": {"prob": 0.003484320557491289, "count": 1, "pos": [184]}, "be": {"prob": 0.006968641114982578, "count": 2, "pos": [185, 193]}, "everyon": {"prob": 0.003484320557491289, "count": 1, "pos": [186]}, "that": {"prob": 0.010452961672473868, "count": 3, "pos": [189, 201, 224]},