{"__total__": 205, "__name__": "doc_6_1984_advertisement.txt", "the": {"prob": 0.08780487804878048, "count": 18, "pos": [0, 37, 42, 111, 123, 128, 131, 137, 152, 157, 160, 162, 174, 180, 185, 190, 196, 200]}, "commerci": {"prob": 0.00975609756097561, "count": 2, "pos": [1, 163]}, "open": {"prob": 0.004878048780487805, "count": 1, "pos": [2]}, "with": {"prob": 0.024390243902439025, "count": 5, "pos": [3, 93, 100, 110, 165]}, "a": {"prob": 0.04878048780487805, "count": 10, "pos": [4, 14, 22, 27, 58, 107, 114, 120, 146, 166]}, "dystop": {"prob": 0.004878048780487805, "count": 1, "pos": [5]}, "industri": {"prob": 0.004878048780487805, "count": 1, "pos": [6]}, "set": {"prob": 0.004878048780487805, "count": 1, "pos": [7]}, "in": {"prob": 0.024390243902439025, "count": 5, "pos": [8, 19, 33, 75, 145]}, "blue": {"prob": 0.00975609756097561, "count": 2, "pos": [9, 177]}, "and": {"prob": 0.02926829268292683, "count": 6, "pos": [10, 51, 63, 98, 150, 199]}, "gray": {"prob": 0.004878048780487805, "count": 1, "pos": [11]}, "tone": {"prob": 0.004878048780487805, "count": 1, "pos": [12]}, "show": {"prob": 0.004878048780487805, "count": 1, "pos": [13]}, "line": {"prob": 0.004878048780487805, "count": 1, "pos": [15]}, "of": {"prob": 0.03414634146341464, "count": 7, "pos": [16, 29, 41, 72, 113, 148, 179]}, "peopl": {"prob": 0.00975609756097561, "count": 2, "pos": [17, 158]}, "march": {"prob": 0.004878048780487805, "count": 1, "pos": [18]}, "unison": {"prob": 0.004878048780487805, "count": 1, "pos": [20]}, "through": {"prob": 0.004878048780487805, "count": 1, "pos": [21]}, "long": {"prob": 0.004878048780487805, "count": 1, "pos": [23]}, "tunnel": {"prob": 0.004878048780487805, "count": 1, "pos": [24]}, "monitor": {"prob": 0.004878048780487805, "count": 1, "pos": [25]}, "by": {"prob": 0.01951219512195122, "count": 4, "pos": [26, 81, 89, 170]}, "string": {"prob": 0.004878048780487805, "count": 1, "pos": [28]}, "telescreen": {"prob": 0.004878048780487805, "count": 1, "pos": [30]}, "thi": {"prob": 0.004878048780487805, "count": 1, "pos": [31]}, "is": {"prob": 0.024390243902439025, "count": 5, "pos": [32, 56, 64, 79, 154]}, "sharp": {"prob": 0.004878048780487805, "count": 1, "pos": [34]}, "contrast": {"prob": 0.004878048780487805, "count": 1, "pos": [35]}, "to": {"prob": 0.014634146341463415, "count": 3, "pos": [36, 127, 193]}, "full": {"prob": 0.004878048780487805, "count": 1, "pos": [38]}, "color": {"prob": 0.004878048780487805, "count": 1, "pos": [39]}, "shot": {"prob": 0.004878048780487805, "count": 1, "pos": [40]}, "nameless": {"prob": 0.004878048780487805, "count": 1, "pos": [43]}, "runner": {"prob": 0.00975609756097561, "count": 2, "pos": [44, 124]}, "she": {"prob": 0.01951219512195122, "count": 4, "pos": [45, 55, 78, 104]}, "look": {"prob": 0.004878048780487805, "count": 1, "pos": [46]}, "like": {"prob": 0.00975609756097561, "count": 2, "pos": [47, 117]}, "an": {"prob": 0.014634146341463415, "count": 3, "pos": [48, 66, 69]}, "olymp": {"prob": 0.004878048780487805, "count": 1, "pos": [49]}, "track": {"prob": 0.004878048780487805, "count": 1, "pos": [50]}, "field": {"prob": 0.004878048780487805, "count": 1, "pos": [52]}, "athlet": {"prob": 0.00975609756097561, "count": 2, "pos": [53, 67]}, "as": {"prob": 0.01951219512195122, "count": 4, "pos": [54, 77, 184, 195]}, "carri": {"prob": 0.004878048780487805, "count": 1, "pos": [57]}, "larg": {"prob": 0.014634146341463415, "count": 3, "pos": [59, 101, 108]}, "brass": {"prob": 0.004878048780487805, "count": 1, "pos": [60]}, "head": {"prob": 0.004878048780487805, "count": 1, "pos": [61]}, "hammer": {"prob": 0.00975609756097561, "count": 2, "pos": [62, 132]}, "wear": {"prob": 0.00975609756097561, "count": 2, "pos": [65, 85]}, "uniform": {"prob": 0.00975609756097561, "count": 2, "pos": [68, 87]}, "interpret": {"prob": 0.004878048780487805, "count": 1, "pos": [70]}, "studi": {"prob": 0.004878048780487805, "count": 1, "pos": [71]}, "visuel": {"prob": 0.004878048780487805, "count": 1, "pos": [73]}, "cue": {"prob": 0.004878048780487805, "count": 1, "pos": [74]}, "adverti": {"prob": 0.004878048780487805, "count": 1, "pos": [76]}, "chase": {"prob": 0.004878048780487805, "count": 1, "pos": [80]}, "four": {"prob": 0.004878048780487805, "count": 1, "pos": [82]}, "polic": {"prob": 0.004878048780487805, "count": 1, "pos": [83]}, "offic": {"prob": 0.004878048780487805, "count": 1, "pos": [84]}, "black": {"prob": 0.014634146341463415, "count": 3, "pos": [86, 172, 194]}, "protect": {"prob": 0.004878048780487805, "count": 1, "pos": [88]}, "riot": {"prob": 0.004878048780487805, "count": 1, "pos": [90]}, "gear": {"prob": 0.004878048780487805, "count": 1, "pos": [91]}, "helmet": {"prob": 0.004878048780487805, "count": 1, "pos": [92]}, "visor": {"prob": 0.004878048780487805, "count": 1, "pos": [94]}, "cover": {"prob": 0.004878048780487805, "count": 1, "pos": [95]}, "their": {"prob": 0.004878048780487805, "count": 1, "pos": [96]}, "face": {"prob": 0.004878048780487805, "count": 1, "pos": [97]}, "arm": {"prob": 0.004878048780487805, "count": 1, "pos": [99]}, "night": {"prob": 0.004878048780487805, "count": 1, "pos": [102]}, "stick": {"prob": 0.004878048780487805, "count": 1, "pos": [103]}, "race": {"prob": 0.004878048780487805, "count": 1, "pos": [105]}, "toward": {"prob": 0.00975609756097561, "count": 2, "pos": [106, 133]}, "screen": {"prob": 0.024390243902439025, "count": 5, "pos": [109, 129, 153, 161, 191]}, "imag": {"prob": 0.004878048780487805, "count": 1, "pos": [112]}, "big": {"prob": 0.00975609756097561, "count": 2, "pos": [115, 139]}, "brother": {"prob": 0.00975609756097561, "count": 2, "pos": [116, 140]}, "figur": {"prob": 0.004878048780487805, "count": 1, "pos": [118]}, "give": {"prob": 0.004878048780487805, "count": 1, "pos": [119]}, "speech": {"prob": 0.004878048780487805, "count": 1, "pos": [121]}, "cquot": {"prob": 0.00975609756097561, "count": 2, "pos": [122, 189]}, "now": {"prob": 0.004878048780487805, "count": 1, "pos": [125]}, "close": {"prob": 0.004878048780487805, "count": 1, "pos": [126]}, "hurl": {"prob": 0.004878048780487805, "count": 1, "pos": [130]}, "it": {"prob": 0.00975609756097561, "count": 2, "pos": [134, 187]}, "right": {"prob": 0.004878048780487805, "count": 1, "pos": [135]}, "at": {"prob": 0.004878048780487805, "count": 1, "pos": [136]}, "moment": {"prob": 0.004878048780487805, "count": 1, "pos": [138]}, "announc": {"prob": 0.004878048780487805, "count": 1, "pos": [141]}, "we": {"prob": 0.004878048780487805, "count": 1, "pos": [142]}, "shall": {"prob": 0.004878048780487805, "count": 1, "pos": [143]}, "prevail": {"prob": 0.004878048780487805, "count": 1, "pos": [144]}, "flurri": {"prob": 0.004878048780487805, "count": 1, "pos": [147]}, "light": {"prob": 0.004878048780487805, "count": 1, "pos": [149]}, "smoke": {"prob": 0.004878048780487805, "count": 1, "pos": [151]}, "destroy": {"prob": 0.004878048780487805, "count": 1, "pos": [155]}, "shock": {"prob": 0.004878048780487805, "count": 1, "pos": [156]}, "watch": {"prob": 0.004878048780487805, "count": 1, "pos": [159]}, "conclud": {"prob": 0.004878048780487805, "count": 1, "pos": [164]}, "portent": {"prob": 0.004878048780487805, "count": 1, "pos": [167]}, "voiceov": {"prob": 0.00975609756097561, "count": 2, "pos": [168, 197]}, "accompani": {"prob": 0.004878048780487805, "count": 1, "pos": [169]}, "scroll": {"prob": 0.004878048780487805, "count": 1, "pos": [171]}, "text": {"prob": 0.004878048780487805, "count": 1, "pos": [173]}, "hazi": {"prob": 0.004878048780487805, "count": 1, "pos": [175]}, "whitish": {"prob": 0.004878048780487805, "count": 1, "pos": [176]}, "aftermath": {"prob": 0.004878048780487805, "count": 1, "pos": [178]}, "cataclysm": {"prob": 0.004878048780487805, "count": 1, "pos": [181]}, "event": {"prob": 0.004878048780487805, "count": 1, "pos": [182]}, "serv": {"prob": 0.004878048780487805, "count": 1, "pos": [183]}, "background": {"prob": 0.004878048780487805, "count": 1, "pos": [186]}, "read": {"prob": 0.004878048780487805, "count": 1, "pos": [188]},