{"__total__": 408, "__name__": "doc_60_Adaptation.txt", "the": {"prob": 0.04656862745098039, "count": 19, "pos": [0, 9, 12, 73, 82, 120, 154, 183, 201, 232, 235, 262, 281, 296, 327, 333, 380, 391, 406]}, "self": {"prob": 0.004901960784313725, "count": 2, "pos": [1, 135]}, "loath": {"prob": 0.0024509803921568627, "count": 1, "pos": [2]}, "char": {"prob": 0.03431372549019608, "count": 14, "pos": [3, 47, 54, 190, 219, 258, 270, 289, 304, 313, 329, 354, 358, 385]}, "kaufman": {"prob": 0.014705882352941176, "count": 6, "pos": [4, 15, 55, 128, 160, 275]}, "is": {"prob": 0.031862745098039214, "count": 13, "pos": [5, 16, 22, 36, 68, 93, 195, 229, 338, 344, 356, 372, 393]}, "hire": {"prob": 0.0024509803921568627, "count": 1, "pos": [6]}, "to": {"prob": 0.04411764705882353, "count": 18, "pos": [7, 42, 63, 79, 95, 157, 177, 180, 188, 222, 240, 251, 278, 280, 286, 335, 352, 402]}, "write": {"prob": 0.007352941176470588, "count": 3, "pos": [8, 61, 131]}, "screenplay": {"prob": 0.004901960784313725, "count": 2, "pos": [10, 155]}, "for": {"prob": 0.012254901960784314, "count": 5, "pos": [11, 113, 123, 151, 170]}, "orchid": {"prob": 0.007352941176470588, "count": 3, "pos": [13, 74, 237]}, "thief": {"prob": 0.004901960784313725, "count": 2, "pos": [14, 75]}, "go": {"prob": 0.0024509803921568627, "count": 1, "pos": [17]}, "through": {"prob": 0.0024509803921568627, "count": 1, "pos": [18]}, "melanchol": {"prob": 0.0024509803921568627, "count": 1, "pos": [19]}, "depress": {"prob": 0.0024509803921568627, "count": 1, "pos": [20]}, "and": {"prob": 0.03676470588235294, "count": 15, "pos": [21, 35, 48, 90, 167, 191, 216, 255, 264, 290, 293, 303, 314, 378, 395]}, "not": {"prob": 0.004901960784313725, "count": 2, "pos": [23, 85]}, "happi": {"prob": 0.0024509803921568627, "count": 1, "pos": [24]}, "that": {"prob": 0.022058823529411766, "count": 9, "pos": [25, 65, 81, 91, 231, 244, 269, 370, 396]}, "hi": {"prob": 0.022058823529411766, "count": 9, "pos": [26, 33, 66, 132, 140, 174, 217, 362, 365]}, "twin": {"prob": 0.0024509803921568627, "count": 1, "pos": [27]}, "brother": {"prob": 0.007352941176470588, "count": 3, "pos": [28, 175, 218]}, "donald": {"prob": 0.022058823529411766, "count": 9, "pos": [29, 40, 110, 176, 186, 291, 311, 315, 324]}, "ha": {"prob": 0.0024509803921568627, "count": 1, "pos": [30]}, "move": {"prob": 0.0024509803921568627, "count": 1, "pos": [31]}, "into": {"prob": 0.00980392156862745, "count": 4, "pos": [32, 97, 320, 332]}, "hous": {"prob": 0.0024509803921568627, "count": 1, "pos": [34]}, "mooch": {"prob": 0.0024509803921568627, "count": 1, "pos": [37]}, "off": {"prob": 0.007352941176470588, "count": 3, "pos": [38, 317, 331]}, "him": {"prob": 0.012254901960784314, "count": 5, "pos": [39, 101, 169, 288, 404]}, "decid": {"prob": 0.004901960784313725, "count": 2, "pos": [41, 268]}, "becom": {"prob": 0.0024509803921568627, "count": 1, "pos": [43]}, "a": {"prob": 0.024509803921568627, "count": 10, "pos": [44, 69, 87, 98, 103, 114, 212, 242, 321, 387]}, "screenwrit": {"prob": 0.0024509803921568627, "count": 1, "pos": [45]}, "like": {"prob": 0.004901960784313725, "count": 2, "pos": [46, 209]}, "attend": {"prob": 0.0024509803921568627, "count": 1, "pos": [49]}, "robert": {"prob": 0.0024509803921568627, "count": 1, "pos": [50]}, "mckee": {"prob": 0.004901960784313725, "count": 2, "pos": [51, 162]}, "famou": {"prob": 0.0024509803921568627, "count": 1, "pos": [52]}, "seminar": {"prob": 0.004901960784313725, "count": 2, "pos": [53, 163]}, "who": {"prob": 0.0024509803921568627, "count": 1, "pos": [56]}, "reject": {"prob": 0.0024509803921568627, "count": 1, "pos": [57]}, "simplist": {"prob": 0.0024509803921568627, "count": 1, "pos": [58]}, "formula": {"prob": 0.0024509803921568627, "count": 1, "pos": [59]}, "script": {"prob": 0.014705882352941176, "count": 6, "pos": [60, 67, 112, 133, 381, 392]}, "want": {"prob": 0.007352941176470588, "count": 3, "pos": [62, 234, 398]}, "ensur": {"prob": 0.0024509803921568627, "count": 1, "pos": [64]}, "faith": {"prob": 0.0024509803921568627, "count": 1, "pos": [70]}, "adapt": {"prob": 0.0024509803921568627, "count": 1, "pos": [71]}, "of": {"prob": 0.012254901960784314, "count": 5, "pos": [72, 106, 197, 200, 203]}, "howev": {"prob": 0.004901960784313725, "count": 2, "pos": [76, 342]}, "he": {"prob": 0.014705882352941176, "count": 6, "pos": [77, 145, 172, 215, 371, 397]}, "come": {"prob": 0.0024509803921568627, "count": 1, "pos": [78]}, "realiz": {"prob": 0.0024509803921568627, "count": 1, "pos": [80]}, "book": {"prob": 0.004901960784313725, "count": 2, "pos": [83, 205]}, "doe": {"prob": 0.0024509803921568627, "count": 1, "pos": [84]}, "have": {"prob": 0.004901960784313725, "count": 2, "pos": [86, 265]}, "usabl": {"prob": 0.0024509803921568627, "count": 1, "pos": [88]}, "narr": {"prob": 0.0024509803921568627, "count": 1, "pos": [89]}, "it": {"prob": 0.00980392156862745, "count": 4, "pos": [92, 207, 228, 382]}, "imposs": {"prob": 0.0024509803921568627, "count": 1, "pos": [94]}, "turn": {"prob": 0.0024509803921568627, "count": 1, "pos": [96]}, "film": {"prob": 0.004901960784313725, "count": 2, "pos": [99, 407]}, "leav": {"prob": 0.0024509803921568627, "count": 1, "pos": [100]}, "with": {"prob": 0.0196078431372549, "count": 8, "pos": [102, 134, 142, 182, 306, 361, 376, 384]}, "seriou": {"prob": 0.0024509803921568627, "count": 1, "pos": [104]}, "case": {"prob": 0.0024509803921568627, "count": 1, "pos": [105]}, "writer": {"prob": 0.0024509803921568627, "count": 1, "pos": [107]}, "block": {"prob": 0.0024509803921568627, "count": 1, "pos": [108]}, "meanwhil": {"prob": 0.0024509803921568627, "count": 1, "pos": [109]}, "spec": {"prob": 0.0024509803921568627, "count": 1, "pos": [111]}, "clich\u00e3": {"prob": 0.0024509803921568627, "count": 1, "pos": [115]}, "d": {"prob": 0.0024509803921568627, "count": 1, "pos": [116]}, "psycholog": {"prob": 0.0024509803921568627, "count": 1, "pos": [117]}, "thriller": {"prob": 0.0024509803921568627, "count": 1, "pos": [118]}, "call": {"prob": 0.0024509803921568627, "count": 1, "pos": [119]}, "3": {"prob": 0.0024509803921568627, "count": 1, "pos": [121]}, "sell": {"prob": 0.0024509803921568627, "count": 1, "pos": [122]}, "six": {"prob": 0.0024509803921568627, "count": 1, "pos": [124]}, "or": {"prob": 0.0024509803921568627, "count": 1, "pos": [125]}, "seven": {"prob": 0.0024509803921568627, "count": 1, "pos": [126]}, "figur": {"prob": 0.0024509803921568627, "count": 1, "pos": [127]}, "accid": {"prob": 0.007352941176470588, "count": 3, "pos": [129, 309, 328]}, "start": {"prob": 0.0024509803921568627, "count": 1, "pos": [130]}, "refer": {"prob": 0.0024509803921568627, "count": 1, "pos": [136]}, "alreadi": {"prob": 0.0024509803921568627, "count": 1, "pos": [137]}, "well": {"prob": 0.0024509803921568627, "count": 1, "pos": [138]}, "over": {"prob": 0.004901960784313725, "count": 2, "pos": [139, 389]}, "deadlin": {"prob": 0.0024509803921568627, "count": 1, "pos": [141]}, "columbia": {"prob": 0.0024509803921568627, "count": 1, "pos": [143]}, "pictur": {"prob": 0.0024509803921568627, "count": 1, "pos": [144]}, "visit": {"prob": 0.004901960784313725, "count": 2, "pos": [146, 161]}, "orlean": {"prob": 0.014705882352941176, "count": 6, "pos": [147, 193, 221, 252, 256, 355]}, "in": {"prob": 0.0196078431372549, "count": 8, "pos": [148, 164, 238, 295, 326, 374, 386, 405]}, "new": {"prob": 0.007352941176470588, "count": 3, "pos": [149, 165, 178]}, "york": {"prob": 0.007352941176470588, "count": 3, "pos": [150, 166, 179]}, "advic": {"prob": 0.004901960784313725, "count": 2, "pos": [152, 171]}, "on": {"prob": 0.0024509803921568627, "count": 1, "pos": [153]}, "unabl": {"prob": 0.0024509803921568627, "count": 1, "pos": [156]}, "face": {"prob": 0.0024509803921568627, "count": 1, "pos": [158]}, "her": {"prob": 0.00980392156862745, "count": 4, "pos": [159, 198, 204, 377]}, "ask": {"prob": 0.0024509803921568627, "count": 1, "pos": [168]}, "bring": {"prob": 0.0024509803921568627, "count": 1, "pos": [173]},