{"__total__": 319, "__name__": "doc_611_Frances.txt", "born": {"prob": 0.003134796238244514, "count": 1, "pos": [0]}, "in": {"prob": 0.03134796238244514, "count": 10, "pos": [1, 26, 46, 122, 126, 153, 199, 205, 209, 305]}, "seattl": {"prob": 0.003134796238244514, "count": 1, "pos": [2]}, "washington": {"prob": 0.003134796238244514, "count": 1, "pos": [3]}, "franc": {"prob": 0.03134796238244514, "count": 10, "pos": [4, 53, 90, 108, 163, 196, 214, 229, 279, 292]}, "elena": {"prob": 0.003134796238244514, "count": 1, "pos": [5]}, "farmer": {"prob": 0.012539184952978056, "count": 4, "pos": [6, 248, 280, 293]}, "is": {"prob": 0.02821316614420063, "count": 9, "pos": [7, 54, 164, 172, 179, 197, 230, 237, 263]}, "a": {"prob": 0.025078369905956112, "count": 8, "pos": [8, 11, 15, 154, 226, 261, 266, 301]}, "rebel": {"prob": 0.003134796238244514, "count": 1, "pos": [9]}, "from": {"prob": 0.003134796238244514, "count": 1, "pos": [10]}, "young": {"prob": 0.003134796238244514, "count": 1, "pos": [12]}, "age": {"prob": 0.006269592476489028, "count": 2, "pos": [13, 317]}, "win": {"prob": 0.006269592476489028, "count": 2, "pos": [14, 37]}, "high": {"prob": 0.003134796238244514, "count": 1, "pos": [16]}, "school": {"prob": 0.003134796238244514, "count": 1, "pos": [17]}, "award": {"prob": 0.003134796238244514, "count": 1, "pos": [18]}, "by": {"prob": 0.01567398119122257, "count": 5, "pos": [19, 149, 166, 185, 232]}, "write": {"prob": 0.003134796238244514, "count": 1, "pos": [20]}, "an": {"prob": 0.009404388714733543, "count": 3, "pos": [21, 38, 51]}, "essay": {"prob": 0.003134796238244514, "count": 1, "pos": [22]}, "call": {"prob": 0.003134796238244514, "count": 1, "pos": [23]}, "god": {"prob": 0.003134796238244514, "count": 1, "pos": [24]}, "die": {"prob": 0.006269592476489028, "count": 2, "pos": [25, 308]}, "1931": {"prob": 0.003134796238244514, "count": 1, "pos": [27]}, "later": {"prob": 0.003134796238244514, "count": 1, "pos": [28]}, "that": {"prob": 0.01567398119122257, "count": 5, "pos": [29, 91, 113, 169, 291]}, "decad": {"prob": 0.003134796238244514, "count": 1, "pos": [30]}, "she": {"prob": 0.025078369905956112, "count": 8, "pos": [31, 36, 63, 101, 171, 250, 254, 258]}, "becom": {"prob": 0.006269592476489028, "count": 2, "pos": [32, 50]}, "controversi": {"prob": 0.003134796238244514, "count": 1, "pos": [33]}, "again": {"prob": 0.003134796238244514, "count": 1, "pos": [34]}, "when": {"prob": 0.009404388714733543, "count": 3, "pos": [35, 228, 240]}, "all": {"prob": 0.003134796238244514, "count": 1, "pos": [39]}, "expen": {"prob": 0.003134796238244514, "count": 1, "pos": [40]}, "paid": {"prob": 0.003134796238244514, "count": 1, "pos": [41]}, "trip": {"prob": 0.003134796238244514, "count": 1, "pos": [42]}, "to": {"prob": 0.047021943573667714, "count": 15, "pos": [43, 49, 58, 65, 67, 110, 118, 124, 131, 147, 174, 219, 225, 271, 296]}, "the": {"prob": 0.047021943573667714, "count": 15, "pos": [44, 60, 81, 96, 114, 144, 161, 167, 186, 200, 216, 222, 233, 275, 283]}, "ussr": {"prob": 0.003134796238244514, "count": 1, "pos": [45]}, "1935": {"prob": 0.003134796238244514, "count": 1, "pos": [47]}, "determin": {"prob": 0.006269592476489028, "count": 2, "pos": [48, 56]}, "actress": {"prob": 0.003134796238244514, "count": 1, "pos": [52]}, "equal": {"prob": 0.003134796238244514, "count": 1, "pos": [55]}, "not": {"prob": 0.003134796238244514, "count": 1, "pos": [57]}, "play": {"prob": 0.003134796238244514, "count": 1, "pos": [59]}, "hollywood": {"prob": 0.006269592476489028, "count": 2, "pos": [61, 103]}, "game": {"prob": 0.003134796238244514, "count": 1, "pos": [62]}, "refus": {"prob": 0.003134796238244514, "count": 1, "pos": [64]}, "acquiesc": {"prob": 0.003134796238244514, "count": 1, "pos": [66]}, "public": {"prob": 0.003134796238244514, "count": 1, "pos": [68]}, "stunt": {"prob": 0.003134796238244514, "count": 1, "pos": [69]}, "and": {"prob": 0.0219435736677116, "count": 7, "pos": [70, 143, 177, 182, 189, 192, 245]}, "insist": {"prob": 0.003134796238244514, "count": 1, "pos": [71]}, "upon": {"prob": 0.003134796238244514, "count": 1, "pos": [72]}, "appear": {"prob": 0.003134796238244514, "count": 1, "pos": [73]}, "on": {"prob": 0.009404388714733543, "count": 3, "pos": [74, 141, 312]}, "screen": {"prob": 0.003134796238244514, "count": 1, "pos": [75]}, "without": {"prob": 0.003134796238244514, "count": 1, "pos": [76]}, "makeup": {"prob": 0.003134796238244514, "count": 1, "pos": [77]}, "her": {"prob": 0.034482758620689655, "count": 11, "pos": [78, 92, 111, 120, 128, 133, 138, 150, 203, 211, 243]}, "defianc": {"prob": 0.003134796238244514, "count": 1, "pos": [79]}, "attract": {"prob": 0.003134796238244514, "count": 1, "pos": [80]}, "attent": {"prob": 0.003134796238244514, "count": 1, "pos": [82]}, "of": {"prob": 0.012539184952978056, "count": 4, "pos": [83, 202, 300, 309]}, "broadway": {"prob": 0.003134796238244514, "count": 1, "pos": [84]}, "playwright": {"prob": 0.003134796238244514, "count": 1, "pos": [85]}, "clifford": {"prob": 0.003134796238244514, "count": 1, "pos": [86]}, "odet": {"prob": 0.003134796238244514, "count": 1, "pos": [87]}, "who": {"prob": 0.006269592476489028, "count": 2, "pos": [88, 207]}, "convinc": {"prob": 0.003134796238244514, "count": 1, "pos": [89]}, "futur": {"prob": 0.003134796238244514, "count": 1, "pos": [93]}, "rest": {"prob": 0.003134796238244514, "count": 1, "pos": [94]}, "with": {"prob": 0.012539184952978056, "count": 4, "pos": [95, 137, 278, 285]}, "group": {"prob": 0.006269592476489028, "count": 2, "pos": [97, 115]}, "theatr": {"prob": 0.006269592476489028, "count": 2, "pos": [98, 116]}, "but": {"prob": 0.003134796238244514, "count": 1, "pos": [99]}, "onc": {"prob": 0.003134796238244514, "count": 1, "pos": [100]}, "leav": {"prob": 0.003134796238244514, "count": 1, "pos": [102]}, "for": {"prob": 0.003134796238244514, "count": 1, "pos": [104]}, "new": {"prob": 0.003134796238244514, "count": 1, "pos": [105]}, "york": {"prob": 0.006269592476489028, "count": 2, "pos": [106, 287]}, "citi": {"prob": 0.003134796238244514, "count": 1, "pos": [107]}, "learn": {"prob": 0.003134796238244514, "count": 1, "pos": [109]}, "chagrin": {"prob": 0.003134796238244514, "count": 1, "pos": [112]}, "intend": {"prob": 0.003134796238244514, "count": 1, "pos": [117]}, "exploit": {"prob": 0.003134796238244514, "count": 1, "pos": [119]}, "fame": {"prob": 0.003134796238244514, "count": 1, "pos": [121]}, "order": {"prob": 0.006269592476489028, "count": 2, "pos": [123, 188]}, "draw": {"prob": 0.003134796238244514, "count": 1, "pos": [125]}, "custom": {"prob": 0.003134796238244514, "count": 1, "pos": [127]}, "desper": {"prob": 0.003134796238244514, "count": 1, "pos": [129]}, "attempt": {"prob": 0.003134796238244514, "count": 1, "pos": [130]}, "restart": {"prob": 0.003134796238244514, "count": 1, "pos": [132]}, "film": {"prob": 0.009404388714733543, "count": 3, "pos": [134, 223, 276]}, "career": {"prob": 0.003134796238244514, "count": 1, "pos": [135]}, "combin": {"prob": 0.003134796238244514, "count": 1, "pos": [136]}, "increa": {"prob": 0.003134796238244514, "count": 1, "pos": [139]}, "depend": {"prob": 0.003134796238244514, "count": 1, "pos": [140]}, "alcohol": {"prob": 0.006269592476489028, "count": 2, "pos": [142, 244]}, "pressur": {"prob": 0.003134796238244514, "count": 1, "pos": [145]}, "brought": {"prob": 0.003134796238244514, "count": 1, "pos": [146]}, "bear": {"prob": 0.003134796238244514, "count": 1, "pos": [148]}, "mother": {"prob": 0.006269592476489028, "count": 2, "pos": [151, 204]}, "result": {"prob": 0.003134796238244514, "count": 1, "pos": [152]}, "complet": {"prob": 0.003134796238244514, "count": 1, "pos": [155]}, "nervou": {"prob": 0.003134796238244514, "count": 1, "pos": [156]}, "breakdown": {"prob": 0.003134796238244514, "count": 1, "pos": [157]}, "while": {"prob": 0.003134796238244514, "count": 1, "pos": [158]}, "institut": {"prob": 0.003134796238244514, "count": 1, "pos": [159]}, "dure": {"prob": 0.003134796238244514, "count": 1, "pos": [160]},