{"__total__": 289, "__name__": "doc_613_Frantic.txt", "dr": {"prob": 0.0034602076124567475, "count": 1, "pos": [0]}, "richard": {"prob": 0.0034602076124567475, "count": 1, "pos": [1]}, "walker": {"prob": 0.031141868512110725, "count": 9, "pos": [2, 27, 41, 92, 99, 137, 187, 255, 282]}, "is": {"prob": 0.03460207612456748, "count": 10, "pos": [3, 20, 42, 100, 128, 171, 182, 206, 227, 276]}, "a": {"prob": 0.04844290657439446, "count": 14, "pos": [4, 13, 44, 68, 81, 86, 97, 146, 172, 219, 228, 230, 245, 258]}, "surgeon": {"prob": 0.0034602076124567475, "count": 1, "pos": [5]}, "visit": {"prob": 0.0034602076124567475, "count": 1, "pos": [6]}, "pari": {"prob": 0.006920415224913495, "count": 2, "pos": [7, 115]}, "with": {"prob": 0.010380622837370242, "count": 3, "pos": [8, 64, 244]}, "hi": {"prob": 0.020761245674740483, "count": 6, "pos": [9, 46, 105, 161, 189, 211]}, "wife": {"prob": 0.02422145328719723, "count": 7, "pos": [10, 47, 93, 106, 162, 212, 256]}, "sondra": {"prob": 0.0034602076124567475, "count": 1, "pos": [11]}, "for": {"prob": 0.01730103806228374, "count": 5, "pos": [12, 59, 134, 179, 207]}, "medic": {"prob": 0.0034602076124567475, "count": 1, "pos": [14]}, "confer": {"prob": 0.0034602076124567475, "count": 1, "pos": [15]}, "at": {"prob": 0.010380622837370242, "count": 3, "pos": [16, 37, 164]}, "their": {"prob": 0.010380622837370242, "count": 3, "pos": [17, 51, 122]}, "hotel": {"prob": 0.010380622837370242, "count": 3, "pos": [18, 52, 63]}, "she": {"prob": 0.01384083044982699, "count": 4, "pos": [19, 30, 181, 184]}, "unabl": {"prob": 0.0034602076124567475, "count": 1, "pos": [21]}, "to": {"prob": 0.01384083044982699, "count": 4, "pos": [22, 78, 193, 202]}, "unlock": {"prob": 0.0034602076124567475, "count": 1, "pos": [23]}, "her": {"prob": 0.010380622837370242, "count": 3, "pos": [24, 60, 135]}, "suitca": {"prob": 0.010380622837370242, "count": 3, "pos": [25, 163, 200]}, "and": {"prob": 0.031141868512110725, "count": 9, "pos": [26, 74, 88, 117, 126, 149, 201, 264, 280]}, "determin": {"prob": 0.0034602076124567475, "count": 1, "pos": [28]}, "that": {"prob": 0.010380622837370242, "count": 3, "pos": [29, 169, 216]}, "ha": {"prob": 0.0034602076124567475, "count": 1, "pos": [31]}, "pick": {"prob": 0.006920415224913495, "count": 2, "pos": [32, 159]}, "up": {"prob": 0.006920415224913495, "count": 2, "pos": [33, 160]}, "the": {"prob": 0.07612456747404844, "count": 22, "pos": [34, 38, 62, 65, 110, 114, 118, 140, 152, 165, 198, 208, 223, 236, 241, 248, 252, 262, 268, 270, 284, 287]}, "wrong": {"prob": 0.0034602076124567475, "count": 1, "pos": [35]}, "one": {"prob": 0.0034602076124567475, "count": 1, "pos": [36]}, "airport": {"prob": 0.006920415224913495, "count": 2, "pos": [39, 166]}, "while": {"prob": 0.0034602076124567475, "count": 1, "pos": [40]}, "take": {"prob": 0.0034602076124567475, "count": 1, "pos": [43]}, "shower": {"prob": 0.0034602076124567475, "count": 1, "pos": [45]}, "mysteri": {"prob": 0.0034602076124567475, "count": 1, "pos": [48]}, "disappear": {"prob": 0.0034602076124567475, "count": 1, "pos": [49]}, "from": {"prob": 0.0034602076124567475, "count": 1, "pos": [50]}, "room": {"prob": 0.0034602076124567475, "count": 1, "pos": [53]}, "still": {"prob": 0.0034602076124567475, "count": 1, "pos": [54]}, "jet": {"prob": 0.0034602076124567475, "count": 1, "pos": [55]}, "lag": {"prob": 0.0034602076124567475, "count": 1, "pos": [56]}, "he": {"prob": 0.01730103806228374, "count": 5, "pos": [57, 90, 103, 112, 143]}, "search": {"prob": 0.010380622837370242, "count": 3, "pos": [58, 79, 141]}, "in": {"prob": 0.01730103806228374, "count": 5, "pos": [61, 85, 188, 197, 235]}, "help": {"prob": 0.006920415224913495, "count": 2, "pos": [66, 186]}, "of": {"prob": 0.01730103806228374, "count": 5, "pos": [67, 210, 222, 225, 238]}, "polit": {"prob": 0.0034602076124567475, "count": 1, "pos": [69]}, "but": {"prob": 0.01384083044982699, "count": 4, "pos": [70, 121, 175, 274]}, "most": {"prob": 0.0034602076124567475, "count": 1, "pos": [71]}, "indiff": {"prob": 0.0034602076124567475, "count": 1, "pos": [72]}, "staff": {"prob": 0.0034602076124567475, "count": 1, "pos": [73]}, "then": {"prob": 0.006920415224913495, "count": 2, "pos": [75, 150]}, "wander": {"prob": 0.0034602076124567475, "count": 1, "pos": [76]}, "outsid": {"prob": 0.0034602076124567475, "count": 1, "pos": [77]}, "himself": {"prob": 0.006920415224913495, "count": 2, "pos": [80, 142]}, "vagrant": {"prob": 0.0034602076124567475, "count": 1, "pos": [82]}, "overhear": {"prob": 0.0034602076124567475, "count": 1, "pos": [83]}, "him": {"prob": 0.0034602076124567475, "count": 1, "pos": [84]}, "caf\u00e3": {"prob": 0.0034602076124567475, "count": 1, "pos": [87]}, "say": {"prob": 0.0034602076124567475, "count": 1, "pos": [89]}, "saw": {"prob": 0.0034602076124567475, "count": 1, "pos": [91]}, "be": {"prob": 0.0034602076124567475, "count": 1, "pos": [94]}, "forc": {"prob": 0.0034602076124567475, "count": 1, "pos": [95]}, "into": {"prob": 0.006920415224913495, "count": 2, "pos": [96, 286]}, "car": {"prob": 0.0034602076124567475, "count": 1, "pos": [98]}, "skeptic": {"prob": 0.0034602076124567475, "count": 1, "pos": [101]}, "until": {"prob": 0.0034602076124567475, "count": 1, "pos": [102]}, "find": {"prob": 0.0034602076124567475, "count": 1, "pos": [104]}, "id": {"prob": 0.0034602076124567475, "count": 1, "pos": [107]}, "bracelet": {"prob": 0.0034602076124567475, "count": 1, "pos": [108]}, "on": {"prob": 0.006920415224913495, "count": 2, "pos": [109, 139]}, "cobbleston": {"prob": 0.0034602076124567475, "count": 1, "pos": [111]}, "contact": {"prob": 0.0034602076124567475, "count": 1, "pos": [113]}, "polic": {"prob": 0.0034602076124567475, "count": 1, "pos": [116]}, "us": {"prob": 0.0034602076124567475, "count": 1, "pos": [119]}, "embassi": {"prob": 0.0034602076124567475, "count": 1, "pos": [120]}, "respon": {"prob": 0.0034602076124567475, "count": 1, "pos": [123]}, "are": {"prob": 0.006920415224913495, "count": 2, "pos": [124, 272]}, "bureaucrat": {"prob": 0.0034602076124567475, "count": 1, "pos": [125]}, "there": {"prob": 0.0034602076124567475, "count": 1, "pos": [127]}, "littl": {"prob": 0.0034602076124567475, "count": 1, "pos": [129]}, "hope": {"prob": 0.0034602076124567475, "count": 1, "pos": [130]}, "anyon": {"prob": 0.0034602076124567475, "count": 1, "pos": [131]}, "will": {"prob": 0.0034602076124567475, "count": 1, "pos": [132]}, "look": {"prob": 0.0034602076124567475, "count": 1, "pos": [133]}, "as": {"prob": 0.0034602076124567475, "count": 1, "pos": [136]}, "carri": {"prob": 0.0034602076124567475, "count": 1, "pos": [138]}, "stumbl": {"prob": 0.0034602076124567475, "count": 1, "pos": [144]}, "onto": {"prob": 0.0034602076124567475, "count": 1, "pos": [145]}, "murder": {"prob": 0.0034602076124567475, "count": 1, "pos": [147]}, "scene": {"prob": 0.0034602076124567475, "count": 1, "pos": [148]}, "encount": {"prob": 0.0034602076124567475, "count": 1, "pos": [151]}, "streetwi": {"prob": 0.0034602076124567475, "count": 1, "pos": [153]}, "young": {"prob": 0.0034602076124567475, "count": 1, "pos": [154]}, "michel": {"prob": 0.010380622837370242, "count": 3, "pos": [155, 170, 275]}, "who": {"prob": 0.0034602076124567475, "count": 1, "pos": [156]}, "had": {"prob": 0.0034602076124567475, "count": 1, "pos": [157]}, "mistaken": {"prob": 0.0034602076124567475, "count": 1, "pos": [158]}, "it": {"prob": 0.010380622837370242, "count": 3, "pos": [167, 205, 213]}, "transpir": {"prob": 0.0034602076124567475, "count": 1, "pos": [168]}, "career": {"prob": 0.0034602076124567475, "count": 1, "pos": [173]}, "smuggler": {"prob": 0.0034602076124567475, "count": 1, "pos": [174]}, "doe": {"prob": 0.0034602076124567475, "count": 1, "pos": [176]}, "not": {"prob": 0.0034602076124567475, "count": 1, "pos": [177]}, "know": {"prob": 0.0034602076124567475, "count": 1, "pos": [178]}, "whom": {"prob": 0.0034602076124567475, "count": 1, "pos": [180]}, "work": {"prob": 0.0034602076124567475, "count": 1, "pos": [183]},