{"__total__": 268, "__name__": "doc_615_Freddy_Got_Fingered.txt", "28": {"prob": 0.0037313432835820895, "count": 1, "pos": [0]}, "year": {"prob": 0.007462686567164179, "count": 2, "pos": [1, 131]}, "old": {"prob": 0.0037313432835820895, "count": 1, "pos": [2]}, "slacker": {"prob": 0.0037313432835820895, "count": 1, "pos": [3]}, "cartoonist": {"prob": 0.0037313432835820895, "count": 1, "pos": [4]}, "name": {"prob": 0.011194029850746268, "count": 3, "pos": [5, 70, 230]}, "gordon": {"prob": 0.0037313432835820895, "count": 1, "pos": [6]}, "gord": {"prob": 0.048507462686567165, "count": 13, "pos": [7, 55, 105, 109, 122, 126, 159, 166, 177, 195, 200, 216, 233]}, "brodi": {"prob": 0.0037313432835820895, "count": 1, "pos": [8]}, "is": {"prob": 0.014925373134328358, "count": 4, "pos": [9, 48, 198, 250]}, "pursu": {"prob": 0.0037313432835820895, "count": 1, "pos": [10]}, "hi": {"prob": 0.033582089552238806, "count": 9, "pos": [11, 80, 86, 102, 139, 149, 153, 185, 223]}, "ambit": {"prob": 0.0037313432835820895, "count": 1, "pos": [12]}, "to": {"prob": 0.041044776119402986, "count": 11, "pos": [13, 39, 53, 78, 96, 120, 193, 218, 238, 243, 253]}, "obtain": {"prob": 0.0037313432835820895, "count": 1, "pos": [14]}, "a": {"prob": 0.04477611940298507, "count": 12, "pos": [15, 18, 29, 32, 59, 116, 129, 180, 227, 246, 254, 261]}, "contract": {"prob": 0.011194029850746268, "count": 3, "pos": [16, 182, 197]}, "for": {"prob": 0.014925373134328358, "count": 4, "pos": [17, 24, 44, 256]}, "tv": {"prob": 0.007462686567164179, "count": 2, "pos": [19, 181]}, "show": {"prob": 0.0037313432835820895, "count": 1, "pos": [20]}, "he": {"prob": 0.033582089552238806, "count": 9, "pos": [21, 36, 47, 51, 58, 67, 94, 133, 249]}, "head": {"prob": 0.007462686567164179, "count": 2, "pos": [22, 76]}, "off": {"prob": 0.0037313432835820895, "count": 1, "pos": [23]}, "hollywood": {"prob": 0.0037313432835820895, "count": 1, "pos": [25]}, "and": {"prob": 0.033582089552238806, "count": 9, "pos": [26, 61, 74, 90, 100, 112, 152, 167, 232]}, "subsequ": {"prob": 0.007462686567164179, "count": 2, "pos": [27, 134]}, "get": {"prob": 0.014925373134328358, "count": 4, "pos": [28, 68, 135, 179]}, "job": {"prob": 0.0037313432835820895, "count": 1, "pos": [30]}, "in": {"prob": 0.014925373134328358, "count": 4, "pos": [31, 115, 156, 174]}, "chee": {"prob": 0.0037313432835820895, "count": 1, "pos": [33]}, "sandwich": {"prob": 0.0037313432835820895, "count": 1, "pos": [34]}, "factori": {"prob": 0.0037313432835820895, "count": 1, "pos": [35]}, "also": {"prob": 0.0037313432835820895, "count": 1, "pos": [37]}, "goe": {"prob": 0.0037313432835820895, "count": 1, "pos": [38]}, "an": {"prob": 0.0037313432835820895, "count": 1, "pos": [40]}, "anim": {"prob": 0.0037313432835820895, "count": 1, "pos": [41]}, "studio": {"prob": 0.0037313432835820895, "count": 1, "pos": [42]}, "look": {"prob": 0.0037313432835820895, "count": 1, "pos": [43]}, "mr": {"prob": 0.011194029850746268, "count": 3, "pos": [45, 63, 191]}, "davidson": {"prob": 0.011194029850746268, "count": 3, "pos": [46, 64, 192]}, "told": {"prob": 0.007462686567164179, "count": 2, "pos": [49, 84]}, "that": {"prob": 0.022388059701492536, "count": 6, "pos": [50, 57, 62, 85, 189, 263]}, "out": {"prob": 0.0037313432835820895, "count": 1, "pos": [52]}, "lunch": {"prob": 0.0037313432835820895, "count": 1, "pos": [54]}, "lie": {"prob": 0.0037313432835820895, "count": 1, "pos": [56]}, "cop": {"prob": 0.0037313432835820895, "count": 1, "pos": [60]}, "wife": {"prob": 0.0037313432835820895, "count": 1, "pos": [65]}, "die": {"prob": 0.0037313432835820895, "count": 1, "pos": [66]}, "the": {"prob": 0.029850746268656716, "count": 8, "pos": [69, 72, 157, 187, 196, 204, 207, 212]}, "of": {"prob": 0.011194029850746268, "count": 3, "pos": [71, 118, 145]}, "restaur": {"prob": 0.0037313432835820895, "count": 1, "pos": [73]}, "quick": {"prob": 0.0037313432835820895, "count": 1, "pos": [75]}, "there": {"prob": 0.0037313432835820895, "count": 1, "pos": [77]}, "pitch": {"prob": 0.0037313432835820895, "count": 1, "pos": [79]}, "idea": {"prob": 0.007462686567164179, "count": 2, "pos": [81, 87]}, "after": {"prob": 0.007462686567164179, "count": 2, "pos": [82, 176]}, "be": {"prob": 0.0037313432835820895, "count": 1, "pos": [83]}, "are": {"prob": 0.0037313432835820895, "count": 1, "pos": [88]}, "stupid": {"prob": 0.0037313432835820895, "count": 1, "pos": [89]}, "make": {"prob": 0.0037313432835820895, "count": 1, "pos": [91]}, "no": {"prob": 0.007462686567164179, "count": 2, "pos": [92, 265]}, "sen": {"prob": 0.0037313432835820895, "count": 1, "pos": [93]}, "decid": {"prob": 0.0037313432835820895, "count": 1, "pos": [95]}, "move": {"prob": 0.0037313432835820895, "count": 1, "pos": [97]}, "back": {"prob": 0.0037313432835820895, "count": 1, "pos": [98]}, "home": {"prob": 0.007462686567164179, "count": 2, "pos": [99, 255]}, "rethink": {"prob": 0.0037313432835820895, "count": 1, "pos": [101]}, "futur": {"prob": 0.0037313432835820895, "count": 1, "pos": [103]}, "when": {"prob": 0.007462686567164179, "count": 2, "pos": [104, 199]}, "father": {"prob": 0.007462686567164179, "count": 2, "pos": [106, 140]}, "jim": {"prob": 0.007462686567164179, "count": 2, "pos": [107, 168]}, "question": {"prob": 0.0037313432835820895, "count": 1, "pos": [108]}, "life": {"prob": 0.0037313432835820895, "count": 1, "pos": [110]}, "goal": {"prob": 0.0037313432835820895, "count": 1, "pos": [111]}, "then": {"prob": 0.0037313432835820895, "count": 1, "pos": [113]}, "proce": {"prob": 0.0037313432835820895, "count": 1, "pos": [114]}, "fit": {"prob": 0.0037313432835820895, "count": 1, "pos": [117]}, "rage": {"prob": 0.0037313432835820895, "count": 1, "pos": [119]}, "destroy": {"prob": 0.007462686567164179, "count": 2, "pos": [121, 148]}, "half": {"prob": 0.0037313432835820895, "count": 1, "pos": [123]}, "pipe": {"prob": 0.0037313432835820895, "count": 1, "pos": [124]}, "which": {"prob": 0.0037313432835820895, "count": 1, "pos": [125]}, "ha": {"prob": 0.0037313432835820895, "count": 1, "pos": [127]}, "spent": {"prob": 0.0037313432835820895, "count": 1, "pos": [128]}, "whole": {"prob": 0.0037313432835820895, "count": 1, "pos": [130]}, "build": {"prob": 0.0037313432835820895, "count": 1, "pos": [132]}, "even": {"prob": 0.0037313432835820895, "count": 1, "pos": [136]}, "by": {"prob": 0.007462686567164179, "count": 2, "pos": [137, 241]}, "have": {"prob": 0.0037313432835820895, "count": 1, "pos": [138]}, "arrest": {"prob": 0.0037313432835820895, "count": 1, "pos": [141]}, "on": {"prob": 0.0037313432835820895, "count": 1, "pos": [142]}, "falsifi": {"prob": 0.0037313432835820895, "count": 1, "pos": [143]}, "charg": {"prob": 0.0037313432835820895, "count": 1, "pos": [144]}, "sexual": {"prob": 0.007462686567164179, "count": 2, "pos": [146, 257]}, "molest": {"prob": 0.007462686567164179, "count": 2, "pos": [147, 258]}, "parent": {"prob": 0.0037313432835820895, "count": 1, "pos": [150]}, "relationship": {"prob": 0.007462686567164179, "count": 2, "pos": [151, 225]}, "famili": {"prob": 0.007462686567164179, "count": 2, "pos": [154, 186]}, "reput": {"prob": 0.0037313432835820895, "count": 1, "pos": [155]}, "process": {"prob": 0.0037313432835820895, "count": 1, "pos": [158]}, "mother": {"prob": 0.0037313432835820895, "count": 1, "pos": [160]}, "juli": {"prob": 0.0037313432835820895, "count": 1, "pos": [161]}, "end": {"prob": 0.007462686567164179, "count": 2, "pos": [162, 169]}, "up": {"prob": 0.007462686567164179, "count": 2, "pos": [163, 170]}, "date": {"prob": 0.0037313432835820895, "count": 1, "pos": [164]}, "shaq": {"prob": 0.0037313432835820895, "count": 1, "pos": [165]}, "sew": {"prob": 0.0037313432835820895, "count": 1, "pos": [171]}, "soccer": {"prob": 0.0037313432835820895, "count": 1, "pos": [172]}, "ball": {"prob": 0.0037313432835820895, "count": 1, "pos": [173]}, "kuwait": {"prob": 0.0037313432835820895, "count": 1, "pos": [175]}, "final": {"prob": 0.0037313432835820895, "count": 1, "pos": [178]},