{"__total__": 570, "__name__": "doc_638_Georgy_Girl.txt", "georgina": {"prob": 0.0017543859649122807, "count": 1, "pos": [0]}, "is": {"prob": 0.021052631578947368, "count": 12, "pos": [1, 12, 35, 73, 112, 179, 197, 224, 309, 393, 410, 494]}, "a": {"prob": 0.03333333333333333, "count": 19, "pos": [2, 50, 77, 107, 127, 165, 191, 199, 275, 294, 346, 377, 404, 415, 499, 505, 524, 532, 552]}, "22": {"prob": 0.0017543859649122807, "count": 1, "pos": [3]}, "year": {"prob": 0.0017543859649122807, "count": 1, "pos": [4]}, "old": {"prob": 0.0017543859649122807, "count": 1, "pos": [5]}, "london": {"prob": 0.0017543859649122807, "count": 1, "pos": [6]}, "who": {"prob": 0.008771929824561403, "count": 5, "pos": [7, 188, 202, 442, 497]}, "ha": {"prob": 0.021052631578947368, "count": 12, "pos": [8, 16, 47, 53, 76, 84, 93, 105, 302, 401, 420, 439]}, "consid": {"prob": 0.0017543859649122807, "count": 1, "pos": [9]}, "music": {"prob": 0.0017543859649122807, "count": 1, "pos": [10]}, "talent": {"prob": 0.0017543859649122807, "count": 1, "pos": [11]}, "well": {"prob": 0.0035087719298245615, "count": 2, "pos": [13, 495]}, "educ": {"prob": 0.0017543859649122807, "count": 1, "pos": [14]}, "and": {"prob": 0.02982456140350877, "count": 17, "pos": [15, 34, 44, 57, 75, 92, 172, 263, 272, 287, 308, 325, 330, 343, 400, 464, 486]}, "an": {"prob": 0.008771929824561403, "count": 5, "pos": [17, 54, 194, 216, 362]}, "engag": {"prob": 0.0017543859649122807, "count": 1, "pos": [18]}, "if": {"prob": 0.0035087719298245615, "count": 2, "pos": [19, 97]}, "shameless": {"prob": 0.0017543859649122807, "count": 1, "pos": [20]}, "manner": {"prob": 0.0035087719298245615, "count": 2, "pos": [21, 173]}, "on": {"prob": 0.007017543859649123, "count": 4, "pos": [22, 39, 567, 568]}, "the": {"prob": 0.03508771929824561, "count": 20, "pos": [23, 40, 63, 135, 155, 185, 211, 254, 306, 320, 337, 341, 358, 386, 411, 435, 477, 481, 540, 545]}, "other": {"prob": 0.0017543859649122807, "count": 1, "pos": [24]}, "hand": {"prob": 0.0017543859649122807, "count": 1, "pos": [25]}, "she": {"prob": 0.01929824561403509, "count": 11, "pos": [26, 46, 52, 209, 223, 234, 241, 301, 313, 316, 419]}, "believ": {"prob": 0.0035087719298245615, "count": 2, "pos": [27, 379]}, "herself": {"prob": 0.0017543859649122807, "count": 1, "pos": [28]}, "to": {"prob": 0.031578947368421054, "count": 18, "pos": [29, 131, 149, 238, 265, 269, 281, 293, 318, 372, 398, 417, 427, 445, 458, 474, 511, 562]}, "be": {"prob": 0.0035087719298245615, "count": 2, "pos": [30, 373]}, "plain": {"prob": 0.0017543859649122807, "count": 1, "pos": [31]}, "dress": {"prob": 0.0017543859649122807, "count": 1, "pos": [32]}, "haphazard": {"prob": 0.0017543859649122807, "count": 1, "pos": [33]}, "incr": {"prob": 0.0017543859649122807, "count": 1, "pos": [36]}, "na\u00e3": {"prob": 0.0017543859649122807, "count": 1, "pos": [37]}, "ve": {"prob": 0.005263157894736842, "count": 3, "pos": [38, 516, 522]}, "subject": {"prob": 0.0017543859649122807, "count": 1, "pos": [41]}, "of": {"prob": 0.014035087719298246, "count": 8, "pos": [42, 67, 137, 154, 311, 394, 403, 414]}, "love": {"prob": 0.007017543859649123, "count": 4, "pos": [43, 58, 288, 461]}, "flirtat": {"prob": 0.0017543859649122807, "count": 1, "pos": [45]}, "never": {"prob": 0.0035087719298245615, "count": 2, "pos": [48, 162]}, "had": {"prob": 0.008771929824561403, "count": 5, "pos": [49, 242, 243, 369, 376]}, "boyfriend": {"prob": 0.0035087719298245615, "count": 2, "pos": [51, 228]}, "invent": {"prob": 0.0017543859649122807, "count": 1, "pos": [55]}, "imagin": {"prob": 0.0017543859649122807, "count": 1, "pos": [56]}, "children": {"prob": 0.0017543859649122807, "count": 1, "pos": [59]}, "her": {"prob": 0.02456140350877193, "count": 14, "pos": [60, 95, 100, 118, 133, 142, 175, 180, 205, 227, 327, 432, 473, 563]}, "parent": {"prob": 0.0017543859649122807, "count": 1, "pos": [61]}, "are": {"prob": 0.0017543859649122807, "count": 1, "pos": [62]}, "live": {"prob": 0.007017543859649123, "count": 4, "pos": [64, 203, 344, 453]}, "in": {"prob": 0.015789473684210527, "count": 9, "pos": [65, 139, 193, 252, 305, 336, 434, 483, 539]}, "employ": {"prob": 0.0017543859649122807, "count": 1, "pos": [66]}, "success": {"prob": 0.0017543859649122807, "count": 1, "pos": [68]}, "businessman": {"prob": 0.0017543859649122807, "count": 1, "pos": [69]}, "jame": {"prob": 0.0035087719298245615, "count": 2, "pos": [70, 124]}, "leamington": {"prob": 0.010526315789473684, "count": 6, "pos": [71, 72, 115, 168, 437, 441]}, "49": {"prob": 0.0017543859649122807, "count": 1, "pos": [74]}, "loveless": {"prob": 0.0017543859649122807, "count": 1, "pos": [78]}, "childless": {"prob": 0.0017543859649122807, "count": 1, "pos": [79]}, "marriag": {"prob": 0.0035087719298245615, "count": 2, "pos": [80, 466]}, "with": {"prob": 0.010526315789473684, "count": 6, "pos": [81, 86, 134, 253, 261, 365]}, "ellen": {"prob": 0.0017543859649122807, "count": 1, "pos": [82]}, "he": {"prob": 0.014035087719298246, "count": 8, "pos": [83, 98, 146, 258, 368, 375, 392, 531]}, "watch": {"prob": 0.0017543859649122807, "count": 1, "pos": [85]}, "affect": {"prob": 0.0017543859649122807, "count": 1, "pos": [87]}, "as": {"prob": 0.012280701754385965, "count": 7, "pos": [88, 96, 103, 190, 284, 345, 542]}, "georgi": {"prob": 0.02982456140350877, "count": 17, "pos": [89, 104, 126, 157, 177, 214, 270, 273, 289, 329, 354, 399, 409, 463, 467, 537, 554]}, "grew": {"prob": 0.0017543859649122807, "count": 1, "pos": [90]}, "up": {"prob": 0.005263157894736842, "count": 3, "pos": [91, 322, 333]}, "treat": {"prob": 0.0035087719298245615, "count": 2, "pos": [94, 210]}, "were": {"prob": 0.0017543859649122807, "count": 1, "pos": [99]}, "second": {"prob": 0.0017543859649122807, "count": 1, "pos": [101]}, "father": {"prob": 0.007017543859649123, "count": 4, "pos": [102, 123, 385, 405]}, "becom": {"prob": 0.008771929824561403, "count": 5, "pos": [106, 120, 143, 259, 351]}, "young": {"prob": 0.0035087719298245615, "count": 2, "pos": [108, 256]}, "woman": {"prob": 0.0035087719298245615, "count": 2, "pos": [109, 201]}, "howev": {"prob": 0.0017543859649122807, "count": 1, "pos": [110]}, "it": {"prob": 0.0035087719298245615, "count": 2, "pos": [111, 349]}, "appar": {"prob": 0.0017543859649122807, "count": 1, "pos": [113]}, "that": {"prob": 0.012280701754385965, "count": 7, "pos": [114, 222, 315, 353, 408, 492, 514]}, "feel": {"prob": 0.0035087719298245615, "count": 2, "pos": [116, 449]}, "for": {"prob": 0.015789473684210527, "count": 9, "pos": [117, 141, 151, 204, 323, 340, 357, 462, 527]}, "have": {"prob": 0.0035087719298245615, "count": 2, "pos": [119, 361]}, "more": {"prob": 0.005263157894736842, "count": 3, "pos": [121, 356, 382]}, "than": {"prob": 0.0035087719298245615, "count": 2, "pos": [122, 360]}, "offer": {"prob": 0.0017543859649122807, "count": 1, "pos": [125]}, "legal": {"prob": 0.0017543859649122807, "count": 1, "pos": [128]}, "contract": {"prob": 0.0017543859649122807, "count": 1, "pos": [129]}, "propo": {"prob": 0.005263157894736842, "count": 3, "pos": [130, 160, 465]}, "suppli": {"prob": 0.0017543859649122807, "count": 1, "pos": [132]}, "luxuri": {"prob": 0.0017543859649122807, "count": 1, "pos": [136]}, "life": {"prob": 0.0017543859649122807, "count": 1, "pos": [138]}, "return": {"prob": 0.0017543859649122807, "count": 1, "pos": [140]}, "hi": {"prob": 0.008771929824561403, "count": 5, "pos": [144, 159, 447, 451, 460]}, "mistress": {"prob": 0.0017543859649122807, "count": 1, "pos": [145]}, "also": {"prob": 0.0017543859649122807, "count": 1, "pos": [147]}, "promi": {"prob": 0.0017543859649122807, "count": 1, "pos": [148]}, "provid": {"prob": 0.0017543859649122807, "count": 1, "pos": [150]}, "ani": {"prob": 0.0017543859649122807, "count": 1, "pos": [152]}, "fruit": {"prob": 0.0017543859649122807, "count": 1, "pos": [153]}, "union": {"prob": 0.0017543859649122807, "count": 1, "pos": [156]}, "sidestep": {"prob": 0.0017543859649122807, "count": 1, "pos": [158]},