{"__total__": 543, "__name__": "doc_643_Ghostbusters.txt", "follow": {"prob": 0.003683241252302026, "count": 2, "pos": [0, 380]}, "their": {"prob": 0.01841620626151013, "count": 10, "pos": [1, 17, 25, 65, 243, 247, 415, 474, 520, 533]}, "first": {"prob": 0.003683241252302026, "count": 2, "pos": [2, 66]}, "encount": {"prob": 0.001841620626151013, "count": 1, "pos": [3]}, "with": {"prob": 0.007366482504604052, "count": 4, "pos": [4, 45, 121, 170]}, "a": {"prob": 0.034990791896869246, "count": 19, "pos": [5, 30, 38, 58, 72, 112, 136, 141, 145, 151, 160, 191, 227, 306, 363, 382, 400, 425, 505]}, "ghost": {"prob": 0.009208103130755065, "count": 5, "pos": [6, 67, 248, 256, 275]}, "misfit": {"prob": 0.001841620626151013, "count": 1, "pos": [7]}, "parapsychologist": {"prob": 0.001841620626151013, "count": 1, "pos": [8]}, "peter": {"prob": 0.001841620626151013, "count": 1, "pos": [9]}, "venkman": {"prob": 0.0055248618784530384, "count": 3, "pos": [10, 158, 388]}, "raymond": {"prob": 0.001841620626151013, "count": 1, "pos": [11]}, "stantz": {"prob": 0.0055248618784530384, "count": 3, "pos": [12, 423, 444]}, "and": {"prob": 0.02394106813996317, "count": 13, "pos": [13, 43, 68, 89, 188, 209, 245, 296, 311, 341, 454, 499, 511]}, "egon": {"prob": 0.001841620626151013, "count": 1, "pos": [14]}, "spengler": {"prob": 0.001841620626151013, "count": 1, "pos": [15]}, "lose": {"prob": 0.001841620626151013, "count": 1, "pos": [16]}, "job": {"prob": 0.001841620626151013, "count": 1, "pos": [18]}, "at": {"prob": 0.0055248618784530384, "count": 3, "pos": [19, 60, 97]}, "columbia": {"prob": 0.001841620626151013, "count": 1, "pos": [20]}, "univ": {"prob": 0.001841620626151013, "count": 1, "pos": [21]}, "unabl": {"prob": 0.0055248618784530384, "count": 3, "pos": [22, 352, 417]}, "to": {"prob": 0.03314917127071823, "count": 18, "pos": [23, 56, 83, 117, 147, 213, 308, 324, 337, 345, 353, 406, 410, 418, 458, 461, 468, 489]}, "research": {"prob": 0.001841620626151013, "count": 1, "pos": [24]}, "discoveri": {"prob": 0.001841620626151013, "count": 1, "pos": [26]}, "the": {"prob": 0.09392265193370165, "count": 51, "pos": [27, 53, 61, 77, 90, 98, 105, 108, 122, 124, 149, 164, 186, 197, 203, 206, 210, 215, 219, 230, 234, 258, 262, 273, 279, 286, 303, 314, 317, 327, 333, 338, 347, 355, 368, 377, 386, 411, 440, 448, 459, 465, 470, 483, 494, 497, 501, 516, 528, 535, 540]}, "trio": {"prob": 0.001841620626151013, "count": 1, "pos": [28]}, "establish": {"prob": 0.001841620626151013, "count": 1, "pos": [29]}, "paranorm": {"prob": 0.0055248618784530384, "count": 3, "pos": [31, 80, 348]}, "extermin": {"prob": 0.001841620626151013, "count": 1, "pos": [32]}, "servic": {"prob": 0.001841620626151013, "count": 1, "pos": [33]}, "known": {"prob": 0.001841620626151013, "count": 1, "pos": [34]}, "as": {"prob": 0.01289134438305709, "count": 7, "pos": [35, 144, 175, 305, 362, 399, 522]}, "ghostbust": {"prob": 0.016574585635359115, "count": 9, "pos": [36, 91, 125, 211, 220, 263, 287, 334, 536]}, "in": {"prob": 0.016574585635359115, "count": 9, "pos": [37, 71, 76, 85, 163, 242, 343, 443, 504]}, "retir": {"prob": 0.001841620626151013, "count": 1, "pos": [39]}, "fireh": {"prob": 0.003683241252302026, "count": 2, "pos": [40, 78]}, "lack": {"prob": 0.001841620626151013, "count": 1, "pos": [41]}, "custom": {"prob": 0.001841620626151013, "count": 1, "pos": [42]}, "face": {"prob": 0.001841620626151013, "count": 1, "pos": [44]}, "dwindl": {"prob": 0.001841620626151013, "count": 1, "pos": [46]}, "fund": {"prob": 0.001841620626151013, "count": 1, "pos": [47]}, "they": {"prob": 0.007366482504604052, "count": 4, "pos": [48, 63, 176, 395]}, "are": {"prob": 0.011049723756906077, "count": 6, "pos": [49, 126, 335, 351, 513, 537]}, "eventu": {"prob": 0.001841620626151013, "count": 1, "pos": [50]}, "hire": {"prob": 0.0055248618784530384, "count": 3, "pos": [51, 111, 127]}, "by": {"prob": 0.022099447513812154, "count": 12, "pos": [52, 104, 128, 135, 181, 190, 224, 293, 367, 385, 413, 539]}, "sedgewick": {"prob": 0.001841620626151013, "count": 1, "pos": [54]}, "hotel": {"prob": 0.003683241252302026, "count": 2, "pos": [55, 62]}, "investig": {"prob": 0.003683241252302026, "count": 2, "pos": [57, 177]}, "haunt": {"prob": 0.003683241252302026, "count": 2, "pos": [59, 134]}, "captur": {"prob": 0.003683241252302026, "count": 2, "pos": [64, 255]}, "deposit": {"prob": 0.001841620626151013, "count": 1, "pos": [69]}, "it": {"prob": 0.007366482504604052, "count": 4, "pos": [70, 95, 290, 491]}, "contain": {"prob": 0.0055248618784530384, "count": 3, "pos": [73, 94, 249]}, "unit": {"prob": 0.001841620626151013, "count": 1, "pos": [74]}, "locat": {"prob": 0.001841620626151013, "count": 1, "pos": [75]}, "basement": {"prob": 0.003683241252302026, "count": 2, "pos": [79, 244]}, "activ": {"prob": 0.003683241252302026, "count": 2, "pos": [81, 349]}, "begin": {"prob": 0.003683241252302026, "count": 2, "pos": [82, 455]}, "increa": {"prob": 0.001841620626151013, "count": 1, "pos": [84]}, "new": {"prob": 0.003683241252302026, "count": 2, "pos": [86, 525]}, "york": {"prob": 0.001841620626151013, "count": 1, "pos": [87]}, "citi": {"prob": 0.009208103130755065, "count": 5, "pos": [88, 259, 280, 460, 541]}, "becom": {"prob": 0.003683241252302026, "count": 2, "pos": [92, 101]}, "celebr": {"prob": 0.001841620626151013, "count": 1, "pos": [93]}, "while": {"prob": 0.0055248618784530384, "count": 3, "pos": [96, 272, 477]}, "same": {"prob": 0.001841620626151013, "count": 1, "pos": [99]}, "time": {"prob": 0.001841620626151013, "count": 1, "pos": [100]}, "increasing": {"prob": 0.001841620626151013, "count": 1, "pos": [102]}, "burden": {"prob": 0.001841620626151013, "count": 1, "pos": [103]}, "hectic": {"prob": 0.001841620626151013, "count": 1, "pos": [106]}, "schedul": {"prob": 0.001841620626151013, "count": 1, "pos": [107]}, "group": {"prob": 0.001841620626151013, "count": 1, "pos": [109]}, "later": {"prob": 0.001841620626151013, "count": 1, "pos": [110]}, "fourth": {"prob": 0.001841620626151013, "count": 1, "pos": [113]}, "member": {"prob": 0.001841620626151013, "count": 1, "pos": [114]}, "winston": {"prob": 0.001841620626151013, "count": 1, "pos": [115]}, "zeddemor": {"prob": 0.001841620626151013, "count": 1, "pos": [116]}, "help": {"prob": 0.001841620626151013, "count": 1, "pos": [118]}, "them": {"prob": 0.001841620626151013, "count": 1, "pos": [119]}, "cope": {"prob": 0.001841620626151013, "count": 1, "pos": [120]}, "demand": {"prob": 0.001841620626151013, "count": 1, "pos": [123]}, "dana": {"prob": 0.011049723756906077, "count": 6, "pos": [129, 168, 178, 269, 284, 510]}, "barrett": {"prob": 0.001841620626151013, "count": 1, "pos": [130]}, "whose": {"prob": 0.001841620626151013, "count": 1, "pos": [131]}, "apart": {"prob": 0.007366482504604052, "count": 4, "pos": [132, 217, 271, 285]}, "is": {"prob": 0.0055248618784530384, "count": 3, "pos": [133, 179, 222]}, "demon": {"prob": 0.0055248618784530384, "count": 3, "pos": [137, 193, 200]}, "spirit": {"prob": 0.001841620626151013, "count": 1, "pos": [138]}, "call": {"prob": 0.003683241252302026, "count": 2, "pos": [139, 194]}, "zuul": {"prob": 0.0055248618784530384, "count": 3, "pos": [140, 182, 270]}, "demigod": {"prob": 0.001841620626151013, "count": 1, "pos": [142]}, "worship": {"prob": 0.001841620626151013, "count": 1, "pos": [143]}, "servant": {"prob": 0.001841620626151013, "count": 1, "pos": [146]}, "gozer": {"prob": 0.01289134438305709, "count": 7, "pos": [148, 208, 310, 358, 370, 481, 487]}, "gozerian": {"prob": 0.001841620626151013, "count": 1, "pos": [150]}, "sumerian": {"prob": 0.001841620626151013, "count": 1, "pos": [152]}, "shape": {"prob": 0.001841620626151013, "count": 1, "pos": [153]}, "changer": {"prob": 0.001841620626151013, "count": 1, "pos": [154]}, "god": {"prob": 0.001841620626151013, "count": 1, "pos": [155]}, "of": {"prob": 0.022099447513812154, "count": 12, "pos": [156, 202, 205, 254, 283, 316, 329, 357, 447, 473, 519, 524]}, "destruct": {"prob": 0.003683241252302026, "count": 2,