{"__total__": 341, "__name__": "doc_645_Gigli.txt", "larri": {"prob": 0.005865102639296188, "count": 2, "pos": [0, 160]}, "gig": {"prob": 0.02932551319648094, "count": 10, "pos": [1, 46, 91, 109, 181, 203, 223, 232, 290, 340]}, "is": {"prob": 0.017595307917888565, "count": 6, "pos": [2, 11, 22, 110, 138, 284]}, "a": {"prob": 0.02346041055718475, "count": 8, "pos": [3, 32, 101, 135, 156, 211, 262, 325]}, "low": {"prob": 0.002932551319648094, "count": 1, "pos": [4]}, "rank": {"prob": 0.002932551319648094, "count": 1, "pos": [5]}, "mobster": {"prob": 0.002932551319648094, "count": 1, "pos": [6]}, "in": {"prob": 0.005865102639296188, "count": 2, "pos": [7, 125]}, "lo": {"prob": 0.002932551319648094, "count": 1, "pos": [8]}, "angel": {"prob": 0.002932551319648094, "count": 1, "pos": [9]}, "who": {"prob": 0.005865102639296188, "count": 2, "pos": [10, 83]}, "not": {"prob": 0.008797653958944282, "count": 3, "pos": [12, 89, 122]}, "near": {"prob": 0.002932551319648094, "count": 1, "pos": [13]}, "as": {"prob": 0.011730205278592375, "count": 4, "pos": [14, 16, 220, 291]}, "tough": {"prob": 0.002932551319648094, "count": 1, "pos": [15]}, "he": {"prob": 0.026392961876832845, "count": 9, "pos": [17, 21, 99, 115, 129, 137, 215, 253, 279]}, "like": {"prob": 0.002932551319648094, "count": 1, "pos": [18]}, "to": {"prob": 0.07624633431085044, "count": 26, "pos": [19, 24, 36, 53, 60, 63, 68, 76, 92, 106, 112, 131, 146, 165, 173, 193, 196, 205, 217, 228, 244, 260, 286, 302, 306, 336]}, "act": {"prob": 0.002932551319648094, "count": 1, "pos": [20]}, "command": {"prob": 0.002932551319648094, "count": 1, "pos": [23]}, "kidnap": {"prob": 0.008797653958944282, "count": 3, "pos": [25, 86, 261]}, "the": {"prob": 0.05865102639296188, "count": 20, "pos": [26, 49, 64, 79, 81, 85, 94, 117, 147, 153, 197, 201, 206, 237, 247, 258, 270, 312, 321, 331]}, "mental": {"prob": 0.002932551319648094, "count": 1, "pos": [27]}, "challeng": {"prob": 0.002932551319648094, "count": 1, "pos": [28]}, "younger": {"prob": 0.002932551319648094, "count": 1, "pos": [29]}, "brother": {"prob": 0.005865102639296188, "count": 2, "pos": [30, 265]}, "of": {"prob": 0.011730205278592375, "count": 4, "pos": [31, 185, 257, 298]}, "power": {"prob": 0.002932551319648094, "count": 1, "pos": [33]}, "feder": {"prob": 0.005865102639296188, "count": 2, "pos": [34, 263]}, "prosecutor": {"prob": 0.005865102639296188, "count": 2, "pos": [35, 264]}, "save": {"prob": 0.002932551319648094, "count": 1, "pos": [37]}, "new": {"prob": 0.002932551319648094, "count": 1, "pos": [38]}, "york": {"prob": 0.002932551319648094, "count": 1, "pos": [39]}, "base": {"prob": 0.002932551319648094, "count": 1, "pos": [40]}, "mob": {"prob": 0.005865102639296188, "count": 2, "pos": [41, 248]}, "boss": {"prob": 0.008797653958944282, "count": 3, "pos": [42, 219, 249]}, "starkman": {"prob": 0.008797653958944282, "count": 3, "pos": [43, 250, 283]}, "from": {"prob": 0.005865102639296188, "count": 2, "pos": [44, 134]}, "prison": {"prob": 0.002932551319648094, "count": 1, "pos": [45]}, "success": {"prob": 0.002932551319648094, "count": 1, "pos": [47]}, "convinc": {"prob": 0.002932551319648094, "count": 1, "pos": [48]}, "young": {"prob": 0.002932551319648094, "count": 1, "pos": [50]}, "man": {"prob": 0.005865102639296188, "count": 2, "pos": [51, 82]}, "brian": {"prob": 0.02346041055718475, "count": 8, "pos": [52, 70, 142, 168, 221, 277, 304, 327]}, "go": {"prob": 0.008797653958944282, "count": 3, "pos": [54, 145, 226]}, "off": {"prob": 0.008797653958944282, "count": 3, "pos": [55, 167, 210]}, "with": {"prob": 0.008797653958944282, "count": 3, "pos": [56, 246, 339]}, "him": {"prob": 0.01466275659824047, "count": 5, "pos": [57, 62, 126, 296, 310]}, "by": {"prob": 0.008797653958944282, "count": 3, "pos": [58, 141, 150]}, "promi": {"prob": 0.002932551319648094, "count": 1, "pos": [59]}, "take": {"prob": 0.01466275659824047, "count": 5, "pos": [61, 107, 132, 155, 303]}, "baywatch": {"prob": 0.008797653958944282, "count": 3, "pos": [65, 148, 316]}, "which": {"prob": 0.005865102639296188, "count": 2, "pos": [66, 214]}, "seem": {"prob": 0.002932551319648094, "count": 1, "pos": [67]}, "be": {"prob": 0.008797653958944282, "count": 3, "pos": [69, 78, 194]}, "singular": {"prob": 0.002932551319648094, "count": 1, "pos": [71]}, "obsess": {"prob": 0.002932551319648094, "count": 1, "pos": [72]}, "and": {"prob": 0.03225806451612903, "count": 11, "pos": [73, 127, 149, 161, 191, 208, 224, 236, 266, 289, 329]}, "turn": {"prob": 0.005865102639296188, "count": 2, "pos": [74, 158]}, "out": {"prob": 0.005865102639296188, "count": 2, "pos": [75, 297]}, "just": {"prob": 0.002932551319648094, "count": 1, "pos": [77]}, "beach": {"prob": 0.005865102639296188, "count": 2, "pos": [80, 322]}, "order": {"prob": 0.008797653958944282, "count": 3, "pos": [84, 133, 164]}, "loui": {"prob": 0.008797653958944282, "count": 3, "pos": [87, 120, 282]}, "doe": {"prob": 0.005865102639296188, "count": 2, "pos": [88, 121]}, "trust": {"prob": 0.002932551319648094, "count": 1, "pos": [90]}, "get": {"prob": 0.002932551319648094, "count": 1, "pos": [93]}, "job": {"prob": 0.002932551319648094, "count": 1, "pos": [95]}, "done": {"prob": 0.002932551319648094, "count": 1, "pos": [96]}, "right": {"prob": 0.002932551319648094, "count": 1, "pos": [97]}, "so": {"prob": 0.002932551319648094, "count": 1, "pos": [98]}, "hire": {"prob": 0.002932551319648094, "count": 1, "pos": [100]}, "woman": {"prob": 0.005865102639296188, "count": 2, "pos": [102, 136]}, "call": {"prob": 0.002932551319648094, "count": 1, "pos": [103]}, "herself": {"prob": 0.002932551319648094, "count": 1, "pos": [104]}, "ricki": {"prob": 0.026392961876832845, "count": 9, "pos": [105, 113, 151, 162, 175, 225, 288, 294, 334]}, "charg": {"prob": 0.002932551319648094, "count": 1, "pos": [108]}, "attract": {"prob": 0.002932551319648094, "count": 1, "pos": [111]}, "but": {"prob": 0.005865102639296188, "count": 2, "pos": [114, 293]}, "resent": {"prob": 0.002932551319648094, "count": 1, "pos": [116]}, "fact": {"prob": 0.002932551319648094, "count": 1, "pos": [118]}, "that": {"prob": 0.008797653958944282, "count": 3, "pos": [119, 128, 252]}, "have": {"prob": 0.002932551319648094, "count": 1, "pos": [123]}, "faith": {"prob": 0.002932551319648094, "count": 1, "pos": [124]}, "ha": {"prob": 0.005865102639296188, "count": 2, "pos": [130, 192]}, "also": {"prob": 0.002932551319648094, "count": 1, "pos": [139]}, "frustrat": {"prob": 0.002932551319648094, "count": 1, "pos": [140]}, "insist": {"prob": 0.002932551319648094, "count": 1, "pos": [143]}, "on": {"prob": 0.008797653958944282, "count": 3, "pos": [144, 311, 320]}, "lesbian": {"prob": 0.002932551319648094, "count": 1, "pos": [152]}, "event": {"prob": 0.002932551319648094, "count": 1, "pos": [154]}, "darker": {"prob": 0.002932551319648094, "count": 1, "pos": [157]}, "when": {"prob": 0.002932551319648094, "count": 1, "pos": [159]}, "receiv": {"prob": 0.002932551319648094, "count": 1, "pos": [163]}, "cut": {"prob": 0.005865102639296188, "count": 2, "pos": [166, 209]}, "thumb": {"prob": 0.011730205278592375, "count": 4, "pos": [169, 213, 222, 271]}, "someth": {"prob": 0.002932551319648094, "count": 1, "pos": [170]}, "neither": {"prob": 0.002932551319648094, "count": 1, "pos": [171]}, "want": {"prob": 0.002932551319648094, "count": 1, "pos": [172]}, "do": {"prob": 0.002932551319648094, "count": 1, "pos": [174]}, "girlfriend": {"prob": 0.002932551319648094, "count": 1, "pos": [176]}, "robin": {"prob": 0.002932551319648094, "count": 1, "pos": [177]}, "show": {"prob": 0.002932551319648094, "count": 1, "pos": [178]}, "up": {"prob": 0.002932551319648094, "count": 1, "pos": [179]}, "at": {"prob": 0.008797653958944282, "count": 3, "pos": [180, 200, 330]}, "apart": {"prob": 0.005865102639296188, "count": 2, "pos": [182, 230]}, "accus": {"prob": 0.002932551319648094, "count": 1, "pos": [183]}, "her": {"prob": 0.005865102639296188, "count": 2, "pos": [184, 189]}, "cheat": {"prob": 0.002932551319648094, "count": 1,