{"__total__": 257, "__name__": "doc_65_After_Life.txt", "koreeda": {"prob": 0.0038910505836575876, "count": 1, "pos": [0]}, "after": {"prob": 0.007782101167315175, "count": 2, "pos": [1, 220]}, "life": {"prob": 0.01556420233463035, "count": 4, "pos": [2, 31, 117, 209]}, "is": {"prob": 0.019455252918287938, "count": 5, "pos": [3, 24, 38, 120, 237]}, "set": {"prob": 0.007782101167315175, "count": 2, "pos": [4, 39]}, "in": {"prob": 0.019455252918287938, "count": 5, "pos": [5, 40, 62, 67, 139]}, "a": {"prob": 0.023346303501945526, "count": 6, "pos": [6, 25, 41, 44, 54, 140]}, "waystat": {"prob": 0.0038910505836575876, "count": 1, "pos": [7]}, "where": {"prob": 0.0038910505836575876, "count": 1, "pos": [8]}, "the": {"prob": 0.07392996108949416, "count": 19, "pos": [9, 12, 22, 36, 64, 68, 76, 84, 89, 92, 94, 97, 110, 123, 126, 128, 132, 180, 186]}, "soul": {"prob": 0.0038910505836575876, "count": 1, "pos": [10]}, "of": {"prob": 0.03501945525291829, "count": 9, "pos": [11, 57, 91, 114, 125, 134, 162, 185, 207]}, "recent": {"prob": 0.011673151750972763, "count": 3, "pos": [13, 58, 129]}, "decea": {"prob": 0.011673151750972763, "count": 3, "pos": [14, 59, 130]}, "are": {"prob": 0.0038910505836575876, "count": 1, "pos": [15]}, "process": {"prob": 0.0038910505836575876, "count": 1, "pos": [16]}, "befor": {"prob": 0.0038910505836575876, "count": 1, "pos": [17]}, "enter": {"prob": 0.0038910505836575876, "count": 1, "pos": [18]}, "heaven": {"prob": 0.007782101167315175, "count": 2, "pos": [19, 20]}, "for": {"prob": 0.01556420233463035, "count": 4, "pos": [21, 34, 88, 178]}, "film": {"prob": 0.011673151750972763, "count": 3, "pos": [23, 121, 133]}, "singl": {"prob": 0.01556420233463035, "count": 4, "pos": [26, 85, 111, 170]}, "happi": {"prob": 0.0038910505836575876, "count": 1, "pos": [27]}, "memori": {"prob": 0.0311284046692607, "count": 8, "pos": [28, 87, 107, 138, 153, 171, 203, 242]}, "from": {"prob": 0.0038910505836575876, "count": 1, "pos": [29]}, "one": {"prob": 0.0038910505836575876, "count": 1, "pos": [30]}, "re": {"prob": 0.007782101167315175, "count": 2, "pos": [32, 253]}, "experienc": {"prob": 0.0038910505836575876, "count": 1, "pos": [33]}, "etern": {"prob": 0.007782101167315175, "count": 2, "pos": [35, 179]}, "movi": {"prob": 0.0038910505836575876, "count": 1, "pos": [37]}, "build": {"prob": 0.0038910505836575876, "count": 1, "pos": [42]}, "resembl": {"prob": 0.0038910505836575876, "count": 1, "pos": [43]}, "decrepit": {"prob": 0.0038910505836575876, "count": 1, "pos": [45]}, "travel": {"prob": 0.0038910505836575876, "count": 1, "pos": [46]}, "lodg": {"prob": 0.007782101167315175, "count": 2, "pos": [47, 69]}, "or": {"prob": 0.011673151750972763, "count": 3, "pos": [48, 150, 155]}, "social": {"prob": 0.007782101167315175, "count": 2, "pos": [49, 65]}, "servic": {"prob": 0.0038910505836575876, "count": 1, "pos": [50]}, "institut": {"prob": 0.007782101167315175, "count": 2, "pos": [51, 98]}, "everi": {"prob": 0.0038910505836575876, "count": 1, "pos": [52]}, "monday": {"prob": 0.0038910505836575876, "count": 1, "pos": [53]}, "new": {"prob": 0.0038910505836575876, "count": 1, "pos": [55]}, "group": {"prob": 0.0038910505836575876, "count": 1, "pos": [56]}, "peopl": {"prob": 0.0038910505836575876, "count": 1, "pos": [60]}, "check": {"prob": 0.0038910505836575876, "count": 1, "pos": [61]}, "and": {"prob": 0.0311284046692607, "count": 8, "pos": [63, 102, 118, 166, 176, 189, 210, 246]}, "worker": {"prob": 0.007782101167315175, "count": 2, "pos": [66, 95]}, "explain": {"prob": 0.0038910505836575876, "count": 1, "pos": [70]}, "to": {"prob": 0.0311284046692607, "count": 8, "pos": [71, 82, 100, 158, 174, 195, 233, 252]}, "each": {"prob": 0.011673151750972763, "count": 3, "pos": [72, 104, 146]}, "guest": {"prob": 0.0038910505836575876, "count": 1, "pos": [73]}, "their": {"prob": 0.011673151750972763, "count": 3, "pos": [74, 135, 255]}, "situat": {"prob": 0.0038910505836575876, "count": 1, "pos": [75]}, "newli": {"prob": 0.0038910505836575876, "count": 1, "pos": [77]}, "dead": {"prob": 0.0038910505836575876, "count": 1, "pos": [78]}, "have": {"prob": 0.0038910505836575876, "count": 1, "pos": [79]}, "until": {"prob": 0.0038910505836575876, "count": 1, "pos": [80]}, "wednesday": {"prob": 0.0038910505836575876, "count": 1, "pos": [81]}, "identifi": {"prob": 0.0038910505836575876, "count": 1, "pos": [83]}, "happiest": {"prob": 0.011673151750972763, "count": 3, "pos": [86, 112, 137]}, "rest": {"prob": 0.0038910505836575876, "count": 1, "pos": [90]}, "week": {"prob": 0.007782101167315175, "count": 2, "pos": [93, 127]}, "at": {"prob": 0.007782101167315175, "count": 2, "pos": [96, 122]}, "work": {"prob": 0.0038910505836575876, "count": 1, "pos": [99]}, "design": {"prob": 0.0038910505836575876, "count": 1, "pos": [101]}, "replic": {"prob": 0.007782101167315175, "count": 2, "pos": [103, 109]}, "person": {"prob": 0.011673151750972763, "count": 3, "pos": [105, 116, 147]}, "chosen": {"prob": 0.0038910505836575876, "count": 1, "pos": [106]}, "therebi": {"prob": 0.0038910505836575876, "count": 1, "pos": [108]}, "moment": {"prob": 0.0038910505836575876, "count": 1, "pos": [113]}, "that": {"prob": 0.011673151750972763, "count": 3, "pos": [115, 169, 212]}, "it": {"prob": 0.0038910505836575876, "count": 1, "pos": [119]}, "end": {"prob": 0.0038910505836575876, "count": 1, "pos": [124]}, "watch": {"prob": 0.0038910505836575876, "count": 1, "pos": [131]}, "recreat": {"prob": 0.0038910505836575876, "count": 1, "pos": [136]}, "screen": {"prob": 0.0038910505836575876, "count": 1, "pos": [141]}, "room": {"prob": 0.0038910505836575876, "count": 1, "pos": [142]}, "as": {"prob": 0.007782101167315175, "count": 2, "pos": [143, 145]}, "soon": {"prob": 0.0038910505836575876, "count": 1, "pos": [144]}, "see": {"prob": 0.0038910505836575876, "count": 1, "pos": [148]}, "hi": {"prob": 0.01556420233463035, "count": 4, "pos": [149, 202, 241, 247]}, "her": {"prob": 0.0038910505836575876, "count": 1, "pos": [151]}, "own": {"prob": 0.0038910505836575876, "count": 1, "pos": [152]}, "he": {"prob": 0.0038910505836575876, "count": 1, "pos": [154]}, "she": {"prob": 0.0038910505836575876, "count": 1, "pos": [156]}, "vanish": {"prob": 0.0038910505836575876, "count": 1, "pos": [157]}, "whatev": {"prob": 0.0038910505836575876, "count": 1, "pos": [159]}, "unknown": {"prob": 0.0038910505836575876, "count": 1, "pos": [160]}, "state": {"prob": 0.0038910505836575876, "count": 1, "pos": [161]}, "exist": {"prob": 0.0038910505836575876, "count": 1, "pos": [163]}, "lie": {"prob": 0.0038910505836575876, "count": 1, "pos": [164]}, "beyond": {"prob": 0.0038910505836575876, "count": 1, "pos": [165]}, "take": {"prob": 0.0038910505836575876, "count": 1, "pos": [167]}, "on": {"prob": 0.0038910505836575876, "count": 1, "pos": [168]}, "with": {"prob": 0.0038910505836575876, "count": 1, "pos": [172]}, "them": {"prob": 0.0038910505836575876, "count": 1, "pos": [173]}, "live": {"prob": 0.007782101167315175, "count": 2, "pos": [175, 256]}, "reliv": {"prob": 0.0038910505836575876, "count": 1, "pos": [177]}, "stori": {"prob": 0.0038910505836575876, "count": 1, "pos": [181]}, "revolv": {"prob": 0.0038910505836575876, "count": 1, "pos": [182]}, "around": {"prob": 0.0038910505836575876, "count": 1, "pos": [183]}, "two": {"prob": 0.0038910505836575876, "count": 1, "pos": [184]}, "counselor": {"prob": 0.007782101167315175, "count": 2, "pos": [187, 235]}, "takashi": {"prob": 0.023346303501945526, "count": 6, "pos": [188, 191, 204, 216, 221, 229]}, "shiori": {"prob": 0.007782101167315175, "count": 2, "pos": [190, 251]}, "ha": {"prob": 0.007782101167315175, "count": 2, "pos": [192, 230]}, "been": {"prob": 0.007782101167315175, "count": 2, "pos": [193, 223]}, "assign": {"prob": 0.007782101167315175, "count": 2, "pos": [194, 232]}, "help": {"prob": 0.0038910505836575876, "count": 1, "pos": [196]}, "an": {"prob": 0.0038910505836575876, "count": 1, "pos": [197]}, "old": {"prob": 0.0038910505836575876, "count": 1, "pos": [198]},