{"__total__": 517, "__name__": "doc_652_Gods_and_Monsters.txt", "the": {"prob": 0.04061895551257253, "count": 21, "pos": [0, 4, 7, 76, 79, 141, 154, 172, 180, 190, 232, 356, 400, 425, 446, 452, 467, 473, 478, 491, 507]}, "stori": {"prob": 0.0019342359767891683, "count": 1, "pos": [1]}, "open": {"prob": 0.0019342359767891683, "count": 1, "pos": [2]}, "in": {"prob": 0.005802707930367505, "count": 3, "pos": [3, 90, 424]}, "1950": {"prob": 0.0019342359767891683, "count": 1, "pos": [5]}, "after": {"prob": 0.0038684719535783366, "count": 2, "pos": [6, 329]}, "korean": {"prob": 0.0019342359767891683, "count": 1, "pos": [8]}, "war": {"prob": 0.0038684719535783366, "count": 2, "pos": [9, 72]}, "it": {"prob": 0.0019342359767891683, "count": 1, "pos": [10]}, "ha": {"prob": 0.009671179883945842, "count": 5, "pos": [11, 27, 48, 262, 341]}, "been": {"prob": 0.005802707930367505, "count": 3, "pos": [12, 263, 376]}, "more": {"prob": 0.0038684719535783366, "count": 2, "pos": [13, 327]}, "than": {"prob": 0.0019342359767891683, "count": 1, "pos": [14]}, "a": {"prob": 0.0367504835589942, "count": 19, "pos": [15, 50, 66, 101, 144, 249, 259, 284, 299, 308, 313, 360, 413, 428, 434, 450, 456, 488, 504]}, "decad": {"prob": 0.0038684719535783366, "count": 2, "pos": [16, 457]}, "sinc": {"prob": 0.0019342359767891683, "count": 1, "pos": [17]}, "jame": {"prob": 0.0019342359767891683, "count": 1, "pos": [18]}, "whale": {"prob": 0.05029013539651837, "count": 26, "pos": [19, 47, 83, 109, 129, 152, 165, 177, 195, 197, 201, 210, 222, 247, 266, 295, 304, 319, 354, 370, 394, 411, 421, 484, 496, 514]}, "director": {"prob": 0.0019342359767891683, "count": 1, "pos": [20]}, "of": {"prob": 0.025145067698259187, "count": 13, "pos": [21, 25, 44, 52, 78, 81, 167, 182, 302, 388, 469, 477, 490]}, "frankenstein": {"prob": 0.013539651837524178, "count": 7, "pos": [22, 26, 82, 183, 470, 492, 510]}, "and": {"prob": 0.03868471953578337, "count": 20, "pos": [23, 59, 75, 88, 98, 123, 135, 140, 162, 169, 196, 206, 272, 368, 379, 417, 438, 461, 497, 512]}, "bride": {"prob": 0.007736943907156673, "count": 4, "pos": [24, 80, 181, 468]}, "retir": {"prob": 0.0019342359767891683, "count": 1, "pos": [28]}, "he": {"prob": 0.009671179883945842, "count": 5, "pos": [29, 117, 203, 332, 340]}, "live": {"prob": 0.0038684719535783366, "count": 2, "pos": [30, 161]}, "with": {"prob": 0.01160541586073501, "count": 6, "pos": [31, 164, 176, 194, 231, 267]}, "hi": {"prob": 0.0425531914893617, "count": 22, "pos": [32, 45, 69, 86, 91, 119, 121, 124, 131, 187, 192, 225, 268, 282, 317, 334, 343, 349, 377, 389, 462, 481]}, "long": {"prob": 0.0019342359767891683, "count": 1, "pos": [33]}, "time": {"prob": 0.005802707930367505, "count": 3, "pos": [34, 113, 328]}, "housemaid": {"prob": 0.0019342359767891683, "count": 1, "pos": [35]}, "hanna": {"prob": 0.009671179883945842, "count": 5, "pos": [36, 403, 418, 430, 439]}, "who": {"prob": 0.005802707930367505, "count": 3, "pos": [37, 104, 371]}, "loyal": {"prob": 0.0019342359767891683, "count": 1, "pos": [38]}, "care": {"prob": 0.0019342359767891683, "count": 1, "pos": [39]}, "for": {"prob": 0.007736943907156673, "count": 4, "pos": [40, 151, 255, 265]}, "him": {"prob": 0.009671179883945842, "count": 5, "pos": [41, 57, 108, 384, 387]}, "but": {"prob": 0.005802707930367505, "count": 3, "pos": [42, 217, 485]}, "disapprov": {"prob": 0.0019342359767891683, "count": 1, "pos": [43]}, "homosexu": {"prob": 0.0019342359767891683, "count": 1, "pos": [46]}, "suffer": {"prob": 0.0038684719535783366, "count": 2, "pos": [49, 390]}, "seri": {"prob": 0.0019342359767891683, "count": 1, "pos": [51]}, "stroke": {"prob": 0.0038684719535783366, "count": 2, "pos": [53, 173]}, "that": {"prob": 0.015473887814313346, "count": 8, "pos": [54, 202, 211, 234, 339, 373, 441, 480]}, "have": {"prob": 0.0019342359767891683, "count": 1, "pos": [55]}, "left": {"prob": 0.0019342359767891683, "count": 1, "pos": [56]}, "fragil": {"prob": 0.0019342359767891683, "count": 1, "pos": [58]}, "torment": {"prob": 0.0038684719535783366, "count": 2, "pos": [60, 100]}, "by": {"prob": 0.007736943907156673, "count": 4, "pos": [61, 252, 415, 495]}, "memori": {"prob": 0.0019342359767891683, "count": 1, "pos": [62]}, "grow": {"prob": 0.0019342359767891683, "count": 1, "pos": [63]}, "up": {"prob": 0.0019342359767891683, "count": 1, "pos": [64]}, "as": {"prob": 0.01160541586073501, "count": 6, "pos": [65, 116, 148, 186, 427, 459]}, "poor": {"prob": 0.0019342359767891683, "count": 1, "pos": [67]}, "outcast": {"prob": 0.0019342359767891683, "count": 1, "pos": [68]}, "tragic": {"prob": 0.0019342359767891683, "count": 1, "pos": [70]}, "world": {"prob": 0.0019342359767891683, "count": 1, "pos": [71]}, "i": {"prob": 0.0019342359767891683, "count": 1, "pos": [73]}, "servic": {"prob": 0.0019342359767891683, "count": 1, "pos": [74]}, "film": {"prob": 0.0038684719535783366, "count": 2, "pos": [77, 453]}, "slip": {"prob": 0.0038684719535783366, "count": 2, "pos": [84, 127]}, "into": {"prob": 0.0019342359767891683, "count": 1, "pos": [85]}, "past": {"prob": 0.0019342359767891683, "count": 1, "pos": [87]}, "indulg": {"prob": 0.0019342359767891683, "count": 1, "pos": [89]}, "fantasi": {"prob": 0.0019342359767891683, "count": 1, "pos": [92]}, "reminisc": {"prob": 0.0019342359767891683, "count": 1, "pos": [93]}, "about": {"prob": 0.0019342359767891683, "count": 1, "pos": [94]}, "gay": {"prob": 0.0019342359767891683, "count": 1, "pos": [95]}, "pool": {"prob": 0.0038684719535783366, "count": 2, "pos": [96, 426]}, "parti": {"prob": 0.0038684719535783366, "count": 2, "pos": [97, 250]}, "also": {"prob": 0.0019342359767891683, "count": 1, "pos": [99]}, "starstruck": {"prob": 0.0019342359767891683, "count": 1, "pos": [102]}, "fan": {"prob": 0.0019342359767891683, "count": 1, "pos": [103]}, "come": {"prob": 0.0019342359767891683, "count": 1, "pos": [105]}, "to": {"prob": 0.029013539651837523, "count": 15, "pos": [106, 245, 248, 291, 321, 323, 336, 345, 351, 358, 382, 385, 395, 448, 499]}, "interview": {"prob": 0.0019342359767891683, "count": 1, "pos": [107]}, "battl": {"prob": 0.0019342359767891683, "count": 1, "pos": [110]}, "depress": {"prob": 0.0038684719535783366, "count": 2, "pos": [111, 283]}, "at": {"prob": 0.0038684719535783366, "count": 2, "pos": [112, 294]}, "contempl": {"prob": 0.0019342359767891683, "count": 1, "pos": [114]}, "suicid": {"prob": 0.0038684719535783366, "count": 2, "pos": [115, 435]}, "realiz": {"prob": 0.0019342359767891683, "count": 1, "pos": [118]}, "life": {"prob": 0.0019342359767891683, "count": 1, "pos": [120]}, "attract": {"prob": 0.0019342359767891683, "count": 1, "pos": [122]}, "health": {"prob": 0.0019342359767891683, "count": 1, "pos": [125]}, "are": {"prob": 0.0019342359767891683, "count": 1, "pos": [126]}, "away": {"prob": 0.0019342359767891683, "count": 1, "pos": [128]}, "befriend": {"prob": 0.0019342359767891683, "count": 1, "pos": [130]}, "young": {"prob": 0.0038684719535783366, "count": 2, "pos": [132, 463]}, "handsom": {"prob": 0.0019342359767891683, "count": 1, "pos": [133]}, "garden": {"prob": 0.0019342359767891683, "count": 1, "pos": [134]}, "former": {"prob": 0.0019342359767891683, "count": 1, "pos": [136]}, "marin": {"prob": 0.0019342359767891683, "count": 1, "pos": [137]}, "clayton": {"prob": 0.005802707930367505, "count": 3, "pos": [138, 486, 500]}, "boon": {"prob": 0.04061895551257253, "count": 21, "pos": [139, 149, 174, 199, 218, 228, 242, 297, 311, 325, 337, 347, 364, 365, 381, 391, 416, 419, 437, 442, 460]}, "two": {"prob": 0.0038684719535783366, "count": 2, "pos": [142, 155]}, "begin": {"prob": 0.0019342359767891683, "count": 1, "pos": [143]}, "sometim": {"prob": 0.0019342359767891683, "count": 1, "pos": [145]}, "uneasi": {"prob": 0.0019342359767891683, "count": 1, "pos": [146]}, "friendship": {"prob": 0.0038684719535783366, "count": 2, "pos": [147, 193]}, "pose": {"prob": 0.0038684719535783366, "count": 2, "pos": [150, 352]}, "sketch": {"prob": 0.007736943907156673, "count": 4, "pos": [153, 324, 335, 489]},