{"__total__": 573, "__name__": "doc_667_Grand_Hotel.txt", "doctor": {"prob": 0.0034904013961605585, "count": 2, "pos": [0, 559]}, "otternschlag": {"prob": 0.0034904013961605585, "count": 2, "pos": [1, 560]}, "a": {"prob": 0.019197207678883072, "count": 11, "pos": [2, 10, 30, 46, 56, 158, 209, 236, 355, 430, 549]}, "disfigur": {"prob": 0.0017452006980802793, "count": 1, "pos": [3]}, "veteran": {"prob": 0.0017452006980802793, "count": 1, "pos": [4]}, "of": {"prob": 0.02268760907504363, "count": 13, "pos": [5, 13, 75, 157, 211, 219, 303, 312, 340, 413, 429, 464, 539]}, "world": {"prob": 0.0017452006980802793, "count": 1, "pos": [6]}, "war": {"prob": 0.0017452006980802793, "count": 1, "pos": [7]}, "i": {"prob": 0.0034904013961605585, "count": 2, "pos": [8, 165]}, "and": {"prob": 0.04886561954624782, "count": 28, "pos": [9, 23, 42, 49, 93, 107, 152, 160, 181, 192, 221, 226, 267, 273, 286, 322, 350, 359, 363, 375, 422, 440, 478, 491, 495, 513, 547, 568]}, "perman": {"prob": 0.0017452006980802793, "count": 1, "pos": [11]}, "resid": {"prob": 0.0017452006980802793, "count": 1, "pos": [12]}, "the": {"prob": 0.05410122164048865, "count": 31, "pos": [14, 73, 86, 146, 155, 162, 171, 185, 233, 263, 270, 276, 323, 329, 341, 372, 386, 401, 406, 420, 449, 462, 465, 473, 475, 481, 484, 511, 520, 527, 557]}, "grand": {"prob": 0.0034904013961605585, "count": 2, "pos": [15, 564]}, "hotel": {"prob": 0.008726003490401396, "count": 5, "pos": [16, 87, 271, 558, 565]}, "in": {"prob": 0.019197207678883072, "count": 11, "pos": [17, 72, 174, 189, 200, 213, 224, 379, 452, 490, 505]}, "berlin": {"prob": 0.0017452006980802793, "count": 1, "pos": [18]}, "wryli": {"prob": 0.0017452006980802793, "count": 1, "pos": [19]}, "observ": {"prob": 0.0034904013961605585, "count": 2, "pos": [20, 563]}, "peopl": {"prob": 0.0034904013961605585, "count": 2, "pos": [21, 566]}, "come": {"prob": 0.006980802792321117, "count": 4, "pos": [22, 217, 489, 567]}, "go": {"prob": 0.006980802792321117, "count": 4, "pos": [24, 358, 544, 569]}, "noth": {"prob": 0.0034904013961605585, "count": 2, "pos": [25, 570]}, "ever": {"prob": 0.0034904013961605585, "count": 2, "pos": [26, 571]}, "happen": {"prob": 0.005235602094240838, "count": 3, "pos": [27, 494, 572]}, "after": {"prob": 0.0034904013961605585, "count": 2, "pos": [28, 391]}, "which": {"prob": 0.005235602094240838, "count": 3, "pos": [29, 114, 455]}, "great": {"prob": 0.0017452006980802793, "count": 1, "pos": [31]}, "deal": {"prob": 0.0034904013961605585, "count": 2, "pos": [32, 92]}, "transpir": {"prob": 0.0017452006980802793, "count": 1, "pos": [33]}, "baron": {"prob": 0.019197207678883072, "count": 11, "pos": [34, 172, 238, 264, 330, 373, 402, 466, 474, 482, 528]}, "felix": {"prob": 0.0017452006980802793, "count": 1, "pos": [35]}, "von": {"prob": 0.0017452006980802793, "count": 1, "pos": [36]}, "geigern": {"prob": 0.0017452006980802793, "count": 1, "pos": [37]}, "who": {"prob": 0.010471204188481676, "count": 6, "pos": [38, 59, 300, 403, 498, 541]}, "squander": {"prob": 0.0017452006980802793, "count": 1, "pos": [39]}, "hi": {"prob": 0.020942408376963352, "count": 12, "pos": [40, 69, 248, 294, 316, 337, 370, 380, 398, 459, 469, 552]}, "fortun": {"prob": 0.0017452006980802793, "count": 1, "pos": [41]}, "support": {"prob": 0.0017452006980802793, "count": 1, "pos": [43]}, "himself": {"prob": 0.0034904013961605585, "count": 2, "pos": [44, 389]}, "as": {"prob": 0.006980802792321117, "count": 4, "pos": [45, 195, 427, 554]}, "card": {"prob": 0.0034904013961605585, "count": 2, "pos": [47, 356]}, "player": {"prob": 0.0017452006980802793, "count": 1, "pos": [48]}, "occas": {"prob": 0.0017452006980802793, "count": 1, "pos": [50]}, "jewel": {"prob": 0.0034904013961605585, "count": 2, "pos": [51, 241]}, "thief": {"prob": 0.0017452006980802793, "count": 1, "pos": [52]}, "befriend": {"prob": 0.0017452006980802793, "count": 1, "pos": [53]}, "otto": {"prob": 0.0017452006980802793, "count": 1, "pos": [54]}, "kringelein": {"prob": 0.020942408376963352, "count": 12, "pos": [55, 77, 266, 299, 321, 351, 360, 392, 414, 497, 509, 534]}, "meek": {"prob": 0.0017452006980802793, "count": 1, "pos": [57]}, "account": {"prob": 0.0017452006980802793, "count": 1, "pos": [58]}, "have": {"prob": 0.0034904013961605585, "count": 2, "pos": [60, 417]}, "discov": {"prob": 0.0034904013961605585, "count": 2, "pos": [61, 419]}, "he": {"prob": 0.02443280977312391, "count": 14, "pos": [62, 94, 128, 187, 216, 261, 310, 344, 349, 368, 441, 471, 501, 503]}, "is": {"prob": 0.020942408376963352, "count": 12, "pos": [63, 84, 119, 129, 138, 144, 149, 173, 244, 301, 331, 515]}, "die": {"prob": 0.0017452006980802793, "count": 1, "pos": [64]}, "ha": {"prob": 0.0034904013961605585, "count": 2, "pos": [65, 409]}, "decid": {"prob": 0.0034904013961605585, "count": 2, "pos": [66, 352]}, "to": {"prob": 0.04537521815008726, "count": 26, "pos": [67, 88, 98, 103, 121, 131, 167, 177, 198, 204, 231, 246, 254, 257, 335, 353, 384, 394, 416, 425, 438, 444, 458, 525, 536, 545]}, "spend": {"prob": 0.0017452006980802793, "count": 1, "pos": [68]}, "remain": {"prob": 0.0017452006980802793, "count": 1, "pos": [70]}, "day": {"prob": 0.0017452006980802793, "count": 1, "pos": [71]}, "lap": {"prob": 0.0017452006980802793, "count": 1, "pos": [74]}, "luxuri": {"prob": 0.0017452006980802793, "count": 1, "pos": [76]}, "former": {"prob": 0.0034904013961605585, "count": 2, "pos": [78, 295]}, "employ": {"prob": 0.0034904013961605585, "count": 2, "pos": [79, 296]}, "industrialist": {"prob": 0.0017452006980802793, "count": 1, "pos": [80]}, "gener": {"prob": 0.0017452006980802793, "count": 1, "pos": [81]}, "director": {"prob": 0.0017452006980802793, "count": 1, "pos": [82]}, "prey": {"prob": 0.017452006980802792, "count": 10, "pos": [83, 109, 283, 304, 319, 435, 460, 479, 500, 514]}, "at": {"prob": 0.0034904013961605585, "count": 2, "pos": [85, 269]}, "close": {"prob": 0.0017452006980802793, "count": 1, "pos": [89]}, "an": {"prob": 0.005235602094240838, "count": 3, "pos": [90, 105, 259]}, "import": {"prob": 0.0017452006980802793, "count": 1, "pos": [91]}, "hire": {"prob": 0.0017452006980802793, "count": 1, "pos": [95]}, "stenograph": {"prob": 0.0017452006980802793, "count": 1, "pos": [96]}, "flaemmchen": {"prob": 0.008726003490401396, "count": 5, "pos": [97, 268, 443, 488, 540]}, "assist": {"prob": 0.0017452006980802793, "count": 1, "pos": [99]}, "him": {"prob": 0.017452006980802792, "count": 10, "pos": [100, 123, 232, 253, 291, 308, 313, 426, 446, 487]}, "she": {"prob": 0.017452006980802792, "count": 10, "pos": [101, 115, 118, 148, 182, 196, 243, 251, 274, 289]}, "aspir": {"prob": 0.0017452006980802793, "count": 1, "pos": [102]}, "be": {"prob": 0.005235602094240838, "count": 3, "pos": [104, 168, 327]}, "actress": {"prob": 0.0017452006980802793, "count": 1, "pos": [106]}, "show": {"prob": 0.0017452006980802793, "count": 1, "pos": [108]}, "some": {"prob": 0.0017452006980802793, "count": 1, "pos": [110]}, "magazin": {"prob": 0.0017452006980802793, "count": 1, "pos": [111]}, "photo": {"prob": 0.0017452006980802793, "count": 1, "pos": [112]}, "for": {"prob": 0.012216404886561954, "count": 7, "pos": [113, 333, 388, 397, 519, 530, 551]}, "pose": {"prob": 0.0017452006980802793, "count": 1, "pos": [116]}, "impli": {"prob": 0.0017452006980802793, "count": 1, "pos": [117]}, "will": {"prob": 0.0034904013961605585, "count": 2, "pos": [120, 130]}, "offer": {"prob": 0.005235602094240838, "count": 3, "pos": [122, 260, 535]}, "more": {"prob": 0.0017452006980802793, "count": 1, "pos": [124]}, "than": {"prob": 0.0017452006980802793, "count": 1, "pos": [125]}, "type": {"prob": 0.0017452006980802793, "count": 1, "pos": [126]}, "if": {"prob": 0.0017452006980802793, "count": 1, "pos": [127]}, "help": {"prob": 0.0017452006980802793, "count": 1, "pos": [132]}, "advanc": {"prob": 0.0017452006980802793, "count": 1, "pos": [133]}, "her": {"prob": 0.019197207678883072, "count": 11, "pos": [134, 175, 179, 190, 194, 214, 223, 256, 282, 453, 531]},