{"__total__": 406, "__name__": "doc_675_Gun_Crazy.txt", "bart": {"prob": 0.014778325123152709, "count": 6, "pos": [0, 70, 297, 338, 364, 388]}, "tare": {"prob": 0.0024630541871921183, "count": 1, "pos": [1]}, "ha": {"prob": 0.0049261083743842365, "count": 2, "pos": [2, 229]}, "a": {"prob": 0.03694581280788178, "count": 15, "pos": [3, 26, 32, 35, 65, 79, 85, 96, 129, 156, 211, 223, 250, 261, 342]}, "lifelong": {"prob": 0.0024630541871921183, "count": 1, "pos": [4]}, "fixat": {"prob": 0.0024630541871921183, "count": 1, "pos": [5]}, "with": {"prob": 0.012315270935960592, "count": 5, "pos": [6, 98, 222, 328, 349]}, "guns\u00e2": {"prob": 0.0024630541871921183, "count": 1, "pos": [7]}, "they": {"prob": 0.029556650246305417, "count": 12, "pos": [8, 118, 168, 178, 196, 207, 219, 254, 318, 334, 358, 372]}, "make": {"prob": 0.0049261083743842365, "count": 2, "pos": [9, 216]}, "him": {"prob": 0.014778325123152709, "count": 6, "pos": [10, 95, 134, 167, 187, 350]}, "feel": {"prob": 0.0024630541871921183, "count": 1, "pos": [11]}, "good": {"prob": 0.0049261083743842365, "count": 2, "pos": [12, 145]}, "insid": {"prob": 0.0024630541871921183, "count": 1, "pos": [13]}, "at": {"prob": 0.0049261083743842365, "count": 2, "pos": [14, 210]}, "the": {"prob": 0.04926108374384237, "count": 20, "pos": [15, 39, 68, 99, 108, 122, 176, 199, 242, 273, 277, 286, 289, 304, 310, 316, 345, 361, 370, 404]}, "age": {"prob": 0.0024630541871921183, "count": 1, "pos": [16]}, "of": {"prob": 0.017241379310344827, "count": 7, "pos": [17, 41, 110, 225, 263, 280, 291]}, "14": {"prob": 0.0024630541871921183, "count": 1, "pos": [18]}, "he": {"prob": 0.012315270935960592, "count": 5, "pos": [19, 54, 73, 83, 396]}, "is": {"prob": 0.012315270935960592, "count": 5, "pos": [20, 138, 239, 282, 400]}, "sent": {"prob": 0.0024630541871921183, "count": 1, "pos": [21]}, "to": {"prob": 0.03940886699507389, "count": 16, "pos": [22, 78, 104, 143, 188, 257, 269, 301, 321, 332, 336, 351, 366, 381, 383, 392]}, "reform": {"prob": 0.0049261083743842365, "count": 2, "pos": [23, 62]}, "school": {"prob": 0.0049261083743842365, "count": 2, "pos": [24, 63]}, "by": {"prob": 0.007389162561576354, "count": 3, "pos": [25, 309, 403]}, "sympathet": {"prob": 0.0024630541871921183, "count": 1, "pos": [27]}, "judg": {"prob": 0.0024630541871921183, "count": 1, "pos": [28]}, "willoughbi": {"prob": 0.0024630541871921183, "count": 1, "pos": [29]}, "for": {"prob": 0.009852216748768473, "count": 4, "pos": [30, 115, 260, 299]}, "steal": {"prob": 0.0049261083743842365, "count": 2, "pos": [31, 179]}, "pistol": {"prob": 0.0024630541871921183, "count": 1, "pos": [33]}, "from": {"prob": 0.009852216748768473, "count": 4, "pos": [34, 272, 313, 315]}, "hardwar": {"prob": 0.0024630541871921183, "count": 1, "pos": [36]}, "store": {"prob": 0.0049261083743842365, "count": 2, "pos": [37, 171]}, "despit": {"prob": 0.0024630541871921183, "count": 1, "pos": [38]}, "testimoni": {"prob": 0.0024630541871921183, "count": 1, "pos": [40]}, "hi": {"prob": 0.0049261083743842365, "count": 2, "pos": [42, 47]}, "friend": {"prob": 0.0049261083743842365, "count": 2, "pos": [43, 340]}, "dave": {"prob": 0.007389162561576354, "count": 3, "pos": [44, 74, 376]}, "and": {"prob": 0.04187192118226601, "count": 17, "pos": [45, 51, 64, 75, 117, 126, 172, 201, 205, 215, 249, 285, 344, 354, 375, 377, 399]}, "clyde": {"prob": 0.007389162561576354, "count": 3, "pos": [46, 76, 378]}, "older": {"prob": 0.0024630541871921183, "count": 1, "pos": [48]}, "sister": {"prob": 0.0024630541871921183, "count": 1, "pos": [49]}, "rubi": {"prob": 0.0049261083743842365, "count": 2, "pos": [50, 337]}, "other": {"prob": 0.007389162561576354, "count": 3, "pos": [52, 106, 274]}, "that": {"prob": 0.009852216748768473, "count": 4, "pos": [53, 136, 234, 275]}, "would": {"prob": 0.0024630541871921183, "count": 1, "pos": [55]}, "never": {"prob": 0.0024630541871921183, "count": 1, "pos": [56]}, "kill": {"prob": 0.007389162561576354, "count": 3, "pos": [57, 245, 402]}, "ani": {"prob": 0.0024630541871921183, "count": 1, "pos": [58]}, "live": {"prob": 0.007389162561576354, "count": 3, "pos": [59, 202, 386]}, "creatur": {"prob": 0.0024630541871921183, "count": 1, "pos": [60]}, "after": {"prob": 0.0024630541871921183, "count": 1, "pos": [61]}, "stint": {"prob": 0.0024630541871921183, "count": 1, "pos": [66]}, "in": {"prob": 0.017241379310344827, "count": 7, "pos": [67, 88, 161, 203, 284, 295, 369]}, "armi": {"prob": 0.0024630541871921183, "count": 1, "pos": [69]}, "return": {"prob": 0.0024630541871921183, "count": 1, "pos": [71]}, "home": {"prob": 0.0024630541871921183, "count": 1, "pos": [72]}, "go": {"prob": 0.009852216748768473, "count": 4, "pos": [77, 333, 335, 367]}, "travel": {"prob": 0.0024630541871921183, "count": 1, "pos": [80]}, "carniv": {"prob": 0.0049261083743842365, "count": 2, "pos": [81, 100]}, "there": {"prob": 0.0024630541871921183, "count": 1, "pos": [82]}, "meet": {"prob": 0.0024630541871921183, "count": 1, "pos": [84]}, "kindr": {"prob": 0.0024630541871921183, "count": 1, "pos": [86]}, "spirit": {"prob": 0.0024630541871921183, "count": 1, "pos": [87]}, "sharpshoot": {"prob": 0.0024630541871921183, "count": 1, "pos": [89]}, "anni": {"prob": 0.0024630541871921183, "count": 1, "pos": [90]}, "lauri": {"prob": 0.014778325123152709, "count": 6, "pos": [91, 114, 152, 228, 355, 390]}, "starr": {"prob": 0.0024630541871921183, "count": 1, "pos": [92]}, "she": {"prob": 0.017241379310344827, "count": 7, "pos": [93, 132, 137, 164, 185, 238, 244]}, "get": {"prob": 0.012315270935960592, "count": 5, "pos": [94, 120, 124, 208, 220]}, "job": {"prob": 0.0049261083743842365, "count": 2, "pos": [97, 209]}, "howev": {"prob": 0.0024630541871921183, "count": 1, "pos": [101]}, "their": {"prob": 0.009852216748768473, "count": 4, "pos": [102, 147, 325, 385]}, "attract": {"prob": 0.0024630541871921183, "count": 1, "pos": [103]}, "each": {"prob": 0.0024630541871921183, "count": 1, "pos": [105]}, "inflam": {"prob": 0.0024630541871921183, "count": 1, "pos": [107]}, "jealousi": {"prob": 0.0024630541871921183, "count": 1, "pos": [109]}, "packett": {"prob": 0.0024630541871921183, "count": 1, "pos": [111]}, "who": {"prob": 0.0024630541871921183, "count": 1, "pos": [112]}, "want": {"prob": 0.0024630541871921183, "count": 1, "pos": [113]}, "himself": {"prob": 0.0049261083743842365, "count": 2, "pos": [116, 353]}, "both": {"prob": 0.0024630541871921183, "count": 1, "pos": [119]}, "fire": {"prob": 0.0024630541871921183, "count": 1, "pos": [121]}, "coupl": {"prob": 0.0049261083743842365, "count": 2, "pos": [123, 262]}, "marri": {"prob": 0.0024630541871921183, "count": 1, "pos": [125]}, "embark": {"prob": 0.0024630541871921183, "count": 1, "pos": [127]}, "on": {"prob": 0.0049261083743842365, "count": 2, "pos": [128, 190]}, "happi": {"prob": 0.0024630541871921183, "count": 1, "pos": [130]}, "honeymoon": {"prob": 0.0024630541871921183, "count": 1, "pos": [131]}, "warn": {"prob": 0.0024630541871921183, "count": 1, "pos": [133]}, "beforehand": {"prob": 0.0024630541871921183, "count": 1, "pos": [135]}, "bad": {"prob": 0.0024630541871921183, "count": 1, "pos": [139]}, "but": {"prob": 0.012315270935960592, "count": 5, "pos": [140, 175, 227, 265, 303]}, "will": {"prob": 0.0049261083743842365, "count": 2, "pos": [141, 165]}, "tri": {"prob": 0.0049261083743842365, "count": 2, "pos": [142, 382]}, "be": {"prob": 0.0049261083743842365, "count": 2, "pos": [144, 270]}, "when": {"prob": 0.007389162561576354, "count": 3, "pos": [146, 237, 387]}, "money": {"prob": 0.0049261083743842365, "count": 2, "pos": [148, 226]}, "run": {"prob": 0.0024630541871921183, "count": 1, "pos": [149]}, "out": {"prob": 0.0049261083743842365, "count": 2, "pos": [150, 236]}, "though": {"prob": 0.0024630541871921183, "count": 1, "pos": [151]}, "give": {"prob": 0.0049261083743842365, "count": 2, "pos": [153, 352]}, "her": {"prob": 0.009852216748768473, "count": 4, "pos": [154, 160, 246, 398]}, "husband": {"prob": 0.0024630541871921183, "count": 1, "pos": [155]},