{"__total__": 279, "__name__": "doc_700_Head_of_State.txt", "may": {"prob": 0.035842293906810034, "count": 10, "pos": [0, 25, 72, 105, 147, 150, 187, 199, 253, 272]}, "gilliam": {"prob": 0.007168458781362007, "count": 2, "pos": [1, 273]}, "is": {"prob": 0.007168458781362007, "count": 2, "pos": [2, 26]}, "an": {"prob": 0.0035842293906810036, "count": 1, "pos": [3]}, "alderman": {"prob": 0.0035842293906810036, "count": 1, "pos": [4]}, "of": {"prob": 0.017921146953405017, "count": 5, "pos": [5, 141, 165, 172, 268]}, "the": {"prob": 0.05734767025089606, "count": 16, "pos": [6, 30, 34, 45, 50, 66, 88, 110, 192, 202, 209, 242, 249, 257, 260, 262]}, "9th": {"prob": 0.0035842293906810036, "count": 1, "pos": [7]}, "ward": {"prob": 0.0035842293906810036, "count": 1, "pos": [8]}, "in": {"prob": 0.017921146953405017, "count": 5, "pos": [9, 65, 109, 191, 236]}, "washington": {"prob": 0.0035842293906810036, "count": 1, "pos": [10]}, "d": {"prob": 0.0035842293906810036, "count": 1, "pos": [11]}, "c": {"prob": 0.0035842293906810036, "count": 1, "pos": [12]}, "after": {"prob": 0.010752688172043012, "count": 3, "pos": [13, 112, 136]}, "be": {"prob": 0.010752688172043012, "count": 3, "pos": [14, 77, 86]}, "fire": {"prob": 0.007168458781362007, "count": 2, "pos": [15, 213]}, "from": {"prob": 0.0035842293906810036, "count": 1, "pos": [16]}, "hi": {"prob": 0.025089605734767026, "count": 7, "pos": [17, 22, 113, 161, 222, 225, 234]}, "post": {"prob": 0.0035842293906810036, "count": 1, "pos": [18]}, "and": {"prob": 0.014336917562724014, "count": 4, "pos": [19, 93, 212, 259]}, "dump": {"prob": 0.0035842293906810036, "count": 1, "pos": [20]}, "by": {"prob": 0.007168458781362007, "count": 2, "pos": [21, 245]}, "girlfriend": {"prob": 0.0035842293906810036, "count": 1, "pos": [23]}, "kim": {"prob": 0.0035842293906810036, "count": 1, "pos": [24]}, "surprising": {"prob": 0.0035842293906810036, "count": 1, "pos": [27]}, "chosen": {"prob": 0.007168458781362007, "count": 2, "pos": [28, 207]}, "as": {"prob": 0.02867383512544803, "count": 8, "pos": [29, 81, 131, 194, 208, 218, 220, 224]}, "parti": {"prob": 0.010752688172043012, "count": 3, "pos": [31, 51, 210]}, "candid": {"prob": 0.010752688172043012, "count": 3, "pos": [32, 60, 211]}, "for": {"prob": 0.007168458781362007, "count": 2, "pos": [33, 120]}, "presid": {"prob": 0.014336917562724014, "count": 4, "pos": [35, 41, 82, 261]}, "to": {"prob": 0.03942652329749104, "count": 11, "pos": [36, 53, 61, 79, 97, 100, 107, 117, 126, 152, 240]}, "run": {"prob": 0.010752688172043012, "count": 3, "pos": [37, 138, 226]}, "against": {"prob": 0.0035842293906810036, "count": 1, "pos": [38]}, "sit": {"prob": 0.0035842293906810036, "count": 1, "pos": [39]}, "vice": {"prob": 0.0035842293906810036, "count": 1, "pos": [40]}, "brian": {"prob": 0.007168458781362007, "count": 2, "pos": [42, 182]}, "lewi": {"prob": 0.010752688172043012, "count": 3, "pos": [43, 137, 183]}, "assum": {"prob": 0.0035842293906810036, "count": 1, "pos": [44]}, "elect": {"prob": 0.010752688172043012, "count": 3, "pos": [46, 69, 258]}, "wa": {"prob": 0.010752688172043012, "count": 3, "pos": [47, 159, 206]}, "alreadi": {"prob": 0.0035842293906810036, "count": 1, "pos": [48]}, "lost": {"prob": 0.0035842293906810036, "count": 1, "pos": [49]}, "decid": {"prob": 0.0035842293906810036, "count": 1, "pos": [52]}, "pick": {"prob": 0.0035842293906810036, "count": 1, "pos": [54]}, "a": {"prob": 0.021505376344086023, "count": 6, "pos": [55, 139, 163, 170, 231, 266]}, "likabl": {"prob": 0.0035842293906810036, "count": 1, "pos": [56]}, "but": {"prob": 0.007168458781362007, "count": 2, "pos": [57, 180]}, "unwinn": {"prob": 0.0035842293906810036, "count": 1, "pos": [58]}, "minor": {"prob": 0.0035842293906810036, "count": 1, "pos": [59]}, "improv": {"prob": 0.0035842293906810036, "count": 1, "pos": [62]}, "their": {"prob": 0.0035842293906810036, "count": 1, "pos": [63]}, "chanc": {"prob": 0.0035842293906810036, "count": 1, "pos": [64]}, "next": {"prob": 0.0035842293906810036, "count": 1, "pos": [67]}, "presidenti": {"prob": 0.0035842293906810036, "count": 1, "pos": [68]}, "at": {"prob": 0.0035842293906810036, "count": 1, "pos": [70]}, "first": {"prob": 0.0035842293906810036, "count": 1, "pos": [71]}, "feel": {"prob": 0.0035842293906810036, "count": 1, "pos": [73]}, "he": {"prob": 0.03225806451612903, "count": 9, "pos": [74, 84, 122, 124, 157, 177, 205, 228, 238]}, "will": {"prob": 0.0035842293906810036, "count": 1, "pos": [75]}, "not": {"prob": 0.007168458781362007, "count": 2, "pos": [76, 95]}, "abl": {"prob": 0.0035842293906810036, "count": 1, "pos": [78]}, "succeed": {"prob": 0.0035842293906810036, "count": 1, "pos": [80]}, "becaus": {"prob": 0.0035842293906810036, "count": 1, "pos": [83]}, "would": {"prob": 0.0035842293906810036, "count": 1, "pos": [85]}, "repr": {"prob": 0.0035842293906810036, "count": 1, "pos": [87]}, "entir": {"prob": 0.0035842293906810036, "count": 1, "pos": [89]}, "african": {"prob": 0.0035842293906810036, "count": 1, "pos": [90]}, "american": {"prob": 0.007168458781362007, "count": 2, "pos": [91, 250]}, "populac": {"prob": 0.0035842293906810036, "count": 1, "pos": [92]}, "doe": {"prob": 0.0035842293906810036, "count": 1, "pos": [94]}, "want": {"prob": 0.0035842293906810036, "count": 1, "pos": [96]}, "do": {"prob": 0.0035842293906810036, "count": 1, "pos": [98]}, "anyth": {"prob": 0.0035842293906810036, "count": 1, "pos": [99]}, "mess": {"prob": 0.0035842293906810036, "count": 1, "pos": [101]}, "it": {"prob": 0.0035842293906810036, "count": 1, "pos": [102]}, "up": {"prob": 0.007168458781362007, "count": 2, "pos": [103, 255]}, "howev": {"prob": 0.0035842293906810036, "count": 1, "pos": [104]}, "begin": {"prob": 0.010752688172043012, "count": 3, "pos": [106, 125, 151]}, "rise": {"prob": 0.0035842293906810036, "count": 1, "pos": [108]}, "poll": {"prob": 0.007168458781362007, "count": 2, "pos": [111, 193]}, "brother": {"prob": 0.007168458781362007, "count": 2, "pos": [114, 223]}, "persuad": {"prob": 0.0035842293906810036, "count": 1, "pos": [115]}, "him": {"prob": 0.0035842293906810036, "count": 1, "pos": [116]}, "speak": {"prob": 0.007168458781362007, "count": 2, "pos": [118, 246]}, "out": {"prob": 0.0035842293906810036, "count": 1, "pos": [119]}, "what": {"prob": 0.007168458781362007, "count": 2, "pos": [121, 156]}, "believ": {"prob": 0.0035842293906810036, "count": 1, "pos": [123]}, "talk": {"prob": 0.0035842293906810036, "count": 1, "pos": [127]}, "about": {"prob": 0.007168458781362007, "count": 2, "pos": [128, 248]}, "issu": {"prob": 0.0035842293906810036, "count": 1, "pos": [129]}, "such": {"prob": 0.0035842293906810036, "count": 1, "pos": [130]}, "welfar": {"prob": 0.0035842293906810036, "count": 1, "pos": [132]}, "money": {"prob": 0.0035842293906810036, "count": 1, "pos": [133]}, "societi": {"prob": 0.0035842293906810036, "count": 1, "pos": [134]}, "etc": {"prob": 0.0035842293906810036, "count": 1, "pos": [135]}, "seri": {"prob": 0.0035842293906810036, "count": 1, "pos": [140]}, "attack": {"prob": 0.0035842293906810036, "count": 1, "pos": [142]}, "ad": {"prob": 0.007168458781362007, "count": 2, "pos": [143, 275]}, "includ": {"prob": 0.007168458781362007, "count": 2, "pos": [144, 168]}, "one": {"prob": 0.0035842293906810036, "count": 1, "pos": [145]}, "say": {"prob": 0.007168458781362007, "count": 2, "pos": [146, 176]}, "support": {"prob": 0.0035842293906810036, "count": 1, "pos": [148]}, "cancer": {"prob": 0.0035842293906810036, "count": 1, "pos": [149]}, "fight": {"prob": 0.0035842293906810036, "count": 1, "pos": [153]}, "back": {"prob": 0.0035842293906810036, "count": 1, "pos": [154]}, "use": {"prob": 0.0035842293906810036, "count": 1, "pos": [155]}, "claim": {"prob": 0.0035842293906810036, "count": 1, "pos": [158]}, "kiss": {"prob": 0.0035842293906810036, "count": 1, "pos": [160]}, "oppon": {"prob": 0.007168458781362007, "count": 2, "pos": [162, 235]}, "part": {"prob": 0.0035842293906810036, "count": 1, "pos": [164]}, "thi": {"prob": 0.007168458781362007,