{"__total__": 551, "__name__": "doc_708_Heavy_Traffic.txt", "the": {"prob": 0.05807622504537205, "count": 32, "pos": [0, 24, 57, 85, 104, 114, 125, 129, 162, 166, 244, 300, 308, 314, 336, 376, 383, 390, 407, 424, 452, 457, 461, 474, 476, 501, 505, 519, 523, 530, 532, 549]}, "film": {"prob": 0.0018148820326678765, "count": 1, "pos": [1]}, "start": {"prob": 0.0018148820326678765, "count": 1, "pos": [2]}, "out": {"prob": 0.012704174228675136, "count": 7, "pos": [3, 93, 164, 254, 370, 455, 517]}, "in": {"prob": 0.014519056261343012, "count": 8, "pos": [4, 20, 109, 153, 269, 473, 484, 548]}, "live": {"prob": 0.003629764065335753, "count": 2, "pos": [5, 502]}, "action": {"prob": 0.003629764065335753, "count": 2, "pos": [6, 503]}, "we": {"prob": 0.003629764065335753, "count": 2, "pos": [7, 487]}, "are": {"prob": 0.003629764065335753, "count": 2, "pos": [8, 534]}, "introduc": {"prob": 0.0018148820326678765, "count": 1, "pos": [9]}, "to": {"prob": 0.041742286751361164, "count": 23, "pos": [10, 63, 184, 194, 252, 261, 265, 267, 271, 278, 284, 297, 299, 319, 331, 360, 365, 386, 405, 413, 438, 446, 500]}, "michael": {"prob": 0.02722323049001815, "count": 15, "pos": [11, 39, 53, 67, 206, 218, 248, 256, 274, 302, 325, 409, 443, 472, 507]}, "corleon": {"prob": 0.003629764065335753, "count": 2, "pos": [12, 44]}, "a": {"prob": 0.043557168784029036, "count": 24, "pos": [13, 32, 46, 70, 95, 133, 140, 151, 157, 215, 276, 280, 322, 340, 350, 367, 380, 416, 427, 432, 439, 449, 489, 509]}, "22": {"prob": 0.0018148820326678765, "count": 1, "pos": [14]}, "year": {"prob": 0.0018148820326678765, "count": 1, "pos": [15]}, "old": {"prob": 0.0054446460980036296, "count": 3, "pos": [16, 286, 348]}, "virgin": {"prob": 0.0018148820326678765, "count": 1, "pos": [17]}, "play": {"prob": 0.0018148820326678765, "count": 1, "pos": [18]}, "pinbal": {"prob": 0.0054446460980036296, "count": 3, "pos": [19, 458, 510]}, "new": {"prob": 0.003629764065335753, "count": 2, "pos": [21, 29]}, "york": {"prob": 0.003629764065335753, "count": 2, "pos": [22, 30]}, "citi": {"prob": 0.0018148820326678765, "count": 1, "pos": [23]}, "scene": {"prob": 0.0018148820326678765, "count": 1, "pos": [25]}, "transcend": {"prob": 0.0018148820326678765, "count": 1, "pos": [26]}, "into": {"prob": 0.007259528130671506, "count": 4, "pos": [27, 456, 522, 529]}, "anim": {"prob": 0.0018148820326678765, "count": 1, "pos": [28]}, "ha": {"prob": 0.003629764065335753, "count": 2, "pos": [31, 144]}, "disea": {"prob": 0.0018148820326678765, "count": 1, "pos": [33]}, "rotten": {"prob": 0.0018148820326678765, "count": 1, "pos": [34]}, "tough": {"prob": 0.003629764065335753, "count": 2, "pos": [35, 141]}, "and": {"prob": 0.034482758620689655, "count": 19, "pos": [36, 61, 75, 155, 165, 207, 227, 249, 259, 310, 353, 403, 410, 435, 470, 494, 515, 526, 545]}, "violent": {"prob": 0.003629764065335753, "count": 2, "pos": [37, 119]}, "atmosph": {"prob": 0.0018148820326678765, "count": 1, "pos": [38]}, "italian": {"prob": 0.0018148820326678765, "count": 1, "pos": [40]}, "father": {"prob": 0.003629764065335753, "count": 2, "pos": [41, 238]}, "angelo": {"prob": 0.0018148820326678765, "count": 1, "pos": [42]}, "angi": {"prob": 0.0054446460980036296, "count": 3, "pos": [43, 358, 402]}, "is": {"prob": 0.010889292196007259, "count": 6, "pos": [45, 150, 219, 304, 392, 478]}, "struggl": {"prob": 0.0018148820326678765, "count": 1, "pos": [47]}, "mafioso": {"prob": 0.0018148820326678765, "count": 1, "pos": [48]}, "who": {"prob": 0.0054446460980036296, "count": 3, "pos": [49, 143, 293]}, "frequent": {"prob": 0.0018148820326678765, "count": 1, "pos": [50]}, "cheat": {"prob": 0.0018148820326678765, "count": 1, "pos": [51]}, "on": {"prob": 0.009074410163339383, "count": 5, "pos": [52, 145, 221, 289, 371]}, "jewish": {"prob": 0.0018148820326678765, "count": 1, "pos": [54]}, "mother": {"prob": 0.0018148820326678765, "count": 1, "pos": [55]}, "ida": {"prob": 0.0018148820326678765, "count": 1, "pos": [56]}, "coupl": {"prob": 0.0018148820326678765, "count": 1, "pos": [58]}, "constant": {"prob": 0.0018148820326678765, "count": 1, "pos": [59]}, "bicker": {"prob": 0.0018148820326678765, "count": 1, "pos": [60]}, "tri": {"prob": 0.009074410163339383, "count": 5, "pos": [62, 260, 318, 330, 359]}, "kill": {"prob": 0.0018148820326678765, "count": 1, "pos": [64]}, "each": {"prob": 0.003629764065335753, "count": 2, "pos": [65, 542]}, "other": {"prob": 0.003629764065335753, "count": 2, "pos": [66, 543]}, "ambl": {"prob": 0.0018148820326678765, "count": 1, "pos": [68]}, "through": {"prob": 0.003629764065335753, "count": 2, "pos": [69, 481]}, "catalog": {"prob": 0.0018148820326678765, "count": 1, "pos": [71]}, "of": {"prob": 0.019963702359346643, "count": 11, "pos": [72, 87, 113, 124, 230, 246, 255, 343, 418, 426, 491]}, "freak": {"prob": 0.0018148820326678765, "count": 1, "pos": [73]}, "greaser": {"prob": 0.0018148820326678765, "count": 1, "pos": [74]}, "doper": {"prob": 0.0018148820326678765, "count": 1, "pos": [76]}, "unemploy": {"prob": 0.0018148820326678765, "count": 1, "pos": [77]}, "he": {"prob": 0.007259528130671506, "count": 4, "pos": [78, 90, 99, 311]}, "dabbl": {"prob": 0.0018148820326678765, "count": 1, "pos": [79]}, "with": {"prob": 0.016333938294010888, "count": 9, "pos": [80, 177, 197, 205, 401, 421, 431, 448, 460]}, "cartoon": {"prob": 0.0018148820326678765, "count": 1, "pos": [81]}, "artist": {"prob": 0.0018148820326678765, "count": 1, "pos": [82]}, "feed": {"prob": 0.0018148820326678765, "count": 1, "pos": [83]}, "off": {"prob": 0.003629764065335753, "count": 2, "pos": [84, 334]}, "grubbi": {"prob": 0.0018148820326678765, "count": 1, "pos": [86]}, "hi": {"prob": 0.012704174228675136, "count": 7, "pos": [88, 189, 237, 290, 362, 372, 482]}, "environ": {"prob": 0.0018148820326678765, "count": 1, "pos": [89]}, "regular": {"prob": 0.003629764065335753, "count": 2, "pos": [91, 126]}, "hang": {"prob": 0.0018148820326678765, "count": 1, "pos": [92]}, "at": {"prob": 0.0054446460980036296, "count": 3, "pos": [94, 128, 188]}, "local": {"prob": 0.0018148820326678765, "count": 1, "pos": [96]}, "bar": {"prob": 0.0054446460980036296, "count": 3, "pos": [97, 130, 167]}, "where": {"prob": 0.003629764065335753, "count": 2, "pos": [98, 442]}, "get": {"prob": 0.010889292196007259, "count": 6, "pos": [100, 136, 195, 275, 355, 419]}, "free": {"prob": 0.0018148820326678765, "count": 1, "pos": [101]}, "drink": {"prob": 0.0018148820326678765, "count": 1, "pos": [102]}, "from": {"prob": 0.0018148820326678765, "count": 1, "pos": [103]}, "femal": {"prob": 0.0018148820326678765, "count": 1, "pos": [105]}, "black": {"prob": 0.003629764065335753, "count": 2, "pos": [106, 381]}, "bartend": {"prob": 0.0018148820326678765, "count": 1, "pos": [107]}, "carol": {"prob": 0.023593466424682397, "count": 13, "pos": [108, 118, 172, 180, 186, 199, 250, 317, 354, 411, 422, 429, 525]}, "exchang": {"prob": 0.0018148820326678765, "count": 1, "pos": [110]}, "for": {"prob": 0.007259528130671506, "count": 4, "pos": [111, 214, 307, 374]}, "sketch": {"prob": 0.0018148820326678765, "count": 1, "pos": [112]}, "somewhat": {"prob": 0.0018148820326678765, "count": 1, "pos": [115]}, "annoy": {"prob": 0.0018148820326678765, "count": 1, "pos": [116]}, "shorti": {"prob": 0.014519056261343012, "count": 8, "pos": [117, 160, 182, 201, 247, 273, 397, 467]}, "legless": {"prob": 0.0018148820326678765, "count": 1, "pos": [120]}, "bouncer": {"prob": 0.0018148820326678765, "count": 1, "pos": [121]}, "devot": {"prob": 0.0018148820326678765, "count": 1, "pos": [122]}, "one": {"prob": 0.0018148820326678765, "count": 1, "pos": [123]}, "custom": {"prob": 0.0018148820326678765, "count": 1, "pos": [127]}, "name": {"prob": 0.0018148820326678765, "count": 1, "pos": [131]}, "snowflak": {"prob": 0.003629764065335753, "count": 2, "pos": [132, 149]}, "nymphomaniac": {"prob": 0.0018148820326678765, "count": 1, "pos": [134]}, "transvestit": {"prob": 0.0018148820326678765, "count": 1, "pos": [135]},