{"__total__": 292, "__name__": "doc_718_High_Fidelity.txt", "the": {"prob": 0.04452054794520548, "count": 13, "pos": [0, 20, 69, 86, 115, 130, 206, 221, 233, 250, 255, 270, 279]}, "film": {"prob": 0.003424657534246575, "count": 1, "pos": [1]}, "center": {"prob": 0.003424657534246575, "count": 1, "pos": [2]}, "on": {"prob": 0.00684931506849315, "count": 2, "pos": [3, 265]}, "rob": {"prob": 0.023972602739726026, "count": 7, "pos": [4, 75, 128, 187, 195, 208, 273]}, "gordon": {"prob": 0.003424657534246575, "count": 1, "pos": [5]}, "a": {"prob": 0.02054794520547945, "count": 6, "pos": [6, 125, 133, 149, 157, 247]}, "self": {"prob": 0.003424657534246575, "count": 1, "pos": [7]}, "confess": {"prob": 0.003424657534246575, "count": 1, "pos": [8]}, "music": {"prob": 0.0136986301369863, "count": 4, "pos": [9, 80, 87, 103]}, "geek": {"prob": 0.003424657534246575, "count": 1, "pos": [10]}, "whose": {"prob": 0.003424657534246575, "count": 1, "pos": [11]}, "flair": {"prob": 0.003424657534246575, "count": 1, "pos": [12]}, "for": {"prob": 0.02054794520547945, "count": 6, "pos": [13, 19, 109, 136, 174, 290]}, "understand": {"prob": 0.003424657534246575, "count": 1, "pos": [14]}, "women": {"prob": 0.003424657534246575, "count": 1, "pos": [15]}, "is": {"prob": 0.010273972602739725, "count": 3, "pos": [16, 267, 286]}, "over": {"prob": 0.00684931506849315, "count": 2, "pos": [17, 68]}, "par": {"prob": 0.003424657534246575, "count": 1, "pos": [18]}, "cour": {"prob": 0.003424657534246575, "count": 1, "pos": [21]}, "after": {"prob": 0.00684931506849315, "count": 2, "pos": [22, 205]}, "get": {"prob": 0.00684931506849315, "count": 2, "pos": [23, 263]}, "dump": {"prob": 0.003424657534246575, "count": 1, "pos": [24]}, "by": {"prob": 0.00684931506849315, "count": 2, "pos": [25, 254]}, "hi": {"prob": 0.04452054794520548, "count": 13, "pos": [26, 37, 52, 56, 59, 77, 161, 169, 175, 181, 200, 229, 275]}, "current": {"prob": 0.003424657534246575, "count": 1, "pos": [27]}, "girlfriend": {"prob": 0.00684931506849315, "count": 2, "pos": [28, 177]}, "laura": {"prob": 0.023972602739726026, "count": 7, "pos": [29, 178, 191, 203, 214, 238, 291]}, "he": {"prob": 0.03767123287671233, "count": 11, "pos": [30, 47, 54, 65, 91, 146, 172, 210, 227, 236, 285]}, "decid": {"prob": 0.003424657534246575, "count": 1, "pos": [31]}, "to": {"prob": 0.02054794520547945, "count": 6, "pos": [32, 43, 93, 148, 183, 213]}, "look": {"prob": 0.003424657534246575, "count": 1, "pos": [33]}, "up": {"prob": 0.003424657534246575, "count": 1, "pos": [34]}, "some": {"prob": 0.003424657534246575, "count": 1, "pos": [35]}, "of": {"prob": 0.017123287671232876, "count": 5, "pos": [36, 79, 100, 117, 249]}, "old": {"prob": 0.003424657534246575, "count": 1, "pos": [38]}, "flame": {"prob": 0.003424657534246575, "count": 1, "pos": [39]}, "in": {"prob": 0.02054794520547945, "count": 6, "pos": [40, 51, 76, 232, 241, 269]}, "an": {"prob": 0.00684931506849315, "count": 2, "pos": [41, 97]}, "attempt": {"prob": 0.003424657534246575, "count": 1, "pos": [42]}, "figur": {"prob": 0.003424657534246575, "count": 1, "pos": [44]}, "out": {"prob": 0.00684931506849315, "count": 2, "pos": [45, 220]}, "what": {"prob": 0.003424657534246575, "count": 1, "pos": [46]}, "keep": {"prob": 0.003424657534246575, "count": 1, "pos": [48]}, "do": {"prob": 0.003424657534246575, "count": 1, "pos": [49]}, "wrong": {"prob": 0.003424657534246575, "count": 1, "pos": [50]}, "relationship": {"prob": 0.003424657534246575, "count": 1, "pos": [53]}, "spend": {"prob": 0.003424657534246575, "count": 1, "pos": [55]}, "day": {"prob": 0.00684931506849315, "count": 2, "pos": [57, 145]}, "at": {"prob": 0.003424657534246575, "count": 1, "pos": [58]}, "record": {"prob": 0.017123287671232876, "count": 5, "pos": [60, 127, 150, 158, 167]}, "store": {"prob": 0.003424657534246575, "count": 1, "pos": [61]}, "championship": {"prob": 0.003424657534246575, "count": 1, "pos": [62]}, "vinyl": {"prob": 0.003424657534246575, "count": 1, "pos": [63]}, "where": {"prob": 0.00684931506849315, "count": 2, "pos": [64, 258]}, "hold": {"prob": 0.003424657534246575, "count": 1, "pos": [66]}, "court": {"prob": 0.003424657534246575, "count": 1, "pos": [67]}, "custom": {"prob": 0.00684931506849315, "count": 2, "pos": [70, 119]}, "that": {"prob": 0.0136986301369863, "count": 4, "pos": [71, 151, 190, 284]}, "drift": {"prob": 0.003424657534246575, "count": 1, "pos": [72]}, "through": {"prob": 0.003424657534246575, "count": 1, "pos": [73]}, "help": {"prob": 0.003424657534246575, "count": 1, "pos": [74]}, "task": {"prob": 0.003424657534246575, "count": 1, "pos": [78]}, "elit": {"prob": 0.003424657534246575, "count": 1, "pos": [81]}, "are": {"prob": 0.003424657534246575, "count": 1, "pos": [82]}, "dick": {"prob": 0.003424657534246575, "count": 1, "pos": [83]}, "and": {"prob": 0.0410958904109589, "count": 12, "pos": [84, 120, 129, 142, 154, 179, 198, 215, 237, 244, 266, 282]}, "barri": {"prob": 0.00684931506849315, "count": 2, "pos": [85, 259]}, "moron": {"prob": 0.003424657534246575, "count": 1, "pos": [88]}, "twin": {"prob": 0.003424657534246575, "count": 1, "pos": [89]}, "as": {"prob": 0.003424657534246575, "count": 1, "pos": [90]}, "refer": {"prob": 0.003424657534246575, "count": 1, "pos": [92]}, "them": {"prob": 0.00684931506849315, "count": 2, "pos": [94, 156]}, "arm": {"prob": 0.003424657534246575, "count": 1, "pos": [95]}, "with": {"prob": 0.00684931506849315, "count": 2, "pos": [96, 202]}, "encyclop": {"prob": 0.003424657534246575, "count": 1, "pos": [98]}, "knowledg": {"prob": 0.003424657534246575, "count": 1, "pos": [99]}, "all": {"prob": 0.003424657534246575, "count": 1, "pos": [101]}, "thing": {"prob": 0.003424657534246575, "count": 1, "pos": [102]}, "they": {"prob": 0.00684931506849315, "count": 2, "pos": [104, 152]}, "compil": {"prob": 0.003424657534246575, "count": 1, "pos": [105]}, "top": {"prob": 0.00684931506849315, "count": 2, "pos": [106, 165]}, "five": {"prob": 0.003424657534246575, "count": 1, "pos": [107]}, "list": {"prob": 0.003424657534246575, "count": 1, "pos": [108]}, "everi": {"prob": 0.00684931506849315, "count": 2, "pos": [110, 121]}, "conceiv": {"prob": 0.003424657534246575, "count": 1, "pos": [111]}, "occa": {"prob": 0.003424657534246575, "count": 1, "pos": [112]}, "open": {"prob": 0.003424657534246575, "count": 1, "pos": [113]}, "mock": {"prob": 0.003424657534246575, "count": 1, "pos": [114]}, "ignor": {"prob": 0.003424657534246575, "count": 1, "pos": [116]}, "their": {"prob": 0.003424657534246575, "count": 1, "pos": [118]}, "so": {"prob": 0.003424657534246575, "count": 1, "pos": [122]}, "often": {"prob": 0.003424657534246575, "count": 1, "pos": [123]}, "sell": {"prob": 0.003424657534246575, "count": 1, "pos": [124]}, "few": {"prob": 0.003424657534246575, "count": 1, "pos": [126]}, "staff": {"prob": 0.003424657534246575, "count": 1, "pos": [131]}, "have": {"prob": 0.003424657534246575, "count": 1, "pos": [132]}, "strong": {"prob": 0.003424657534246575, "count": 1, "pos": [134]}, "dislik": {"prob": 0.003424657534246575, "count": 1, "pos": [135]}, "two": {"prob": 0.00684931506849315, "count": 2, "pos": [137, 256]}, "shoplift": {"prob": 0.003424657534246575, "count": 1, "pos": [138]}, "skateboard": {"prob": 0.003424657534246575, "count": 1, "pos": [139]}, "teenag": {"prob": 0.003424657534246575, "count": 1, "pos": [140]}, "vinc": {"prob": 0.003424657534246575, "count": 1, "pos": [141]}, "justin": {"prob": 0.003424657534246575, "count": 1, "pos": [143]}, "one": {"prob": 0.010273972602739725, "count": 3, "pos": [144, 218, 289]}, "listen": {"prob": 0.003424657534246575, "count": 1, "pos": [147]}, "did": {"prob": 0.003424657534246575, "count": 1, "pos": [153]}, "offer": {"prob": 0.003424657534246575, "count": 1, "pos": [155]}, "deal": {"prob": 0.003424657534246575, "count": 1, "pos": [159]}, "start": {"prob": 0.003424657534246575, "count": 1, "pos": [160]}, "own": {"prob": 0.00684931506849315, "count": 2, "pos": [162, 230]}, "label": {"prob": 0.003424657534246575, "count": 1,