{"__total__": 369, "__name__": "doc_719_High_Noon.txt", "will": {"prob": 0.008130081300813009, "count": 3, "pos": [0, 111, 178]}, "kane": {"prob": 0.04607046070460705, "count": 17, "pos": [1, 39, 75, 100, 122, 149, 158, 170, 217, 227, 250, 269, 275, 330, 340, 345, 354]}, "the": {"prob": 0.06233062330623306, "count": 23, "pos": [2, 30, 49, 82, 98, 109, 120, 131, 155, 206, 213, 224, 230, 240, 267, 271, 280, 288, 297, 306, 332, 351, 361]}, "longtim": {"prob": 0.0027100271002710027, "count": 1, "pos": [3]}, "marshal": {"prob": 0.008130081300813009, "count": 3, "pos": [4, 157, 358]}, "of": {"prob": 0.01084010840108401, "count": 4, "pos": [5, 175, 279, 308]}, "hadleyvil": {"prob": 0.0027100271002710027, "count": 1, "pos": [6]}, "new": {"prob": 0.005420054200542005, "count": 2, "pos": [7, 156]}, "mexico": {"prob": 0.0027100271002710027, "count": 1, "pos": [8]}, "territori": {"prob": 0.0027100271002710027, "count": 1, "pos": [9]}, "ha": {"prob": 0.0027100271002710027, "count": 1, "pos": [10]}, "just": {"prob": 0.0027100271002710027, "count": 1, "pos": [11]}, "marri": {"prob": 0.0027100271002710027, "count": 1, "pos": [12]}, "pacifist": {"prob": 0.0027100271002710027, "count": 1, "pos": [13]}, "quaker": {"prob": 0.0027100271002710027, "count": 1, "pos": [14]}, "ami": {"prob": 0.016260162601626018, "count": 6, "pos": [15, 196, 294, 300, 310, 335]}, "fowler": {"prob": 0.0027100271002710027, "count": 1, "pos": [16]}, "and": {"prob": 0.02710027100271003, "count": 10, "pos": [17, 76, 101, 115, 129, 171, 191, 293, 344, 363]}, "turn": {"prob": 0.005420054200542005, "count": 2, "pos": [18, 123]}, "in": {"prob": 0.016260162601626018, "count": 6, "pos": [19, 66, 81, 266, 287, 360]}, "hi": {"prob": 0.018970189701897018, "count": 7, "pos": [20, 88, 102, 127, 143, 357, 367]}, "badg": {"prob": 0.005420054200542005, "count": 2, "pos": [21, 128]}, "he": {"prob": 0.02168021680216802, "count": 8, "pos": [22, 68, 125, 183, 252, 258, 262, 283]}, "intend": {"prob": 0.0027100271002710027, "count": 1, "pos": [23]}, "to": {"prob": 0.037940379403794036, "count": 14, "pos": [24, 41, 46, 56, 71, 119, 160, 180, 193, 218, 237, 247, 254, 328]}, "becom": {"prob": 0.0027100271002710027, "count": 1, "pos": [25]}, "a": {"prob": 0.01084010840108401, "count": 4, "pos": [26, 37, 117, 341]}, "storekeep": {"prob": 0.0027100271002710027, "count": 1, "pos": [27]}, "elsewh": {"prob": 0.0027100271002710027, "count": 1, "pos": [28]}, "sudden": {"prob": 0.005420054200542005, "count": 2, "pos": [29, 336]}, "town": {"prob": 0.013550135501355014, "count": 5, "pos": [31, 105, 132, 195, 365]}, "learn": {"prob": 0.0027100271002710027, "count": 1, "pos": [32]}, "that": {"prob": 0.008130081300813009, "count": 3, "pos": [33, 108, 221]}, "frank": {"prob": 0.013550135501355014, "count": 5, "pos": [34, 166, 323, 338, 347]}, "miller": {"prob": 0.016260162601626018, "count": 6, "pos": [35, 52, 84, 177, 272, 348]}, "mdash": {"prob": 0.005420054200542005, "count": 2, "pos": [36, 43]}, "crimin": {"prob": 0.0027100271002710027, "count": 1, "pos": [38]}, "brought": {"prob": 0.0027100271002710027, "count": 1, "pos": [40]}, "justic": {"prob": 0.0027100271002710027, "count": 1, "pos": [42]}, "is": {"prob": 0.01084010840108401, "count": 4, "pos": [44, 203, 263, 285]}, "due": {"prob": 0.0027100271002710027, "count": 1, "pos": [45]}, "arriv": {"prob": 0.0027100271002710027, "count": 1, "pos": [47]}, "on": {"prob": 0.01084010840108401, "count": 4, "pos": [48, 61, 74, 205]}, "noon": {"prob": 0.005420054200542005, "count": 2, "pos": [50, 207]}, "train": {"prob": 0.008130081300813009, "count": 3, "pos": [51, 208, 298]}, "had": {"prob": 0.005420054200542005, "count": 2, "pos": [53, 69]}, "been": {"prob": 0.0027100271002710027, "count": 1, "pos": [54]}, "sentenc": {"prob": 0.0027100271002710027, "count": 1, "pos": [55]}, "hang": {"prob": 0.0027100271002710027, "count": 1, "pos": [57]}, "but": {"prob": 0.01084010840108401, "count": 4, "pos": [58, 106, 257, 299]}, "wa": {"prob": 0.0027100271002710027, "count": 1, "pos": [59]}, "pardon": {"prob": 0.0027100271002710027, "count": 1, "pos": [60]}, "an": {"prob": 0.005420054200542005, "count": 2, "pos": [62, 200]}, "unspecifi": {"prob": 0.0027100271002710027, "count": 1, "pos": [63]}, "legal": {"prob": 0.0027100271002710027, "count": 1, "pos": [64]}, "technic": {"prob": 0.0027100271002710027, "count": 1, "pos": [65]}, "court": {"prob": 0.0027100271002710027, "count": 1, "pos": [67]}, "vow": {"prob": 0.0027100271002710027, "count": 1, "pos": [70]}, "get": {"prob": 0.005420054200542005, "count": 2, "pos": [72, 301]}, "reveng": {"prob": 0.0027100271002710027, "count": 1, "pos": [73]}, "anyon": {"prob": 0.0027100271002710027, "count": 1, "pos": [77]}, "el": {"prob": 0.0027100271002710027, "count": 1, "pos": [78]}, "who": {"prob": 0.0027100271002710027, "count": 1, "pos": [79]}, "got": {"prob": 0.0027100271002710027, "count": 1, "pos": [80]}, "way": {"prob": 0.0027100271002710027, "count": 1, "pos": [83]}, "three": {"prob": 0.0027100271002710027, "count": 1, "pos": [85]}, "gang": {"prob": 0.01084010840108401, "count": 4, "pos": [86, 110, 273, 281]}, "member": {"prob": 0.0027100271002710027, "count": 1, "pos": [87]}, "younger": {"prob": 0.0027100271002710027, "count": 1, "pos": [89]}, "brother": {"prob": 0.0027100271002710027, "count": 1, "pos": [90]}, "ben": {"prob": 0.0027100271002710027, "count": 1, "pos": [91]}, "jack": {"prob": 0.0027100271002710027, "count": 1, "pos": [92]}, "colbi": {"prob": 0.0027100271002710027, "count": 1, "pos": [93]}, "wait": {"prob": 0.0027100271002710027, "count": 1, "pos": [94]}, "for": {"prob": 0.005420054200542005, "count": 2, "pos": [95, 133]}, "him": {"prob": 0.01084010840108401, "count": 4, "pos": [96, 113, 153, 212]}, "at": {"prob": 0.005420054200542005, "count": 2, "pos": [97, 233]}, "station": {"prob": 0.0027100271002710027, "count": 1, "pos": [99]}, "wife": {"prob": 0.005420054200542005, "count": 2, "pos": [103, 368]}, "leav": {"prob": 0.013550135501355014, "count": 5, "pos": [104, 194, 204, 219, 364]}, "fear": {"prob": 0.0027100271002710027, "count": 1, "pos": [107]}, "hunt": {"prob": 0.0027100271002710027, "count": 1, "pos": [112]}, "down": {"prob": 0.005420054200542005, "count": 2, "pos": [114, 277]}, "be": {"prob": 0.0027100271002710027, "count": 1, "pos": [116]}, "danger": {"prob": 0.0027100271002710027, "count": 1, "pos": [118]}, "townspeopl": {"prob": 0.008130081300813009, "count": 3, "pos": [121, 215, 352]}, "back": {"prob": 0.0027100271002710027, "count": 1, "pos": [124]}, "reclaim": {"prob": 0.0027100271002710027, "count": 1, "pos": [126]}, "scour": {"prob": 0.0027100271002710027, "count": 1, "pos": [130]}, "help": {"prob": 0.0027100271002710027, "count": 1, "pos": [134]}, "even": {"prob": 0.005420054200542005, "count": 2, "pos": [135, 226]}, "interrupt": {"prob": 0.0027100271002710027, "count": 1, "pos": [136]}, "sunday": {"prob": 0.0027100271002710027, "count": 1, "pos": [137]}, "church": {"prob": 0.0027100271002710027, "count": 1, "pos": [138]}, "servic": {"prob": 0.0027100271002710027, "count": 1, "pos": [139]}, "with": {"prob": 0.013550135501355014, "count": 5, "pos": [140, 209, 239, 249, 366]}, "littl": {"prob": 0.0027100271002710027, "count": 1, "pos": [141]}, "success": {"prob": 0.0027100271002710027, "count": 1, "pos": [142]}, "deputi": {"prob": 0.0027100271002710027, "count": 1, "pos": [144]}, "harvey": {"prob": 0.005420054200542005, "count": 2, "pos": [145, 173]}, "pell": {"prob": 0.0027100271002710027, "count": 1, "pos": [146]}, "resign": {"prob": 0.0027100271002710027, "count": 1, "pos": [147]}, "becaus": {"prob": 0.0027100271002710027, "count": 1, "pos": [148]}, "did": {"prob": 0.0027100271002710027, "count": 1, "pos": [150]}, "not": {"prob": 0.005420054200542005, "count": 2, "pos": [151, 264]}, "recommend": {"prob": 0.0027100271002710027, "count": 1, "pos": [152]}, "as": {"prob": 0.005420054200542005, "count": 2, "pos": [154, 350]}, "goe": {"prob": 0.0027100271002710027, "count": 1, "pos": [159]},