{"__total__": 210, "__name__": "doc_723_Hilary_and_Jackie.txt", "the": {"prob": 0.08095238095238096, "count": 17, "pos": [0, 7, 17, 40, 45, 80, 92, 98, 108, 111, 129, 143, 147, 152, 180, 188, 205]}, "film": {"prob": 0.014285714285714285, "count": 3, "pos": [1, 99, 181]}, "is": {"prob": 0.014285714285714285, "count": 3, "pos": [2, 105, 160]}, "divid": {"prob": 0.004761904761904762, "count": 1, "pos": [3]}, "into": {"prob": 0.004761904761904762, "count": 1, "pos": [4]}, "two": {"prob": 0.009523809523809525, "count": 2, "pos": [5, 112]}, "section": {"prob": 0.004761904761904762, "count": 1, "pos": [6]}, "first": {"prob": 0.009523809523809525, "count": 2, "pos": [8, 56]}, "tell": {"prob": 0.004761904761904762, "count": 1, "pos": [9]}, "event": {"prob": 0.004761904761904762, "count": 1, "pos": [10]}, "from": {"prob": 0.009523809523809525, "count": 2, "pos": [11, 19]}, "hilari": {"prob": 0.023809523809523808, "count": 5, "pos": [12, 24, 48, 78, 133]}, "point": {"prob": 0.004761904761904762, "count": 1, "pos": [13]}, "of": {"prob": 0.02857142857142857, "count": 6, "pos": [14, 94, 131, 146, 156, 167]}, "view": {"prob": 0.004761904761904762, "count": 1, "pos": [15]}, "and": {"prob": 0.05238095238095238, "count": 11, "pos": [16, 25, 36, 44, 73, 88, 114, 127, 175, 177, 200]}, "second": {"prob": 0.004761904761904762, "count": 1, "pos": [18]}, "jacki": {"prob": 0.01904761904761905, "count": 4, "pos": [20, 26, 43, 49]}, "it": {"prob": 0.004761904761904762, "count": 1, "pos": [21]}, "open": {"prob": 0.004761904761904762, "count": 1, "pos": [22]}, "with": {"prob": 0.01904761904761905, "count": 4, "pos": [23, 140, 162, 183]}, "as": {"prob": 0.014285714285714285, "count": 3, "pos": [27, 195, 207]}, "children": {"prob": 0.004761904761904762, "count": 1, "pos": [28]}, "be": {"prob": 0.004761904761904762, "count": 1, "pos": [29]}, "taught": {"prob": 0.004761904761904762, "count": 1, "pos": [30]}, "by": {"prob": 0.004761904761904762, "count": 1, "pos": [31]}, "their": {"prob": 0.009523809523809525, "count": 2, "pos": [32, 115]}, "mother": {"prob": 0.004761904761904762, "count": 1, "pos": [33]}, "to": {"prob": 0.03333333333333333, "count": 7, "pos": [34, 67, 71, 117, 120, 135, 193]}, "danc": {"prob": 0.004761904761904762, "count": 1, "pos": [35]}, "play": {"prob": 0.014285714285714285, "count": 3, "pos": [37, 83, 194]}, "music": {"prob": 0.004761904761904762, "count": 1, "pos": [38]}, "instrument": {"prob": 0.004761904761904762, "count": 1, "pos": [39]}, "cello": {"prob": 0.004761904761904762, "count": 1, "pos": [41]}, "for": {"prob": 0.009523809523809525, "count": 2, "pos": [42, 47]}, "flute": {"prob": 0.004761904761904762, "count": 1, "pos": [46]}, "doe": {"prob": 0.009523809523809525, "count": 2, "pos": [50, 60]}, "not": {"prob": 0.004761904761904762, "count": 1, "pos": [51]}, "take": {"prob": 0.004761904761904762, "count": 1, "pos": [52]}, "practi": {"prob": 0.004761904761904762, "count": 1, "pos": [53]}, "serious": {"prob": 0.004761904761904762, "count": 1, "pos": [54]}, "at": {"prob": 0.004761904761904762, "count": 1, "pos": [55]}, "but": {"prob": 0.004761904761904762, "count": 1, "pos": [57]}, "when": {"prob": 0.004761904761904762, "count": 1, "pos": [58]}, "she": {"prob": 0.01904761904761905, "count": 4, "pos": [59, 61, 159, 191]}, "becom": {"prob": 0.009523809523809525, "count": 2, "pos": [62, 171]}, "a": {"prob": 0.01904761904761905, "count": 4, "pos": [63, 85, 124, 196]}, "virtuoso": {"prob": 0.004761904761904762, "count": 1, "pos": [64]}, "quick": {"prob": 0.004761904761904762, "count": 1, "pos": [65]}, "rise": {"prob": 0.004761904761904762, "count": 1, "pos": [66]}, "intern": {"prob": 0.004761904761904762, "count": 1, "pos": [68]}, "promin": {"prob": 0.004761904761904762, "count": 1, "pos": [69]}, "marriag": {"prob": 0.004761904761904762, "count": 1, "pos": [70]}, "pianist": {"prob": 0.004761904761904762, "count": 1, "pos": [72]}, "conductor": {"prob": 0.004761904761904762, "count": 1, "pos": [74]}, "daniel": {"prob": 0.004761904761904762, "count": 1, "pos": [75]}, "barenboim": {"prob": 0.004761904761904762, "count": 1, "pos": [76]}, "follow": {"prob": 0.004761904761904762, "count": 1, "pos": [77]}, "on": {"prob": 0.014285714285714285, "count": 3, "pos": [79, 103, 187]}, "other": {"prob": 0.004761904761904762, "count": 1, "pos": [81]}, "hand": {"prob": 0.004761904761904762, "count": 1, "pos": [82]}, "in": {"prob": 0.01904761904761905, "count": 4, "pos": [84, 128, 150, 204]}, "commun": {"prob": 0.004761904761904762, "count": 1, "pos": [86]}, "orchestra": {"prob": 0.004761904761904762, "count": 1, "pos": [87]}, "marri": {"prob": 0.004761904761904762, "count": 1, "pos": [89]}, "christoph": {"prob": 0.004761904761904762, "count": 1, "pos": [90]}, "finzi": {"prob": 0.009523809523809525, "count": 2, "pos": [91, 97]}, "son": {"prob": 0.004761904761904762, "count": 1, "pos": [93]}, "compo": {"prob": 0.004761904761904762, "count": 1, "pos": [95]}, "gerald": {"prob": 0.004761904761904762, "count": 1, "pos": [96]}, "though": {"prob": 0.004761904761904762, "count": 1, "pos": [100]}, "focus": {"prob": 0.004761904761904762, "count": 1, "pos": [101]}, "primarili": {"prob": 0.004761904761904762, "count": 1, "pos": [102]}, "jacquelin": {"prob": 0.023809523809523808, "count": 5, "pos": [104, 122, 136, 157, 184]}, "ultim": {"prob": 0.004761904761904762, "count": 1, "pos": [106]}, "about": {"prob": 0.004761904761904762, "count": 1, "pos": [107]}, "relationship": {"prob": 0.004761904761904762, "count": 1, "pos": [109]}, "between": {"prob": 0.004761904761904762, "count": 1, "pos": [110]}, "sister": {"prob": 0.009523809523809525, "count": 2, "pos": [113, 202]}, "dedic": {"prob": 0.004761904761904762, "count": 1, "pos": [116]}, "one": {"prob": 0.004761904761904762, "count": 1, "pos": [118]}, "anoth": {"prob": 0.004761904761904762, "count": 1, "pos": [119]}, "help": {"prob": 0.004761904761904762, "count": 1, "pos": [121]}, "through": {"prob": 0.004761904761904762, "count": 1, "pos": [123]}, "nervou": {"prob": 0.009523809523809525, "count": 2, "pos": [125, 169]}, "breakdown": {"prob": 0.004761904761904762, "count": 1, "pos": [126]}, "interest": {"prob": 0.004761904761904762, "count": 1, "pos": [130]}, "therapi": {"prob": 0.004761904761904762, "count": 1, "pos": [132]}, "consent": {"prob": 0.004761904761904762, "count": 1, "pos": [134]}, "have": {"prob": 0.004761904761904762, "count": 1, "pos": [137]}, "an": {"prob": 0.004761904761904762, "count": 1, "pos": [138]}, "affair": {"prob": 0.004761904761904762, "count": 1, "pos": [139]}, "her": {"prob": 0.014285714285714285, "count": 3, "pos": [141, 168, 201]}, "husband": {"prob": 0.004761904761904762, "count": 1, "pos": [142]}, "last": {"prob": 0.009523809523809525, "count": 2, "pos": [144, 153]}, "quarter": {"prob": 0.004761904761904762, "count": 1, "pos": [145]}, "movi": {"prob": 0.004761904761904762, "count": 1, "pos": [148]}, "chronicl": {"prob": 0.004761904761904762, "count": 1, "pos": [149]}, "detail": {"prob": 0.004761904761904762, "count": 1, "pos": [151]}, "fifteen": {"prob": 0.004761904761904762, "count": 1, "pos": [154]}, "year": {"prob": 0.004761904761904762, "count": 1, "pos": [155]}, "life": {"prob": 0.004761904761904762, "count": 1, "pos": [158]}, "diagno": {"prob": 0.004761904761904762, "count": 1, "pos": [161]}, "multipl": {"prob": 0.004761904761904762, "count": 1, "pos": [163]}, "sclerosi": {"prob": 0.004761904761904762, "count": 1, "pos": [164]}, "lose": {"prob": 0.004761904761904762, "count": 1, "pos": [165]}, "control": {"prob": 0.004761904761904762, "count": 1, "pos": [166]}, "system": {"prob": 0.004761904761904762, "count": 1, "pos": [170]}, "paralyz": {"prob": 0.004761904761904762, "count": 1, "pos": [172]}, "goe": {"prob": 0.004761904761904762, "count": 1, "pos": [173]}, "deaf": {"prob": 0.004761904761904762, "count": 1, "pos": [174]}, "mute": {"prob": 0.004761904761904762, "count": 1, "pos": [176]}, "final": {"prob": 0.004761904761904762, "count": 1, "pos": [178]}, "die": {"prob": 0.004761904761904762, "count": 1,