{"__total__": 606, "__name__": "doc_728_Home_Alone.txt", "the": {"prob": 0.06765676567656766, "count": 41, "pos": [0, 20, 34, 57, 62, 72, 78, 83, 88, 94, 103, 134, 156, 172, 184, 187, 218, 221, 237, 276, 294, 307, 348, 360, 368, 374, 379, 383, 395, 401, 405, 414, 417, 427, 456, 475, 484, 493, 496, 541, 603]}, "mccallist": {"prob": 0.0033003300330033004, "count": 2, "pos": [1, 497]}, "famili": {"prob": 0.013201320132013201, "count": 8, "pos": [2, 68, 84, 104, 213, 466, 551, 581]}, "prepar": {"prob": 0.0016501650165016502, "count": 1, "pos": [3]}, "to": {"prob": 0.03135313531353135, "count": 19, "pos": [4, 56, 85, 92, 123, 132, 140, 195, 209, 319, 341, 378, 400, 413, 462, 503, 540, 561, 593]}, "spend": {"prob": 0.0016501650165016502, "count": 1, "pos": [5]}, "christma": {"prob": 0.0033003300330033004, "count": 2, "pos": [6, 240]}, "in": {"prob": 0.018151815181518153, "count": 11, "pos": [7, 15, 87, 115, 171, 269, 287, 313, 330, 366, 373]}, "pari": {"prob": 0.0049504950495049506, "count": 3, "pos": [8, 116, 502]}, "gather": {"prob": 0.0016501650165016502, "count": 1, "pos": [9]}, "at": {"prob": 0.0049504950495049506, "count": 3, "pos": [10, 566, 596]}, "peter": {"prob": 0.0033003300330033004, "count": 2, "pos": [11, 517]}, "and": {"prob": 0.056105610561056105, "count": 34, "pos": [12, 41, 81, 90, 102, 119, 137, 162, 217, 226, 245, 263, 281, 293, 315, 324, 353, 363, 385, 397, 419, 434, 442, 449, 459, 483, 489, 514, 523, 529, 543, 549, 568, 602]}, "kate": {"prob": 0.0033003300330033004, "count": 2, "pos": [13, 473]}, "home": {"prob": 0.00825082508250825, "count": 5, "pos": [14, 127, 352, 404, 445]}, "a": {"prob": 0.02145214521452145, "count": 13, "pos": [16, 74, 125, 159, 164, 259, 265, 270, 289, 333, 423, 439, 532]}, "suburb": {"prob": 0.0016501650165016502, "count": 1, "pos": [17]}, "of": {"prob": 0.02145214521452145, "count": 13, "pos": [18, 36, 61, 167, 186, 220, 278, 382, 394, 416, 486, 495, 534]}, "chicago": {"prob": 0.0049504950495049506, "count": 3, "pos": [19, 188, 504]}, "night": {"prob": 0.0049504950495049506, "count": 3, "pos": [21, 73, 255]}, "befor": {"prob": 0.0016501650165016502, "count": 1, "pos": [22]}, "their": {"prob": 0.0033003300330033004, "count": 2, "pos": [23, 29]}, "flight": {"prob": 0.0033003300330033004, "count": 2, "pos": [24, 126]}, "eight": {"prob": 0.0016501650165016502, "count": 1, "pos": [25]}, "year": {"prob": 0.0049504950495049506, "count": 3, "pos": [26, 215, 331]}, "old": {"prob": 0.0033003300330033004, "count": 2, "pos": [27, 203]}, "kevin": {"prob": 0.026402640264026403, "count": 16, "pos": [28, 98, 129, 242, 303, 338, 350, 376, 444, 453, 506, 528, 563, 569, 588, 599]}, "youngest": {"prob": 0.0016501650165016502, "count": 1, "pos": [30]}, "son": {"prob": 0.006600660066006601, "count": 4, "pos": [31, 326, 345, 548]}, "find": {"prob": 0.00825082508250825, "count": 5, "pos": [32, 133, 141, 180, 518]}, "himself": {"prob": 0.0033003300330033004, "count": 2, "pos": [33, 181]}, "subject": {"prob": 0.0016501650165016502, "count": 1, "pos": [35]}, "ridicul": {"prob": 0.0016501650165016502, "count": 1, "pos": [37]}, "from": {"prob": 0.0033003300330033004, "count": 2, "pos": [38, 501]}, "hi": {"prob": 0.0297029702970297, "count": 18, "pos": [39, 49, 67, 117, 143, 193, 199, 212, 252, 310, 325, 344, 465, 510, 547, 550, 556, 580]}, "sibl": {"prob": 0.0016501650165016502, "count": 1, "pos": [40]}, "cousin": {"prob": 0.0016501650165016502, "count": 1, "pos": [42]}, "after": {"prob": 0.01155115511551155, "count": 7, "pos": [43, 256, 332, 346, 367, 447, 492]}, "get": {"prob": 0.0033003300330033004, "count": 2, "pos": [44, 318]}, "into": {"prob": 0.0049504950495049506, "count": 3, "pos": [45, 232, 251]}, "an": {"prob": 0.0016501650165016502, "count": 1, "pos": [46]}, "argument": {"prob": 0.0033003300330033004, "count": 2, "pos": [47, 335]}, "with": {"prob": 0.01155115511551155, "count": 7, "pos": [48, 150, 258, 343, 438, 512, 579]}, "older": {"prob": 0.0016501650165016502, "count": 1, "pos": [50]}, "brother": {"prob": 0.0016501650165016502, "count": 1, "pos": [51]}, "buzz": {"prob": 0.00825082508250825, "count": 5, "pos": [52, 151, 176, 530, 582]}, "he": {"prob": 0.03135313531353135, "count": 19, "pos": [53, 65, 147, 179, 272, 282, 301, 304, 316, 323, 398, 411, 470, 480, 536, 553, 558, 564, 573]}, "is": {"prob": 0.0165016501650165, "count": 10, "pos": [54, 99, 138, 286, 305, 312, 460, 467, 527, 554]}, "sent": {"prob": 0.0016501650165016502, "count": 1, "pos": [55]}, "third": {"prob": 0.0016501650165016502, "count": 1, "pos": [58]}, "floor": {"prob": 0.0033003300330033004, "count": 2, "pos": [59, 381]}, "bedroom": {"prob": 0.0016501650165016502, "count": 1, "pos": [60]}, "hous": {"prob": 0.01485148514851485, "count": 9, "pos": [63, 135, 235, 253, 361, 375, 384, 396, 476]}, "where": {"prob": 0.0016501650165016502, "count": 1, "pos": [64]}, "wish": {"prob": 0.0033003300330033004, "count": 2, "pos": [66, 144]}, "would": {"prob": 0.0016501650165016502, "count": 1, "pos": [69]}, "disappear": {"prob": 0.0016501650165016502, "count": 1, "pos": [70]}, "dure": {"prob": 0.0016501650165016502, "count": 1, "pos": [71]}, "power": {"prob": 0.0016501650165016502, "count": 1, "pos": [75]}, "outag": {"prob": 0.0016501650165016502, "count": 1, "pos": [76]}, "reset": {"prob": 0.0016501650165016502, "count": 1, "pos": [77]}, "alarm": {"prob": 0.0016501650165016502, "count": 1, "pos": [79]}, "clock": {"prob": 0.0016501650165016502, "count": 1, "pos": [80]}, "caus": {"prob": 0.0016501650165016502, "count": 1, "pos": [82]}, "oversleep": {"prob": 0.0016501650165016502, "count": 1, "pos": [86]}, "confus": {"prob": 0.0016501650165016502, "count": 1, "pos": [89]}, "rush": {"prob": 0.0016501650165016502, "count": 1, "pos": [91]}, "reach": {"prob": 0.0016501650165016502, "count": 1, "pos": [93]}, "airport": {"prob": 0.0016501650165016502, "count": 1, "pos": [95]}, "on": {"prob": 0.01155115511551155, "count": 7, "pos": [96, 155, 197, 236, 239, 422, 426]}, "time": {"prob": 0.0016501650165016502, "count": 1, "pos": [97]}, "left": {"prob": 0.0016501650165016502, "count": 1, "pos": [100]}, "behind": {"prob": 0.0033003300330033004, "count": 2, "pos": [101, 432]}, "doe": {"prob": 0.0016501650165016502, "count": 1, "pos": [105]}, "not": {"prob": 0.0049504950495049506, "count": 3, "pos": [106, 299, 328]}, "realiz": {"prob": 0.0016501650165016502, "count": 1, "pos": [107]}, "it": {"prob": 0.0049504950495049506, "count": 3, "pos": [108, 314, 526]}, "until": {"prob": 0.0016501650165016502, "count": 1, "pos": [109]}, "they": {"prob": 0.0049504950495049506, "count": 3, "pos": [110, 336, 390]}, "are": {"prob": 0.006600660066006601, "count": 4, "pos": [111, 230, 298, 451]}, "alreadi": {"prob": 0.0016501650165016502, "count": 1, "pos": [112]}, "airborn": {"prob": 0.0016501650165016502, "count": 1, "pos": [113]}, "onc": {"prob": 0.0016501650165016502, "count": 1, "pos": [114]}, "mother": {"prob": 0.0016501650165016502, "count": 1, "pos": [118]}, "father": {"prob": 0.0016501650165016502, "count": 1, "pos": [120]}, "desper": {"prob": 0.0016501650165016502, "count": 1, "pos": [121]}, "tri": {"prob": 0.0016501650165016502, "count": 1, "pos": [122]}, "book": {"prob": 0.0016501650165016502, "count": 1, "pos": [124]}, "meanwhil": {"prob": 0.0016501650165016502, "count": 1, "pos": [128]}, "wake": {"prob": 0.0033003300330033004, "count": 2, "pos": [130, 454]}, "up": {"prob": 0.00825082508250825, "count": 5, "pos": [131, 355, 431, 455, 560]}, "empti": {"prob": 0.0016501650165016502, "count": 1, "pos": [136]}, "overjoy": {"prob": 0.0016501650165016502, "count": 1, "pos": [139]}, "that": {"prob": 0.006600660066006601, "count": 4, "pos": [142, 254, 284, 464]}, "came": {"prob": 0.0016501650165016502, "count": 1, "pos": [145]}, "true": {"prob": 0.0033003300330033004, "count": 2, "pos": [146, 300]}, "practi": {"prob": 0.0016501650165016502, "count": 1, "pos": [148]}, "shoot": {"prob": 0.0016501650165016502, "count": 1, "pos": [149]}, "bb": {"prob": 0.0016501650165016502, "count": 1,