{"__total__": 471, "__name__": "doc_730_Home_on_the_Range_2004.txt", "maggi": {"prob": 0.014861995753715499, "count": 7, "pos": [0, 23, 76, 135, 212, 256, 296]}, "is": {"prob": 0.01910828025477707, "count": 9, "pos": [1, 50, 144, 208, 273, 354, 409, 456, 465]}, "the": {"prob": 0.07218683651804671, "count": 34, "pos": [2, 7, 15, 40, 61, 71, 78, 82, 97, 113, 139, 150, 192, 224, 282, 318, 323, 350, 358, 361, 368, 375, 384, 405, 423, 427, 430, 433, 440, 443, 447, 450, 459, 468]}, "on": {"prob": 0.010615711252653927, "count": 5, "pos": [3, 6, 53, 81, 398]}, "cow": {"prob": 0.016985138004246284, "count": 8, "pos": [4, 80, 98, 152, 276, 385, 424, 444]}, "left": {"prob": 0.004246284501061571, "count": 2, "pos": [5, 302]}, "dixon": {"prob": 0.006369426751592357, "count": 3, "pos": [8, 18, 21]}, "ranch": {"prob": 0.0021231422505307855, "count": 1, "pos": [9]}, "after": {"prob": 0.006369426751592357, "count": 3, "pos": [10, 123, 379]}, "alamida": {"prob": 0.006369426751592357, "count": 3, "pos": [11, 124, 174]}, "slim": {"prob": 0.036093418259023353, "count": 17, "pos": [12, 125, 143, 175, 184, 205, 222, 289, 319, 325, 382, 387, 392, 414, 415, 454, 455]}, "stole": {"prob": 0.004246284501061571, "count": 2, "pos": [13, 378]}, "all": {"prob": 0.006369426751592357, "count": 3, "pos": [14, 191, 332]}, "rest": {"prob": 0.004246284501061571, "count": 2, "pos": [16, 130]}, "of": {"prob": 0.01910828025477707, "count": 9, "pos": [17, 38, 145, 161, 171, 179, 360, 429, 463]}, "cattl": {"prob": 0.008492569002123142, "count": 4, "pos": [19, 193, 333, 376]}, "mr": {"prob": 0.010615711252653927, "count": 5, "pos": [20, 214, 259, 299, 364]}, "sell": {"prob": 0.004246284501061571, "count": 2, "pos": [22, 374]}, "to": {"prob": 0.050955414012738856, "count": 24, "pos": [24, 44, 59, 70, 84, 86, 88, 121, 153, 155, 158, 200, 210, 217, 231, 270, 281, 287, 292, 317, 381, 411, 438, 449]}, "pearl": {"prob": 0.006369426751592357, "count": 3, "pos": [25, 46, 55]}, "a": {"prob": 0.025477707006369428, "count": 12, "pos": [26, 33, 94, 102, 108, 118, 168, 186, 195, 229, 307, 399]}, "kind": {"prob": 0.0021231422505307855, "count": 1, "pos": [27]}, "and": {"prob": 0.027600849256900213, "count": 13, "pos": [28, 111, 203, 213, 234, 258, 264, 277, 298, 394, 421, 452, 461]}, "elder": {"prob": 0.0021231422505307855, "count": 1, "pos": [29]}, "woman": {"prob": 0.0021231422505307855, "count": 1, "pos": [30]}, "that": {"prob": 0.012738853503184714, "count": 6, "pos": [31, 47, 138, 163, 197, 327]}, "run": {"prob": 0.004246284501061571, "count": 2, "pos": [32, 389]}, "small": {"prob": 0.0021231422505307855, "count": 1, "pos": [34]}, "farm": {"prob": 0.008492569002123142, "count": 4, "pos": [35, 66, 83, 451]}, "call": {"prob": 0.0021231422505307855, "count": 1, "pos": [36]}, "patch": {"prob": 0.006369426751592357, "count": 3, "pos": [37, 160, 462]}, "heaven": {"prob": 0.006369426751592357, "count": 3, "pos": [39, 162, 464]}, "local": {"prob": 0.0021231422505307855, "count": 1, "pos": [41]}, "sheriff": {"prob": 0.004246284501061571, "count": 2, "pos": [42, 283]}, "arriv": {"prob": 0.008492569002123142, "count": 4, "pos": [43, 380, 403, 445]}, "tell": {"prob": 0.0021231422505307855, "count": 1, "pos": [45]}, "her": {"prob": 0.004246284501061571, "count": 2, "pos": [48, 65]}, "bank": {"prob": 0.004246284501061571, "count": 2, "pos": [49, 62]}, "crack": {"prob": 0.0021231422505307855, "count": 1, "pos": [51]}, "down": {"prob": 0.0021231422505307855, "count": 1, "pos": [52]}, "debtor": {"prob": 0.0021231422505307855, "count": 1, "pos": [54]}, "ha": {"prob": 0.004246284501061571, "count": 2, "pos": [56, 329]}, "three": {"prob": 0.0021231422505307855, "count": 1, "pos": [57]}, "day": {"prob": 0.0021231422505307855, "count": 1, "pos": [58]}, "pay": {"prob": 0.0021231422505307855, "count": 1, "pos": [60]}, "$750": {"prob": 0.004246284501061571, "count": 2, "pos": [63, 147]}, "or": {"prob": 0.0021231422505307855, "count": 1, "pos": [64]}, "will": {"prob": 0.004246284501061571, "count": 2, "pos": [67, 250]}, "be": {"prob": 0.004246284501061571, "count": 2, "pos": [68, 251]}, "sold": {"prob": 0.0021231422505307855, "count": 1, "pos": [69]}, "highest": {"prob": 0.0021231422505307855, "count": 1, "pos": [72]}, "bidder": {"prob": 0.0021231422505307855, "count": 1, "pos": [73]}, "hear": {"prob": 0.0021231422505307855, "count": 1, "pos": [74]}, "thi": {"prob": 0.004246284501061571, "count": 2, "pos": [75, 267]}, "convinc": {"prob": 0.004246284501061571, "count": 2, "pos": [77, 149]}, "other": {"prob": 0.004246284501061571, "count": 2, "pos": [79, 151]}, "go": {"prob": 0.004246284501061571, "count": 2, "pos": [85, 122]}, "town": {"prob": 0.004246284501061571, "count": 2, "pos": [87, 101]}, "attempt": {"prob": 0.0021231422505307855, "count": 1, "pos": [89]}, "win": {"prob": 0.0021231422505307855, "count": 1, "pos": [90]}, "prize": {"prob": 0.0021231422505307855, "count": 1, "pos": [91]}, "money": {"prob": 0.006369426751592357, "count": 3, "pos": [92, 370, 470]}, "at": {"prob": 0.004246284501061571, "count": 2, "pos": [93, 322]}, "fair": {"prob": 0.0021231422505307855, "count": 1, "pos": [95]}, "while": {"prob": 0.006369426751592357, "count": 3, "pos": [96, 126, 435]}, "are": {"prob": 0.004246284501061571, "count": 2, "pos": [99, 301]}, "in": {"prob": 0.006369426751592357, "count": 3, "pos": [100, 396, 426]}, "bounti": {"prob": 0.0021231422505307855, "count": 1, "pos": [103]}, "hunter": {"prob": 0.0021231422505307855, "count": 1, "pos": [104]}, "name": {"prob": 0.004246284501061571, "count": 2, "pos": [105, 311]}, "rico": {"prob": 0.012738853503184714, "count": 6, "pos": [106, 233, 241, 269, 402, 408]}, "drop": {"prob": 0.0021231422505307855, "count": 1, "pos": [107]}, "crimin": {"prob": 0.0021231422505307855, "count": 1, "pos": [109]}, "off": {"prob": 0.006369426751592357, "count": 3, "pos": [110, 356, 390]}, "collect": {"prob": 0.0021231422505307855, "count": 1, "pos": [112]}, "reward": {"prob": 0.006369426751592357, "count": 3, "pos": [114, 140, 469]}, "state": {"prob": 0.0021231422505307855, "count": 1, "pos": [115]}, "he": {"prob": 0.014861995753715499, "count": 7, "pos": [116, 131, 328, 348, 371, 377, 436]}, "need": {"prob": 0.0021231422505307855, "count": 1, "pos": [117]}, "replac": {"prob": 0.0021231422505307855, "count": 1, "pos": [119]}, "hor": {"prob": 0.004246284501061571, "count": 2, "pos": [120, 129]}, "hi": {"prob": 0.016985138004246284, "count": 8, "pos": [127, 235, 244, 247, 294, 335, 339, 417]}, "own": {"prob": 0.0021231422505307855, "count": 1, "pos": [128]}, "take": {"prob": 0.0021231422505307855, "count": 1, "pos": [132]}, "buck": {"prob": 0.010615711252653927, "count": 5, "pos": [133, 252, 272, 279, 284]}, "when": {"prob": 0.010615711252653927, "count": 5, "pos": [134, 173, 338, 352, 404]}, "find": {"prob": 0.0021231422505307855, "count": 1, "pos": [136]}, "out": {"prob": 0.0021231422505307855, "count": 1, "pos": [137]}, "for": {"prob": 0.006369426751592357, "count": 3, "pos": [141, 290, 413]}, "captur": {"prob": 0.008492569002123142, "count": 4, "pos": [142, 156, 288, 386]}, "exact": {"prob": 0.0021231422505307855, "count": 1, "pos": [146]}, "she": {"prob": 0.0021231422505307855, "count": 1, "pos": [148]}, "tri": {"prob": 0.0021231422505307855, "count": 1, "pos": [154]}, "him": {"prob": 0.006369426751592357, "count": 3, "pos": [157, 227, 239]}, "save": {"prob": 0.004246284501061571, "count": 2, "pos": [159, 466]}, "night": {"prob": 0.0021231422505307855, "count": 1, "pos": [164]}, "they": {"prob": 0.006369426751592357, "count": 3, "pos": [165, 305, 388]}, "hide": {"prob": 0.0021231422505307855, "count": 1, "pos": [166]}, "among": {"prob": 0.0021231422505307855, "count": 1, "pos": [167]}, "larg": {"prob": 0.0021231422505307855, "count": 1, "pos": [169]}, "heard": {"prob": 0.0021231422505307855, "count": 1, "pos": [170]}, "steer": {"prob": 0.0021231422505307855, "count": 1, "pos": [172]}, "appear": {"prob": 0.0021231422505307855, "count": 1, "pos": [176]}, "befor": {"prob": 0.004246284501061571,