{"__total__": 398, "__name__": "doc_74_Airheads.txt", "base": {"prob": 0.002512562814070352, "count": 1, "pos": [0]}, "on": {"prob": 0.01507537688442211, "count": 6, "pos": [1, 62, 139, 317, 321, 377]}, "an": {"prob": 0.007537688442211055, "count": 3, "pos": [2, 205, 385]}, "origin": {"prob": 0.002512562814070352, "count": 1, "pos": [3]}, "screenplay": {"prob": 0.002512562814070352, "count": 1, "pos": [4]}, "by": {"prob": 0.005025125628140704, "count": 2, "pos": [5, 43]}, "ryan": {"prob": 0.002512562814070352, "count": 1, "pos": [6]}, "t": {"prob": 0.002512562814070352, "count": 1, "pos": [7]}, "young": {"prob": 0.002512562814070352, "count": 1, "pos": [8]}, "of": {"prob": 0.01507537688442211, "count": 6, "pos": [9, 76, 269, 277, 300, 352]}, "lampoon": {"prob": 0.002512562814070352, "count": 1, "pos": [10]}, "fame": {"prob": 0.002512562814070352, "count": 1, "pos": [11]}, "chazz": {"prob": 0.007537688442211055, "count": 3, "pos": [12, 159, 296]}, "rex": {"prob": 0.010050251256281407, "count": 4, "pos": [13, 99, 155, 161]}, "and": {"prob": 0.04271356783919598, "count": 17, "pos": [14, 92, 122, 150, 160, 177, 193, 201, 221, 235, 267, 274, 284, 314, 333, 348, 368]}, "pip": {"prob": 0.007537688442211055, "count": 3, "pos": [15, 89, 108]}, "are": {"prob": 0.010050251256281407, "count": 4, "pos": [16, 30, 231, 326]}, "a": {"prob": 0.020100502512562814, "count": 8, "pos": [17, 79, 116, 183, 251, 311, 350, 378]}, "lo": {"prob": 0.002512562814070352, "count": 1, "pos": [18]}, "angel": {"prob": 0.002512562814070352, "count": 1, "pos": [19]}, "would": {"prob": 0.002512562814070352, "count": 1, "pos": [20]}, "be": {"prob": 0.002512562814070352, "count": 1, "pos": [21]}, "rock": {"prob": 0.005025125628140704, "count": 2, "pos": [22, 54]}, "band": {"prob": 0.01256281407035176, "count": 5, "pos": [23, 73, 283, 309, 370]}, "call": {"prob": 0.010050251256281407, "count": 4, "pos": [24, 154, 218, 390]}, "the": {"prob": 0.08793969849246232, "count": 35, "pos": [25, 28, 52, 63, 74, 95, 104, 125, 135, 140, 188, 190, 197, 207, 215, 219, 222, 239, 242, 270, 275, 278, 282, 291, 298, 301, 305, 308, 331, 336, 344, 355, 359, 364, 369]}, "lone": {"prob": 0.005025125628140704, "count": 2, "pos": [26, 365]}, "ranger": {"prob": 0.005025125628140704, "count": 2, "pos": [27, 366]}, "guy": {"prob": 0.005025125628140704, "count": 2, "pos": [29, 208]}, "continu": {"prob": 0.002512562814070352, "count": 1, "pos": [31]}, "turn": {"prob": 0.005025125628140704, "count": 2, "pos": [32, 285]}, "down": {"prob": 0.002512562814070352, "count": 1, "pos": [33]}, "as": {"prob": 0.002512562814070352, "count": 1, "pos": [34]}, "they": {"prob": 0.02512562814070352, "count": 10, "pos": [35, 45, 66, 111, 123, 226, 230, 325, 338, 383]}, "tri": {"prob": 0.010050251256281407, "count": 4, "pos": [36, 49, 100, 209]}, "to": {"prob": 0.04020100502512563, "count": 16, "pos": [37, 48, 50, 59, 101, 185, 210, 253, 257, 264, 304, 319, 322, 328, 340, 373]}, "get": {"prob": 0.01256281407035176, "count": 5, "pos": [38, 51, 78, 113, 349]}, "their": {"prob": 0.005025125628140704, "count": 2, "pos": [39, 82]}, "demo": {"prob": 0.005025125628140704, "count": 2, "pos": [40, 189]}, "tape": {"prob": 0.005025125628140704, "count": 2, "pos": [41, 191]}, "heard": {"prob": 0.002512562814070352, "count": 1, "pos": [42]}, "produc": {"prob": 0.002512562814070352, "count": 1, "pos": [44]}, "final": {"prob": 0.005025125628140704, "count": 2, "pos": [46, 112]}, "decid": {"prob": 0.002512562814070352, "count": 1, "pos": [47]}, "local": {"prob": 0.002512562814070352, "count": 1, "pos": [53]}, "station": {"prob": 0.01256281407035176, "count": 5, "pos": [55, 117, 145, 216, 307]}, "kppx": {"prob": 0.005025125628140704, "count": 2, "pos": [56, 255]}, "103": {"prob": 0.002512562814070352, "count": 1, "pos": [57]}, "6": {"prob": 0.005025125628140704, "count": 2, "pos": [58, 380]}, "play": {"prob": 0.010050251256281407, "count": 4, "pos": [60, 320, 335, 347]}, "it": {"prob": 0.007537688442211055, "count": 3, "pos": [61, 93, 244]}, "air": {"prob": 0.005025125628140704, "count": 2, "pos": [64, 141]}, "after": {"prob": 0.007537688442211055, "count": 3, "pos": [65, 152, 180]}, "saw": {"prob": 0.002512562814070352, "count": 1, "pos": [67]}, "how": {"prob": 0.002512562814070352, "count": 1, "pos": [68]}, "rebel": {"prob": 0.002512562814070352, "count": 1, "pos": [69]}, "radio": {"prob": 0.005025125628140704, "count": 2, "pos": [70, 306]}, "help": {"prob": 0.002512562814070352, "count": 1, "pos": [71]}, "anoth": {"prob": 0.002512562814070352, "count": 1, "pos": [72]}, "son": {"prob": 0.002512562814070352, "count": 1, "pos": [75]}, "thunder": {"prob": 0.002512562814070352, "count": 1, "pos": [77]}, "record": {"prob": 0.010050251256281407, "count": 4, "pos": [80, 292, 312, 384]}, "deal": {"prob": 0.005025125628140704, "count": 2, "pos": [81, 252]}, "first": {"prob": 0.002512562814070352, "count": 1, "pos": [83]}, "break": {"prob": 0.002512562814070352, "count": 1, "pos": [84]}, "in": {"prob": 0.017587939698492462, "count": 7, "pos": [85, 114, 174, 204, 297, 388, 392]}, "attempt": {"prob": 0.002512562814070352, "count": 1, "pos": [86]}, "is": {"prob": 0.01507537688442211, "count": 6, "pos": [87, 194, 224, 245, 346, 371]}, "use": {"prob": 0.002512562814070352, "count": 1, "pos": [88]}, "atm": {"prob": 0.002512562814070352, "count": 1, "pos": [90]}, "card": {"prob": 0.005025125628140704, "count": 2, "pos": [91, 96]}, "pin": {"prob": 0.002512562814070352, "count": 1, "pos": [94]}, "confisc": {"prob": 0.002512562814070352, "count": 1, "pos": [97]}, "then": {"prob": 0.002512562814070352, "count": 1, "pos": [98]}, "short": {"prob": 0.002512562814070352, "count": 1, "pos": [102]}, "circuit": {"prob": 0.002512562814070352, "count": 1, "pos": [103]}, "electron": {"prob": 0.002512562814070352, "count": 1, "pos": [105]}, "lock": {"prob": 0.002512562814070352, "count": 1, "pos": [106]}, "with": {"prob": 0.010050251256281407, "count": 4, "pos": [107, 170, 238, 281]}, "big": {"prob": 0.002512562814070352, "count": 1, "pos": [109]}, "gulp": {"prob": 0.002512562814070352, "count": 1, "pos": [110]}, "when": {"prob": 0.005025125628140704, "count": 2, "pos": [115, 196]}, "employ": {"prob": 0.007537688442211055, "count": 3, "pos": [118, 272, 279]}, "suzzi": {"prob": 0.002512562814070352, "count": 1, "pos": [119]}, "come": {"prob": 0.005025125628140704, "count": 2, "pos": [120, 303]}, "out": {"prob": 0.007537688442211055, "count": 3, "pos": [121, 200, 316]}, "keep": {"prob": 0.002512562814070352, "count": 1, "pos": [124]}, "door": {"prob": 0.002512562814070352, "count": 1, "pos": [126]}, "from": {"prob": 0.005025125628140704, "count": 2, "pos": [127, 354]}, "shut": {"prob": 0.002512562814070352, "count": 1, "pos": [128]}, "behind": {"prob": 0.002512562814070352, "count": 1, "pos": [129]}, "her": {"prob": 0.002512562814070352, "count": 1, "pos": [130]}, "onc": {"prob": 0.002512562814070352, "count": 1, "pos": [131]}, "insid": {"prob": 0.002512562814070352, "count": 1, "pos": [132]}, "dj": {"prob": 0.002512562814070352, "count": 1, "pos": [133]}, "ian": {"prob": 0.010050251256281407, "count": 4, "pos": [134, 266, 273, 362]}, "shark": {"prob": 0.002512562814070352, "count": 1, "pos": [136]}, "put": {"prob": 0.002512562814070352, "count": 1, "pos": [137]}, "them": {"prob": 0.007537688442211055, "count": 3, "pos": [138, 143, 149]}, "without": {"prob": 0.002512562814070352, "count": 1, "pos": [142]}, "know": {"prob": 0.002512562814070352, "count": 1, "pos": [144]}, "manag": {"prob": 0.005025125628140704, "count": 2, "pos": [146, 367]}, "milo": {"prob": 0.01256281407035176, "count": 5, "pos": [147, 153, 175, 248, 287]}, "overhear": {"prob": 0.002512562814070352, "count": 1, "pos": [148]}, "interven": {"prob": 0.002512562814070352, "count": 1, "pos": [151]}, "hollywood": {"prob": 0.002512562814070352, "count": 1, "pos": [156]}, "boulevard": {"prob": 0.002512562814070352, "count": 1, "pos": [157]}, "trash": {"prob": 0.002512562814070352, "count": 1, "pos": [158]},