{"__total__": 336, "__name__": "doc_748_I_Am_a_Fugitive_from_a_Chain_Gang.txt", "sergeant": {"prob": 0.002976190476190476, "count": 1, "pos": [0]}, "jame": {"prob": 0.011904761904761904, "count": 4, "pos": [1, 224, 253, 283]}, "allen": {"prob": 0.008928571428571428, "count": 3, "pos": [2, 171, 189]}, "return": {"prob": 0.002976190476190476, "count": 1, "pos": [3]}, "to": {"prob": 0.026785714285714284, "count": 9, "pos": [4, 40, 51, 69, 89, 104, 157, 174, 288]}, "civilian": {"prob": 0.002976190476190476, "count": 1, "pos": [5]}, "life": {"prob": 0.002976190476190476, "count": 1, "pos": [6]}, "after": {"prob": 0.002976190476190476, "count": 1, "pos": [7]}, "world": {"prob": 0.002976190476190476, "count": 1, "pos": [8]}, "war": {"prob": 0.005952380952380952, "count": 2, "pos": [9, 13]}, "i": {"prob": 0.008928571428571428, "count": 3, "pos": [10, 259, 316]}, "but": {"prob": 0.011904761904761904, "count": 4, "pos": [11, 59, 238, 297]}, "hi": {"prob": 0.020833333333333332, "count": 7, "pos": [12, 18, 102, 122, 128, 149, 227]}, "experi": {"prob": 0.002976190476190476, "count": 1, "pos": [14]}, "make": {"prob": 0.005952380952380952, "count": 2, "pos": [15, 101]}, "him": {"prob": 0.01488095238095238, "count": 5, "pos": [16, 68, 132, 156, 289]}, "restless": {"prob": 0.002976190476190476, "count": 1, "pos": [17]}, "famili": {"prob": 0.002976190476190476, "count": 1, "pos": [19]}, "feel": {"prob": 0.002976190476190476, "count": 1, "pos": [20]}, "he": {"prob": 0.044642857142857144, "count": 15, "pos": [21, 35, 38, 48, 78, 98, 107, 115, 137, 147, 160, 166, 182, 201, 232]}, "should": {"prob": 0.002976190476190476, "count": 1, "pos": [22]}, "be": {"prob": 0.002976190476190476, "count": 1, "pos": [23]}, "grate": {"prob": 0.002976190476190476, "count": 1, "pos": [24]}, "for": {"prob": 0.011904761904761904, "count": 4, "pos": [25, 67, 151, 282]}, "a": {"prob": 0.03273809523809524, "count": 11, "pos": [26, 71, 84, 93, 109, 152, 163, 180, 291, 318, 321]}, "tediou": {"prob": 0.002976190476190476, "count": 1, "pos": [27]}, "job": {"prob": 0.005952380952380952, "count": 2, "pos": [28, 72]}, "as": {"prob": 0.005952380952380952, "count": 2, "pos": [29, 231]}, "an": {"prob": 0.008928571428571428, "count": 3, "pos": [30, 42, 134]}, "offic": {"prob": 0.002976190476190476, "count": 1, "pos": [31]}, "clerk": {"prob": 0.002976190476190476, "count": 1, "pos": [32]}, "and": {"prob": 0.026785714285714284, "count": 9, "pos": [33, 64, 74, 86, 100, 130, 140, 198, 251]}, "when": {"prob": 0.008928571428571428, "count": 3, "pos": [34, 146, 290]}, "announc": {"prob": 0.002976190476190476, "count": 1, "pos": [36]}, "that": {"prob": 0.008928571428571428, "count": 3, "pos": [37, 176, 279]}, "want": {"prob": 0.002976190476190476, "count": 1, "pos": [39]}, "becom": {"prob": 0.011904761904761904, "count": 4, "pos": [41, 80, 108, 116]}, "engin": {"prob": 0.002976190476190476, "count": 1, "pos": [43]}, "they": {"prob": 0.002976190476190476, "count": 1, "pos": [44]}, "react": {"prob": 0.002976190476190476, "count": 1, "pos": [45]}, "with": {"prob": 0.008928571428571428, "count": 3, "pos": [46, 118, 144]}, "outrag": {"prob": 0.002976190476190476, "count": 1, "pos": [47]}, "leav": {"prob": 0.005952380952380952, "count": 2, "pos": [49, 203]}, "home": {"prob": 0.002976190476190476, "count": 1, "pos": [50]}, "find": {"prob": 0.011904761904761904, "count": 4, "pos": [52, 70, 175, 312]}, "work": {"prob": 0.002976190476190476, "count": 1, "pos": [53]}, "on": {"prob": 0.01488095238095238, "count": 5, "pos": [54, 92, 173, 195, 294]}, "ani": {"prob": 0.005952380952380952, "count": 2, "pos": [55, 222]}, "sort": {"prob": 0.002976190476190476, "count": 1, "pos": [56]}, "of": {"prob": 0.008928571428571428, "count": 3, "pos": [57, 121, 330]}, "project": {"prob": 0.002976190476190476, "count": 1, "pos": [58]}, "unskil": {"prob": 0.002976190476190476, "count": 1, "pos": [60]}, "labor": {"prob": 0.002976190476190476, "count": 1, "pos": [61]}, "is": {"prob": 0.01488095238095238, "count": 5, "pos": [62, 87, 161, 202, 263]}, "plenti": {"prob": 0.002976190476190476, "count": 1, "pos": [63]}, "it": {"prob": 0.011904761904761904, "count": 4, "pos": [65, 177, 300, 313]}, "hard": {"prob": 0.002976190476190476, "count": 1, "pos": [66]}, "wander": {"prob": 0.002976190476190476, "count": 1, "pos": [73]}, "sink": {"prob": 0.002976190476190476, "count": 1, "pos": [75]}, "into": {"prob": 0.011904761904761904, "count": 4, "pos": [76, 133, 285, 303]}, "poverti": {"prob": 0.002976190476190476, "count": 1, "pos": [77]}, "accid": {"prob": 0.002976190476190476, "count": 1, "pos": [79]}, "caught": {"prob": 0.002976190476190476, "count": 1, "pos": [81]}, "up": {"prob": 0.002976190476190476, "count": 1, "pos": [82]}, "in": {"prob": 0.03273809523809524, "count": 11, "pos": [83, 111, 142, 170, 186, 192, 229, 246, 255, 270, 298]}, "robberi": {"prob": 0.002976190476190476, "count": 1, "pos": [85]}, "sentenc": {"prob": 0.002976190476190476, "count": 1, "pos": [88]}, "ten": {"prob": 0.002976190476190476, "count": 1, "pos": [90]}, "year": {"prob": 0.002976190476190476, "count": 1, "pos": [91]}, "brutal": {"prob": 0.002976190476190476, "count": 1, "pos": [94]}, "southern": {"prob": 0.002976190476190476, "count": 1, "pos": [95]}, "chain": {"prob": 0.005952380952380952, "count": 2, "pos": [96, 322]}, "gang": {"prob": 0.005952380952380952, "count": 2, "pos": [97, 323]}, "escap": {"prob": 0.005952380952380952, "count": 2, "pos": [99, 183]}, "way": {"prob": 0.002976190476190476, "count": 1, "pos": [103]}, "chicago": {"prob": 0.002976190476190476, "count": 1, "pos": [105]}, "where": {"prob": 0.005952380952380952, "count": 2, "pos": [106, 212]}, "success": {"prob": 0.002976190476190476, "count": 1, "pos": [110]}, "the": {"prob": 0.03869047619047619, "count": 13, "pos": [112, 119, 158, 187, 193, 196, 247, 256, 261, 265, 280, 295, 304]}, "construct": {"prob": 0.002976190476190476, "count": 1, "pos": [113]}, "busi": {"prob": 0.002976190476190476, "count": 1, "pos": [114]}, "involv": {"prob": 0.002976190476190476, "count": 1, "pos": [117]}, "proprietor": {"prob": 0.002976190476190476, "count": 1, "pos": [120]}, "boardingh": {"prob": 0.002976190476190476, "count": 1, "pos": [123]}, "mari": {"prob": 0.002976190476190476, "count": 1, "pos": [124]}, "wood": {"prob": 0.002976190476190476, "count": 1, "pos": [125]}, "who": {"prob": 0.002976190476190476, "count": 1, "pos": [126]}, "discov": {"prob": 0.002976190476190476, "count": 1, "pos": [127]}, "secret": {"prob": 0.002976190476190476, "count": 1, "pos": [129]}, "blackmail": {"prob": 0.002976190476190476, "count": 1, "pos": [131]}, "unhappi": {"prob": 0.002976190476190476, "count": 1, "pos": [135]}, "marriag": {"prob": 0.002976190476190476, "count": 1, "pos": [136]}, "then": {"prob": 0.002976190476190476, "count": 1, "pos": [138]}, "meet": {"prob": 0.002976190476190476, "count": 1, "pos": [139]}, "fall": {"prob": 0.002976190476190476, "count": 1, "pos": [141]}, "love": {"prob": 0.002976190476190476, "count": 1, "pos": [143]}, "helen": {"prob": 0.008928571428571428, "count": 3, "pos": [145, 191, 236]}, "ask": {"prob": 0.005952380952380952, "count": 2, "pos": [148, 206]}, "wife": {"prob": 0.002976190476190476, "count": 1, "pos": [150]}, "divorc": {"prob": 0.002976190476190476, "count": 1, "pos": [153]}, "she": {"prob": 0.005952380952380952, "count": 2, "pos": [154, 205]}, "betray": {"prob": 0.002976190476190476, "count": 1, "pos": [155]}, "author": {"prob": 0.002976190476190476, "count": 1, "pos": [159]}, "offer": {"prob": 0.002976190476190476, "count": 1, "pos": [162]}, "pardon": {"prob": 0.002976190476190476, "count": 1, "pos": [164]}, "if": {"prob": 0.002976190476190476, "count": 1, "pos": [165]}, "will": {"prob": 0.005952380952380952, "count": 2, "pos": [167, 216]}, "turn": {"prob": 0.002976190476190476, "count": 1, "pos": [168]}, "himself": {"prob": 0.002976190476190476, "count": 1, "pos": [169]}, "accept": {"prob": 0.002976190476190476, "count": 1, "pos": [172]}, "wa": {"prob": 0.005952380952380952,