{"__total__": 415, "__name__": "doc_759_Ikiru.txt", "kanji": {"prob": 0.0024096385542168677, "count": 1, "pos": [0]}, "watanab": {"prob": 0.024096385542168676, "count": 10, "pos": [1, 39, 58, 115, 179, 243, 289, 328, 376, 395]}, "is": {"prob": 0.021686746987951807, "count": 9, "pos": [2, 21, 108, 140, 158, 180, 231, 262, 369]}, "a": {"prob": 0.02650602409638554, "count": 11, "pos": [3, 54, 113, 117, 141, 163, 176, 206, 272, 277, 303]}, "middl": {"prob": 0.0024096385542168677, "count": 1, "pos": [4]}, "age": {"prob": 0.0024096385542168677, "count": 1, "pos": [5]}, "man": {"prob": 0.0024096385542168677, "count": 1, "pos": [6]}, "who": {"prob": 0.004819277108433735, "count": 2, "pos": [7, 30]}, "ha": {"prob": 0.004819277108433735, "count": 2, "pos": [8, 48]}, "work": {"prob": 0.004819277108433735, "count": 2, "pos": [9, 354]}, "in": {"prob": 0.016867469879518072, "count": 7, "pos": [10, 28, 96, 112, 204, 306, 375]}, "the": {"prob": 0.05060240963855422, "count": 21, "pos": [11, 75, 97, 110, 120, 138, 160, 235, 266, 280, 284, 320, 343, 357, 367, 371, 382, 385, 390, 399, 406]}, "same": {"prob": 0.004819277108433735, "count": 2, "pos": [12, 344]}, "monoton": {"prob": 0.0024096385542168677, "count": 1, "pos": [13]}, "bureaucrat": {"prob": 0.004819277108433735, "count": 2, "pos": [14, 313]}, "posit": {"prob": 0.0024096385542168677, "count": 1, "pos": [15]}, "for": {"prob": 0.004819277108433735, "count": 2, "pos": [16, 156]}, "thirti": {"prob": 0.0024096385542168677, "count": 1, "pos": [17]}, "year": {"prob": 0.004819277108433735, "count": 2, "pos": [18, 55]}, "hi": {"prob": 0.03132530120481928, "count": 13, "pos": [19, 24, 65, 72, 82, 131, 169, 245, 254, 258, 292, 307, 309]}, "wife": {"prob": 0.0024096385542168677, "count": 1, "pos": [20]}, "dead": {"prob": 0.0024096385542168677, "count": 1, "pos": [22]}, "and": {"prob": 0.024096385542168676, "count": 10, "pos": [23, 26, 41, 51, 123, 154, 188, 270, 346, 405]}, "son": {"prob": 0.007228915662650603, "count": 3, "pos": [25, 73, 83]}, "daughter": {"prob": 0.0024096385542168677, "count": 1, "pos": [27]}, "law": {"prob": 0.0024096385542168677, "count": 1, "pos": [29]}, "live": {"prob": 0.012048192771084338, "count": 5, "pos": [31, 57, 201, 339, 341]}, "with": {"prob": 0.016867469879518072, "count": 7, "pos": [32, 64, 128, 166, 233, 342, 403]}, "him": {"prob": 0.00963855421686747, "count": 4, "pos": [33, 89, 137, 173]}, "seem": {"prob": 0.0024096385542168677, "count": 1, "pos": [34]}, "to": {"prob": 0.04096385542168675, "count": 17, "pos": [35, 56, 60, 62, 70, 88, 93, 146, 174, 182, 193, 200, 248, 264, 297, 314, 338]}, "care": {"prob": 0.0024096385542168677, "count": 1, "pos": [36]}, "main": {"prob": 0.0024096385542168677, "count": 1, "pos": [37]}, "about": {"prob": 0.004819277108433735, "count": 2, "pos": [38, 74]}, "pension": {"prob": 0.0024096385542168677, "count": 1, "pos": [40]}, "their": {"prob": 0.007228915662650603, "count": 3, "pos": [42, 340, 360]}, "futur": {"prob": 0.0024096385542168677, "count": 1, "pos": [43]}, "inherit": {"prob": 0.0024096385542168677, "count": 1, "pos": [44]}, "after": {"prob": 0.004819277108433735, "count": 2, "pos": [45, 103]}, "learn": {"prob": 0.0024096385542168677, "count": 1, "pos": [46]}, "he": {"prob": 0.02650602409638554, "count": 11, "pos": [47, 68, 90, 190, 197, 261, 332, 349, 379, 387, 408]}, "stomach": {"prob": 0.0024096385542168677, "count": 1, "pos": [49]}, "cancer": {"prob": 0.004819277108433735, "count": 2, "pos": [50, 76]}, "less": {"prob": 0.0024096385542168677, "count": 1, "pos": [52]}, "than": {"prob": 0.0024096385542168677, "count": 1, "pos": [53]}, "attempt": {"prob": 0.0024096385542168677, "count": 1, "pos": [59]}, "come": {"prob": 0.004819277108433735, "count": 2, "pos": [61, 218]}, "term": {"prob": 0.0024096385542168677, "count": 1, "pos": [63]}, "impend": {"prob": 0.0024096385542168677, "count": 1, "pos": [66]}, "death": {"prob": 0.0024096385542168677, "count": 1, "pos": [67]}, "plan": {"prob": 0.0024096385542168677, "count": 1, "pos": [69]}, "tell": {"prob": 0.0024096385542168677, "count": 1, "pos": [71]}, "but": {"prob": 0.007228915662650603, "count": 3, "pos": [77, 102, 351]}, "decid": {"prob": 0.0024096385542168677, "count": 1, "pos": [78]}, "against": {"prob": 0.0024096385542168677, "count": 1, "pos": [79]}, "it": {"prob": 0.0024096385542168677, "count": 1, "pos": [80]}, "when": {"prob": 0.0024096385542168677, "count": 1, "pos": [81]}, "doe": {"prob": 0.004819277108433735, "count": 2, "pos": [84, 212]}, "not": {"prob": 0.004819277108433735, "count": 2, "pos": [85, 109]}, "pay": {"prob": 0.0024096385542168677, "count": 1, "pos": [86]}, "attent": {"prob": 0.0024096385542168677, "count": 1, "pos": [87]}, "then": {"prob": 0.0024096385542168677, "count": 1, "pos": [91]}, "tri": {"prob": 0.004819277108433735, "count": 2, "pos": [92, 296]}, "find": {"prob": 0.004819277108433735, "count": 2, "pos": [94, 147]}, "escap": {"prob": 0.0024096385542168677, "count": 1, "pos": [95]}, "pleasur": {"prob": 0.0024096385542168677, "count": 1, "pos": [98]}, "of": {"prob": 0.016867469879518072, "count": 7, "pos": [99, 168, 186, 237, 268, 283, 359]}, "tokyo": {"prob": 0.0024096385542168677, "count": 1, "pos": [100]}, "nightlif": {"prob": 0.0024096385542168677, "count": 1, "pos": [101]}, "one": {"prob": 0.00963855421686747, "count": 4, "pos": [104, 167, 202, 250]}, "night": {"prob": 0.0024096385542168677, "count": 1, "pos": [105]}, "realiz": {"prob": 0.004819277108433735, "count": 2, "pos": [106, 326]}, "thi": {"prob": 0.0024096385542168677, "count": 1, "pos": [107]}, "solut": {"prob": 0.0024096385542168677, "count": 1, "pos": [111]}, "nightclub": {"prob": 0.0024096385542168677, "count": 1, "pos": [114]}, "request": {"prob": 0.0024096385542168677, "count": 1, "pos": [116]}, "song": {"prob": 0.004819277108433735, "count": 2, "pos": [118, 139]}, "from": {"prob": 0.012048192771084338, "count": 5, "pos": [119, 219, 311, 366, 370]}, "piano": {"prob": 0.0024096385542168677, "count": 1, "pos": [121]}, "player": {"prob": 0.0024096385542168677, "count": 1, "pos": [122]}, "sing": {"prob": 0.007228915662650603, "count": 3, "pos": [124, 132, 411]}, "gondola": {"prob": 0.004819277108433735, "count": 2, "pos": [125, 412]}, "no": {"prob": 0.004819277108433735, "count": 2, "pos": [126, 413]}, "uta": {"prob": 0.004819277108433735, "count": 2, "pos": [127, 414]}, "great": {"prob": 0.004819277108433735, "count": 2, "pos": [129, 133]}, "sad": {"prob": 0.0024096385542168677, "count": 1, "pos": [130]}, "affect": {"prob": 0.0024096385542168677, "count": 1, "pos": [134]}, "those": {"prob": 0.0024096385542168677, "count": 1, "pos": [135]}, "watch": {"prob": 0.0024096385542168677, "count": 1, "pos": [136]}, "ballad": {"prob": 0.0024096385542168677, "count": 1, "pos": [142]}, "encourag": {"prob": 0.0024096385542168677, "count": 1, "pos": [143]}, "young": {"prob": 0.004819277108433735, "count": 2, "pos": [144, 153]}, "women": {"prob": 0.0024096385542168677, "count": 1, "pos": [145]}, "love": {"prob": 0.004819277108433735, "count": 2, "pos": [148, 185]}, "while": {"prob": 0.0024096385542168677, "count": 1, "pos": [149]}, "they": {"prob": 0.00963855421686747, "count": 4, "pos": [150, 324, 335, 355]}, "are": {"prob": 0.0024096385542168677, "count": 1, "pos": [151]}, "still": {"prob": 0.0024096385542168677, "count": 1, "pos": [152]}, "beauti": {"prob": 0.0024096385542168677, "count": 1, "pos": [155]}, "life": {"prob": 0.00963855421686747, "count": 4, "pos": [157, 187, 255, 377]}, "short": {"prob": 0.0024096385542168677, "count": 1, "pos": [159]}, "follow": {"prob": 0.0024096385542168677, "count": 1, "pos": [161]}, "day": {"prob": 0.004819277108433735, "count": 2, "pos": [162, 203]}, "chanc": {"prob": 0.0024096385542168677, "count": 1, "pos": [164]}, "encount": {"prob": 0.0024096385542168677, "count": 1, "pos": [165]}, "former": {"prob": 0.004819277108433735, "count": 2, "pos": [170, 293]}, "subordin": {"prob": 0.0024096385542168677, "count": 1, "pos": [171]}, "lead": {"prob": 0.0024096385542168677,