{"__total__": 562, "__name__": "doc_764_In_Out.txt", "howard": {"prob": 0.04092526690391459, "count": 23, "pos": [0, 46, 84, 90, 107, 142, 194, 198, 227, 247, 273, 288, 303, 336, 358, 359, 388, 405, 435, 445, 485, 503, 523]}, "brackett": {"prob": 0.0017793594306049821, "count": 1, "pos": [1]}, "is": {"prob": 0.023131672597864767, "count": 13, "pos": [2, 36, 103, 126, 143, 155, 278, 310, 337, 350, 355, 360, 376]}, "a": {"prob": 0.014234875444839857, "count": 8, "pos": [3, 10, 62, 260, 314, 369, 509, 547]}, "well": {"prob": 0.0071174377224199285, "count": 4, "pos": [4, 245, 323, 429]}, "like": {"prob": 0.0017793594306049821, "count": 1, "pos": [5]}, "english": {"prob": 0.0017793594306049821, "count": 1, "pos": [6]}, "literatur": {"prob": 0.0017793594306049821, "count": 1, "pos": [7]}, "teacher": {"prob": 0.0071174377224199285, "count": 4, "pos": [8, 26, 482, 489]}, "live": {"prob": 0.0017793594306049821, "count": 1, "pos": [9]}, "quiet": {"prob": 0.0017793594306049821, "count": 1, "pos": [11]}, "life": {"prob": 0.0017793594306049821, "count": 1, "pos": [12]}, "in": {"prob": 0.012455516014234875, "count": 7, "pos": [13, 49, 65, 79, 221, 267, 466]}, "the": {"prob": 0.05871886120996441, "count": 33, "pos": [14, 34, 41, 50, 55, 74, 137, 146, 158, 163, 166, 187, 206, 293, 301, 311, 325, 340, 348, 372, 379, 390, 442, 455, 461, 491, 499, 526, 529, 532, 536, 549, 556]}, "fiction": {"prob": 0.0017793594306049821, "count": 1, "pos": [15]}, "town": {"prob": 0.0035587188612099642, "count": 2, "pos": [16, 35]}, "of": {"prob": 0.023131672597864767, "count": 13, "pos": [17, 43, 61, 110, 148, 209, 313, 357, 382, 434, 460, 490, 528]}, "greenleaf": {"prob": 0.0017793594306049821, "count": 1, "pos": [18]}, "indiana": {"prob": 0.0017793594306049821, "count": 1, "pos": [19]}, "with": {"prob": 0.021352313167259787, "count": 12, "pos": [20, 38, 157, 219, 233, 250, 362, 404, 474, 496, 502, 552]}, "hi": {"prob": 0.033807829181494664, "count": 19, "pos": [21, 59, 80, 130, 149, 225, 237, 244, 264, 271, 308, 383, 395, 418, 451, 472, 475, 480, 497]}, "fianc\u00e3": {"prob": 0.0017793594306049821, "count": 1, "pos": [22]}, "e": {"prob": 0.0017793594306049821, "count": 1, "pos": [23]}, "and": {"prob": 0.037366548042704624, "count": 21, "pos": [24, 68, 78, 87, 96, 112, 114, 141, 203, 213, 240, 256, 352, 417, 436, 453, 483, 515, 525, 534, 540]}, "fellow": {"prob": 0.0017793594306049821, "count": 1, "pos": [25]}, "emili": {"prob": 0.014234875444839857, "count": 8, "pos": [27, 97, 197, 220, 241, 328, 366, 539]}, "montgomeri": {"prob": 0.0017793594306049821, "count": 1, "pos": [28]}, "who": {"prob": 0.012455516014234875, "count": 7, "pos": [29, 121, 154, 183, 252, 400, 542]}, "recent": {"prob": 0.0017793594306049821, "count": 1, "pos": [30]}, "lost": {"prob": 0.0017793594306049821, "count": 1, "pos": [31]}, "75": {"prob": 0.0017793594306049821, "count": 1, "pos": [32]}, "pound": {"prob": 0.0017793594306049821, "count": 1, "pos": [33]}, "fill": {"prob": 0.0017793594306049821, "count": 1, "pos": [37]}, "anticip": {"prob": 0.0017793594306049821, "count": 1, "pos": [39]}, "over": {"prob": 0.0017793594306049821, "count": 1, "pos": [40]}, "nomin": {"prob": 0.0017793594306049821, "count": 1, "pos": [42]}, "cameron": {"prob": 0.008896797153024912, "count": 5, "pos": [44, 70, 469, 493, 541]}, "drake": {"prob": 0.0017793594306049821, "count": 1, "pos": [45]}, "former": {"prob": 0.0035587188612099642, "count": 2, "pos": [47, 481]}, "student": {"prob": 0.0071174377224199285, "count": 4, "pos": [48, 93, 396, 399]}, "best": {"prob": 0.0035587188612099642, "count": 2, "pos": [51, 75]}, "actor": {"prob": 0.0035587188612099642, "count": 2, "pos": [52, 76]}, "categori": {"prob": 0.0017793594306049821, "count": 1, "pos": [53]}, "at": {"prob": 0.0035587188612099642, "count": 2, "pos": [54, 441]}, "academi": {"prob": 0.0017793594306049821, "count": 1, "pos": [56]}, "award": {"prob": 0.005338078291814947, "count": 3, "pos": [57, 77, 138]}, "for": {"prob": 0.010676156583629894, "count": 6, "pos": [58, 134, 243, 364, 371, 413]}, "portray": {"prob": 0.0017793594306049821, "count": 1, "pos": [60]}, "gay": {"prob": 0.012455516014234875, "count": 7, "pos": [63, 89, 255, 280, 347, 415, 427]}, "soldier": {"prob": 0.0017793594306049821, "count": 1, "pos": [64]}, "to": {"prob": 0.04092526690391459, "count": 23, "pos": [66, 106, 118, 162, 185, 196, 200, 223, 236, 258, 270, 283, 292, 306, 393, 425, 430, 437, 471, 478, 519, 544, 555]}, "serv": {"prob": 0.0017793594306049821, "count": 1, "pos": [67]}, "protect": {"prob": 0.0017793594306049821, "count": 1, "pos": [69]}, "doe": {"prob": 0.0017793594306049821, "count": 1, "pos": [71]}, "ind": {"prob": 0.0017793594306049821, "count": 1, "pos": [72]}, "win": {"prob": 0.0035587188612099642, "count": 2, "pos": [73, 488]}, "accept": {"prob": 0.0017793594306049821, "count": 1, "pos": [81]}, "speech": {"prob": 0.0017793594306049821, "count": 1, "pos": [82]}, "thank": {"prob": 0.0017793594306049821, "count": 1, "pos": [83]}, "ad": {"prob": 0.0017793594306049821, "count": 1, "pos": [85]}, "\u00e2": {"prob": 0.0017793594306049821, "count": 1, "pos": [86]}, "he": {"prob": 0.019572953736654804, "count": 11, "pos": [88, 115, 125, 191, 216, 254, 277, 342, 375, 410, 416]}, "famili": {"prob": 0.005338078291814947, "count": 3, "pos": [91, 272, 446]}, "friend": {"prob": 0.0035587188612099642, "count": 2, "pos": [92, 452]}, "co": {"prob": 0.0017793594306049821, "count": 1, "pos": [94]}, "worker": {"prob": 0.0017793594306049821, "count": 1, "pos": [95]}, "are": {"prob": 0.0035587188612099642, "count": 2, "pos": [98, 538]}, "natur": {"prob": 0.0017793594306049821, "count": 1, "pos": [99]}, "shock": {"prob": 0.0035587188612099642, "count": 2, "pos": [100, 287]}, "but": {"prob": 0.005338078291814947, "count": 3, "pos": [101, 229, 334]}, "that": {"prob": 0.010676156583629894, "count": 6, "pos": [102, 124, 215, 276, 320, 409]}, "noth": {"prob": 0.0017793594306049821, "count": 1, "pos": [104]}, "compar": {"prob": 0.0017793594306049821, "count": 1, "pos": [105]}, "own": {"prob": 0.005338078291814947, "count": 3, "pos": [108, 265, 512]}, "reaction": {"prob": 0.0017793594306049821, "count": 1, "pos": [109]}, "disbelief": {"prob": 0.0017793594306049821, "count": 1, "pos": [111]}, "indign": {"prob": 0.0017793594306049821, "count": 1, "pos": [113]}, "angrili": {"prob": 0.0017793594306049821, "count": 1, "pos": [116]}, "tri": {"prob": 0.005338078291814947, "count": 3, "pos": [117, 228, 257]}, "reassur": {"prob": 0.0017793594306049821, "count": 1, "pos": [119]}, "those": {"prob": 0.0017793594306049821, "count": 1, "pos": [120]}, "know": {"prob": 0.0017793594306049821, "count": 1, "pos": [122]}, "him": {"prob": 0.008896797153024912, "count": 5, "pos": [123, 133, 212, 285, 495]}, "heterosexu": {"prob": 0.005338078291814947, "count": 3, "pos": [127, 226, 309]}, "report": {"prob": 0.005338078291814947, "count": 3, "pos": [128, 168, 180]}, "invad": {"prob": 0.0017793594306049821, "count": 1, "pos": [129]}, "hometown": {"prob": 0.0035587188612099642, "count": 2, "pos": [131, 473]}, "harass": {"prob": 0.0035587188612099642, "count": 2, "pos": [132, 202]}, "interview": {"prob": 0.0017793594306049821, "count": 1, "pos": [135]}, "follow": {"prob": 0.0035587188612099642, "count": 2, "pos": [136, 447]}, "night": {"prob": 0.0017793594306049821, "count": 1, "pos": [139]}, "telecast": {"prob": 0.0017793594306049821, "count": 1, "pos": [140]}, "place": {"prob": 0.0017793594306049821, "count": 1, "pos": [144]}, "under": {"prob": 0.0017793594306049821, "count": 1, "pos": [145]}, "scrutini": {"prob": 0.0017793594306049821, "count": 1, "pos": [147]}, "boss": {"prob": 0.0017793594306049821, "count": 1, "pos": [150]}, "princip": {"prob": 0.0017793594306049821, "count": 1, "pos": [151]}, "tom": {"prob": 0.0017793594306049821, "count": 1, "pos": [152]}, "halliwel": {"prob": 0.0017793594306049821, "count": 1, "pos": [153]}, "uncomfort": {"prob": 0.0017793594306049821, "count": 1, "pos": [156]},