{"__total__": 402, "__name__": "doc_767_In_the_Bedroom.txt", "the": {"prob": 0.04975124378109453, "count": 20, "pos": [0, 5, 39, 72, 143, 206, 209, 216, 227, 234, 260, 263, 274, 295, 300, 317, 322, 355, 358, 393]}, "film": {"prob": 0.004975124378109453, "count": 2, "pos": [1, 144]}, "is": {"prob": 0.022388059701492536, "count": 9, "pos": [2, 55, 64, 95, 126, 182, 271, 302, 387]}, "set": {"prob": 0.004975124378109453, "count": 2, "pos": [3, 183]}, "in": {"prob": 0.022388059701492536, "count": 9, "pos": [4, 44, 67, 71, 165, 251, 266, 310, 357]}, "mid": {"prob": 0.0024875621890547263, "count": 1, "pos": [6]}, "coast": {"prob": 0.0024875621890547263, "count": 1, "pos": [7]}, "town": {"prob": 0.007462686567164179, "count": 3, "pos": [8, 68, 205]}, "of": {"prob": 0.009950248756218905, "count": 4, "pos": [9, 218, 354, 395]}, "camden": {"prob": 0.0024875621890547263, "count": 1, "pos": [10]}, "main": {"prob": 0.0024875621890547263, "count": 1, "pos": [11]}, "dr": {"prob": 0.0024875621890547263, "count": 1, "pos": [12]}, "matt": {"prob": 0.022388059701492536, "count": 9, "pos": [13, 135, 161, 169, 196, 287, 344, 360, 376]}, "fowler": {"prob": 0.004975124378109453, "count": 2, "pos": [14, 17]}, "and": {"prob": 0.03980099502487562, "count": 16, "pos": [15, 22, 75, 92, 97, 110, 162, 179, 194, 197, 286, 336, 341, 346, 350, 375]}, "ruth": {"prob": 0.01990049751243781, "count": 8, "pos": [16, 125, 163, 176, 198, 283, 364, 370]}, "enjoy": {"prob": 0.0024875621890547263, "count": 1, "pos": [18]}, "a": {"prob": 0.03233830845771144, "count": 13, "pos": [19, 23, 30, 88, 104, 149, 155, 172, 219, 252, 307, 351, 378]}, "happi": {"prob": 0.0024875621890547263, "count": 1, "pos": [20]}, "marriag": {"prob": 0.0024875621890547263, "count": 1, "pos": [21]}, "good": {"prob": 0.0024875621890547263, "count": 1, "pos": [24]}, "relationship": {"prob": 0.007462686567164179, "count": 3, "pos": [25, 131, 279]}, "with": {"prob": 0.024875621890547265, "count": 10, "pos": [26, 46, 50, 132, 168, 273, 280, 292, 294, 332]}, "their": {"prob": 0.009950248756218905, "count": 4, "pos": [27, 223, 281, 311]}, "son": {"prob": 0.012437810945273632, "count": 5, "pos": [28, 111, 224, 282, 397]}, "frank": {"prob": 0.014925373134328358, "count": 6, "pos": [29, 41, 54, 130, 147, 244]}, "recent": {"prob": 0.0024875621890547263, "count": 1, "pos": [31]}, "colleg": {"prob": 0.0024875621890547263, "count": 1, "pos": [32]}, "graduat": {"prob": 0.004975124378109453, "count": 2, "pos": [33, 59]}, "who": {"prob": 0.004975124378109453, "count": 2, "pos": [34, 365]}, "ha": {"prob": 0.004975124378109453, "count": 2, "pos": [35, 42]}, "come": {"prob": 0.0024875621890547263, "count": 1, "pos": [36]}, "home": {"prob": 0.004975124378109453, "count": 2, "pos": [37, 362]}, "for": {"prob": 0.007462686567164179, "count": 3, "pos": [38, 61, 367]}, "summer": {"prob": 0.0024875621890547263, "count": 1, "pos": [40]}, "fallen": {"prob": 0.0024875621890547263, "count": 1, "pos": [43]}, "love": {"prob": 0.0024875621890547263, "count": 1, "pos": [45]}, "an": {"prob": 0.004975124378109453, "count": 2, "pos": [47, 267]}, "older": {"prob": 0.0024875621890547263, "count": 1, "pos": [48]}, "woman": {"prob": 0.0024875621890547263, "count": 1, "pos": [49]}, "children": {"prob": 0.0024875621890547263, "count": 1, "pos": [51]}, "natali": {"prob": 0.014925373134328358, "count": 6, "pos": [52, 79, 80, 124, 133, 152]}, "strout": {"prob": 0.004975124378109453, "count": 2, "pos": [53, 84]}, "also": {"prob": 0.0024875621890547263, "count": 1, "pos": [56]}, "appli": {"prob": 0.0024875621890547263, "count": 1, "pos": [57]}, "to": {"prob": 0.0472636815920398, "count": 19, "pos": [58, 69, 78, 102, 114, 118, 123, 191, 201, 222, 229, 248, 305, 324, 330, 338, 363, 372, 390]}, "school": {"prob": 0.0024875621890547263, "count": 1, "pos": [60]}, "architectur": {"prob": 0.0024875621890547263, "count": 1, "pos": [62]}, "but": {"prob": 0.0024875621890547263, "count": 1, "pos": [63]}, "consid": {"prob": 0.0024875621890547263, "count": 1, "pos": [65]}, "stay": {"prob": 0.0024875621890547263, "count": 1, "pos": [66]}, "work": {"prob": 0.0024875621890547263, "count": 1, "pos": [70]}, "fish": {"prob": 0.004975124378109453, "count": 2, "pos": [73, 90]}, "industri": {"prob": 0.0024875621890547263, "count": 1, "pos": [74]}, "be": {"prob": 0.0024875621890547263, "count": 1, "pos": [76]}, "near": {"prob": 0.0024875621890547263, "count": 1, "pos": [77]}, "ex": {"prob": 0.004975124378109453, "count": 2, "pos": [81, 108]}, "husband": {"prob": 0.0024875621890547263, "count": 1, "pos": [82]}, "richard": {"prob": 0.022388059701492536, "count": 9, "pos": [83, 99, 145, 181, 203, 242, 325, 333, 348]}, "whose": {"prob": 0.0024875621890547263, "count": 1, "pos": [85]}, "famili": {"prob": 0.004975124378109453, "count": 2, "pos": [86, 193]}, "own": {"prob": 0.004975124378109453, "count": 2, "pos": [87, 401]}, "local": {"prob": 0.0024875621890547263, "count": 1, "pos": [89]}, "process": {"prob": 0.0024875621890547263, "count": 1, "pos": [91]}, "deliveri": {"prob": 0.0024875621890547263, "count": 1, "pos": [93]}, "busi": {"prob": 0.0024875621890547263, "count": 1, "pos": [94]}, "violent": {"prob": 0.004975124378109453, "count": 2, "pos": [96, 116]}, "abus": {"prob": 0.0024875621890547263, "count": 1, "pos": [98]}, "activ": {"prob": 0.0024875621890547263, "count": 1, "pos": [100]}, "tri": {"prob": 0.0024875621890547263, "count": 1, "pos": [101]}, "find": {"prob": 0.004975124378109453, "count": 2, "pos": [103, 306]}, "way": {"prob": 0.004975124378109453, "count": 2, "pos": [105, 167]}, "into": {"prob": 0.0024875621890547263, "count": 1, "pos": [106]}, "hi": {"prob": 0.01990049751243781, "count": 8, "pos": [107, 120, 138, 189, 342, 382, 396, 400]}, "wife": {"prob": 0.007462686567164179, "count": 3, "pos": [109, 139, 343]}, "live": {"prob": 0.004975124378109453, "count": 2, "pos": [112, 331]}, "go": {"prob": 0.0024875621890547263, "count": 1, "pos": [113]}, "increasing": {"prob": 0.0024875621890547263, "count": 1, "pos": [115]}, "length": {"prob": 0.0024875621890547263, "count": 1, "pos": [117]}, "get": {"prob": 0.004975124378109453, "count": 2, "pos": [119, 290]}, "intent": {"prob": 0.004975124378109453, "count": 2, "pos": [121, 245]}, "across": {"prob": 0.0024875621890547263, "count": 1, "pos": [122]}, "open": {"prob": 0.0024875621890547263, "count": 1, "pos": [127]}, "concern": {"prob": 0.0024875621890547263, "count": 1, "pos": [128]}, "about": {"prob": 0.004975124378109453, "count": 2, "pos": [129, 276]}, "while": {"prob": 0.004975124378109453, "count": 2, "pos": [134, 175]}, "see": {"prob": 0.004975124378109453, "count": 2, "pos": [136, 202]}, "past": {"prob": 0.0024875621890547263, "count": 1, "pos": [137]}, "worri": {"prob": 0.0024875621890547263, "count": 1, "pos": [140]}, "midway": {"prob": 0.0024875621890547263, "count": 1, "pos": [141]}, "through": {"prob": 0.0024875621890547263, "count": 1, "pos": [142]}, "kill": {"prob": 0.007462686567164179, "count": 3, "pos": [146, 243, 347]}, "dure": {"prob": 0.0024875621890547263, "count": 1, "pos": [148]}, "confront": {"prob": 0.004975124378109453, "count": 2, "pos": [150, 272]}, "at": {"prob": 0.0024875621890547263, "count": 1, "pos": [151]}, "hous": {"prob": 0.0024875621890547263, "count": 1, "pos": [153]}, "follow": {"prob": 0.0024875621890547263, "count": 1, "pos": [154]}, "domest": {"prob": 0.0024875621890547263, "count": 1, "pos": [156]}, "disput": {"prob": 0.0024875621890547263, "count": 1, "pos": [157]}, "though": {"prob": 0.0024875621890547263, "count": 1, "pos": [158]}, "equal": {"prob": 0.0024875621890547263, "count": 1, "pos": [159]}, "devast": {"prob": 0.0024875621890547263, "count": 1, "pos": [160]}, "griev": {"prob": 0.0024875621890547263, "count": 1, "pos": [164]}, "differ": {"prob": 0.0024875621890547263, "count": 1, "pos": [166]}, "put": {"prob": 0.0024875621890547263, "count": 1, "pos": [170]}, "on": {"prob": 0.007462686567164179, "count": 3, "pos": [171, 185, 399]}, "brave": {"prob": 0.0024875621890547263,