{"__total__": 477, "__name__": "doc_773_Incubus_1966.txt", "the": {"prob": 0.08176100628930817, "count": 39, "pos": [0, 5, 17, 27, 36, 42, 61, 65, 87, 98, 128, 187, 202, 220, 223, 231, 276, 282, 286, 291, 298, 347, 350, 353, 362, 377, 391, 400, 409, 418, 421, 433, 436, 443, 455, 459, 465, 468, 471]}, "film": {"prob": 0.0020964360587002098, "count": 1, "pos": [1]}, "is": {"prob": 0.006289308176100629, "count": 3, "pos": [2, 294, 388]}, "set": {"prob": 0.0020964360587002098, "count": 1, "pos": [3]}, "in": {"prob": 0.012578616352201259, "count": 6, "pos": [4, 79, 190, 237, 357, 462]}, "villag": {"prob": 0.010482180293501049, "count": 5, "pos": [6, 37, 43, 62, 277]}, "of": {"prob": 0.027253668763102725, "count": 13, "pos": [7, 26, 89, 100, 127, 288, 323, 349, 379, 411, 420, 445, 467]}, "nomen": {"prob": 0.0041928721174004195, "count": 2, "pos": [8, 71]}, "tuum": {"prob": 0.0041928721174004195, "count": 2, "pos": [9, 72]}, "which": {"prob": 0.0020964360587002098, "count": 1, "pos": [10]}, "ha": {"prob": 0.008385744234800839, "count": 4, "pos": [11, 44, 252, 376]}, "a": {"prob": 0.023060796645702306, "count": 11, "pos": [12, 21, 54, 91, 131, 144, 173, 177, 210, 253, 426]}, "well": {"prob": 0.0041928721174004195, "count": 2, "pos": [13, 51]}, "that": {"prob": 0.006289308176100629, "count": 3, "pos": [14, 130, 329]}, "can": {"prob": 0.0020964360587002098, "count": 1, "pos": [15]}, "heal": {"prob": 0.0041928721174004195, "count": 2, "pos": [16, 193]}, "sick": {"prob": 0.0020964360587002098, "count": 1, "pos": [18]}, "and": {"prob": 0.041928721174004195, "count": 20, "pos": [19, 58, 73, 112, 140, 163, 204, 243, 256, 290, 301, 311, 334, 336, 352, 371, 404, 416, 429, 447]}, "make": {"prob": 0.008385744234800839, "count": 4, "pos": [20, 307, 346, 417]}, "person": {"prob": 0.0020964360587002098, "count": 1, "pos": [22]}, "more": {"prob": 0.0041928721174004195, "count": 2, "pos": [23, 116]}, "beauti": {"prob": 0.0020964360587002098, "count": 1, "pos": [24]}, "becaus": {"prob": 0.0020964360587002098, "count": 1, "pos": [25]}, "latter": {"prob": 0.0020964360587002098, "count": 1, "pos": [28]}, "mani": {"prob": 0.0020964360587002098, "count": 1, "pos": [29]}, "conceit": {"prob": 0.0020964360587002098, "count": 1, "pos": [30]}, "or": {"prob": 0.0020964360587002098, "count": 1, "pos": [31]}, "corrupt": {"prob": 0.0020964360587002098, "count": 1, "pos": [32]}, "individu": {"prob": 0.0020964360587002098, "count": 1, "pos": [33]}, "come": {"prob": 0.006289308176100629, "count": 3, "pos": [34, 69, 185]}, "to": {"prob": 0.04612159329140461, "count": 22, "pos": [35, 70, 76, 81, 85, 103, 142, 146, 186, 192, 200, 206, 216, 219, 239, 248, 275, 331, 367, 390, 408, 442]}, "for": {"prob": 0.012578616352201259, "count": 6, "pos": [38, 46, 56, 317, 342, 398]}, "thi": {"prob": 0.0020964360587002098, "count": 1, "pos": [39]}, "cosmet": {"prob": 0.0020964360587002098, "count": 1, "pos": [40]}, "effect": {"prob": 0.0020964360587002098, "count": 1, "pos": [41]}, "notorieti": {"prob": 0.0020964360587002098, "count": 1, "pos": [45]}, "it": {"prob": 0.0020964360587002098, "count": 1, "pos": [47]}, "magic": {"prob": 0.0020964360587002098, "count": 1, "pos": [48]}, "water": {"prob": 0.0041928721174004195, "count": 2, "pos": [49, 189]}, "as": {"prob": 0.014675052410901468, "count": 7, "pos": [50, 52, 118, 161, 165, 269, 339]}, "be": {"prob": 0.006289308176100629, "count": 3, "pos": [53, 110, 207]}, "ground": {"prob": 0.0041928721174004195, "count": 2, "pos": [55, 434]}, "dark": {"prob": 0.008385744234800839, "count": 4, "pos": [57, 90, 149, 412]}, "demon": {"prob": 0.0041928721174004195, "count": 2, "pos": [59, 355]}, "along": {"prob": 0.0020964360587002098, "count": 1, "pos": [60]}, "succubi": {"prob": 0.0020964360587002098, "count": 1, "pos": [63]}, "entic": {"prob": 0.0020964360587002098, "count": 1, "pos": [64]}, "taint": {"prob": 0.0020964360587002098, "count": 1, "pos": [66]}, "soul": {"prob": 0.008385744234800839, "count": 4, "pos": [67, 84, 133, 255]}, "who": {"prob": 0.008385744234800839, "count": 4, "pos": [68, 180, 387, 451]}, "lead": {"prob": 0.0020964360587002098, "count": 1, "pos": [74]}, "them": {"prob": 0.0041928721174004195, "count": 2, "pos": [75, 476]}, "their": {"prob": 0.006289308176100629, "count": 3, "pos": [77, 83, 152]}, "death": {"prob": 0.0020964360587002098, "count": 1, "pos": [78]}, "order": {"prob": 0.006289308176100629, "count": 3, "pos": [80, 191, 238]}, "offer": {"prob": 0.0020964360587002098, "count": 1, "pos": [82]}, "hell": {"prob": 0.0041928721174004195, "count": 2, "pos": [86, 104]}, "god": {"prob": 0.008385744234800839, "count": 4, "pos": [88, 299, 410, 444]}, "promin": {"prob": 0.0020964360587002098, "count": 1, "pos": [92]}, "young": {"prob": 0.0041928721174004195, "count": 2, "pos": [93, 178]}, "succubu": {"prob": 0.0041928721174004195, "count": 2, "pos": [94, 123]}, "name": {"prob": 0.0020964360587002098, "count": 1, "pos": [95]}, "kia": {"prob": 0.027253668763102725, "count": 13, "pos": [96, 105, 126, 137, 197, 213, 244, 263, 270, 279, 312, 384, 413]}, "loath": {"prob": 0.0020964360587002098, "count": 1, "pos": [97]}, "routin": {"prob": 0.0020964360587002098, "count": 1, "pos": [99]}, "herd": {"prob": 0.0020964360587002098, "count": 1, "pos": [101]}, "sinner": {"prob": 0.0020964360587002098, "count": 1, "pos": [102]}, "claim": {"prob": 0.006289308176100629, "count": 3, "pos": [106, 405, 439]}, "her": {"prob": 0.023060796645702306, "count": 11, "pos": [107, 119, 121, 166, 218, 274, 308, 319, 396, 431, 454]}, "power": {"prob": 0.0020964360587002098, "count": 1, "pos": [108]}, "are": {"prob": 0.006289308176100629, "count": 3, "pos": [109, 159, 267]}, "wast": {"prob": 0.0020964360587002098, "count": 1, "pos": [111]}, "need": {"prob": 0.0020964360587002098, "count": 1, "pos": [113]}, "someth": {"prob": 0.0020964360587002098, "count": 1, "pos": [114]}, "someon": {"prob": 0.0020964360587002098, "count": 1, "pos": [115]}, "stimul": {"prob": 0.0020964360587002098, "count": 1, "pos": [117]}, "prey": {"prob": 0.0020964360587002098, "count": 1, "pos": [120]}, "sister": {"prob": 0.006289308176100629, "count": 3, "pos": [122, 183, 344]}, "amael": {"prob": 0.008385744234800839, "count": 4, "pos": [124, 310, 325, 372]}, "warn": {"prob": 0.0020964360587002098, "count": 1, "pos": [125]}, "danger": {"prob": 0.0020964360587002098, "count": 1, "pos": [129]}, "pure": {"prob": 0.006289308176100629, "count": 3, "pos": [132, 254, 303]}, "will": {"prob": 0.0041928721174004195, "count": 2, "pos": [134, 257]}, "bring": {"prob": 0.0020964360587002098, "count": 1, "pos": [135]}, "love": {"prob": 0.008385744234800839, "count": 4, "pos": [136, 304, 324, 397]}, "persist": {"prob": 0.0020964360587002098, "count": 1, "pos": [138]}, "anyway": {"prob": 0.0020964360587002098, "count": 1, "pos": [139]}, "attempt": {"prob": 0.0041928721174004195, "count": 2, "pos": [141, 330]}, "find": {"prob": 0.0041928721174004195, "count": 2, "pos": [143, 240]}, "clergyman": {"prob": 0.0020964360587002098, "count": 1, "pos": [145]}, "seduc": {"prob": 0.0020964360587002098, "count": 1, "pos": [147]}, "into": {"prob": 0.006289308176100629, "count": 3, "pos": [148, 230, 432]}, "after": {"prob": 0.006289308176100629, "count": 3, "pos": [150, 209, 435]}, "watch": {"prob": 0.0020964360587002098, "count": 1, "pos": [151]}, "behaviour": {"prob": 0.0020964360587002098, "count": 1, "pos": [153]}, "howev": {"prob": 0.0020964360587002098, "count": 1, "pos": [154]}, "she": {"prob": 0.014675052410901468, "count": 7, "pos": [155, 169, 234, 293, 394, 406, 438]}, "realiz": {"prob": 0.0020964360587002098, "count": 1, "pos": [156]}, "these": {"prob": 0.0020964360587002098, "count": 1, "pos": [157]}, "men": {"prob": 0.0020964360587002098, "count": 1, "pos": [158]}, "just": {"prob": 0.0020964360587002098, "count": 1, "pos": [160]}, "iniquit": {"prob": 0.0020964360587002098, "count": 1, "pos": [162]}, "shrewd": {"prob": 0.0020964360587002098, "count": 1, "pos": [164]}, "previou": {"prob": 0.0020964360587002098, "count": 1,