{"__total__": 421, "__name__": "doc_774_Indecent_Proposal.txt", "high": {"prob": 0.0023752969121140144, "count": 1, "pos": [0]}, "school": {"prob": 0.0023752969121140144, "count": 1, "pos": [1]}, "sweetheart": {"prob": 0.0023752969121140144, "count": 1, "pos": [2]}, "david": {"prob": 0.035629453681710214, "count": 15, "pos": [3, 24, 58, 72, 139, 187, 216, 234, 254, 283, 303, 322, 341, 380, 403]}, "and": {"prob": 0.0332541567695962, "count": 14, "pos": [4, 37, 56, 73, 80, 105, 123, 188, 194, 212, 248, 284, 377, 418]}, "diana": {"prob": 0.030878859857482184, "count": 13, "pos": [5, 55, 74, 90, 147, 165, 189, 199, 204, 230, 280, 313, 360]}, "murphi": {"prob": 0.0023752969121140144, "count": 1, "pos": [6]}, "are": {"prob": 0.0023752969121140144, "count": 1, "pos": [7]}, "a": {"prob": 0.028503562945368172, "count": 12, "pos": [8, 64, 69, 81, 92, 99, 113, 150, 213, 270, 344, 353]}, "marri": {"prob": 0.0023752969121140144, "count": 1, "pos": [9]}, "coupl": {"prob": 0.0023752969121140144, "count": 1, "pos": [10]}, "who": {"prob": 0.0023752969121140144, "count": 1, "pos": [11]}, "travel": {"prob": 0.0023752969121140144, "count": 1, "pos": [12]}, "to": {"prob": 0.05938242280285035, "count": 25, "pos": [13, 22, 54, 62, 76, 91, 101, 107, 134, 207, 239, 259, 265, 319, 321, 326, 331, 338, 340, 367, 373, 379, 393, 399, 406]}, "la": {"prob": 0.0023752969121140144, "count": 1, "pos": [14]}, "vega": {"prob": 0.0023752969121140144, "count": 1, "pos": [15]}, "hope": {"prob": 0.004750593824228029, "count": 2, "pos": [16, 133]}, "they": {"prob": 0.011876484560570071, "count": 5, "pos": [17, 29, 46, 329, 411]}, "can": {"prob": 0.0023752969121140144, "count": 1, "pos": [18]}, "win": {"prob": 0.004750593824228029, "count": 2, "pos": [19, 240]}, "enough": {"prob": 0.0023752969121140144, "count": 1, "pos": [20]}, "money": {"prob": 0.004750593824228029, "count": 2, "pos": [21, 32]}, "financ": {"prob": 0.0023752969121140144, "count": 1, "pos": [23]}, "fantasi": {"prob": 0.0023752969121140144, "count": 1, "pos": [25]}, "real": {"prob": 0.0023752969121140144, "count": 1, "pos": [26]}, "estat": {"prob": 0.0023752969121140144, "count": 1, "pos": [27]}, "project": {"prob": 0.0023752969121140144, "count": 1, "pos": [28]}, "place": {"prob": 0.0023752969121140144, "count": 1, "pos": [30]}, "their": {"prob": 0.014251781472684086, "count": 6, "pos": [31, 44, 171, 185, 293, 413]}, "on": {"prob": 0.014251781472684086, "count": 6, "pos": [33, 184, 198, 222, 349, 405]}, "red": {"prob": 0.0023752969121140144, "count": 1, "pos": [34]}, "in": {"prob": 0.007125890736342043, "count": 3, "pos": [35, 305, 352]}, "roulett": {"prob": 0.0023752969121140144, "count": 1, "pos": [36]}, "lose": {"prob": 0.004750593824228029, "count": 2, "pos": [38, 112]}, "after": {"prob": 0.004750593824228029, "count": 2, "pos": [39, 68]}, "gambl": {"prob": 0.0023752969121140144, "count": 1, "pos": [40]}, "away": {"prob": 0.004750593824228029, "count": 2, "pos": [41, 253]}, "all": {"prob": 0.0023752969121140144, "count": 1, "pos": [42]}, "of": {"prob": 0.014251781472684086, "count": 6, "pos": [43, 115, 181, 226, 275, 356]}, "save": {"prob": 0.0023752969121140144, "count": 1, "pos": [45]}, "encount": {"prob": 0.0023752969121140144, "count": 1, "pos": [47]}, "billionair": {"prob": 0.0023752969121140144, "count": 1, "pos": [48]}, "john": {"prob": 0.0023752969121140144, "count": 1, "pos": [49]}, "gage": {"prob": 0.030878859857482184, "count": 13, "pos": [50, 51, 88, 119, 157, 168, 191, 277, 309, 327, 333, 363, 376]}, "is": {"prob": 0.0166270783847981, "count": 7, "pos": [52, 83, 160, 268, 311, 364, 391]}, "attract": {"prob": 0.0023752969121140144, "count": 1, "pos": [53]}, "offer": {"prob": 0.007125890736342043, "count": 3, "pos": [57, 79, 97]}, "one": {"prob": 0.007125890736342043, "count": 3, "pos": [59, 236, 416]}, "million": {"prob": 0.007125890736342043, "count": 3, "pos": [60, 251, 357]}, "dollar": {"prob": 0.007125890736342043, "count": 3, "pos": [61, 252, 358]}, "spend": {"prob": 0.007125890736342043, "count": 3, "pos": [63, 125, 208]}, "night": {"prob": 0.009501187648456057, "count": 4, "pos": [65, 71, 127, 264]}, "with": {"prob": 0.021377672209026127, "count": 9, "pos": [66, 128, 146, 149, 156, 210, 291, 302, 308]}, "her": {"prob": 0.0166270783847981, "count": 7, "pos": [67, 98, 108, 241, 317, 372, 386]}, "difficult": {"prob": 0.0023752969121140144, "count": 1, "pos": [70]}, "decid": {"prob": 0.0023752969121140144, "count": 1, "pos": [75]}, "accept": {"prob": 0.0023752969121140144, "count": 1, "pos": [77]}, "the": {"prob": 0.0332541567695962, "count": 14, "pos": [78, 85, 103, 126, 136, 163, 224, 245, 250, 263, 298, 306, 350, 400]}, "contract": {"prob": 0.0023752969121140144, "count": 1, "pos": [82]}, "sign": {"prob": 0.004750593824228029, "count": 2, "pos": [84, 244]}, "next": {"prob": 0.0023752969121140144, "count": 1, "pos": [86]}, "day": {"prob": 0.0023752969121140144, "count": 1, "pos": [87]}, "fli": {"prob": 0.0023752969121140144, "count": 1, "pos": [89]}, "privat": {"prob": 0.0023752969121140144, "count": 1, "pos": [93]}, "yacht": {"prob": 0.0023752969121140144, "count": 1, "pos": [94]}, "where": {"prob": 0.004750593824228029, "count": 2, "pos": [95, 402]}, "he": {"prob": 0.014251781472684086, "count": 6, "pos": [96, 111, 131, 219, 261, 384]}, "chanc": {"prob": 0.0023752969121140144, "count": 1, "pos": [100]}, "void": {"prob": 0.0023752969121140144, "count": 1, "pos": [102]}, "deal": {"prob": 0.0023752969121140144, "count": 1, "pos": [104]}, "return": {"prob": 0.011876484560570071, "count": 5, "pos": [106, 320, 339, 378, 398]}, "husband": {"prob": 0.0023752969121140144, "count": 1, "pos": [109]}, "if": {"prob": 0.004750593824228029, "count": 2, "pos": [110, 288]}, "toss": {"prob": 0.0023752969121140144, "count": 1, "pos": [114]}, "hi": {"prob": 0.014251781472684086, "count": 6, "pos": [116, 144, 196, 227, 256, 387]}, "lucki": {"prob": 0.004750593824228029, "count": 2, "pos": [117, 388]}, "coin": {"prob": 0.004750593824228029, "count": 2, "pos": [118, 389]}, "call": {"prob": 0.0023752969121140144, "count": 1, "pos": [120]}, "it": {"prob": 0.011876484560570071, "count": 5, "pos": [121, 175, 267, 310, 369]}, "correct": {"prob": 0.0023752969121140144, "count": 1, "pos": [122]}, "she": {"prob": 0.023752969121140142, "count": 10, "pos": [124, 153, 201, 289, 300, 324, 336, 347, 382, 397]}, "him": {"prob": 0.009501187648456057, "count": 4, "pos": [129, 211, 292, 408]}, "although": {"prob": 0.004750593824228029, "count": 2, "pos": [130, 200]}, "had": {"prob": 0.004750593824228029, "count": 2, "pos": [132, 301]}, "forget": {"prob": 0.0023752969121140144, "count": 1, "pos": [135]}, "whole": {"prob": 0.0023752969121140144, "count": 1, "pos": [137]}, "incid": {"prob": 0.0023752969121140144, "count": 1, "pos": [138]}, "grow": {"prob": 0.0023752969121140144, "count": 1, "pos": [140]}, "increasing": {"prob": 0.0023752969121140144, "count": 1, "pos": [141]}, "insecur": {"prob": 0.004750593824228029, "count": 2, "pos": [142, 159]}, "about": {"prob": 0.0023752969121140144, "count": 1, "pos": [143]}, "relationship": {"prob": 0.009501187648456057, "count": 4, "pos": [145, 186, 214, 294]}, "consum": {"prob": 0.0023752969121140144, "count": 1, "pos": [148]}, "fear": {"prob": 0.0023752969121140144, "count": 1, "pos": [151]}, "that": {"prob": 0.0166270783847981, "count": 7, "pos": [152, 167, 286, 328, 335, 346, 362]}, "remain": {"prob": 0.0023752969121140144, "count": 1, "pos": [154]}, "involv": {"prob": 0.0023752969121140144, "count": 1, "pos": [155]}, "thi": {"prob": 0.007125890736342043, "count": 3, "pos": [158, 182, 366]}, "heighten": {"prob": 0.0023752969121140144, "count": 1, "pos": [161]}, "by": {"prob": 0.004750593824228029, "count": 2, "pos": [162, 243]}, "fact": {"prob": 0.0023752969121140144, "count": 1, "pos": [164]}, "discov": {"prob": 0.0023752969121140144, "count": 1, "pos": [166]}, "ha": {"prob": 0.004750593824228029, "count": 2, "pos": [169, 314]}, "bought": {"prob": 0.0023752969121140144, "count": 1, "pos": [170]},