{"__total__": 714, "__name__": "doc_78_Aladdin_1992_Disney.txt", "jafar": {"prob": 0.02661064425770308, "count": 19, "pos": [0, 35, 97, 110, 179, 187, 314, 419, 441, 444, 475, 482, 503, 536, 549, 563, 581, 613, 623]}, "grand": {"prob": 0.0014005602240896359, "count": 1, "pos": [1]}, "vizier": {"prob": 0.0014005602240896359, "count": 1, "pos": [2]}, "to": {"prob": 0.05042016806722689, "count": 36, "pos": [3, 10, 31, 64, 99, 120, 133, 151, 156, 163, 171, 181, 272, 277, 294, 299, 310, 316, 350, 402, 436, 474, 488, 509, 522, 531, 533, 557, 589, 600, 618, 661, 669, 689, 692, 703]}, "the": {"prob": 0.08403361344537816, "count": 60, "pos": [4, 20, 33, 46, 50, 53, 61, 77, 121, 125, 130, 137, 143, 152, 161, 167, 172, 177, 189, 193, 198, 205, 212, 217, 232, 240, 244, 250, 279, 290, 318, 332, 345, 352, 368, 371, 375, 386, 406, 423, 426, 437, 448, 468, 478, 492, 497, 528, 542, 560, 591, 604, 643, 646, 649, 676, 684, 687, 698, 705]}, "sultan": {"prob": 0.00980392156862745, "count": 7, "pos": [5, 54, 319, 333, 490, 543, 685]}, "of": {"prob": 0.00980392156862745, "count": 7, "pos": [6, 22, 123, 129, 234, 239, 651]}, "agrabah": {"prob": 0.0056022408963585435, "count": 4, "pos": [7, 65, 311, 534]}, "is": {"prob": 0.014005602240896359, "count": 10, "pos": [8, 88, 269, 357, 416, 456, 465, 606, 633, 665]}, "attempt": {"prob": 0.004201680672268907, "count": 3, "pos": [9, 30, 155]}, "retriev": {"prob": 0.0014005602240896359, "count": 1, "pos": [11]}, "a": {"prob": 0.03221288515406162, "count": 23, "pos": [12, 17, 26, 43, 82, 146, 158, 221, 254, 270, 301, 322, 342, 361, 381, 393, 400, 514, 523, 551, 570, 620, 636]}, "magic": {"prob": 0.0056022408963585435, "count": 4, "pos": [13, 147, 372, 529]}, "oil": {"prob": 0.0014005602240896359, "count": 1, "pos": [14]}, "lamp": {"prob": 0.01680672268907563, "count": 12, "pos": [15, 138, 153, 178, 194, 218, 274, 449, 470, 561, 638, 647]}, "contain": {"prob": 0.0014005602240896359, "count": 1, "pos": [16]}, "geni": {"prob": 0.022408963585434174, "count": 16, "pos": [18, 222, 245, 260, 280, 291, 346, 427, 469, 479, 605, 621, 626, 644, 677, 701]}, "from": {"prob": 0.0056022408963585435, "count": 4, "pos": [19, 115, 249, 388]}, "cave": {"prob": 0.015406162464985995, "count": 11, "pos": [21, 34, 51, 122, 131, 144, 162, 206, 214, 251, 650]}, "wonder": {"prob": 0.004201680672268907, "count": 3, "pos": [23, 124, 652]}, "after": {"prob": 0.0056022408963585435, "count": 4, "pos": [24, 285, 446, 653]}, "see": {"prob": 0.0028011204481792717, "count": 2, "pos": [25, 679]}, "petti": {"prob": 0.0014005602240896359, "count": 1, "pos": [27]}, "thief": {"prob": 0.0014005602240896359, "count": 1, "pos": [28]}, "fail": {"prob": 0.0014005602240896359, "count": 1, "pos": [29]}, "enter": {"prob": 0.004201680672268907, "count": 3, "pos": [32, 49, 142]}, "and": {"prob": 0.029411764705882353, "count": 21, "pos": [36, 73, 113, 117, 140, 191, 200, 326, 364, 384, 420, 439, 443, 471, 491, 506, 520, 541, 573, 673, 709]}, "hi": {"prob": 0.018207282913165267, "count": 13, "pos": [37, 74, 258, 273, 282, 296, 431, 484, 500, 545, 585, 615, 671]}, "parrot": {"prob": 0.0014005602240896359, "count": 1, "pos": [38]}, "iago": {"prob": 0.004201680672268907, "count": 3, "pos": [39, 466, 640]}, "learn": {"prob": 0.0014005602240896359, "count": 1, "pos": [40]}, "that": {"prob": 0.00980392156862745, "count": 7, "pos": [41, 101, 348, 395, 603, 625, 656]}, "on": {"prob": 0.004201680672268907, "count": 3, "pos": [42, 370, 595]}, "diamond": {"prob": 0.0014005602240896359, "count": 1, "pos": [44]}, "in": {"prob": 0.012605042016806723, "count": 9, "pos": [45, 60, 84, 188, 211, 450, 496, 569, 584]}, "rough": {"prob": 0.0014005602240896359, "count": 1, "pos": [47]}, "can": {"prob": 0.0028011204481792717, "count": 2, "pos": [48, 305]}, "jasmin": {"prob": 0.0196078431372549, "count": 14, "pos": [52, 92, 288, 307, 327, 338, 366, 377, 505, 540, 547, 568, 680, 710]}, "daughter": {"prob": 0.0014005602240896359, "count": 1, "pos": [55]}, "frustrat": {"prob": 0.0014005602240896359, "count": 1, "pos": [56]}, "with": {"prob": 0.008403361344537815, "count": 6, "pos": [57, 231, 289, 550, 610, 641]}, "her": {"prob": 0.0070028011204481795, "count": 5, "pos": [58, 100, 412, 507, 691]}, "life": {"prob": 0.0028011204481792717, "count": 2, "pos": [59, 405]}, "palac": {"prob": 0.0056022408963585435, "count": 4, "pos": [62, 334, 404, 438]}, "flee": {"prob": 0.0028011204481792717, "count": 2, "pos": [63, 445]}, "marketplac": {"prob": 0.0014005602240896359, "count": 1, "pos": [66]}, "there": {"prob": 0.0014005602240896359, "count": 1, "pos": [67]}, "she": {"prob": 0.0028011204481792717, "count": 2, "pos": [68, 695]}, "meet": {"prob": 0.0014005602240896359, "count": 1, "pos": [69]}, "street": {"prob": 0.0028011204481792717, "count": 2, "pos": [70, 515]}, "rat": {"prob": 0.0028011204481792717, "count": 2, "pos": [71, 516]}, "aladdin": {"prob": 0.046218487394957986, "count": 33, "pos": [72, 87, 102, 112, 139, 175, 201, 215, 228, 242, 275, 292, 308, 329, 349, 358, 383, 390, 410, 415, 429, 434, 451, 455, 458, 512, 526, 555, 583, 599, 654, 683, 708]}, "monkey": {"prob": 0.0014005602240896359, "count": 1, "pos": [75]}, "abu": {"prob": 0.008403361344537815, "count": 6, "pos": [76, 114, 141, 154, 185, 521]}, "two": {"prob": 0.0028011204481792717, "count": 2, "pos": [78, 486]}, "discov": {"prob": 0.0028011204481792717, "count": 2, "pos": [79, 624]}, "they": {"prob": 0.0014005602240896359, "count": 1, "pos": [80]}, "have": {"prob": 0.0014005602240896359, "count": 1, "pos": [81]}, "lot": {"prob": 0.0014005602240896359, "count": 1, "pos": [83]}, "common": {"prob": 0.004201680672268907, "count": 3, "pos": [85, 382, 401]}, "when": {"prob": 0.0028011204481792717, "count": 2, "pos": [86, 328]}, "detain": {"prob": 0.0014005602240896359, "count": 1, "pos": [89]}, "for": {"prob": 0.0070028011204481795, "count": 5, "pos": [90, 265, 281, 675, 682]}, "thieveri": {"prob": 0.0014005602240896359, "count": 1, "pos": [91]}, "order": {"prob": 0.0014005602240896359, "count": 1, "pos": [93]}, "him": {"prob": 0.008403361344537815, "count": 6, "pos": [94, 183, 389, 519, 565, 642]}, "relea": {"prob": 0.0028011204481792717, "count": 2, "pos": [95, 111]}, "but": {"prob": 0.008403361344537815, "count": 6, "pos": [96, 136, 166, 184, 425, 562]}, "lie": {"prob": 0.0014005602240896359, "count": 1, "pos": [98]}, "ha": {"prob": 0.0028011204481792717, "count": 2, "pos": [103, 537]}, "been": {"prob": 0.0014005602240896359, "count": 1, "pos": [104]}, "execut": {"prob": 0.0014005602240896359, "count": 1, "pos": [105]}, "disgui": {"prob": 0.0014005602240896359, "count": 1, "pos": [106]}, "as": {"prob": 0.025210084033613446, "count": 18, "pos": [107, 174, 196, 208, 313, 335, 341, 360, 380, 399, 409, 430, 457, 513, 544, 554, 580, 631]}, "an": {"prob": 0.0028011204481792717, "count": 2, "pos": [108, 577]}, "elder": {"prob": 0.0014005602240896359, "count": 1, "pos": [109]}, "prison": {"prob": 0.0028011204481792717, "count": 2, "pos": [116, 271]}, "lead": {"prob": 0.0014005602240896359, "count": 1, "pos": [118]}, "them": {"prob": 0.0056022408963585435, "count": 4, "pos": [119, 150, 170, 248]}, "tiger": {"prob": 0.0014005602240896359, "count": 1, "pos": [126]}, "shape": {"prob": 0.0014005602240896359, "count": 1, "pos": [127]}, "head": {"prob": 0.0014005602240896359, "count": 1, "pos": [128]}, "say": {"prob": 0.0014005602240896359, "count": 1, "pos": [132]}, "touch": {"prob": 0.0014005602240896359, "count": 1, "pos": [134]}, "noth": {"prob": 0.0014005602240896359, "count": 1, "pos": [135]}, "where": {"prob": 0.0028011204481792717, "count": 2, "pos": [145, 535]}, "carpet": {"prob": 0.0070028011204481795, "count": 5, "pos": [148, 168, 199, 373, 530]}, "guid": {"prob": 0.0014005602240896359, "count": 1, "pos": [149]}, "steal": {"prob": 0.004201680672268907, "count": 3, "pos": [157, 467, 558]}, "rubi": {"prob": 0.0014005602240896359, "count": 1, "pos": [159]}, "caus": {"prob": 0.0028011204481792717, "count": 2, "pos": [160, 598]},