{"__total__": 364, "__name__": "doc_788_It_Happened_Here.txt", "set": {"prob": 0.0027472527472527475, "count": 1, "pos": [0]}, "in": {"prob": 0.027472527472527472, "count": 10, "pos": [1, 17, 20, 62, 126, 185, 227, 290, 330, 351]}, "1944": {"prob": 0.0027472527472527475, "count": 1, "pos": [2]}, "1945": {"prob": 0.0027472527472527475, "count": 1, "pos": [3]}, "the": {"prob": 0.07967032967032966, "count": 29, "pos": [4, 31, 41, 58, 63, 65, 85, 89, 121, 161, 164, 173, 179, 186, 198, 202, 215, 244, 273, 284, 291, 307, 312, 319, 328, 333, 352, 355, 362]}, "stori": {"prob": 0.0027472527472527475, "count": 1, "pos": [5]}, "focus": {"prob": 0.0027472527472527475, "count": 1, "pos": [6]}, "on": {"prob": 0.013736263736263736, "count": 5, "pos": [7, 40, 114, 263, 320]}, "an": {"prob": 0.016483516483516484, "count": 6, "pos": [8, 15, 38, 105, 148, 345]}, "apolit": {"prob": 0.005494505494505495, "count": 2, "pos": [9, 116]}, "irish": {"prob": 0.0027472527472527475, "count": 1, "pos": [10]}, "district": {"prob": 0.0027472527472527475, "count": 1, "pos": [11]}, "nur": {"prob": 0.0027472527472527475, "count": 1, "pos": [12]}, "paulin": {"prob": 0.019230769230769232, "count": 7, "pos": [13, 117, 138, 157, 219, 248, 293]}, "follow": {"prob": 0.0027472527472527475, "count": 1, "pos": [14]}, "upsurg": {"prob": 0.0027472527472527475, "count": 1, "pos": [16]}, "partisan": {"prob": 0.01098901098901099, "count": 4, "pos": [18, 49, 150, 356]}, "activ": {"prob": 0.0027472527472527475, "count": 1, "pos": [19]}, "her": {"prob": 0.03021978021978022, "count": 11, "pos": [21, 28, 55, 69, 127, 170, 176, 183, 190, 207, 299]}, "area": {"prob": 0.0027472527472527475, "count": 1, "pos": [22]}, "she": {"prob": 0.027472527472527472, "count": 10, "pos": [23, 73, 79, 142, 151, 168, 200, 222, 259, 265]}, "is": {"prob": 0.016483516483516484, "count": 6, "pos": [24, 74, 101, 130, 266, 342]}, "forcibl": {"prob": 0.0027472527472527475, "count": 1, "pos": [25]}, "evacu": {"prob": 0.005494505494505495, "count": 2, "pos": [26, 75]}, "from": {"prob": 0.008241758241758242, "count": 3, "pos": [27, 57, 306]}, "villag": {"prob": 0.005494505494505495, "count": 2, "pos": [29, 59]}, "by": {"prob": 0.008241758241758242, "count": 3, "pos": [30, 44, 182]}, "german": {"prob": 0.01098901098901099, "count": 4, "pos": [32, 42, 165, 363]}, "and": {"prob": 0.03021978021978022, "count": 11, "pos": [33, 36, 71, 100, 112, 140, 167, 192, 232, 253, 268]}, "their": {"prob": 0.0027472527472527475, "count": 1, "pos": [34]}, "collabor": {"prob": 0.005494505494505495, "count": 2, "pos": [35, 83]}, "wit": {"prob": 0.0027472527472527475, "count": 1, "pos": [37]}, "attack": {"prob": 0.005494505494505495, "count": 2, "pos": [39, 66]}, "forc": {"prob": 0.008241758241758242, "count": 3, "pos": [43, 229, 238]}, "a": {"prob": 0.02197802197802198, "count": 8, "pos": [45, 52, 82, 93, 131, 228, 234, 301]}, "group": {"prob": 0.008241758241758242, "count": 3, "pos": [46, 235, 303]}, "of": {"prob": 0.046703296703296704, "count": 17, "pos": [47, 54, 88, 95, 123, 163, 175, 197, 214, 236, 286, 298, 304, 311, 332, 344, 348]}, "british": {"prob": 0.013736263736263736, "count": 5, "pos": [48, 274, 313, 316, 323]}, "dure": {"prob": 0.0027472527472527475, "count": 1, "pos": [50]}, "which": {"prob": 0.0027472527472527475, "count": 1, "pos": [51]}, "number": {"prob": 0.0027472527472527475, "count": 1, "pos": [53]}, "friend": {"prob": 0.008241758241758242, "count": 3, "pos": [56, 135, 171]}, "are": {"prob": 0.008241758241758242, "count": 3, "pos": [60, 146, 339]}, "kill": {"prob": 0.005494505494505495, "count": 2, "pos": [61, 233]}, "crossfir": {"prob": 0.0027472527472527475, "count": 1, "pos": [64]}, "later": {"prob": 0.0027472527472527475, "count": 1, "pos": [67]}, "influenc": {"prob": 0.0027472527472527475, "count": 1, "pos": [68]}, "view": {"prob": 0.005494505494505495, "count": 2, "pos": [70, 300]}, "deci": {"prob": 0.0027472527472527475, "count": 1, "pos": [72]}, "to": {"prob": 0.027472527472527472, "count": 10, "pos": [76, 119, 154, 189, 194, 211, 255, 270, 279, 357]}, "london": {"prob": 0.0027472527472527475, "count": 1, "pos": [77]}, "where": {"prob": 0.0027472527472527475, "count": 1, "pos": [78]}, "reluct": {"prob": 0.008241758241758242, "count": 3, "pos": [80, 111, 152]}, "becom": {"prob": 0.0027472527472527475, "count": 1, "pos": [81]}, "join": {"prob": 0.0027472527472527475, "count": 1, "pos": [84]}, "medic": {"prob": 0.005494505494505495, "count": 2, "pos": [86, 98]}, "wing": {"prob": 0.0027472527472527475, "count": 1, "pos": [87]}, "immedi": {"prob": 0.0027472527472527475, "count": 1, "pos": [90]}, "action": {"prob": 0.0027472527472527475, "count": 1, "pos": [91]}, "organi": {"prob": 0.0027472527472527475, "count": 1, "pos": [92]}, "kind": {"prob": 0.0027472527472527475, "count": 1, "pos": [94]}, "quasi": {"prob": 0.0027472527472527475, "count": 1, "pos": [96]}, "paramilitari": {"prob": 0.005494505494505495, "count": 2, "pos": [97, 216]}, "corp": {"prob": 0.005494505494505495, "count": 2, "pos": [99, 318]}, "re": {"prob": 0.0027472527472527475, "count": 1, "pos": [102]}, "train": {"prob": 0.0027472527472527475, "count": 1, "pos": [103]}, "as": {"prob": 0.013736263736263736, "count": 5, "pos": [104, 206, 276, 359, 361]}, "ambul": {"prob": 0.0027472527472527475, "count": 1, "pos": [106]}, "attend": {"prob": 0.0027472527472527475, "count": 1, "pos": [107]}, "although": {"prob": 0.0027472527472527475, "count": 1, "pos": [108]}, "at": {"prob": 0.005494505494505495, "count": 2, "pos": [109, 204]}, "first": {"prob": 0.005494505494505495, "count": 2, "pos": [110, 205]}, "intent": {"prob": 0.0027472527472527475, "count": 1, "pos": [113]}, "remain": {"prob": 0.0027472527472527475, "count": 1, "pos": [115]}, "begin": {"prob": 0.0027472527472527475, "count": 1, "pos": [118]}, "show": {"prob": 0.005494505494505495, "count": 2, "pos": [120, 354]}, "effect": {"prob": 0.0027472527472527475, "count": 1, "pos": [122]}, "fascist": {"prob": 0.0027472527472527475, "count": 1, "pos": [124]}, "indoctrin": {"prob": 0.0027472527472527475, "count": 1, "pos": [125]}, "behaviour": {"prob": 0.0027472527472527475, "count": 1, "pos": [128]}, "it": {"prob": 0.0027472527472527475, "count": 1, "pos": [129]}, "reunion": {"prob": 0.0027472527472527475, "count": 1, "pos": [132]}, "with": {"prob": 0.01098901098901099, "count": 4, "pos": [133, 178, 247, 283]}, "old": {"prob": 0.0027472527472527475, "count": 1, "pos": [134]}, "that": {"prob": 0.008241758241758242, "count": 3, "pos": [136, 221, 325]}, "give": {"prob": 0.0027472527472527475, "count": 1, "pos": [137]}, "paus": {"prob": 0.0027472527472527475, "count": 1, "pos": [139]}, "when": {"prob": 0.0027472527472527475, "count": 1, "pos": [141]}, "subsequ": {"prob": 0.0027472527472527475, "count": 1, "pos": [143]}, "discov": {"prob": 0.005494505494505495, "count": 2, "pos": [144, 220]}, "they": {"prob": 0.005494505494505495, "count": 2, "pos": [145, 277]}, "harbour": {"prob": 0.0027472527472527475, "count": 1, "pos": [147]}, "injur": {"prob": 0.0027472527472527475, "count": 1, "pos": [149]}, "agr": {"prob": 0.005494505494505495, "count": 2, "pos": [153, 269]}, "help": {"prob": 0.005494505494505495, "count": 2, "pos": [155, 285]}, "gradual": {"prob": 0.0027472527472527475, "count": 1, "pos": [156]}, "learn": {"prob": 0.0027472527472527475, "count": 1, "pos": [158]}, "more": {"prob": 0.0027472527472527475, "count": 1, "pos": [159]}, "about": {"prob": 0.0027472527472527475, "count": 1, "pos": [160]}, "impact": {"prob": 0.0027472527472527475, "count": 1, "pos": [162]}, "occup": {"prob": 0.0027472527472527475, "count": 1, "pos": [166]}, "see": {"prob": 0.0027472527472527475, "count": 1, "pos": [169]}, "arrest": {"prob": 0.005494505494505495, "count": 2, "pos": [172, 250]}, "discoveri": {"prob": 0.0027472527472527475, "count": 1, "pos": [174]}, "associ": {"prob": 0.0027472527472527475, "count": 1, "pos": [177]}, "antifascist": {"prob": 0.0027472527472527475, "count": 1, "pos": [180]},