{"__total__": 501, "__name__": "doc_789_It_Happened_One_Night.txt", "spoil": {"prob": 0.001996007984031936, "count": 1, "pos": [0]}, "heiress": {"prob": 0.001996007984031936, "count": 1, "pos": [1]}, "ellen": {"prob": 0.001996007984031936, "count": 1, "pos": [2]}, "elli": {"prob": 0.031936127744510975, "count": 16, "pos": [3, 96, 104, 118, 163, 224, 271, 284, 305, 342, 358, 384, 406, 421, 441, 497]}, "andrew": {"prob": 0.005988023952095809, "count": 3, "pos": [4, 387, 431]}, "marri": {"prob": 0.007984031936127744, "count": 4, "pos": [5, 302, 341, 499]}, "fortun": {"prob": 0.001996007984031936, "count": 1, "pos": [6]}, "hunter": {"prob": 0.001996007984031936, "count": 1, "pos": [7]}, "king": {"prob": 0.001996007984031936, "count": 1, "pos": [8]}, "westley": {"prob": 0.00998003992015968, "count": 5, "pos": [9, 77, 303, 312, 494]}, "against": {"prob": 0.001996007984031936, "count": 1, "pos": [10]}, "the": {"prob": 0.03592814371257485, "count": 18, "pos": [11, 20, 90, 99, 143, 161, 172, 218, 253, 256, 320, 356, 377, 390, 426, 436, 445, 470]}, "wish": {"prob": 0.001996007984031936, "count": 1, "pos": [12]}, "of": {"prob": 0.013972055888223553, "count": 7, "pos": [13, 49, 220, 255, 273, 413, 444]}, "her": {"prob": 0.0499001996007984, "count": 25, "pos": [14, 36, 55, 58, 69, 74, 83, 94, 120, 185, 226, 240, 277, 283, 286, 294, 301, 318, 350, 372, 451, 457, 459, 482, 490]}, "extrem": {"prob": 0.001996007984031936, "count": 1, "pos": [15]}, "wealthi": {"prob": 0.001996007984031936, "count": 1, "pos": [16]}, "father": {"prob": 0.011976047904191617, "count": 6, "pos": [17, 84, 287, 373, 407, 492]}, "who": {"prob": 0.003992015968063872, "count": 2, "pos": [18, 288]}, "ha": {"prob": 0.017964071856287425, "count": 9, "pos": [19, 105, 235, 249, 281, 306, 316, 334, 364]}, "marriag": {"prob": 0.001996007984031936, "count": 1, "pos": [21]}, "annul": {"prob": 0.001996007984031936, "count": 1, "pos": [22]}, "she": {"prob": 0.027944111776447105, "count": 14, "pos": [23, 40, 62, 86, 170, 234, 248, 313, 324, 367, 374, 473, 479, 484]}, "run": {"prob": 0.005988023952095809, "count": 3, "pos": [24, 453, 485]}, "away": {"prob": 0.003992015968063872, "count": 2, "pos": [25, 468]}, "board": {"prob": 0.001996007984031936, "count": 1, "pos": [26]}, "a": {"prob": 0.013972055888223553, "count": 7, "pos": [27, 59, 190, 197, 328, 402, 465]}, "bu": {"prob": 0.003992015968063872, "count": 2, "pos": [28, 43]}, "to": {"prob": 0.04790419161676647, "count": 24, "pos": [29, 33, 98, 106, 127, 134, 138, 201, 228, 244, 292, 299, 309, 326, 340, 348, 360, 370, 383, 440, 452, 475, 487, 498]}, "new": {"prob": 0.003992015968063872, "count": 2, "pos": [30, 37]}, "york": {"prob": 0.001996007984031936, "count": 1, "pos": [31]}, "citi": {"prob": 0.001996007984031936, "count": 1, "pos": [32]}, "reunit": {"prob": 0.003992015968063872, "count": 2, "pos": [34, 75]}, "with": {"prob": 0.007984031936127744, "count": 4, "pos": [35, 76, 204, 311]}, "spous": {"prob": 0.001996007984031936, "count": 1, "pos": [38]}, "when": {"prob": 0.011976047904191617, "count": 6, "pos": [39, 131, 193, 252, 380, 405]}, "meet": {"prob": 0.001996007984031936, "count": 1, "pos": [41]}, "fellow": {"prob": 0.001996007984031936, "count": 1, "pos": [42]}, "passeng": {"prob": 0.001996007984031936, "count": 1, "pos": [44]}, "peter": {"prob": 0.031936127744510975, "count": 16, "pos": [45, 110, 136, 207, 229, 230, 265, 280, 315, 333, 381, 394, 417, 442, 489, 500]}, "warn": {"prob": 0.003992015968063872, "count": 2, "pos": [46, 53]}, "an": {"prob": 0.007984031936127744, "count": 4, "pos": [47, 66, 140, 411]}, "out": {"prob": 0.00998003992015968, "count": 5, "pos": [48, 272, 278, 424, 462]}, "work": {"prob": 0.001996007984031936, "count": 1, "pos": [50]}, "newspap": {"prob": 0.001996007984031936, "count": 1, "pos": [51]}, "report": {"prob": 0.001996007984031936, "count": 1, "pos": [52]}, "recogn": {"prob": 0.001996007984031936, "count": 1, "pos": [54]}, "and": {"prob": 0.015968063872255488, "count": 8, "pos": [56, 88, 125, 187, 211, 242, 275, 448]}, "give": {"prob": 0.003992015968063872, "count": 2, "pos": [57, 64]}, "choic": {"prob": 0.003992015968063872, "count": 2, "pos": [60, 101]}, "if": {"prob": 0.003992015968063872, "count": 2, "pos": [61, 78]}, "will": {"prob": 0.005988023952095809, "count": 3, "pos": [63, 72, 81]}, "him": {"prob": 0.011976047904191617, "count": 6, "pos": [65, 124, 166, 209, 389, 409]}, "exclus": {"prob": 0.001996007984031936, "count": 1, "pos": [67]}, "on": {"prob": 0.011976047904191617, "count": 6, "pos": [68, 109, 142, 355, 396, 399]}, "stori": {"prob": 0.003992015968063872, "count": 2, "pos": [70, 379]}, "he": {"prob": 0.015968063872255488, "count": 8, "pos": [71, 80, 152, 238, 297, 345, 419, 438]}, "help": {"prob": 0.001996007984031936, "count": 1, "pos": [73]}, "not": {"prob": 0.001996007984031936, "count": 1, "pos": [79]}, "tell": {"prob": 0.005988023952095809, "count": 3, "pos": [82, 349, 456]}, "where": {"prob": 0.003992015968063872, "count": 2, "pos": [85, 472]}, "is": {"prob": 0.011976047904191617, "count": 6, "pos": [87, 267, 289, 368, 461, 474]}, "collect": {"prob": 0.001996007984031936, "count": 1, "pos": [89]}, "reward": {"prob": 0.007984031936127744, "count": 4, "pos": [91, 321, 391, 446]}, "offer": {"prob": 0.003992015968063872, "count": 2, "pos": [92, 388]}, "for": {"prob": 0.011976047904191617, "count": 6, "pos": [93, 123, 196, 319, 410, 464]}, "return": {"prob": 0.001996007984031936, "count": 1, "pos": [95]}, "agr": {"prob": 0.005988023952095809, "count": 3, "pos": [97, 298, 325]}, "first": {"prob": 0.001996007984031936, "count": 1, "pos": [100]}, "soon": {"prob": 0.001996007984031936, "count": 1, "pos": [102]}, "penniless": {"prob": 0.001996007984031936, "count": 1, "pos": [103]}, "reli": {"prob": 0.001996007984031936, "count": 1, "pos": [107]}, "complet": {"prob": 0.001996007984031936, "count": 1, "pos": [108]}, "as": {"prob": 0.007984031936127744, "count": 4, "pos": [111, 145, 344, 429]}, "they": {"prob": 0.011976047904191617, "count": 6, "pos": [112, 132, 194, 260, 269, 351]}, "go": {"prob": 0.001996007984031936, "count": 1, "pos": [113]}, "through": {"prob": 0.001996007984031936, "count": 1, "pos": [114]}, "sever": {"prob": 0.001996007984031936, "count": 1, "pos": [115]}, "adventur": {"prob": 0.001996007984031936, "count": 1, "pos": [116]}, "togeth": {"prob": 0.003992015968063872, "count": 2, "pos": [117, 223]}, "lose": {"prob": 0.001996007984031936, "count": 1, "pos": [119]}, "initi": {"prob": 0.001996007984031936, "count": 1, "pos": [121]}, "disdain": {"prob": 0.001996007984031936, "count": 1, "pos": [122]}, "begin": {"prob": 0.001996007984031936, "count": 1, "pos": [126]}, "fall": {"prob": 0.001996007984031936, "count": 1, "pos": [128]}, "in": {"prob": 0.005988023952095809, "count": 3, "pos": [129, 179, 258]}, "love": {"prob": 0.007984031936127744, "count": 4, "pos": [130, 227, 239, 420]}, "have": {"prob": 0.003992015968063872, "count": 2, "pos": [133, 327]}, "hitchhik": {"prob": 0.001996007984031936, "count": 1, "pos": [135]}, "claim": {"prob": 0.001996007984031936, "count": 1, "pos": [137]}, "be": {"prob": 0.005988023952095809, "count": 3, "pos": [139, 310, 397]}, "expert": {"prob": 0.001996007984031936, "count": 1, "pos": [141]}, "subject": {"prob": 0.001996007984031936, "count": 1, "pos": [144]}, "car": {"prob": 0.011976047904191617, "count": 6, "pos": [146, 148, 174, 214, 266, 460]}, "after": {"prob": 0.003992015968063872, "count": 2, "pos": [147, 247]}, "pass": {"prob": 0.003992015968063872, "count": 2, "pos": [149, 352]}, "them": {"prob": 0.003992015968063872, "count": 2, "pos": [150, 160]}, "by": {"prob": 0.005988023952095809, "count": 3, "pos": [151, 176, 182]}, "eventu": {"prob": 0.001996007984031936, "count": 1, "pos": [153]}, "end": {"prob": 0.003992015968063872, "count": 2, "pos": [154, 219]}, "up": {"prob": 0.005988023952095809, "count": 3, "pos": [155, 184, 481]}, "thumb": {"prob": 0.001996007984031936, "count": 1, "pos": [156]}, "hi": {"prob": 0.011976047904191617,