{"__total__": 545, "__name__": "doc_803_Jersey_Girl_2004.txt", "oliv": {"prob": 0.001834862385321101, "count": 1, "pos": [0]}, "olli": {"prob": 0.014678899082568808, "count": 8, "pos": [1, 82, 132, 182, 208, 280, 419, 438]}, "trink\u00e3": {"prob": 0.001834862385321101, "count": 1, "pos": [2]}, "is": {"prob": 0.011009174311926606, "count": 6, "pos": [3, 55, 292, 354, 420, 439]}, "a": {"prob": 0.025688073394495414, "count": 14, "pos": [4, 40, 64, 70, 75, 137, 195, 211, 222, 231, 267, 367, 398, 530]}, "power": {"prob": 0.001834862385321101, "count": 1, "pos": [5]}, "media": {"prob": 0.001834862385321101, "count": 1, "pos": [6]}, "publicist": {"prob": 0.001834862385321101, "count": 1, "pos": [7]}, "in": {"prob": 0.02018348623853211, "count": 11, "pos": [8, 17, 26, 86, 100, 104, 140, 155, 205, 233, 492]}, "new": {"prob": 0.014678899082568808, "count": 8, "pos": [9, 32, 105, 126, 275, 389, 493, 525]}, "york": {"prob": 0.007339449541284404, "count": 4, "pos": [10, 127, 276, 390]}, "citi": {"prob": 0.003669724770642202, "count": 2, "pos": [11, 128]}, "who": {"prob": 0.007339449541284404, "count": 4, "pos": [12, 77, 264, 418]}, "lose": {"prob": 0.001834862385321101, "count": 1, "pos": [13]}, "hi": {"prob": 0.03853211009174312, "count": 21, "pos": [14, 21, 27, 31, 36, 53, 61, 84, 95, 102, 112, 116, 120, 148, 203, 236, 259, 290, 334, 409, 524]}, "wife": {"prob": 0.001834862385321101, "count": 1, "pos": [15]}, "gertrud": {"prob": 0.003669724770642202, "count": 2, "pos": [16, 332]}, "childbirth": {"prob": 0.001834862385321101, "count": 1, "pos": [18]}, "to": {"prob": 0.03853211009174312, "count": 21, "pos": [19, 45, 57, 60, 119, 134, 161, 164, 187, 210, 216, 246, 274, 349, 363, 388, 393, 431, 441, 444, 532]}, "avoid": {"prob": 0.001834862385321101, "count": 1, "pos": [20]}, "grief": {"prob": 0.003669724770642202, "count": 2, "pos": [22, 121]}, "he": {"prob": 0.045871559633027525, "count": 25, "pos": [23, 98, 107, 144, 250, 256, 287, 314, 321, 323, 338, 343, 371, 396, 406, 468, 483, 496, 505, 509, 514, 517, 519, 522, 539]}, "buri": {"prob": 0.001834862385321101, "count": 1, "pos": [24]}, "himself": {"prob": 0.001834862385321101, "count": 1, "pos": [25]}, "work": {"prob": 0.011009174311926606, "count": 6, "pos": [28, 44, 135, 225, 255, 425]}, "and": {"prob": 0.03302752293577982, "count": 18, "pos": [29, 74, 114, 238, 283, 310, 328, 331, 337, 347, 356, 361, 372, 378, 426, 461, 469, 486]}, "ignor": {"prob": 0.003669724770642202, "count": 2, "pos": [30, 111]}, "daughter": {"prob": 0.003669724770642202, "count": 2, "pos": [33, 113]}, "gerti": {"prob": 0.014678899082568808, "count": 8, "pos": [34, 153, 281, 298, 373, 445, 458, 482]}, "while": {"prob": 0.003669724770642202, "count": 2, "pos": [35, 391]}, "father": {"prob": 0.007339449541284404, "count": 4, "pos": [37, 103, 149, 531]}, "bart": {"prob": 0.005504587155963303, "count": 3, "pos": [38, 282, 459]}, "take": {"prob": 0.003669724770642202, "count": 2, "pos": [39, 499]}, "month": {"prob": 0.001834862385321101, "count": 1, "pos": [41]}, "off": {"prob": 0.001834862385321101, "count": 1, "pos": [42]}, "from": {"prob": 0.001834862385321101, "count": 1, "pos": [43]}, "care": {"prob": 0.001834862385321101, "count": 1, "pos": [46]}, "for": {"prob": 0.009174311926605505, "count": 5, "pos": [47, 110, 221, 435, 475]}, "her": {"prob": 0.011009174311926606, "count": 6, "pos": [48, 319, 325, 364, 485, 533]}, "but": {"prob": 0.007339449541284404, "count": 4, "pos": [49, 351, 421, 521]}, "return": {"prob": 0.001834862385321101, "count": 1, "pos": [50]}, "so": {"prob": 0.007339449541284404, "count": 4, "pos": [51, 97, 507, 512]}, "that": {"prob": 0.014678899082568808, "count": 8, "pos": [52, 227, 289, 311, 383, 488, 516, 538]}, "son": {"prob": 0.001834862385321101, "count": 1, "pos": [54]}, "forc": {"prob": 0.001834862385321101, "count": 1, "pos": [56]}, "live": {"prob": 0.005504587155963303, "count": 3, "pos": [58, 146, 199]}, "up": {"prob": 0.005504587155963303, "count": 3, "pos": [59, 266, 377]}, "respon": {"prob": 0.001834862385321101, "count": 1, "pos": [62]}, "as": {"prob": 0.007339449541284404, "count": 4, "pos": [63, 136, 200, 297]}, "parent": {"prob": 0.001834862385321101, "count": 1, "pos": [65]}, "under": {"prob": 0.001834862385321101, "count": 1, "pos": [66]}, "the": {"prob": 0.04036697247706422, "count": 22, "pos": [67, 91, 141, 167, 175, 206, 234, 242, 252, 270, 294, 352, 381, 404, 433, 436, 450, 453, 462, 466, 500, 535]}, "stress": {"prob": 0.001834862385321101, "count": 1, "pos": [68]}, "of": {"prob": 0.01651376146788991, "count": 9, "pos": [69, 88, 125, 174, 197, 202, 213, 272, 318]}, "botch": {"prob": 0.001834862385321101, "count": 1, "pos": [71]}, "diaper": {"prob": 0.001834862385321101, "count": 1, "pos": [72]}, "chang": {"prob": 0.001834862385321101, "count": 1, "pos": [73]}, "babi": {"prob": 0.001834862385321101, "count": 1, "pos": [76]}, "will": {"prob": 0.007339449541284404, "count": 4, "pos": [78, 228, 385, 402]}, "not": {"prob": 0.003669724770642202, "count": 2, "pos": [79, 498]}, "stop": {"prob": 0.001834862385321101, "count": 1, "pos": [80]}, "cri": {"prob": 0.003669724770642202, "count": 2, "pos": [81, 366]}, "trash": {"prob": 0.003669724770642202, "count": 2, "pos": [83, 407]}, "client": {"prob": 0.001834862385321101, "count": 1, "pos": [85]}, "front": {"prob": 0.001834862385321101, "count": 1, "pos": [87]}, "assembl": {"prob": 0.001834862385321101, "count": 1, "pos": [89]}, "report": {"prob": 0.001834862385321101, "count": 1, "pos": [90]}, "outburst": {"prob": 0.005504587155963303, "count": 3, "pos": [92, 118, 411]}, "cost": {"prob": 0.001834862385321101, "count": 1, "pos": [93]}, "him": {"prob": 0.014678899082568808, "count": 8, "pos": [94, 160, 245, 305, 309, 359, 429, 457]}, "job": {"prob": 0.005504587155963303, "count": 3, "pos": [96, 204, 501]}, "move": {"prob": 0.005504587155963303, "count": 3, "pos": [99, 273, 387]}, "with": {"prob": 0.009174311926605505, "count": 5, "pos": [101, 147, 241, 401, 456]}, "jersey": {"prob": 0.003669724770642202, "count": 2, "pos": [106, 494]}, "eventu": {"prob": 0.001834862385321101, "count": 1, "pos": [108]}, "apolog": {"prob": 0.003669724770642202, "count": 2, "pos": [109, 350]}, "attribut": {"prob": 0.001834862385321101, "count": 1, "pos": [115]}, "public": {"prob": 0.009174311926605505, "count": 5, "pos": [117, 129, 224, 253, 410]}, "blacklist": {"prob": 0.001834862385321101, "count": 1, "pos": [122]}, "by": {"prob": 0.003669724770642202, "count": 2, "pos": [123, 481]}, "all": {"prob": 0.001834862385321101, "count": 1, "pos": [124]}, "relat": {"prob": 0.003669724770642202, "count": 2, "pos": [130, 254]}, "firm": {"prob": 0.001834862385321101, "count": 1, "pos": [131]}, "ha": {"prob": 0.005504587155963303, "count": 3, "pos": [133, 397, 415]}, "civil": {"prob": 0.001834862385321101, "count": 1, "pos": [138]}, "servant": {"prob": 0.001834862385321101, "count": 1, "pos": [139]}, "borough": {"prob": 0.003669724770642202, "count": 2, "pos": [142, 207]}, "where": {"prob": 0.001834862385321101, "count": 1, "pos": [143]}, "now": {"prob": 0.003669724770642202, "count": 2, "pos": [145, 154]}, "seven": {"prob": 0.001834862385321101, "count": 1, "pos": [150]}, "year": {"prob": 0.003669724770642202, "count": 2, "pos": [151, 412]}, "later": {"prob": 0.003669724770642202, "count": 2, "pos": [152, 370]}, "elementari": {"prob": 0.001834862385321101, "count": 1, "pos": [156]}, "school": {"prob": 0.003669724770642202, "count": 2, "pos": [157, 299]}, "often": {"prob": 0.001834862385321101, "count": 1, "pos": [158]}, "coax": {"prob": 0.001834862385321101, "count": 1, "pos": [159]}, "rent": {"prob": 0.001834862385321101, "count": 1, "pos": [162]}, "film": {"prob": 0.003669724770642202, "count": 2, "pos": [163, 454]}, "watch": {"prob": 0.001834862385321101, "count": 1, "pos": [165]}, "at": {"prob": 0.012844036697247707, "count": 7, "pos": [166, 304, 408, 449, 465, 472, 544]}, "video": {"prob": 0.001834862385321101, "count": 1, "pos": [168]}, "store": {"prob": 0.003669724770642202,