{"__total__": 628, "__name__": "doc_822_Kazaam.txt", "the": {"prob": 0.041401273885350316, "count": 26, "pos": [0, 13, 22, 31, 39, 61, 70, 76, 81, 84, 114, 117, 153, 164, 254, 298, 302, 309, 312, 320, 336, 369, 467, 570, 588, 620]}, "film": {"prob": 0.0015923566878980893, "count": 1, "pos": [1]}, "begin": {"prob": 0.0015923566878980893, "count": 1, "pos": [2]}, "with": {"prob": 0.007961783439490446, "count": 5, "pos": [3, 371, 554, 590, 597]}, "a": {"prob": 0.03184713375796178, "count": 20, "pos": [4, 17, 29, 46, 56, 129, 186, 199, 225, 307, 325, 398, 431, 435, 500, 508, 531, 543, 557, 616]}, "veri": {"prob": 0.0015923566878980893, "count": 1, "pos": [5]}, "big": {"prob": 0.0015923566878980893, "count": 1, "pos": [6]}, "wreck": {"prob": 0.0015923566878980893, "count": 1, "pos": [7]}, "ball": {"prob": 0.0015923566878980893, "count": 1, "pos": [8]}, "destroy": {"prob": 0.0015923566878980893, "count": 1, "pos": [9]}, "an": {"prob": 0.004777070063694267, "count": 3, "pos": [10, 288, 460]}, "abandon": {"prob": 0.0031847133757961785, "count": 2, "pos": [11, 71]}, "build": {"prob": 0.006369426751592357, "count": 4, "pos": [12, 23, 72, 572]}, "impact": {"prob": 0.0015923566878980893, "count": 1, "pos": [14]}, "knock": {"prob": 0.0015923566878980893, "count": 1, "pos": [15]}, "over": {"prob": 0.0031847133757961785, "count": 2, "pos": [16, 624]}, "magic": {"prob": 0.0015923566878980893, "count": 1, "pos": [18]}, "lamp": {"prob": 0.0015923566878980893, "count": 1, "pos": [19]}, "insid": {"prob": 0.006369426751592357, "count": 4, "pos": [20, 33, 38, 83]}, "of": {"prob": 0.020700636942675158, "count": 13, "pos": [21, 58, 63, 116, 166, 170, 249, 259, 301, 311, 453, 563, 569]}, "caus": {"prob": 0.0015923566878980893, "count": 1, "pos": [24]}, "it": {"prob": 0.004777070063694267, "count": 3, "pos": [25, 101, 133]}, "to": {"prob": 0.03821656050955414, "count": 24, "pos": [26, 35, 102, 122, 139, 158, 194, 210, 223, 242, 280, 297, 306, 330, 353, 367, 376, 383, 404, 424, 441, 527, 549, 586]}, "land": {"prob": 0.0015923566878980893, "count": 1, "pos": [27]}, "on": {"prob": 0.004777070063694267, "count": 3, "pos": [28, 43, 193]}, "boombox": {"prob": 0.006369426751592357, "count": 4, "pos": [30, 40, 77, 455]}, "geni": {"prob": 0.007961783439490446, "count": 5, "pos": [32, 82, 85, 98, 326]}, "decid": {"prob": 0.0031847133757961785, "count": 2, "pos": [34, 222]}, "make": {"prob": 0.006369426751592357, "count": 4, "pos": [36, 185, 243, 270]}, "resid": {"prob": 0.0015923566878980893, "count": 1, "pos": [37]}, "from": {"prob": 0.004777070063694267, "count": 3, "pos": [41, 253, 487]}, "there": {"prob": 0.0015923566878980893, "count": 1, "pos": [42]}, "in": {"prob": 0.01592356687898089, "count": 10, "pos": [44, 110, 152, 163, 205, 317, 341, 386, 466, 537]}, "meanwhil": {"prob": 0.0015923566878980893, "count": 1, "pos": [45]}, "schoolboy": {"prob": 0.0015923566878980893, "count": 1, "pos": [47]}, "name": {"prob": 0.0031847133757961785, "count": 2, "pos": [48, 131]}, "max": {"prob": 0.04617834394904458, "count": 29, "pos": [49, 66, 92, 97, 119, 155, 183, 188, 208, 229, 241, 261, 275, 282, 291, 334, 342, 349, 351, 374, 411, 443, 445, 458, 515, 525, 553, 561, 575]}, "is": {"prob": 0.022292993630573247, "count": 14, "pos": [50, 67, 95, 127, 149, 198, 292, 324, 396, 439, 446, 477, 546, 600]}, "confront": {"prob": 0.0015923566878980893, "count": 1, "pos": [51]}, "and": {"prob": 0.03662420382165605, "count": 23, "pos": [52, 78, 99, 146, 215, 276, 304, 327, 344, 357, 381, 400, 419, 422, 438, 450, 490, 493, 502, 518, 545, 566, 580]}, "chase": {"prob": 0.0031847133757961785, "count": 2, "pos": [53, 68]}, "down": {"prob": 0.0031847133757961785, "count": 2, "pos": [54, 459]}, "by": {"prob": 0.011146496815286623, "count": 7, "pos": [55, 104, 294, 417, 448, 573, 608]}, "group": {"prob": 0.0015923566878980893, "count": 1, "pos": [57]}, "bulli": {"prob": 0.0015923566878980893, "count": 1, "pos": [59]}, "through": {"prob": 0.004777070063694267, "count": 3, "pos": [60, 228, 333]}, "citi": {"prob": 0.0031847133757961785, "count": 2, "pos": [62, 154]}, "new": {"prob": 0.0015923566878980893, "count": 1, "pos": [64]}, "bronslin": {"prob": 0.0015923566878980893, "count": 1, "pos": [65]}, "into": {"prob": 0.006369426751592357, "count": 4, "pos": [69, 184, 499, 507]}, "where": {"prob": 0.0015923566878980893, "count": 1, "pos": [73]}, "he": {"prob": 0.030254777070063694, "count": 19, "pos": [74, 94, 148, 174, 197, 265, 269, 323, 328, 356, 395, 470, 483, 512, 521, 559, 584, 594, 612]}, "discov": {"prob": 0.0015923566878980893, "count": 1, "pos": [75]}, "accid": {"prob": 0.0015923566878980893, "count": 1, "pos": [79]}, "unleash": {"prob": 0.0015923566878980893, "count": 1, "pos": [80]}, "who": {"prob": 0.004777070063694267, "count": 3, "pos": [86, 181, 203]}, "introduc": {"prob": 0.0031847133757961785, "count": 2, "pos": [87, 293]}, "himself": {"prob": 0.0031847133757961785, "count": 2, "pos": [88, 346]}, "as": {"prob": 0.004777070063694267, "count": 3, "pos": [89, 348, 434]}, "kazaam": {"prob": 0.03503184713375796, "count": 22, "pos": [90, 111, 177, 217, 233, 238, 267, 277, 318, 332, 339, 354, 365, 389, 425, 428, 454, 465, 476, 496, 540, 599]}, "tell": {"prob": 0.004777070063694267, "count": 3, "pos": [91, 216, 581]}, "that": {"prob": 0.01910828025477707, "count": 12, "pos": [93, 124, 135, 147, 196, 264, 322, 355, 409, 469, 520, 583]}, "now": {"prob": 0.0015923566878980893, "count": 1, "pos": [96]}, "prove": {"prob": 0.0015923566878980893, "count": 1, "pos": [100]}, "him": {"prob": 0.007961783439490446, "count": 5, "pos": [103, 140, 506, 555, 582]}, "demonstr": {"prob": 0.0015923566878980893, "count": 1, "pos": [105]}, "hi": {"prob": 0.041401273885350316, "count": 26, "pos": [106, 125, 136, 142, 161, 179, 191, 211, 219, 236, 244, 271, 295, 358, 379, 413, 420, 473, 481, 488, 494, 529, 538, 591, 609, 625]}, "power": {"prob": 0.0031847133757961785, "count": 2, "pos": [107, 237]}, "which": {"prob": 0.004777070063694267, "count": 3, "pos": [108, 232, 247]}, "result": {"prob": 0.0015923566878980893, "count": 1, "pos": [109]}, "disappear": {"prob": 0.0015923566878980893, "count": 1, "pos": [112]}, "off": {"prob": 0.007961783439490446, "count": 5, "pos": [113, 235, 347, 596, 605]}, "face": {"prob": 0.0015923566878980893, "count": 1, "pos": [115]}, "earth": {"prob": 0.0015923566878980893, "count": 1, "pos": [118]}, "return": {"prob": 0.0015923566878980893, "count": 1, "pos": [120]}, "home": {"prob": 0.0031847133757961785, "count": 2, "pos": [121, 343]}, "find": {"prob": 0.004777070063694267, "count": 3, "pos": [123, 190, 514]}, "mother": {"prob": 0.004777070063694267, "count": 3, "pos": [126, 137, 382]}, "marri": {"prob": 0.0015923566878980893, "count": 1, "pos": [128]}, "fireman": {"prob": 0.0015923566878980893, "count": 1, "pos": [130]}, "travi": {"prob": 0.0031847133757961785, "count": 2, "pos": [132, 574]}, "reveal": {"prob": 0.0015923566878980893, "count": 1, "pos": [134]}, "lie": {"prob": 0.0015923566878980893, "count": 1, "pos": [138]}, "about": {"prob": 0.0031847133757961785, "count": 2, "pos": [141, 218]}, "real": {"prob": 0.0015923566878980893, "count": 1, "pos": [143]}, "father": {"prob": 0.01910828025477707, "count": 12, "pos": [144, 162, 192, 220, 283, 296, 335, 359, 380, 414, 530, 576]}, "whereabout": {"prob": 0.0015923566878980893, "count": 1, "pos": [145]}, "actual": {"prob": 0.0015923566878980893, "count": 1, "pos": [150]}, "locat": {"prob": 0.0015923566878980893, "count": 1, "pos": [151]}, "set": {"prob": 0.0015923566878980893, "count": 1, "pos": [156]}, "out": {"prob": 0.007961783439490446, "count": 5, "pos": [157, 279, 444, 562, 568]}, "search": {"prob": 0.0015923566878980893, "count": 1, "pos": [159]}, "for": {"prob": 0.006369426751592357, "count": 4, "pos": [160, 378, 426, 552]}, "hope": {"prob": 0.006369426751592357, "count": 4, "pos": [165, 329, 468, 585]}, "rekindl": {"prob": 0.0031847133757961785, "count": 2, "pos": [167, 587]}, "some": {"prob": 0.0031847133757961785, "count": 2,