{"__total__": 536, "__name__": "doc_848_La_Bamba.txt", "richard": {"prob": 0.0018656716417910447, "count": 1, "pos": [0]}, "steven": {"prob": 0.0018656716417910447, "count": 1, "pos": [1]}, "valenzuela": {"prob": 0.005597014925373134, "count": 3, "pos": [2, 82, 462]}, "is": {"prob": 0.007462686567164179, "count": 4, "pos": [3, 49, 404, 485]}, "a": {"prob": 0.026119402985074626, "count": 14, "pos": [4, 10, 38, 42, 58, 182, 190, 223, 229, 232, 288, 355, 372, 489]}, "normal": {"prob": 0.0018656716417910447, "count": 1, "pos": [5]}, "teenag": {"prob": 0.0018656716417910447, "count": 1, "pos": [6]}, "boy": {"prob": 0.0018656716417910447, "count": 1, "pos": [7]}, "who": {"prob": 0.0018656716417910447, "count": 1, "pos": [8]}, "becom": {"prob": 0.005597014925373134, "count": 3, "pos": [9, 209, 306]}, "rock": {"prob": 0.0037313432835820895, "count": 2, "pos": [11, 521]}, "n": {"prob": 0.0018656716417910447, "count": 1, "pos": [12]}, "roll": {"prob": 0.0018656716417910447, "count": 1, "pos": [13]}, "superstar": {"prob": 0.0018656716417910447, "count": 1, "pos": [14]}, "under": {"prob": 0.0018656716417910447, "count": 1, "pos": [15]}, "the": {"prob": 0.055970149253731345, "count": 30, "pos": [16, 68, 89, 161, 198, 204, 215, 257, 296, 301, 317, 328, 339, 342, 366, 394, 399, 411, 415, 442, 446, 450, 458, 461, 471, 474, 498, 506, 518, 533]}, "stage": {"prob": 0.0018656716417910447, "count": 1, "pos": [17]}, "name": {"prob": 0.0037313432835820895, "count": 2, "pos": [18, 495]}, "ritchi": {"prob": 0.029850746268656716, "count": 16, "pos": [19, 65, 94, 97, 166, 176, 202, 220, 243, 247, 261, 276, 305, 370, 477, 494]}, "valen": {"prob": 0.005597014925373134, "count": 3, "pos": [20, 345, 526]}, "he": {"prob": 0.014925373134328358, "count": 8, "pos": [21, 36, 163, 226, 312, 383, 409, 452]}, "meet": {"prob": 0.0018656716417910447, "count": 1, "pos": [22]}, "and": {"prob": 0.026119402985074626, "count": 14, "pos": [23, 66, 83, 88, 135, 177, 222, 279, 327, 336, 347, 466, 483, 491]}, "fall": {"prob": 0.0018656716417910447, "count": 1, "pos": [24]}, "in": {"prob": 0.016791044776119403, "count": 9, "pos": [25, 99, 119, 145, 158, 245, 351, 431, 470]}, "love": {"prob": 0.0018656716417910447, "count": 1, "pos": [26]}, "with": {"prob": 0.009328358208955223, "count": 5, "pos": [27, 54, 78, 165, 324]}, "fellow": {"prob": 0.0018656716417910447, "count": 1, "pos": [28]}, "high": {"prob": 0.0018656716417910447, "count": 1, "pos": [29]}, "school": {"prob": 0.0037313432835820895, "count": 2, "pos": [30, 244]}, "student": {"prob": 0.0018656716417910447, "count": 1, "pos": [31]}, "donna": {"prob": 0.011194029850746268, "count": 6, "pos": [32, 47, 67, 272, 337, 467]}, "ludwig": {"prob": 0.0018656716417910447, "count": 1, "pos": [33]}, "for": {"prob": 0.009328358208955223, "count": 5, "pos": [34, 181, 300, 357, 396]}, "whom": {"prob": 0.0018656716417910447, "count": 1, "pos": [35]}, "wrote": {"prob": 0.0018656716417910447, "count": 1, "pos": [37]}, "song": {"prob": 0.007462686567164179, "count": 4, "pos": [39, 205, 212, 271]}, "that": {"prob": 0.009328358208955223, "count": 5, "pos": [40, 108, 206, 238, 417]}, "becam": {"prob": 0.0018656716417910447, "count": 1, "pos": [41]}, "number": {"prob": 0.0018656716417910447, "count": 1, "pos": [43]}, "one": {"prob": 0.011194029850746268, "count": 6, "pos": [44, 100, 137, 186, 196, 255]}, "hit": {"prob": 0.005597014925373134, "count": 3, "pos": [45, 333, 460]}, "howev": {"prob": 0.0037313432835820895, "count": 2, "pos": [46, 170]}, "father": {"prob": 0.0018656716417910447, "count": 1, "pos": [48]}, "shown": {"prob": 0.0037313432835820895, "count": 2, "pos": [50, 480]}, "as": {"prob": 0.009328358208955223, "count": 5, "pos": [51, 75, 228, 304, 402]}, "have": {"prob": 0.0018656716417910447, "count": 1, "pos": [52]}, "issu": {"prob": 0.0018656716417910447, "count": 1, "pos": [53]}, "hi": {"prob": 0.033582089552238806, "count": 18, "pos": [55, 76, 79, 116, 120, 122, 148, 210, 264, 270, 293, 309, 332, 375, 406, 418, 429, 437]}, "daughter": {"prob": 0.0037313432835820895, "count": 2, "pos": [56, 157]}, "date": {"prob": 0.0018656716417910447, "count": 1, "pos": [57]}, "hispan": {"prob": 0.0018656716417910447, "count": 1, "pos": [59]}, "american": {"prob": 0.005597014925373134, "count": 3, "pos": [60, 274, 520]}, "which": {"prob": 0.0037313432835820895, "count": 2, "pos": [61, 246]}, "caus": {"prob": 0.0018656716417910447, "count": 1, "pos": [62]}, "friction": {"prob": 0.0018656716417910447, "count": 1, "pos": [63]}, "between": {"prob": 0.0037313432835820895, "count": 2, "pos": [64, 235]}, "movi": {"prob": 0.0018656716417910447, "count": 1, "pos": [69]}, "also": {"prob": 0.0037313432835820895, "count": 2, "pos": [70, 217]}, "ha": {"prob": 0.005597014925373134, "count": 3, "pos": [71, 227, 313]}, "sever": {"prob": 0.0018656716417910447, "count": 1, "pos": [72]}, "subplot": {"prob": 0.0018656716417910447, "count": 1, "pos": [73]}, "such": {"prob": 0.0018656716417910447, "count": 1, "pos": [74]}, "relationship": {"prob": 0.0018656716417910447, "count": 1, "pos": [77]}, "mother": {"prob": 0.009328358208955223, "count": 5, "pos": [80, 123, 149, 407, 438]}, "conni": {"prob": 0.0018656716417910447, "count": 1, "pos": [81]}, "half": {"prob": 0.0018656716417910447, "count": 1, "pos": [84]}, "brother": {"prob": 0.005597014925373134, "count": 3, "pos": [85, 376, 419]}, "bob": {"prob": 0.020522388059701493, "count": 11, "pos": [86, 91, 102, 130, 178, 281, 386, 403, 425, 464, 484]}, "moral": {"prob": 0.0018656716417910447, "count": 1, "pos": [87]}, "jealousi": {"prob": 0.0018656716417910447, "count": 1, "pos": [90]}, "felt": {"prob": 0.0018656716417910447, "count": 1, "pos": [92]}, "toward": {"prob": 0.0018656716417910447, "count": 1, "pos": [93]}, "becaus": {"prob": 0.0037313432835820895, "count": 2, "pos": [95, 118]}, "of": {"prob": 0.014925373134328358, "count": 8, "pos": [96, 147, 197, 231, 256, 341, 428, 528]}, "success": {"prob": 0.0018656716417910447, "count": 1, "pos": [98]}, "scene": {"prob": 0.0037313432835820895, "count": 2, "pos": [101, 473]}, "won": {"prob": 0.0018656716417910447, "count": 1, "pos": [103]}, "an": {"prob": 0.007462686567164179, "count": 4, "pos": [104, 174, 352, 432]}, "import": {"prob": 0.0018656716417910447, "count": 1, "pos": [105]}, "art": {"prob": 0.0018656716417910447, "count": 1, "pos": [106]}, "contest": {"prob": 0.0018656716417910447, "count": 1, "pos": [107]}, "help": {"prob": 0.0037313432835820895, "count": 2, "pos": [109, 283]}, "promi": {"prob": 0.0018656716417910447, "count": 1, "pos": [110]}, "cartoonist": {"prob": 0.0018656716417910447, "count": 1, "pos": [111]}, "on": {"prob": 0.013059701492537313, "count": 7, "pos": [112, 185, 219, 273, 316, 361, 414]}, "to": {"prob": 0.03544776119402985, "count": 19, "pos": [113, 127, 132, 141, 154, 160, 193, 252, 268, 291, 298, 314, 374, 387, 390, 392, 434, 436, 476]}, "throw": {"prob": 0.0018656716417910447, "count": 1, "pos": [114]}, "away": {"prob": 0.0018656716417910447, "count": 1, "pos": [115]}, "prize": {"prob": 0.0018656716417910447, "count": 1, "pos": [117]}, "mind": {"prob": 0.0018656716417910447, "count": 1, "pos": [121]}, "doesn": {"prob": 0.0018656716417910447, "count": 1, "pos": [124]}, "t": {"prob": 0.0018656716417910447, "count": 1, "pos": [125]}, "seem": {"prob": 0.0018656716417910447, "count": 1, "pos": [126]}, "care": {"prob": 0.0018656716417910447, "count": 1, "pos": [128]}, "enough": {"prob": 0.0018656716417910447, "count": 1, "pos": [129]}, "resort": {"prob": 0.0018656716417910447, "count": 1, "pos": [131]}, "drink": {"prob": 0.0018656716417910447, "count": 1, "pos": [133]}, "heavili": {"prob": 0.0018656716417910447, "count": 1, "pos": [134]}, "at": {"prob": 0.0018656716417910447, "count": 1, "pos": [136]}, "point": {"prob": 0.0018656716417910447, "count": 1, "pos": [138]}, "lead": {"prob": 0.0018656716417910447, "count": 1, "pos": [139]}, "him": {"prob": 0.005597014925373134, "count": 3, "pos": [140, 284, 287]}, "end": {"prob": 0.0018656716417910447, "count": 1,