{"__total__": 578, "__name__": "doc_852_Labyrinth.txt", "the": {"prob": 0.0657439446366782, "count": 38, "pos": [0, 26, 32, 78, 89, 93, 105, 112, 138, 148, 151, 169, 199, 209, 212, 248, 260, 276, 302, 308, 325, 346, 366, 379, 384, 400, 417, 421, 424, 494, 498, 501, 505, 532, 553, 559, 565, 573]}, "film": {"prob": 0.005190311418685121, "count": 3, "pos": [1, 502, 554]}, "open": {"prob": 0.0017301038062283738, "count": 1, "pos": [2]}, "with": {"prob": 0.01384083044982699, "count": 8, "pos": [3, 56, 245, 256, 285, 412, 489, 504]}, "a": {"prob": 0.03806228373702422, "count": 22, "pos": [4, 8, 14, 19, 54, 86, 100, 156, 174, 182, 221, 226, 252, 295, 313, 330, 336, 349, 395, 451, 461, 568]}, "barn": {"prob": 0.005190311418685121, "count": 3, "pos": [5, 101, 569]}, "owl": {"prob": 0.005190311418685121, "count": 3, "pos": [6, 102, 570]}, "watch": {"prob": 0.0034602076124567475, "count": 2, "pos": [7, 572]}, "teenag": {"prob": 0.0017301038062283738, "count": 1, "pos": [9]}, "sarah": {"prob": 0.03806228373702422, "count": 22, "pos": [10, 22, 40, 64, 116, 134, 142, 153, 203, 217, 240, 264, 312, 327, 353, 403, 439, 492, 519, 525, 541, 557]}, "recit": {"prob": 0.0034602076124567475, "count": 2, "pos": [11, 493]}, "line": {"prob": 0.005190311418685121, "count": 3, "pos": [12, 28, 508]}, "from": {"prob": 0.00865051903114187, "count": 5, "pos": [13, 73, 307, 365, 497]}, "play": {"prob": 0.0017301038062283738, "count": 1, "pos": [15]}, "call": {"prob": 0.0034602076124567475, "count": 2, "pos": [16, 259]}, "labyrinth": {"prob": 0.010380622837370242, "count": 6, "pos": [17, 128, 139, 152, 170, 213]}, "in": {"prob": 0.012110726643598616, "count": 7, "pos": [18, 80, 192, 335, 450, 485, 537]}, "park": {"prob": 0.0017301038062283738, "count": 1, "pos": [20]}, "as": {"prob": 0.005190311418685121, "count": 3, "pos": [21, 214, 556]}, "struggl": {"prob": 0.0017301038062283738, "count": 1, "pos": [23]}, "to": {"prob": 0.03806228373702422, "count": 22, "pos": [24, 44, 137, 143, 163, 201, 208, 238, 268, 290, 320, 343, 357, 368, 431, 441, 459, 463, 476, 481, 487, 522]}, "rememb": {"prob": 0.0034602076124567475, "count": 2, "pos": [25, 41]}, "final": {"prob": 0.0017301038062283738, "count": 1, "pos": [27]}, "of": {"prob": 0.02249134948096886, "count": 13, "pos": [29, 111, 150, 176, 211, 223, 254, 278, 348, 381, 423, 500, 534]}, "her": {"prob": 0.04498269896193772, "count": 26, "pos": [30, 46, 57, 61, 67, 74, 121, 145, 165, 179, 206, 270, 322, 345, 359, 370, 414, 465, 474, 480, 483, 535, 538, 543, 551, 562]}, "monologu": {"prob": 0.0034602076124567475, "count": 2, "pos": [31, 496]}, "town": {"prob": 0.0017301038062283738, "count": 1, "pos": [33]}, "clock": {"prob": 0.005190311418685121, "count": 3, "pos": [34, 38, 351]}, "chime": {"prob": 0.0017301038062283738, "count": 1, "pos": [35]}, "seven": {"prob": 0.0017301038062283738, "count": 1, "pos": [36]}, "o": {"prob": 0.0017301038062283738, "count": 1, "pos": [37]}, "and": {"prob": 0.04325259515570934, "count": 25, "pos": [39, 52, 83, 99, 135, 158, 172, 184, 204, 218, 235, 243, 287, 332, 361, 375, 378, 393, 410, 448, 456, 478, 520, 531, 558]}, "she": {"prob": 0.020761245674740483, "count": 12, "pos": [42, 49, 76, 124, 166, 355, 362, 372, 445, 467, 527, 545]}, "ha": {"prob": 0.0034602076124567475, "count": 2, "pos": [43, 53]}, "babysit": {"prob": 0.0017301038062283738, "count": 1, "pos": [45]}, "brother": {"prob": 0.006920415224913495, "count": 4, "pos": [47, 122, 360, 466]}, "tobi": {"prob": 0.00865051903114187, "count": 5, "pos": [48, 81, 97, 449, 521]}, "rush": {"prob": 0.0017301038062283738, "count": 1, "pos": [50]}, "home": {"prob": 0.0034602076124567475, "count": 2, "pos": [51, 524]}, "confront": {"prob": 0.0034602076124567475, "count": 2, "pos": [55, 473]}, "impati": {"prob": 0.0017301038062283738, "count": 1, "pos": [58]}, "stepmoth": {"prob": 0.0017301038062283738, "count": 1, "pos": [59]}, "follow": {"prob": 0.0017301038062283738, "count": 1, "pos": [60]}, "parent": {"prob": 0.0017301038062283738, "count": 1, "pos": [62]}, "departur": {"prob": 0.0017301038062283738, "count": 1, "pos": [63]}, "realiz": {"prob": 0.0017301038062283738, "count": 1, "pos": [65]}, "that": {"prob": 0.01384083044982699, "count": 8, "pos": [66, 88, 117, 304, 315, 354, 387, 398]}, "teddi": {"prob": 0.0017301038062283738, "count": 1, "pos": [68]}, "bear": {"prob": 0.0017301038062283738, "count": 1, "pos": [69]}, "lancelot": {"prob": 0.0017301038062283738, "count": 1, "pos": [70]}, "is": {"prob": 0.0034602076124567475, "count": 2, "pos": [71, 468]}, "miss": {"prob": 0.0017301038062283738, "count": 1, "pos": [72]}, "room": {"prob": 0.010380622837370242, "count": 6, "pos": [75, 82, 106, 438, 455, 552]}, "find": {"prob": 0.006920415224913495, "count": 4, "pos": [77, 333, 446, 460]}, "toy": {"prob": 0.0017301038062283738, "count": 1, "pos": [79]}, "resent": {"prob": 0.0017301038062283738, "count": 1, "pos": [84]}, "declar": {"prob": 0.0017301038062283738, "count": 1, "pos": [85]}, "wish": {"prob": 0.0017301038062283738, "count": 1, "pos": [87]}, "goblin": {"prob": 0.00865051903114187, "count": 5, "pos": [90, 113, 224, 385, 425]}, "would": {"prob": 0.0017301038062283738, "count": 1, "pos": [91]}, "take": {"prob": 0.0017301038062283738, "count": 1, "pos": [92]}, "babi": {"prob": 0.0017301038062283738, "count": 1, "pos": [94]}, "away": {"prob": 0.005190311418685121, "count": 3, "pos": [95, 306, 577]}, "abrupt": {"prob": 0.0017301038062283738, "count": 1, "pos": [96]}, "vanish": {"prob": 0.0017301038062283738, "count": 1, "pos": [98]}, "fli": {"prob": 0.0034602076124567475, "count": 2, "pos": [103, 576]}, "into": {"prob": 0.00865051903114187, "count": 5, "pos": [104, 108, 198, 329, 550]}, "transform": {"prob": 0.0017301038062283738, "count": 1, "pos": [107]}, "jareth": {"prob": 0.01730103806228374, "count": 10, "pos": [109, 114, 195, 316, 341, 389, 436, 447, 471, 515]}, "king": {"prob": 0.0017301038062283738, "count": 1, "pos": [110]}, "tell": {"prob": 0.0034602076124567475, "count": 2, "pos": [115, 542]}, "he": {"prob": 0.0034602076124567475, "count": 2, "pos": [118, 132]}, "will": {"prob": 0.0017301038062283738, "count": 1, "pos": [119]}, "return": {"prob": 0.0034602076124567475, "count": 2, "pos": [120, 518]}, "if": {"prob": 0.0017301038062283738, "count": 1, "pos": [123]}, "can": {"prob": 0.0034602076124567475, "count": 2, "pos": [125, 528]}, "solv": {"prob": 0.0017301038062283738, "count": 1, "pos": [126]}, "hi": {"prob": 0.0034602076124567475, "count": 2, "pos": [127, 407]}, "within": {"prob": 0.0017301038062283738, "count": 1, "pos": [129]}, "thirteen": {"prob": 0.0017301038062283738, "count": 1, "pos": [130]}, "hour": {"prob": 0.0017301038062283738, "count": 1, "pos": [131]}, "transport": {"prob": 0.0017301038062283738, "count": 1, "pos": [133]}, "himself": {"prob": 0.0017301038062283738, "count": 1, "pos": [136]}, "then": {"prob": 0.0017301038062283738, "count": 1, "pos": [140]}, "leav": {"prob": 0.0017301038062283738, "count": 1, "pos": [141]}, "start": {"prob": 0.0017301038062283738, "count": 1, "pos": [144]}, "quest": {"prob": 0.005190311418685121, "count": 3, "pos": [146, 371, 484]}, "at": {"prob": 0.0017301038062283738, "count": 1, "pos": [147]}, "entranc": {"prob": 0.0017301038062283738, "count": 1, "pos": [149]}, "meet": {"prob": 0.0017301038062283738, "count": 1, "pos": [154]}, "hoggl": {"prob": 0.015570934256055362, "count": 9, "pos": [155, 197, 219, 234, 266, 310, 391, 405, 530]}, "grumpi": {"prob": 0.0017301038062283738, "count": 1, "pos": [157]}, "obstin": {"prob": 0.0017301038062283738, "count": 1, "pos": [159]}, "dwarf": {"prob": 0.0017301038062283738, "count": 1, "pos": [160]}, "who": {"prob": 0.006920415224913495, "count": 4, "pos": [161, 300, 427, 472]}, "refus": {"prob": 0.0017301038062283738, "count": 1, "pos": [162]}, "help": {"prob": 0.0017301038062283738, "count": 1, "pos": [164]}, "advanc": {"prob": 0.0017301038062283738, "count": 1, "pos": [167]}, "through": {"prob": 0.005190311418685121, "count": 3, "pos": [168, 275, 416]},