{"__total__": 357, "__name__": "doc_856_Lady_for_a_Day.txt", "the": {"prob": 0.047619047619047616, "count": 17, "pos": [0, 51, 87, 115, 135, 178, 183, 221, 226, 238, 277, 280, 282, 290, 298, 328, 355]}, "stori": {"prob": 0.0028011204481792717, "count": 1, "pos": [1]}, "focus": {"prob": 0.0028011204481792717, "count": 1, "pos": [2]}, "on": {"prob": 0.0056022408963585435, "count": 2, "pos": [3, 276]}, "appl": {"prob": 0.0056022408963585435, "count": 2, "pos": [4, 95]}, "anni": {"prob": 0.028011204481792718, "count": 10, "pos": [5, 54, 83, 105, 155, 176, 185, 273, 316, 345]}, "an": {"prob": 0.011204481792717087, "count": 4, "pos": [6, 29, 112, 162]}, "age": {"prob": 0.0028011204481792717, "count": 1, "pos": [7]}, "and": {"prob": 0.0392156862745098, "count": 14, "pos": [8, 77, 100, 117, 128, 217, 254, 262, 267, 315, 334, 336, 343, 350]}, "wretch": {"prob": 0.0028011204481792717, "count": 1, "pos": [9]}, "fruit": {"prob": 0.0028011204481792717, "count": 1, "pos": [10]}, "seller": {"prob": 0.0028011204481792717, "count": 1, "pos": [11]}, "in": {"prob": 0.022408963585434174, "count": 8, "pos": [12, 22, 59, 134, 139, 237, 327, 342]}, "new": {"prob": 0.0056022408963585435, "count": 2, "pos": [13, 71]}, "york": {"prob": 0.0056022408963585435, "count": 2, "pos": [14, 72]}, "citi": {"prob": 0.0028011204481792717, "count": 1, "pos": [15]}, "whose": {"prob": 0.0028011204481792717, "count": 1, "pos": [16]}, "daughter": {"prob": 0.0028011204481792717, "count": 1, "pos": [17]}, "loui": {"prob": 0.01680672268907563, "count": 6, "pos": [18, 31, 67, 189, 252, 352]}, "ha": {"prob": 0.011204481792717087, "count": 4, "pos": [19, 32, 123, 300]}, "been": {"prob": 0.0056022408963585435, "count": 2, "pos": [20, 33]}, "rai": {"prob": 0.0028011204481792717, "count": 1, "pos": [21]}, "a": {"prob": 0.03081232492997199, "count": 11, "pos": [23, 40, 89, 124, 140, 145, 157, 231, 248, 303, 331]}, "spanish": {"prob": 0.0028011204481792717, "count": 1, "pos": [24]}, "convent": {"prob": 0.0028011204481792717, "count": 1, "pos": [25]}, "sinc": {"prob": 0.0028011204481792717, "count": 1, "pos": [26]}, "she": {"prob": 0.0056022408963585435, "count": 2, "pos": [27, 65]}, "wa": {"prob": 0.0028011204481792717, "count": 1, "pos": [28]}, "infant": {"prob": 0.0028011204481792717, "count": 1, "pos": [30]}, "led": {"prob": 0.0028011204481792717, "count": 1, "pos": [34]}, "to": {"prob": 0.0392156862745098, "count": 14, "pos": [35, 70, 109, 132, 144, 161, 173, 224, 260, 270, 309, 318, 321, 346]}, "believ": {"prob": 0.0056022408963585435, "count": 2, "pos": [36, 93]}, "her": {"prob": 0.0196078431372549, "count": 7, "pos": [37, 56, 74, 94, 111, 131, 348]}, "mother": {"prob": 0.0028011204481792717, "count": 1, "pos": [38]}, "is": {"prob": 0.014005602240896359, "count": 5, "pos": [39, 58, 68, 246, 287]}, "societi": {"prob": 0.008403361344537815, "count": 3, "pos": [41, 192, 274]}, "matron": {"prob": 0.0028011204481792717, "count": 1, "pos": [42]}, "name": {"prob": 0.0028011204481792717, "count": 1, "pos": [43]}, "mr": {"prob": 0.0056022408963585435, "count": 2, "pos": [44, 197]}, "e": {"prob": 0.0056022408963585435, "count": 2, "pos": [45, 198]}, "worthington": {"prob": 0.0056022408963585435, "count": 2, "pos": [46, 199]}, "manvil": {"prob": 0.011204481792717087, "count": 4, "pos": [47, 181, 200, 242]}, "who": {"prob": 0.0056022408963585435, "count": 2, "pos": [48, 92]}, "live": {"prob": 0.0056022408963585435, "count": 2, "pos": [49, 133]}, "at": {"prob": 0.008403361344537815, "count": 3, "pos": [50, 114, 182]}, "hotel": {"prob": 0.0028011204481792717, "count": 1, "pos": [52]}, "marberri": {"prob": 0.0056022408963585435, "count": 2, "pos": [53, 116]}, "discov": {"prob": 0.0028011204481792717, "count": 1, "pos": [55]}, "charad": {"prob": 0.0056022408963585435, "count": 2, "pos": [57, 349]}, "danger": {"prob": 0.0028011204481792717, "count": 1, "pos": [60]}, "of": {"prob": 0.028011204481792718, "count": 10, "pos": [61, 126, 137, 201, 214, 229, 240, 279, 312, 330]}, "be": {"prob": 0.0028011204481792717, "count": 1, "pos": [62]}, "uncov": {"prob": 0.0028011204481792717, "count": 1, "pos": [63]}, "when": {"prob": 0.0056022408963585435, "count": 2, "pos": [64, 190]}, "learn": {"prob": 0.0056022408963585435, "count": 2, "pos": [66, 354]}, "sail": {"prob": 0.0028011204481792717, "count": 1, "pos": [69]}, "with": {"prob": 0.0056022408963585435, "count": 2, "pos": [73, 188]}, "fianc\u00e3": {"prob": 0.0028011204481792717, "count": 1, "pos": [75]}, "carlo": {"prob": 0.0056022408963585435, "count": 2, "pos": [76, 253]}, "hi": {"prob": 0.008403361344537815, "count": 3, "pos": [78, 101, 147]}, "father": {"prob": 0.0028011204481792717, "count": 1, "pos": [79]}, "count": {"prob": 0.008403361344537815, "count": 3, "pos": [80, 255, 322]}, "romero": {"prob": 0.008403361344537815, "count": 3, "pos": [81, 256, 323]}, "among": {"prob": 0.0028011204481792717, "count": 1, "pos": [82]}, "patron": {"prob": 0.0028011204481792717, "count": 1, "pos": [84]}, "are": {"prob": 0.0056022408963585435, "count": 2, "pos": [85, 210]}, "dave": {"prob": 0.0196078431372549, "count": 7, "pos": [86, 108, 165, 215, 265, 286, 306]}, "dude": {"prob": 0.0028011204481792717, "count": 1, "pos": [88]}, "gambl": {"prob": 0.0028011204481792717, "count": 1, "pos": [90]}, "gangster": {"prob": 0.0028011204481792717, "count": 1, "pos": [91]}, "bring": {"prob": 0.0028011204481792717, "count": 1, "pos": [96]}, "him": {"prob": 0.0056022408963585435, "count": 2, "pos": [97, 311]}, "good": {"prob": 0.0028011204481792717, "count": 1, "pos": [98]}, "luck": {"prob": 0.0028011204481792717, "count": 1, "pos": [99]}, "henchman": {"prob": 0.0028011204481792717, "count": 1, "pos": [102]}, "happi": {"prob": 0.0028011204481792717, "count": 1, "pos": [103]}, "mcguir": {"prob": 0.0028011204481792717, "count": 1, "pos": [104]}, "friend": {"prob": 0.008403361344537815, "count": 3, "pos": [106, 146, 275]}, "ask": {"prob": 0.0028011204481792717, "count": 1, "pos": [107]}, "rent": {"prob": 0.0028011204481792717, "count": 1, "pos": [110]}, "apart": {"prob": 0.0028011204481792717, "count": 1, "pos": [113]}, "although": {"prob": 0.0028011204481792717, "count": 1, "pos": [118]}, "he": {"prob": 0.011204481792717087, "count": 4, "pos": [119, 122, 245, 263]}, "initi": {"prob": 0.0028011204481792717, "count": 1, "pos": [120]}, "declin": {"prob": 0.0028011204481792717, "count": 1, "pos": [121]}, "chang": {"prob": 0.0028011204481792717, "count": 1, "pos": [125]}, "heart": {"prob": 0.0028011204481792717, "count": 1, "pos": [127]}, "arrang": {"prob": 0.0056022408963585435, "count": 2, "pos": [129, 166]}, "for": {"prob": 0.014005602240896359, "count": 5, "pos": [130, 167, 251, 289, 302]}, "lap": {"prob": 0.0028011204481792717, "count": 1, "pos": [136]}, "luxuri": {"prob": 0.0028011204481792717, "count": 1, "pos": [138]}, "palati": {"prob": 0.0028011204481792717, "count": 1, "pos": [141]}, "resid": {"prob": 0.0028011204481792717, "count": 1, "pos": [142]}, "belong": {"prob": 0.0028011204481792717, "count": 1, "pos": [143]}, "girlfriend": {"prob": 0.0028011204481792717, "count": 1, "pos": [148]}, "nightclub": {"prob": 0.0028011204481792717, "count": 1, "pos": [149]}, "owner": {"prob": 0.0028011204481792717, "count": 1, "pos": [150]}, "missouri": {"prob": 0.008403361344537815, "count": 3, "pos": [151, 268, 295]}, "martin": {"prob": 0.0028011204481792717, "count": 1, "pos": [152]}, "help": {"prob": 0.0028011204481792717, "count": 1, "pos": [153]}, "transform": {"prob": 0.0028011204481792717, "count": 1, "pos": [154]}, "from": {"prob": 0.0056022408963585435, "count": 2, "pos": [156, 353]}, "dowdi": {"prob": 0.0028011204481792717, "count": 1, "pos": [158]}, "street": {"prob": 0.0028011204481792717, "count": 1, "pos": [159]}, "peddler": {"prob": 0.0028011204481792717, "count": 1, "pos": [160]}, "eleg": {"prob": 0.0028011204481792717, "count": 1, "pos": [163]}, "dowag": {"prob": 0.0028011204481792717, "count": 1, "pos": [164]}, "pool": {"prob": 0.0028011204481792717, "count": 1, "pos": [168]},