{"__total__": 446, "__name__": "doc_866_Laura_1944.txt", "new": {"prob": 0.002242152466367713, "count": 1, "pos": [0]}, "york": {"prob": 0.002242152466367713, "count": 1, "pos": [1]}, "citi": {"prob": 0.002242152466367713, "count": 1, "pos": [2]}, "polic": {"prob": 0.002242152466367713, "count": 1, "pos": [3]}, "detect": {"prob": 0.006726457399103139, "count": 3, "pos": [4, 170, 335]}, "mark": {"prob": 0.002242152466367713, "count": 1, "pos": [5]}, "mcpherson": {"prob": 0.02242152466367713, "count": 10, "pos": [6, 75, 121, 213, 254, 338, 349, 371, 415, 420]}, "is": {"prob": 0.02914798206278027, "count": 13, "pos": [7, 180, 191, 196, 245, 267, 298, 320, 324, 327, 340, 361, 411]}, "investig": {"prob": 0.002242152466367713, "count": 1, "pos": [8]}, "the": {"prob": 0.05605381165919283, "count": 25, "pos": [9, 29, 33, 39, 42, 108, 114, 143, 169, 183, 188, 220, 231, 241, 252, 258, 301, 334, 355, 364, 369, 394, 426, 429, 435]}, "murder": {"prob": 0.008968609865470852, "count": 4, "pos": [10, 242, 259, 370]}, "of": {"prob": 0.02242152466367713, "count": 10, "pos": [11, 41, 110, 116, 138, 153, 185, 208, 260, 269]}, "beauti": {"prob": 0.002242152466367713, "count": 1, "pos": [12]}, "and": {"prob": 0.03587443946188341, "count": 16, "pos": [13, 64, 69, 97, 101, 113, 119, 126, 160, 179, 272, 285, 322, 333, 339, 353]}, "high": {"prob": 0.002242152466367713, "count": 1, "pos": [14]}, "success": {"prob": 0.002242152466367713, "count": 1, "pos": [15]}, "adverti": {"prob": 0.002242152466367713, "count": 1, "pos": [16]}, "execut": {"prob": 0.002242152466367713, "count": 1, "pos": [17]}, "laura": {"prob": 0.04708520179372197, "count": 21, "pos": [18, 20, 60, 78, 125, 154, 174, 197, 198, 227, 249, 256, 304, 317, 332, 344, 351, 360, 373, 400, 442]}, "hunt": {"prob": 0.002242152466367713, "count": 1, "pos": [19]}, "ha": {"prob": 0.006726457399103139, "count": 3, "pos": [21, 347, 388]}, "been": {"prob": 0.004484304932735426, "count": 2, "pos": [22, 92]}, "kill": {"prob": 0.006726457399103139, "count": 3, "pos": [23, 358, 399]}, "by": {"prob": 0.011210762331838564, "count": 5, "pos": [24, 182, 224, 343, 414]}, "a": {"prob": 0.013452914798206279, "count": 6, "pos": [25, 200, 243, 295, 311, 328]}, "shotgun": {"prob": 0.004484304932735426, "count": 2, "pos": [26, 356]}, "blast": {"prob": 0.002242152466367713, "count": 1, "pos": [27]}, "to": {"prob": 0.042600896860986545, "count": 19, "pos": [28, 35, 71, 123, 162, 193, 206, 239, 247, 282, 288, 300, 316, 375, 381, 393, 398, 432, 434]}, "face": {"prob": 0.002242152466367713, "count": 1, "pos": [30]}, "just": {"prob": 0.002242152466367713, "count": 1, "pos": [31]}, "insid": {"prob": 0.002242152466367713, "count": 1, "pos": [32]}, "doorway": {"prob": 0.002242152466367713, "count": 1, "pos": [34]}, "her": {"prob": 0.04035874439461883, "count": 18, "pos": [36, 62, 73, 84, 102, 111, 117, 131, 177, 203, 209, 265, 270, 281, 283, 376, 379, 406]}, "apart": {"prob": 0.02242152466367713, "count": 10, "pos": [37, 175, 189, 284, 291, 305, 318, 377, 395, 436]}, "befor": {"prob": 0.002242152466367713, "count": 1, "pos": [38]}, "start": {"prob": 0.002242152466367713, "count": 1, "pos": [40]}, "film": {"prob": 0.002242152466367713, "count": 1, "pos": [43]}, "he": {"prob": 0.026905829596412557, "count": 12, "pos": [44, 58, 146, 190, 266, 279, 293, 309, 314, 387, 403, 410]}, "interview": {"prob": 0.002242152466367713, "count": 1, "pos": [45]}, "charismat": {"prob": 0.002242152466367713, "count": 1, "pos": [46]}, "newspap": {"prob": 0.004484304932735426, "count": 2, "pos": [47, 158]}, "columnist": {"prob": 0.002242152466367713, "count": 1, "pos": [48]}, "waldo": {"prob": 0.002242152466367713, "count": 1, "pos": [49]}, "lydeck": {"prob": 0.026905829596412557, "count": 12, "pos": [50, 135, 150, 290, 319, 336, 346, 367, 390, 396, 422, 437]}, "an": {"prob": 0.002242152466367713, "count": 1, "pos": [51]}, "imperi": {"prob": 0.002242152466367713, "count": 1, "pos": [52]}, "decad": {"prob": 0.002242152466367713, "count": 1, "pos": [53]}, "dandi": {"prob": 0.002242152466367713, "count": 1, "pos": [54]}, "who": {"prob": 0.006726457399103139, "count": 3, "pos": [55, 90, 417]}, "relat": {"prob": 0.002242152466367713, "count": 1, "pos": [56]}, "how": {"prob": 0.002242152466367713, "count": 1, "pos": [57]}, "met": {"prob": 0.002242152466367713, "count": 1, "pos": [59]}, "becam": {"prob": 0.002242152466367713, "count": 1, "pos": [61]}, "mentor": {"prob": 0.002242152466367713, "count": 1, "pos": [63]}, "use": {"prob": 0.004484304932735426, "count": 2, "pos": [65, 156]}, "hi": {"prob": 0.004484304932735426, "count": 2, "pos": [66, 157]}, "consid": {"prob": 0.002242152466367713, "count": 1, "pos": [67]}, "influenc": {"prob": 0.004484304932735426, "count": 2, "pos": [68, 161]}, "fame": {"prob": 0.002242152466367713, "count": 1, "pos": [70]}, "advanc": {"prob": 0.002242152466367713, "count": 1, "pos": [72]}, "career": {"prob": 0.002242152466367713, "count": 1, "pos": [74]}, "also": {"prob": 0.004484304932735426, "count": 2, "pos": [76, 147]}, "question": {"prob": 0.004484304932735426, "count": 2, "pos": [77, 264]}, "parasit": {"prob": 0.002242152466367713, "count": 1, "pos": [79]}, "playboy": {"prob": 0.002242152466367713, "count": 1, "pos": [80]}, "fianc\u00e3": {"prob": 0.002242152466367713, "count": 1, "pos": [81]}, "shelbi": {"prob": 0.004484304932735426, "count": 2, "pos": [82, 278]}, "carpent": {"prob": 0.006726457399103139, "count": 3, "pos": [83, 96, 225]}, "wealthi": {"prob": 0.002242152466367713, "count": 1, "pos": [85]}, "socialit": {"prob": 0.002242152466367713, "count": 1, "pos": [86]}, "aunt": {"prob": 0.002242152466367713, "count": 1, "pos": [87]}, "ann": {"prob": 0.002242152466367713, "count": 1, "pos": [88]}, "treadwel": {"prob": 0.002242152466367713, "count": 1, "pos": [89]}, "d": {"prob": 0.002242152466367713, "count": 1, "pos": [91]}, "carri": {"prob": 0.002242152466367713, "count": 1, "pos": [93]}, "on": {"prob": 0.004484304932735426, "count": 2, "pos": [94, 306]}, "with": {"prob": 0.008968609865470852, "count": 4, "pos": [95, 130, 142, 363]}, "give": {"prob": 0.002242152466367713, "count": 1, "pos": [98]}, "him": {"prob": 0.004484304932735426, "count": 2, "pos": [99, 137]}, "money": {"prob": 0.002242152466367713, "count": 1, "pos": [100]}, "loyal": {"prob": 0.002242152466367713, "count": 1, "pos": [103]}, "housekeep": {"prob": 0.002242152466367713, "count": 1, "pos": [104]}, "bessi": {"prob": 0.002242152466367713, "count": 1, "pos": [105]}, "clari": {"prob": 0.002242152466367713, "count": 1, "pos": [106]}, "through": {"prob": 0.002242152466367713, "count": 1, "pos": [107]}, "testimoni": {"prob": 0.002242152466367713, "count": 1, "pos": [109]}, "friend": {"prob": 0.002242152466367713, "count": 1, "pos": [112]}, "read": {"prob": 0.002242152466367713, "count": 1, "pos": [115]}, "letter": {"prob": 0.002242152466367713, "count": 1, "pos": [118]}, "diari": {"prob": 0.002242152466367713, "count": 1, "pos": [120]}, "come": {"prob": 0.002242152466367713, "count": 1, "pos": [122]}, "know": {"prob": 0.002242152466367713, "count": 1, "pos": [124]}, "slowli": {"prob": 0.002242152466367713, "count": 1, "pos": [127]}, "becom": {"prob": 0.004484304932735426, "count": 2, "pos": [128, 235]}, "obsess": {"prob": 0.002242152466367713, "count": 1, "pos": [129]}, "so": {"prob": 0.004484304932735426, "count": 2, "pos": [132, 134]}, "much": {"prob": 0.002242152466367713, "count": 1, "pos": [133]}, "accus": {"prob": 0.002242152466367713, "count": 1, "pos": [136]}, "fall": {"prob": 0.004484304932735426, "count": 2, "pos": [139, 171]}, "in": {"prob": 0.01569506726457399, "count": 7, "pos": [140, 173, 202, 230, 303, 374, 385]}, "love": {"prob": 0.006726457399103139, "count": 3, "pos": [141, 277, 445]}, "dead": {"prob": 0.002242152466367713, "count": 1, "pos": [144]}, "woman": {"prob": 0.002242152466367713, "count": 1, "pos": [145]}, "learn": {"prob": 0.002242152466367713, "count": 1, "pos": [148]}, "that": {"prob": 0.01569506726457399, "count": 7,