{"__total__": 295, "__name__": "doc_869_Leave_Her_to_Heaven.txt", "the": {"prob": 0.030508474576271188, "count": 9, "pos": [0, 6, 119, 133, 150, 216, 221, 276, 279]}, "film": {"prob": 0.003389830508474576, "count": 1, "pos": [1]}, "start": {"prob": 0.006779661016949152, "count": 2, "pos": [2, 152]}, "by": {"prob": 0.003389830508474576, "count": 1, "pos": [3]}, "show": {"prob": 0.003389830508474576, "count": 1, "pos": [4]}, "us": {"prob": 0.003389830508474576, "count": 1, "pos": [5]}, "novelist": {"prob": 0.003389830508474576, "count": 1, "pos": [7]}, "richard": {"prob": 0.03389830508474576, "count": 10, "pos": [8, 29, 74, 118, 137, 208, 240, 249, 264, 283]}, "harland": {"prob": 0.003389830508474576, "count": 1, "pos": [9]}, "who": {"prob": 0.010169491525423728, "count": 3, "pos": [10, 75, 229]}, "ha": {"prob": 0.006779661016949152, "count": 2, "pos": [11, 232]}, "been": {"prob": 0.003389830508474576, "count": 1, "pos": [12]}, "relea": {"prob": 0.003389830508474576, "count": 1, "pos": [13]}, "and": {"prob": 0.03728813559322034, "count": 11, "pos": [14, 71, 89, 106, 132, 143, 173, 203, 255, 263, 282]}, "is": {"prob": 0.03728813559322034, "count": 11, "pos": [15, 61, 78, 99, 158, 209, 215, 223, 261, 265, 284]}, "travel": {"prob": 0.003389830508474576, "count": 1, "pos": [16]}, "home": {"prob": 0.006779661016949152, "count": 2, "pos": [17, 288]}, "after": {"prob": 0.003389830508474576, "count": 1, "pos": [18]}, "two": {"prob": 0.013559322033898305, "count": 4, "pos": [19, 115, 163, 277]}, "year": {"prob": 0.006779661016949152, "count": 2, "pos": [20, 269]}, "in": {"prob": 0.023728813559322035, "count": 7, "pos": [21, 23, 40, 192, 237, 270, 275]}, "prison": {"prob": 0.006779661016949152, "count": 2, "pos": [22, 271]}, "a": {"prob": 0.020338983050847456, "count": 6, "pos": [24, 36, 146, 201, 241, 290]}, "flashback": {"prob": 0.006779661016949152, "count": 2, "pos": [25, 280]}, "we": {"prob": 0.003389830508474576, "count": 1, "pos": [26]}, "see": {"prob": 0.003389830508474576, "count": 1, "pos": [27]}, "how": {"prob": 0.003389830508474576, "count": 1, "pos": [28]}, "meet": {"prob": 0.003389830508474576, "count": 1, "pos": [30]}, "beauti": {"prob": 0.006779661016949152, "count": 2, "pos": [31, 84]}, "socialit": {"prob": 0.003389830508474576, "count": 1, "pos": [32]}, "ellen": {"prob": 0.030508474576271188, "count": 9, "pos": [33, 38, 60, 83, 98, 141, 166, 212, 252]}, "berent": {"prob": 0.003389830508474576, "count": 1, "pos": [34]}, "on": {"prob": 0.006779661016949152, "count": 2, "pos": [35, 81]}, "train": {"prob": 0.003389830508474576, "count": 1, "pos": [37]}, "fall": {"prob": 0.006779661016949152, "count": 2, "pos": [39, 144]}, "love": {"prob": 0.013559322033898305, "count": 4, "pos": [41, 131, 239, 291]}, "with": {"prob": 0.01694915254237288, "count": 5, "pos": [42, 82, 86, 187, 289]}, "him": {"prob": 0.013559322033898305, "count": 4, "pos": [43, 70, 169, 259]}, "main": {"prob": 0.003389830508474576, "count": 1, "pos": [44]}, "becaus": {"prob": 0.003389830508474576, "count": 1, "pos": [45]}, "he": {"prob": 0.010169491525423728, "count": 3, "pos": [46, 129, 178]}, "so": {"prob": 0.006779661016949152, "count": 2, "pos": [47, 194]}, "close": {"prob": 0.003389830508474576, "count": 1, "pos": [48]}, "resembl": {"prob": 0.003389830508474576, "count": 1, "pos": [49]}, "her": {"prob": 0.020338983050847456, "count": 6, "pos": [50, 87, 111, 180, 197, 256]}, "recent": {"prob": 0.003389830508474576, "count": 1, "pos": [51]}, "decea": {"prob": 0.003389830508474576, "count": 1, "pos": [52]}, "father": {"prob": 0.003389830508474576, "count": 1, "pos": [53]}, "to": {"prob": 0.023728813559322035, "count": 7, "pos": [54, 64, 153, 168, 184, 258, 267]}, "whom": {"prob": 0.010169491525423728, "count": 3, "pos": [55, 128, 207]}, "she": {"prob": 0.02711864406779661, "count": 8, "pos": [56, 68, 171, 175, 181, 195, 235, 243]}, "wa": {"prob": 0.003389830508474576, "count": 1, "pos": [57]}, "obsess": {"prob": 0.003389830508474576, "count": 1, "pos": [58]}, "attach": {"prob": 0.003389830508474576, "count": 1, "pos": [59]}, "alreadi": {"prob": 0.003389830508474576, "count": 1, "pos": [62]}, "engag": {"prob": 0.003389830508474576, "count": 1, "pos": [63]}, "anoth": {"prob": 0.003389830508474576, "count": 1, "pos": [65]}, "man": {"prob": 0.003389830508474576, "count": 1, "pos": [66]}, "but": {"prob": 0.006779661016949152, "count": 2, "pos": [67, 85]}, "jilt": {"prob": 0.003389830508474576, "count": 1, "pos": [69]}, "rapid": {"prob": 0.003389830508474576, "count": 1, "pos": [72]}, "marri": {"prob": 0.003389830508474576, "count": 1, "pos": [73]}, "at": {"prob": 0.003389830508474576, "count": 1, "pos": [76]}, "first": {"prob": 0.003389830508474576, "count": 1, "pos": [77]}, "fascin": {"prob": 0.003389830508474576, "count": 1, "pos": [79]}, "not": {"prob": 0.003389830508474576, "count": 1, "pos": [80]}, "exot": {"prob": 0.003389830508474576, "count": 1, "pos": [88]}, "inten": {"prob": 0.003389830508474576, "count": 1, "pos": [90]}, "manner": {"prob": 0.003389830508474576, "count": 1, "pos": [91]}, "it": {"prob": 0.006779661016949152, "count": 2, "pos": [92, 177]}, "gradual": {"prob": 0.003389830508474576, "count": 1, "pos": [93]}, "becom": {"prob": 0.003389830508474576, "count": 1, "pos": [94]}, "appar": {"prob": 0.003389830508474576, "count": 1, "pos": [95]}, "howev": {"prob": 0.003389830508474576, "count": 1, "pos": [96]}, "that": {"prob": 0.01694915254237288, "count": 5, "pos": [97, 110, 155, 191, 234]}, "patholog": {"prob": 0.003389830508474576, "count": 1, "pos": [100]}, "jealou": {"prob": 0.003389830508474576, "count": 1, "pos": [101]}, "toward": {"prob": 0.003389830508474576, "count": 1, "pos": [102]}, "ani": {"prob": 0.006779661016949152, "count": 2, "pos": [103, 107]}, "other": {"prob": 0.006779661016949152, "count": 2, "pos": [104, 108]}, "person": {"prob": 0.003389830508474576, "count": 1, "pos": [105]}, "activ": {"prob": 0.003389830508474576, "count": 1, "pos": [109]}, "husband": {"prob": 0.006779661016949152, "count": 2, "pos": [112, 151]}, "care": {"prob": 0.003389830508474576, "count": 1, "pos": [113]}, "about": {"prob": 0.006779661016949152, "count": 2, "pos": [114, 251]}, "tragedi": {"prob": 0.003389830508474576, "count": 1, "pos": [116]}, "strike": {"prob": 0.003389830508474576, "count": 1, "pos": [117]}, "accid": {"prob": 0.006779661016949152, "count": 2, "pos": [120, 134]}, "drown": {"prob": 0.003389830508474576, "count": 1, "pos": [121]}, "death": {"prob": 0.010169491525423728, "count": 3, "pos": [122, 135, 164]}, "of": {"prob": 0.013559322033898305, "count": 4, "pos": [123, 136, 148, 206]}, "hi": {"prob": 0.010169491525423728, "count": 3, "pos": [124, 156, 273]}, "younger": {"prob": 0.003389830508474576, "count": 1, "pos": [125]}, "disabl": {"prob": 0.003389830508474576, "count": 1, "pos": [126]}, "brother": {"prob": 0.003389830508474576, "count": 1, "pos": [127]}, "dear": {"prob": 0.003389830508474576, "count": 1, "pos": [130]}, "unborn": {"prob": 0.003389830508474576, "count": 1, "pos": [138]}, "son": {"prob": 0.003389830508474576, "count": 1, "pos": [139]}, "when": {"prob": 0.006779661016949152, "count": 2, "pos": [140, 165]}, "trip": {"prob": 0.003389830508474576, "count": 1, "pos": [142]}, "down": {"prob": 0.003389830508474576, "count": 1, "pos": [145]}, "flight": {"prob": 0.003389830508474576, "count": 1, "pos": [147]}, "stair": {"prob": 0.003389830508474576, "count": 1, "pos": [149]}, "suspect": {"prob": 0.003389830508474576, "count": 1, "pos": [154]}, "wife": {"prob": 0.003389830508474576, "count": 1, "pos": [157]}, "direct": {"prob": 0.003389830508474576, "count": 1, "pos": [159]}, "respon": {"prob": 0.003389830508474576, "count": 1, "pos": [160]}, "for": {"prob": 0.013559322033898305, "count": 4, "pos": [161, 218, 227, 272]}, "these": {"prob": 0.003389830508474576, "count": 1, "pos": [162]}, "confess": {"prob": 0.006779661016949152, "count": 2, "pos": [167, 257]}, "what": {"prob": 0.003389830508474576, "count": 1, "pos": [170]},