{"__total__": 432, "__name__": "doc_875_Les_Diaboliques.txt", "the": {"prob": 0.06944444444444445, "count": 30, "pos": [0, 12, 18, 27, 41, 46, 117, 131, 141, 161, 175, 182, 185, 193, 215, 235, 255, 267, 278, 295, 303, 311, 325, 330, 348, 386, 389, 408, 423, 428]}, "stori": {"prob": 0.0023148148148148147, "count": 1, "pos": [1]}, "take": {"prob": 0.0023148148148148147, "count": 1, "pos": [2]}, "place": {"prob": 0.0023148148148148147, "count": 1, "pos": [3]}, "in": {"prob": 0.023148148148148147, "count": 10, "pos": [4, 106, 123, 130, 181, 214, 264, 266, 310, 324]}, "a": {"prob": 0.037037037037037035, "count": 16, "pos": [5, 38, 53, 83, 96, 107, 124, 188, 207, 227, 233, 271, 335, 367, 396, 418]}, "second": {"prob": 0.0023148148148148147, "count": 1, "pos": [6]}, "rate": {"prob": 0.0023148148148148147, "count": 1, "pos": [7]}, "board": {"prob": 0.0023148148148148147, "count": 1, "pos": [8]}, "school": {"prob": 0.018518518518518517, "count": 8, "pos": [9, 19, 42, 132, 256, 279, 304, 312]}, "run": {"prob": 0.004629629629629629, "count": 2, "pos": [10, 315]}, "by": {"prob": 0.006944444444444444, "count": 3, "pos": [11, 23, 282]}, "tyrann": {"prob": 0.0023148148148148147, "count": 1, "pos": [13]}, "and": {"prob": 0.032407407407407406, "count": 14, "pos": [14, 30, 69, 126, 166, 195, 223, 276, 301, 313, 332, 338, 341, 376]}, "mean": {"prob": 0.0023148148148148147, "count": 1, "pos": [15]}, "michel": {"prob": 0.027777777777777776, "count": 12, "pos": [16, 65, 101, 167, 200, 238, 262, 322, 327, 340, 350, 377]}, "delass": {"prob": 0.006944444444444444, "count": 3, "pos": [17, 24, 31]}, "though": {"prob": 0.004629629629629629, "count": 2, "pos": [20, 85]}, "is": {"prob": 0.027777777777777776, "count": 12, "pos": [21, 67, 169, 177, 198, 229, 249, 263, 309, 351, 364, 380]}, "own": {"prob": 0.0023148148148148147, "count": 1, "pos": [22]}, "teacher": {"prob": 0.004629629629629629, "count": 2, "pos": [25, 39]}, "wife": {"prob": 0.0023148148148148147, "count": 1, "pos": [26]}, "frail": {"prob": 0.0023148148148148147, "count": 1, "pos": [28]}, "christina": {"prob": 0.027777777777777776, "count": 12, "pos": [29, 89, 114, 190, 222, 244, 280, 297, 333, 346, 359, 412]}, "flaunt": {"prob": 0.0023148148148148147, "count": 1, "pos": [32]}, "hi": {"prob": 0.011574074074074073, "count": 5, "pos": [33, 77, 128, 137, 405]}, "relationship": {"prob": 0.004629629629629629, "count": 2, "pos": [34, 56]}, "with": {"prob": 0.0023148148148148147, "count": 1, "pos": [35]}, "nicol": {"prob": 0.020833333333333332, "count": 9, "pos": [36, 81, 94, 103, 179, 219, 273, 342, 375]}, "horner": {"prob": 0.0023148148148148147, "count": 1, "pos": [37]}, "at": {"prob": 0.004629629629629629, "count": 2, "pos": [40, 87]}, "rather": {"prob": 0.0023148148148148147, "count": 1, "pos": [43]}, "than": {"prob": 0.0023148148148148147, "count": 1, "pos": [44]}, "antagon": {"prob": 0.0023148148148148147, "count": 1, "pos": [45]}, "two": {"prob": 0.004629629629629629, "count": 2, "pos": [47, 118]}, "women": {"prob": 0.004629629629629629, "count": 2, "pos": [48, 119]}, "are": {"prob": 0.0023148148148148147, "count": 1, "pos": [49]}, "shown": {"prob": 0.0023148148148148147, "count": 1, "pos": [50]}, "to": {"prob": 0.05092592592592592, "count": 22, "pos": [51, 72, 75, 92, 99, 102, 140, 148, 157, 164, 171, 192, 218, 251, 270, 317, 357, 360, 382, 416, 426, 430]}, "have": {"prob": 0.006944444444444444, "count": 3, "pos": [52, 149, 343]}, "somewhat": {"prob": 0.0023148148148148147, "count": 1, "pos": [54]}, "close": {"prob": 0.0023148148148148147, "count": 1, "pos": [55]}, "primarili": {"prob": 0.0023148148148148147, "count": 1, "pos": [57]}, "base": {"prob": 0.0023148148148148147, "count": 1, "pos": [58]}, "on": {"prob": 0.0023148148148148147, "count": 1, "pos": [59]}, "their": {"prob": 0.004629629629629629, "count": 2, "pos": [60, 158]}, "appar": {"prob": 0.0023148148148148147, "count": 1, "pos": [61]}, "common": {"prob": 0.0023148148148148147, "count": 1, "pos": [62]}, "hatr": {"prob": 0.0023148148148148147, "count": 1, "pos": [63]}, "of": {"prob": 0.0023148148148148147, "count": 1, "pos": [64]}, "who": {"prob": 0.004629629629629629, "count": 2, "pos": [66, 392]}, "physic": {"prob": 0.0023148148148148147, "count": 1, "pos": [68]}, "emot": {"prob": 0.0023148148148148147, "count": 1, "pos": [70]}, "abus": {"prob": 0.0023148148148148147, "count": 1, "pos": [71]}, "both": {"prob": 0.0023148148148148147, "count": 1, "pos": [73]}, "unabl": {"prob": 0.004629629629629629, "count": 2, "pos": [74, 250]}, "stand": {"prob": 0.0023148148148148147, "count": 1, "pos": [76]}, "mistreat": {"prob": 0.0023148148148148147, "count": 1, "pos": [78]}, "ani": {"prob": 0.0023148148148148147, "count": 1, "pos": [79]}, "longer": {"prob": 0.0023148148148148147, "count": 1, "pos": [80]}, "devi": {"prob": 0.0023148148148148147, "count": 1, "pos": [82]}, "plan": {"prob": 0.004629629629629629, "count": 2, "pos": [84, 159]}, "hesit": {"prob": 0.0023148148148148147, "count": 1, "pos": [86]}, "first": {"prob": 0.0023148148148148147, "count": 1, "pos": [88]}, "ultim": {"prob": 0.0023148148148148147, "count": 1, "pos": [90]}, "consent": {"prob": 0.0023148148148148147, "count": 1, "pos": [91]}, "help": {"prob": 0.0023148148148148147, "count": 1, "pos": [93]}, "use": {"prob": 0.0023148148148148147, "count": 1, "pos": [95]}, "threaten": {"prob": 0.0023148148148148147, "count": 1, "pos": [97]}, "divorc": {"prob": 0.0023148148148148147, "count": 1, "pos": [98]}, "lure": {"prob": 0.0023148148148148147, "count": 1, "pos": [100]}, "apart": {"prob": 0.0023148148148148147, "count": 1, "pos": [104]}, "build": {"prob": 0.0023148148148148147, "count": 1, "pos": [105]}, "remot": {"prob": 0.0023148148148148147, "count": 1, "pos": [108]}, "villag": {"prob": 0.0023148148148148147, "count": 1, "pos": [109]}, "sever": {"prob": 0.0023148148148148147, "count": 1, "pos": [110]}, "hundr": {"prob": 0.0023148148148148147, "count": 1, "pos": [111]}, "kilomet": {"prob": 0.0023148148148148147, "count": 1, "pos": [112]}, "away": {"prob": 0.0023148148148148147, "count": 1, "pos": [113]}, "sedat": {"prob": 0.0023148148148148147, "count": 1, "pos": [115]}, "him": {"prob": 0.009259259259259259, "count": 4, "pos": [116, 122, 240, 417]}, "then": {"prob": 0.0023148148148148147, "count": 1, "pos": [120]}, "drown": {"prob": 0.0023148148148148147, "count": 1, "pos": [121]}, "bathtub": {"prob": 0.004629629629629629, "count": 2, "pos": [125, 326]}, "dump": {"prob": 0.0023148148148148147, "count": 1, "pos": [127]}, "bodi": {"prob": 0.006944444444444444, "count": 3, "pos": [129, 162, 201]}, "neglect": {"prob": 0.0023148148148148147, "count": 1, "pos": [133]}, "swim": {"prob": 0.0023148148148148147, "count": 1, "pos": [134]}, "pool": {"prob": 0.006944444444444444, "count": 3, "pos": [135, 176, 296]}, "when": {"prob": 0.009259259259259259, "count": 4, "pos": [136, 174, 221, 400]}, "corp": {"prob": 0.009259259259259259, "count": 4, "pos": [138, 168, 189, 323]}, "float": {"prob": 0.0023148148148148147, "count": 1, "pos": [139]}, "surfac": {"prob": 0.004629629629629629, "count": 2, "pos": [142, 165]}, "they": {"prob": 0.0023148148148148147, "count": 1, "pos": [143]}, "think": {"prob": 0.0023148148148148147, "count": 1, "pos": [144]}, "it": {"prob": 0.011574074074074073, "count": 5, "pos": [145, 197, 259, 265, 414]}, "will": {"prob": 0.0023148148148148147, "count": 1, "pos": [146]}, "appear": {"prob": 0.0023148148148148147, "count": 1, "pos": [147]}, "been": {"prob": 0.0023148148148148147, "count": 1, "pos": [150]}, "an": {"prob": 0.0023148148148148147, "count": 1, "pos": [151]}, "accid": {"prob": 0.0023148148148148147, "count": 1, "pos": [152]}, "almost": {"prob": 0.0023148148148148147, "count": 1, "pos": [153]}, "everyth": {"prob": 0.004629629629629629, "count": 2, "pos": [154, 286]}, "goe": {"prob": 0.004629629629629629, "count": 2, "pos": [155, 191]}, "accord": {"prob": 0.0023148148148148147, "count": 1, "pos": [156]}, "until": {"prob": 0.0023148148148148147, "count": 1, "pos": [160]},