{"__total__": 451, "__name__": "doc_88_Alien_Resurrection.txt", "two": {"prob": 0.0022172949002217295, "count": 1, "pos": [0]}, "hundr": {"prob": 0.0022172949002217295, "count": 1, "pos": [1]}, "year": {"prob": 0.0022172949002217295, "count": 1, "pos": [2]}, "after": {"prob": 0.004434589800443459, "count": 2, "pos": [3, 257]}, "the": {"prob": 0.09090909090909091, "count": 41, "pos": [4, 12, 35, 48, 62, 80, 83, 99, 109, 117, 121, 127, 135, 163, 173, 187, 203, 208, 224, 231, 234, 240, 260, 268, 283, 286, 295, 306, 329, 354, 361, 379, 387, 394, 399, 424, 431, 435, 439, 443, 446]}, "event": {"prob": 0.0022172949002217295, "count": 1, "pos": [5]}, "of": {"prob": 0.022172949002217297, "count": 10, "pos": [6, 21, 37, 50, 74, 103, 178, 244, 367, 437]}, "alien": {"prob": 0.03547671840354767, "count": 16, "pos": [7, 39, 81, 100, 128, 132, 158, 164, 204, 217, 249, 284, 307, 330, 370, 380]}, "3": {"prob": 0.0022172949002217295, "count": 1, "pos": [8]}, "militari": {"prob": 0.0066518847006651885, "count": 3, "pos": [9, 118, 181]}, "scientist": {"prob": 0.0066518847006651885, "count": 3, "pos": [10, 119, 182]}, "on": {"prob": 0.0066518847006651885, "count": 3, "pos": [11, 205, 274]}, "outer": {"prob": 0.0022172949002217295, "count": 1, "pos": [13]}, "space": {"prob": 0.004434589800443459, "count": 2, "pos": [14, 438]}, "vessel": {"prob": 0.0022172949002217295, "count": 1, "pos": [15]}, "usm": {"prob": 0.0022172949002217295, "count": 1, "pos": [16]}, "auriga": {"prob": 0.011086474501108648, "count": 5, "pos": [17, 174, 232, 269, 447]}, "creat": {"prob": 0.004434589800443459, "count": 2, "pos": [18, 156]}, "a": {"prob": 0.022172949002217297, "count": 10, "pos": [19, 72, 101, 211, 275, 334, 344, 365, 418, 421]}, "clone": {"prob": 0.0066518847006651885, "count": 3, "pos": [20, 64, 84]}, "ellen": {"prob": 0.0022172949002217295, "count": 1, "pos": [22]}, "ripley": {"prob": 0.017738359201773836, "count": 8, "pos": [23, 63, 140, 207, 326, 373, 385, 407]}, "use": {"prob": 0.015521064301552107, "count": 7, "pos": [24, 61, 120, 154, 227, 262, 411]}, "dna": {"prob": 0.0066518847006651885, "count": 3, "pos": [25, 76, 339]}, "from": {"prob": 0.004434589800443459, "count": 2, "pos": [26, 337]}, "blood": {"prob": 0.0066518847006651885, "count": 3, "pos": [27, 93, 415]}, "sampl": {"prob": 0.0022172949002217295, "count": 1, "pos": [28]}, "taken": {"prob": 0.0022172949002217295, "count": 1, "pos": [29]}, "befor": {"prob": 0.0022172949002217295, "count": 1, "pos": [30]}, "her": {"prob": 0.019955654101995565, "count": 9, "pos": [31, 46, 51, 75, 143, 149, 263, 338, 412]}, "death": {"prob": 0.004434589800443459, "count": 2, "pos": [32, 52]}, "they": {"prob": 0.004434589800443459, "count": 2, "pos": [33, 397]}, "extract": {"prob": 0.0022172949002217295, "count": 1, "pos": [34]}, "embryo": {"prob": 0.004434589800443459, "count": 2, "pos": [36, 308]}, "an": {"prob": 0.008869179600886918, "count": 4, "pos": [38, 95, 192, 255]}, "queen": {"prob": 0.0066518847006651885, "count": 3, "pos": [40, 331, 381]}, "that": {"prob": 0.0066518847006651885, "count": 3, "pos": [41, 186, 328]}, "had": {"prob": 0.0022172949002217295, "count": 1, "pos": [42]}, "been": {"prob": 0.0022172949002217295, "count": 1, "pos": [43]}, "grow": {"prob": 0.0022172949002217295, "count": 1, "pos": [44]}, "insid": {"prob": 0.0022172949002217295, "count": 1, "pos": [45]}, "at": {"prob": 0.0022172949002217295, "count": 1, "pos": [47]}, "time": {"prob": 0.0022172949002217295, "count": 1, "pos": [49]}, "rai": {"prob": 0.004434589800443459, "count": 2, "pos": [53, 129]}, "it": {"prob": 0.019955654101995565, "count": 9, "pos": [54, 57, 179, 228, 273, 317, 346, 375, 409]}, "and": {"prob": 0.03547671840354767, "count": 16, "pos": [55, 90, 94, 145, 168, 175, 215, 226, 323, 358, 369, 377, 382, 386, 404, 433]}, "collect": {"prob": 0.0022172949002217295, "count": 1, "pos": [56]}, "egg": {"prob": 0.004434589800443459, "count": 2, "pos": [58, 357]}, "for": {"prob": 0.013303769401330377, "count": 6, "pos": [59, 68, 126, 133, 223, 356]}, "further": {"prob": 0.004434589800443459, "count": 2, "pos": [60, 69]}, "is": {"prob": 0.011086474501108648, "count": 5, "pos": [65, 160, 194, 251, 310]}, "kept": {"prob": 0.0022172949002217295, "count": 1, "pos": [66]}, "aliv": {"prob": 0.0022172949002217295, "count": 1, "pos": [67]}, "studi": {"prob": 0.004434589800443459, "count": 2, "pos": [70, 134]}, "as": {"prob": 0.017738359201773836, "count": 8, "pos": [71, 124, 233, 305, 340, 374, 396, 445]}, "result": {"prob": 0.004434589800443459, "count": 2, "pos": [73, 362]}, "be": {"prob": 0.008869179600886918, "count": 4, "pos": [77, 153, 254, 427]}, "mix": {"prob": 0.0022172949002217295, "count": 1, "pos": [78]}, "with": {"prob": 0.008869179600886918, "count": 4, "pos": [79, 98, 267, 278]}, "dure": {"prob": 0.0022172949002217295, "count": 1, "pos": [82]}, "process": {"prob": 0.0022172949002217295, "count": 1, "pos": [85]}, "she": {"prob": 0.008869179600886918, "count": 4, "pos": [86, 151, 271, 293]}, "develop": {"prob": 0.0022172949002217295, "count": 1, "pos": [87]}, "enhanc": {"prob": 0.0022172949002217295, "count": 1, "pos": [88]}, "strength": {"prob": 0.0022172949002217295, "count": 1, "pos": [89]}, "reflex": {"prob": 0.0022172949002217295, "count": 1, "pos": [91]}, "acid": {"prob": 0.004434589800443459, "count": 2, "pos": [92, 414]}, "empath": {"prob": 0.0022172949002217295, "count": 1, "pos": [96]}, "link": {"prob": 0.0022172949002217295, "count": 1, "pos": [97]}, "group": {"prob": 0.0066518847006651885, "count": 3, "pos": [102, 235, 261]}, "mercenari": {"prob": 0.0066518847006651885, "count": 3, "pos": [104, 209, 389]}, "arriv": {"prob": 0.0022172949002217295, "count": 1, "pos": [105]}, "in": {"prob": 0.011086474501108648, "count": 5, "pos": [106, 115, 191, 285, 442]}, "their": {"prob": 0.0066518847006651885, "count": 3, "pos": [107, 237, 391]}, "ship": {"prob": 0.0066518847006651885, "count": 3, "pos": [108, 188, 242]}, "betti": {"prob": 0.011086474501108648, "count": 5, "pos": [110, 136, 225, 395, 444]}, "deliv": {"prob": 0.0022172949002217295, "count": 1, "pos": [111]}, "sever": {"prob": 0.0066518847006651885, "count": 3, "pos": [112, 130, 243]}, "kidnap": {"prob": 0.004434589800443459, "count": 2, "pos": [113, 122]}, "human": {"prob": 0.011086474501108648, "count": 5, "pos": [114, 123, 335, 359, 368]}, "stasi": {"prob": 0.0022172949002217295, "count": 1, "pos": [116]}, "host": {"prob": 0.0066518847006651885, "count": 3, "pos": [125, 218, 360]}, "adult": {"prob": 0.0022172949002217295, "count": 1, "pos": [131]}, "crew": {"prob": 0.004434589800443459, "count": 2, "pos": [137, 180]}, "soon": {"prob": 0.0022172949002217295, "count": 1, "pos": [138]}, "encount": {"prob": 0.0022172949002217295, "count": 1, "pos": [139]}, "call": {"prob": 0.011086474501108648, "count": 5, "pos": [141, 159, 250, 290, 403]}, "recogn": {"prob": 0.004434589800443459, "count": 2, "pos": [142, 372]}, "name": {"prob": 0.004434589800443459, "count": 2, "pos": [144, 213]}, "tri": {"prob": 0.0022172949002217295, "count": 1, "pos": [146]}, "to": {"prob": 0.03325942350332594, "count": 15, "pos": [147, 155, 195, 197, 221, 229, 253, 265, 281, 301, 318, 350, 393, 416, 426]}, "kill": {"prob": 0.015521064301552107, "count": 7, "pos": [148, 176, 247, 324, 378, 405, 408]}, "believ": {"prob": 0.0022172949002217295, "count": 1, "pos": [150]}, "may": {"prob": 0.0022172949002217295, "count": 1, "pos": [152]}, "more": {"prob": 0.0022172949002217295, "count": 1, "pos": [157]}, "too": {"prob": 0.0022172949002217295, "count": 1, "pos": [161]}, "late": {"prob": 0.0022172949002217295, "count": 1, "pos": [162]}, "have": {"prob": 0.0022172949002217295, "count": 1, "pos": [165]}, "alreadi": {"prob": 0.0022172949002217295, "count": 1, "pos": [166]}, "matur": {"prob": 0.0022172949002217295, "count": 1, "pos": [167]}, "quick": {"prob": 0.0022172949002217295, "count": 1, "pos": [169]}, "escap": {"prob": 0.004434589800443459, "count": 2, "pos": [170, 441]}, "confin": {"prob": 0.0022172949002217295,