{"__total__": 367, "__name__": "doc_883_Lies.txt", "a": {"prob": 0.03814713896457766, "count": 14, "pos": [0, 14, 17, 51, 56, 73, 121, 161, 172, 270, 314, 325, 332, 349]}, "high": {"prob": 0.0027247956403269754, "count": 1, "pos": [1]}, "school": {"prob": 0.005449591280653951, "count": 2, "pos": [2, 340]}, "senior": {"prob": 0.0027247956403269754, "count": 1, "pos": [3]}, "y": {"prob": 0.013623978201634877, "count": 5, "pos": [4, 184, 225, 236, 266]}, "is": {"prob": 0.010899182561307902, "count": 4, "pos": [5, 53, 72, 318]}, "friend": {"prob": 0.0027247956403269754, "count": 1, "pos": [6]}, "with": {"prob": 0.01634877384196185, "count": 6, "pos": [7, 16, 48, 120, 146, 345]}, "anoth": {"prob": 0.0027247956403269754, "count": 1, "pos": [8]}, "girl": {"prob": 0.0027247956403269754, "count": 1, "pos": [9]}, "who": {"prob": 0.0027247956403269754, "count": 1, "pos": [10]}, "ha": {"prob": 0.005449591280653951, "count": 2, "pos": [11, 324]}, "struck": {"prob": 0.0027247956403269754, "count": 1, "pos": [12]}, "up": {"prob": 0.0027247956403269754, "count": 1, "pos": [13]}, "correspond": {"prob": 0.0027247956403269754, "count": 1, "pos": [15]}, "middl": {"prob": 0.0027247956403269754, "count": 1, "pos": [18]}, "age": {"prob": 0.0027247956403269754, "count": 1, "pos": [19]}, "artist": {"prob": 0.0027247956403269754, "count": 1, "pos": [20]}, "j": {"prob": 0.013623978201634877, "count": 5, "pos": [21, 144, 218, 234, 274]}, "after": {"prob": 0.005449591280653951, "count": 2, "pos": [22, 179]}, "talk": {"prob": 0.0027247956403269754, "count": 1, "pos": [23]}, "to": {"prob": 0.0326975476839237, "count": 12, "pos": [24, 32, 45, 98, 133, 154, 190, 220, 233, 286, 295, 320]}, "him": {"prob": 0.027247956403269755, "count": 10, "pos": [25, 49, 77, 97, 135, 156, 160, 194, 344, 361]}, "on": {"prob": 0.013623978201634877, "count": 5, "pos": [26, 101, 130, 174, 205]}, "the": {"prob": 0.01907356948228883, "count": 7, "pos": [27, 68, 199, 228, 302, 346, 363]}, "phone": {"prob": 0.005449591280653951, "count": 2, "pos": [28, 315]}, "and": {"prob": 0.03814713896457766, "count": 14, "pos": [29, 50, 79, 94, 119, 187, 202, 230, 240, 245, 273, 304, 323, 342]}, "determin": {"prob": 0.0027247956403269754, "count": 1, "pos": [30]}, "not": {"prob": 0.005449591280653951, "count": 2, "pos": [31, 285]}, "lose": {"prob": 0.0027247956403269754, "count": 1, "pos": [33]}, "her": {"prob": 0.0326975476839237, "count": 12, "pos": [34, 39, 88, 100, 102, 116, 153, 192, 222, 238, 284, 338]}, "virgin": {"prob": 0.005449591280653951, "count": 2, "pos": [35, 74]}, "through": {"prob": 0.0027247956403269754, "count": 1, "pos": [36]}, "rape": {"prob": 0.0027247956403269754, "count": 1, "pos": [37]}, "as": {"prob": 0.01634877384196185, "count": 6, "pos": [38, 63, 65, 163, 249, 292]}, "two": {"prob": 0.0027247956403269754, "count": 1, "pos": [40]}, "sister": {"prob": 0.0027247956403269754, "count": 1, "pos": [41]}, "did": {"prob": 0.0027247956403269754, "count": 1, "pos": [42]}, "she": {"prob": 0.02997275204359673, "count": 11, "pos": [43, 71, 75, 95, 129, 137, 157, 196, 279, 317, 335]}, "decid": {"prob": 0.0027247956403269754, "count": 1, "pos": [44]}, "have": {"prob": 0.013623978201634877, "count": 5, "pos": [46, 60, 106, 170, 254]}, "sex": {"prob": 0.013623978201634877, "count": 5, "pos": [47, 61, 81, 107, 255]}, "meet": {"prob": 0.005449591280653951, "count": 2, "pos": [52, 330]}, "arrang": {"prob": 0.005449591280653951, "count": 2, "pos": [54, 110]}, "at": {"prob": 0.008174386920980926, "count": 3, "pos": [55, 127, 142]}, "cheap": {"prob": 0.0027247956403269754, "count": 1, "pos": [57]}, "motel": {"prob": 0.005449591280653951, "count": 2, "pos": [58, 69]}, "they": {"prob": 0.027247956403269755, "count": 10, "pos": [59, 66, 105, 109, 206, 250, 258, 287, 329, 351]}, "almost": {"prob": 0.0027247956403269754, "count": 1, "pos": [62]}, "soon": {"prob": 0.0027247956403269754, "count": 1, "pos": [64]}, "enter": {"prob": 0.0027247956403269754, "count": 1, "pos": [67]}, "though": {"prob": 0.008174386920980926, "count": 3, "pos": [70, 217, 281]}, "give": {"prob": 0.0027247956403269754, "count": 1, "pos": [76]}, "oral": {"prob": 0.0027247956403269754, "count": 1, "pos": [78]}, "anal": {"prob": 0.0027247956403269754, "count": 1, "pos": [80]}, "in": {"prob": 0.01907356948228883, "count": 7, "pos": [82, 92, 252, 269, 309, 327, 331]}, "their": {"prob": 0.013623978201634877, "count": 5, "pos": [83, 175, 212, 262, 289]}, "next": {"prob": 0.0027247956403269754, "count": 1, "pos": [84]}, "rendezv": {"prob": 0.0027247956403269754, "count": 1, "pos": [85]}, "he": {"prob": 0.02452316076294278, "count": 9, "pos": [86, 114, 151, 188, 246, 282, 293, 312, 365]}, "tell": {"prob": 0.0027247956403269754, "count": 1, "pos": [87]}, "about": {"prob": 0.005449591280653951, "count": 2, "pos": [89, 362]}, "hi": {"prob": 0.01634877384196185, "count": 6, "pos": [90, 147, 167, 296, 305, 358]}, "interest": {"prob": 0.0027247956403269754, "count": 1, "pos": [91]}, "sadomasoch": {"prob": 0.0027247956403269754, "count": 1, "pos": [93]}, "allow": {"prob": 0.0027247956403269754, "count": 1, "pos": [96]}, "beat": {"prob": 0.01907356948228883, "count": 7, "pos": [99, 115, 155, 183, 193, 209, 343]}, "buttock": {"prob": 0.0027247956403269754, "count": 1, "pos": [103]}, "befor": {"prob": 0.0027247956403269754, "count": 1, "pos": [104]}, "again": {"prob": 0.005449591280653951, "count": 2, "pos": [108, 356]}, "regular": {"prob": 0.0027247956403269754, "count": 1, "pos": [111]}, "tryst": {"prob": 0.0027247956403269754, "count": 1, "pos": [112]}, "where": {"prob": 0.005449591280653951, "count": 2, "pos": [113, 334]}, "more": {"prob": 0.005449591280653951, "count": 2, "pos": [117, 215]}, "fierc": {"prob": 0.0027247956403269754, "count": 1, "pos": [118]}, "wider": {"prob": 0.0027247956403269754, "count": 1, "pos": [122]}, "array": {"prob": 0.0027247956403269754, "count": 1, "pos": [123]}, "of": {"prob": 0.010899182561307902, "count": 4, "pos": [124, 243, 277, 348]}, "implement": {"prob": 0.0027247956403269754, "count": 1, "pos": [125]}, "while": {"prob": 0.0027247956403269754, "count": 1, "pos": [126]}, "first": {"prob": 0.0027247956403269754, "count": 1, "pos": [128]}, "goe": {"prob": 0.0027247956403269754, "count": 1, "pos": [131]}, "along": {"prob": 0.0027247956403269754, "count": 1, "pos": [132]}, "make": {"prob": 0.0027247956403269754, "count": 1, "pos": [134]}, "happi": {"prob": 0.0027247956403269754, "count": 1, "pos": [136]}, "eventu": {"prob": 0.0027247956403269754, "count": 1, "pos": [138]}, "like": {"prob": 0.0027247956403269754, "count": 1, "pos": [139]}, "be": {"prob": 0.005449591280653951, "count": 2, "pos": [140, 221]}, "beaten": {"prob": 0.0027247956403269754, "count": 1, "pos": [141]}, "home": {"prob": 0.005449591280653951, "count": 2, "pos": [143, 248]}, "relationship": {"prob": 0.0027247956403269754, "count": 1, "pos": [145]}, "wife": {"prob": 0.010899182561307902, "count": 4, "pos": [148, 297, 306, 359]}, "deterior": {"prob": 0.0027247956403269754, "count": 1, "pos": [149]}, "when": {"prob": 0.010899182561307902, "count": 4, "pos": [150, 265, 311, 357]}, "beg": {"prob": 0.005449591280653951, "count": 2, "pos": [152, 283]}, "refus": {"prob": 0.0027247956403269754, "count": 1, "pos": [158]}, "call": {"prob": 0.005449591280653951, "count": 2, "pos": [159, 316]}, "pervert": {"prob": 0.0027247956403269754, "count": 1, "pos": [162]}, "we": {"prob": 0.005449591280653951, "count": 2, "pos": [164, 300]}, "learn": {"prob": 0.0027247956403269754, "count": 1, "pos": [165]}, "that": {"prob": 0.0027247956403269754, "count": 1, "pos": [166]}, "sexual": {"prob": 0.0027247956403269754, "count": 1, "pos": [168]}, "desir": {"prob": 0.0027247956403269754, "count": 1, "pos": [169]}, "been": {"prob": 0.0027247956403269754, "count": 1, "pos": [171]}, "strain": {"prob": 0.0027247956403269754, "count": 1, "pos": [173]}, "marriag": {"prob": 0.0027247956403269754, "count": 1, "pos": [176]}, "for": {"prob": 0.0027247956403269754, "count": 1, "pos": [177]},