{"__total__": 396, "__name__": "doc_891_Little_Darlings.txt", "a": {"prob": 0.017676767676767676, "count": 7, "pos": [0, 18, 184, 190, 233, 311, 335]}, "group": {"prob": 0.0025252525252525255, "count": 1, "pos": [1]}, "of": {"prob": 0.010101010101010102, "count": 4, "pos": [2, 15, 133, 183]}, "teenag": {"prob": 0.005050505050505051, "count": 2, "pos": [3, 86]}, "girl": {"prob": 0.020202020202020204, "count": 8, "pos": [4, 31, 54, 82, 96, 110, 116, 120]}, "from": {"prob": 0.005050505050505051, "count": 2, "pos": [5, 223]}, "the": {"prob": 0.045454545454545456, "count": 18, "pos": [6, 29, 41, 50, 53, 60, 78, 81, 95, 99, 150, 161, 181, 220, 224, 230, 257, 362]}, "atlanta": {"prob": 0.0025252525252525255, "count": 1, "pos": [7]}, "area": {"prob": 0.0025252525252525255, "count": 1, "pos": [8]}, "go": {"prob": 0.0025252525252525255, "count": 1, "pos": [9]}, "to": {"prob": 0.03282828282828283, "count": 13, "pos": [10, 21, 39, 49, 169, 251, 279, 282, 305, 327, 341, 349, 356]}, "summer": {"prob": 0.005050505050505051, "count": 2, "pos": [11, 395]}, "camp": {"prob": 0.010101010101010102, "count": 4, "pos": [12, 56, 151, 185]}, "and": {"prob": 0.03787878787878788, "count": 15, "pos": [13, 62, 70, 92, 103, 107, 113, 137, 139, 198, 299, 319, 353, 375, 386]}, "two": {"prob": 0.007575757575757576, "count": 3, "pos": [14, 30, 65]}, "them": {"prob": 0.0025252525252525255, "count": 1, "pos": [16]}, "make": {"prob": 0.005050505050505051, "count": 2, "pos": [17, 157]}, "bet": {"prob": 0.005050505050505051, "count": 2, "pos": [19, 57]}, "as": {"prob": 0.015151515151515152, "count": 6, "pos": [20, 89, 135, 232, 241, 274]}, "which": {"prob": 0.007575757575757576, "count": 3, "pos": [22, 370, 382]}, "one": {"prob": 0.007575757575757576, "count": 3, "pos": [23, 42, 339]}, "will": {"prob": 0.0025252525252525255, "count": 1, "pos": [24]}, "lose": {"prob": 0.005050505050505051, "count": 2, "pos": [25, 44]}, "her": {"prob": 0.025252525252525252, "count": 10, "pos": [26, 146, 202, 242, 246, 281, 297, 357, 385, 388]}, "virgin": {"prob": 0.005050505050505051, "count": 2, "pos": [27, 46]}, "first": {"prob": 0.0025252525252525255, "count": 1, "pos": [28]}, "then": {"prob": 0.005050505050505051, "count": 2, "pos": [32, 302]}, "choo": {"prob": 0.0025252525252525255, "count": 1, "pos": [33]}, "target": {"prob": 0.0025252525252525255, "count": 1, "pos": [34]}, "or": {"prob": 0.007575757575757576, "count": 3, "pos": [35, 75, 290]}, "guy": {"prob": 0.0025252525252525255, "count": 1, "pos": [36]}, "they": {"prob": 0.010101010101010102, "count": 4, "pos": [37, 43, 127, 390]}, "want": {"prob": 0.005050505050505051, "count": 2, "pos": [38, 326]}, "be": {"prob": 0.005050505050505051, "count": 2, "pos": [40, 196]}, "their": {"prob": 0.0025252525252525255, "count": 1, "pos": [45]}, "with": {"prob": 0.015151515151515152, "count": 6, "pos": [47, 159, 189, 254, 331, 334]}, "unbeknownst": {"prob": 0.0025252525252525255, "count": 1, "pos": [48]}, "adult": {"prob": 0.0025252525252525255, "count": 1, "pos": [51]}, "all": {"prob": 0.0025252525252525255, "count": 1, "pos": [52]}, "in": {"prob": 0.020202020202020204, "count": 8, "pos": [55, 84, 98, 166, 180, 208, 256, 361]}, "money": {"prob": 0.0025252525252525255, "count": 1, "pos": [58]}, "on": {"prob": 0.007575757575757576, "count": 3, "pos": [59, 72, 318]}, "contest": {"prob": 0.007575757575757576, "count": 3, "pos": [61, 100, 231]}, "divid": {"prob": 0.0025252525252525255, "count": 1, "pos": [63]}, "into": {"prob": 0.0025252525252525255, "count": 1, "pos": [64]}, "team": {"prob": 0.0025252525252525255, "count": 1, "pos": [66]}, "each": {"prob": 0.0025252525252525255, "count": 1, "pos": [67]}, "root": {"prob": 0.0025252525252525255, "count": 1, "pos": [68]}, "for": {"prob": 0.005050505050505051, "count": 2, "pos": [69, 359]}, "eg": {"prob": 0.0025252525252525255, "count": 1, "pos": [71]}, "either": {"prob": 0.0025252525252525255, "count": 1, "pos": [73]}, "ferri": {"prob": 0.012626262626262626, "count": 5, "pos": [74, 117, 131, 342, 364]}, "angel": {"prob": 0.015151515151515152, "count": 6, "pos": [76, 111, 217, 218, 329, 376]}, "at": {"prob": 0.005050505050505051, "count": 2, "pos": [77, 178]}, "same": {"prob": 0.005050505050505051, "count": 2, "pos": [79, 221]}, "time": {"prob": 0.005050505050505051, "count": 2, "pos": [80, 344]}, "engag": {"prob": 0.0025252525252525255, "count": 1, "pos": [83]}, "typic": {"prob": 0.0025252525252525255, "count": 1, "pos": [85]}, "behavior": {"prob": 0.0025252525252525255, "count": 1, "pos": [87]}, "such": {"prob": 0.0025252525252525255, "count": 1, "pos": [88]}, "food": {"prob": 0.0025252525252525255, "count": 1, "pos": [90]}, "fight": {"prob": 0.0025252525252525255, "count": 1, "pos": [91]}, "other": {"prob": 0.007575757575757576, "count": 3, "pos": [93, 167, 225]}, "activ": {"prob": 0.0025252525252525255, "count": 1, "pos": [94]}, "involv": {"prob": 0.007575757575757576, "count": 3, "pos": [97, 368, 380]}, "are": {"prob": 0.0025252525252525255, "count": 1, "pos": [101]}, "opposit": {"prob": 0.0025252525252525255, "count": 1, "pos": [102]}, "rival": {"prob": 0.0025252525252525255, "count": 1, "pos": [104]}, "cynic": {"prob": 0.005050505050505051, "count": 2, "pos": [105, 316]}, "suspici": {"prob": 0.0025252525252525255, "count": 1, "pos": [106]}, "streetwi": {"prob": 0.0025252525252525255, "count": 1, "pos": [108]}, "poor": {"prob": 0.0025252525252525255, "count": 1, "pos": [109]}, "bright": {"prob": 0.0025252525252525255, "count": 1, "pos": [112]}, "romant": {"prob": 0.005050505050505051, "count": 2, "pos": [114, 374]}, "rich": {"prob": 0.0025252525252525255, "count": 1, "pos": [115]}, "whitney": {"prob": 0.0025252525252525255, "count": 1, "pos": [118]}, "both": {"prob": 0.005050505050505051, "count": 2, "pos": [119, 391]}, "discov": {"prob": 0.010101010101010102, "count": 4, "pos": [121, 176, 365, 377]}, "that": {"prob": 0.015151515151515152, "count": 6, "pos": [122, 177, 307, 366, 378, 394]}, "it": {"prob": 0.015151515151515152, "count": 6, "pos": [123, 129, 199, 253, 289, 292]}, "is": {"prob": 0.017676767676767676, "count": 7, "pos": [124, 204, 277, 293, 309, 322, 371]}, "not": {"prob": 0.012626262626262626, "count": 5, "pos": [125, 266, 310, 348, 372]}, "what": {"prob": 0.005050505050505051, "count": 2, "pos": [126, 170]}, "thought": {"prob": 0.0025252525252525255, "count": 1, "pos": [128]}, "wa": {"prob": 0.0025252525252525255, "count": 1, "pos": [130]}, "think": {"prob": 0.0025252525252525255, "count": 1, "pos": [132]}, "love": {"prob": 0.010101010101010102, "count": 4, "pos": [134, 158, 367, 381]}, "romanc": {"prob": 0.0025252525252525255, "count": 1, "pos": [136]}, "wine": {"prob": 0.0025252525252525255, "count": 1, "pos": [138]}, "flower": {"prob": 0.0025252525252525255, "count": 1, "pos": [140]}, "she": {"prob": 0.04040404040404041, "count": 16, "pos": [141, 154, 171, 173, 175, 210, 227, 249, 259, 264, 268, 270, 301, 314, 324, 345]}, "imagin": {"prob": 0.0025252525252525255, "count": 1, "pos": [142]}, "herself": {"prob": 0.005050505050505051, "count": 2, "pos": [143, 306]}, "swept": {"prob": 0.0025252525252525255, "count": 1, "pos": [144]}, "off": {"prob": 0.007575757575757576, "count": 3, "pos": [145, 295, 320]}, "feet": {"prob": 0.0025252525252525255, "count": 1, "pos": [147]}, "by": {"prob": 0.007575757575757576, "count": 3, "pos": [148, 262, 296]}, "gari": {"prob": 0.0025252525252525255, "count": 1, "pos": [149]}, "counselor": {"prob": 0.005050505050505051, "count": 2, "pos": [152, 186]}, "when": {"prob": 0.005050505050505051, "count": 2, "pos": [153, 248]}, "lie": {"prob": 0.0025252525252525255, "count": 1, "pos": [155]}, "about": {"prob": 0.0025252525252525255, "count": 1, "pos": [156]}, "him": {"prob": 0.0025252525252525255, "count": 1, "pos": [160]}, "biolog": {"prob": 0.005050505050505051, "count": 2, "pos": [162, 236]}, "side": {"prob": 0.005050505050505051, "count": 2, "pos": [163, 226]}, "manifest": {"prob": 0.0025252525252525255, "count": 1, "pos": [164]},