{"__total__": 603, "__name__": "doc_904_Lost_in_Space.txt", "in": {"prob": 0.01990049751243781, "count": 12, "pos": [0, 68, 88, 90, 161, 196, 211, 231, 295, 345, 465, 586]}, "the": {"prob": 0.1044776119402985, "count": 63, "pos": [1, 11, 16, 22, 47, 72, 86, 93, 103, 114, 130, 134, 139, 156, 162, 165, 168, 175, 179, 182, 186, 191, 202, 205, 221, 229, 236, 255, 262, 266, 269, 273, 281, 285, 302, 307, 322, 357, 368, 377, 381, 403, 409, 421, 428, 444, 454, 459, 466, 471, 477, 487, 522, 529, 541, 544, 552, 557, 560, 570, 582, 589, 594]}, "year": {"prob": 0.003316749585406302, "count": 2, "pos": [2, 66]}, "2058": {"prob": 0.001658374792703151, "count": 1, "pos": [3]}, "with": {"prob": 0.008291873963515755, "count": 5, "pos": [4, 119, 181, 242, 265]}, "earth": {"prob": 0.009950248756218905, "count": 6, "pos": [5, 91, 104, 225, 354, 393]}, "soon": {"prob": 0.001658374792703151, "count": 1, "pos": [6]}, "to": {"prob": 0.04145936981757877, "count": 25, "pos": [7, 34, 37, 51, 71, 85, 137, 189, 253, 280, 300, 347, 349, 385, 402, 407, 434, 463, 482, 514, 519, 539, 555, 580, 587]}, "be": {"prob": 0.001658374792703151, "count": 1, "pos": [8]}, "uninhabit": {"prob": 0.001658374792703151, "count": 1, "pos": [9]}, "from": {"prob": 0.006633499170812604, "count": 4, "pos": [10, 228, 268, 359]}, "irrev": {"prob": 0.001658374792703151, "count": 1, "pos": [12]}, "effect": {"prob": 0.001658374792703151, "count": 1, "pos": [13]}, "of": {"prob": 0.026533996683250415, "count": 16, "pos": [14, 18, 25, 30, 46, 164, 178, 201, 235, 248, 297, 306, 315, 328, 336, 376]}, "pollut": {"prob": 0.001658374792703151, "count": 1, "pos": [15]}, "major": {"prob": 0.006633499170812604, "count": 4, "pos": [17, 109, 291, 399]}, "nation": {"prob": 0.001658374792703151, "count": 1, "pos": [19]}, "prepar": {"prob": 0.001658374792703151, "count": 1, "pos": [20]}, "for": {"prob": 0.004975124378109453, "count": 3, "pos": [21, 185, 508]}, "peac": {"prob": 0.001658374792703151, "count": 1, "pos": [23]}, "colon": {"prob": 0.003316749585406302, "count": 2, "pos": [24, 36]}, "space": {"prob": 0.009950248756218905, "count": 6, "pos": [26, 212, 226, 331, 566, 602]}, "meanwhil": {"prob": 0.001658374792703151, "count": 1, "pos": [27]}, "a": {"prob": 0.01658374792703151, "count": 10, "pos": [28, 64, 82, 126, 197, 209, 311, 342, 374, 574]}, "minor": {"prob": 0.001658374792703151, "count": 1, "pos": [29]}, "terrorist": {"prob": 0.003316749585406302, "count": 2, "pos": [31, 100]}, "forc": {"prob": 0.003316749585406302, "count": 2, "pos": [32, 101]}, "seek": {"prob": 0.001658374792703151, "count": 1, "pos": [33]}, "shape": {"prob": 0.001658374792703151, "count": 1, "pos": [35]}, "their": {"prob": 0.001658374792703151, "count": 1, "pos": [38]}, "own": {"prob": 0.001658374792703151, "count": 1, "pos": [39]}, "agenda": {"prob": 0.001658374792703151, "count": 1, "pos": [40]}, "professor": {"prob": 0.003316749585406302, "count": 2, "pos": [41, 288]}, "john": {"prob": 0.006633499170812604, "count": 4, "pos": [42, 412, 438, 536]}, "robinson": {"prob": 0.011608623548922056, "count": 7, "pos": [43, 289, 358, 394, 411, 461, 590]}, "lead": {"prob": 0.003316749585406302, "count": 2, "pos": [44, 52]}, "scientist": {"prob": 0.001658374792703151, "count": 1, "pos": [45]}, "jupit": {"prob": 0.013266998341625208, "count": 8, "pos": [48, 115, 157, 274, 405, 468, 523, 583]}, "mission": {"prob": 0.006633499170812604, "count": 4, "pos": [49, 67, 116, 135]}, "plan": {"prob": 0.004975124378109453, "count": 3, "pos": [50, 384, 532]}, "hi": {"prob": 0.013266998341625208, "count": 8, "pos": [53, 147, 387, 424, 499, 504, 509, 516]}, "wife": {"prob": 0.001658374792703151, "count": 1, "pos": [54]}, "maureen": {"prob": 0.001658374792703151, "count": 1, "pos": [55]}, "daughter": {"prob": 0.001658374792703151, "count": 1, "pos": [56]}, "judi": {"prob": 0.001658374792703151, "count": 1, "pos": [57]}, "and": {"prob": 0.03648424543946932, "count": 22, "pos": [58, 60, 112, 141, 149, 173, 193, 213, 220, 260, 276, 290, 324, 330, 338, 355, 383, 418, 458, 486, 511, 563]}, "penni": {"prob": 0.001658374792703151, "count": 1, "pos": [59]}, "son": {"prob": 0.001658374792703151, "count": 1, "pos": [61]}, "will": {"prob": 0.008291873963515755, "count": 5, "pos": [62, 80, 337, 495, 533]}, "on": {"prob": 0.011608623548922056, "count": 7, "pos": [63, 183, 284, 353, 380, 390, 423]}, "10": {"prob": 0.001658374792703151, "count": 1, "pos": [65]}, "suspend": {"prob": 0.001658374792703151, "count": 1, "pos": [69]}, "anim": {"prob": 0.001658374792703151, "count": 1, "pos": [70]}, "nearbi": {"prob": 0.001658374792703151, "count": 1, "pos": [73]}, "habit": {"prob": 0.001658374792703151, "count": 1, "pos": [74]}, "planet": {"prob": 0.013266998341625208, "count": 8, "pos": [75, 219, 282, 287, 478, 545, 553, 572]}, "alpha": {"prob": 0.001658374792703151, "count": 1, "pos": [76]}, "prime": {"prob": 0.001658374792703151, "count": 1, "pos": [77]}, "where": {"prob": 0.003316749585406302, "count": 2, "pos": [78, 448]}, "they": {"prob": 0.006633499170812604, "count": 4, "pos": [79, 318, 362, 567]}, "build": {"prob": 0.001658374792703151, "count": 1, "pos": [81]}, "companion": {"prob": 0.001658374792703151, "count": 1, "pos": [83]}, "hyperg": {"prob": 0.003316749585406302, "count": 2, "pos": [84, 105]}, "one": {"prob": 0.003316749585406302, "count": 2, "pos": [87, 247]}, "construct": {"prob": 0.003316749585406302, "count": 2, "pos": [89, 341]}, "orbit": {"prob": 0.003316749585406302, "count": 2, "pos": [92, 232]}, "project": {"prob": 0.001658374792703151, "count": 1, "pos": [94]}, "is": {"prob": 0.008291873963515755, "count": 5, "pos": [95, 144, 240, 450, 489]}, "accel": {"prob": 0.001658374792703151, "count": 1, "pos": [96]}, "after": {"prob": 0.003316749585406302, "count": 2, "pos": [97, 214]}, "global": {"prob": 0.003316749585406302, "count": 2, "pos": [98, 131]}, "sedit": {"prob": 0.003316749585406302, "count": 2, "pos": [99, 132]}, "attack": {"prob": 0.004975124378109453, "count": 3, "pos": [102, 167, 257]}, "thwart": {"prob": 0.001658374792703151, "count": 1, "pos": [106]}, "by": {"prob": 0.013266998341625208, "count": 8, "pos": [107, 129, 146, 333, 367, 416, 453, 491]}, "pilot": {"prob": 0.004975124378109453, "count": 3, "pos": [108, 118, 540]}, "don": {"prob": 0.006633499170812604, "count": 4, "pos": [110, 120, 258, 457]}, "west": {"prob": 0.006633499170812604, "count": 4, "pos": [111, 292, 400, 538]}, "murder": {"prob": 0.001658374792703151, "count": 1, "pos": [113]}, "candid": {"prob": 0.001658374792703151, "count": 1, "pos": [117]}, "replac": {"prob": 0.003316749585406302, "count": 2, "pos": [121, 301]}, "him": {"prob": 0.003316749585406302, "count": 2, "pos": [122, 513]}, "dr": {"prob": 0.004975124378109453, "count": 3, "pos": [123, 251, 339]}, "zachari": {"prob": 0.001658374792703151, "count": 1, "pos": [124]}, "smith": {"prob": 0.013266998341625208, "count": 8, "pos": [125, 252, 340, 370, 397, 415, 437, 442]}, "mole": {"prob": 0.001658374792703151, "count": 1, "pos": [127]}, "employ": {"prob": 0.003316749585406302, "count": 2, "pos": [128, 148]}, "reprogram": {"prob": 0.001658374792703151, "count": 1, "pos": [133]}, "robot": {"prob": 0.003316749585406302, "count": 2, "pos": [136, 166]}, "destroy": {"prob": 0.003316749585406302, "count": 2, "pos": [138, 490]}, "ship": {"prob": 0.014925373134328358, "count": 9, "pos": [140, 169, 188, 206, 227, 308, 488, 542, 558]}, "crew": {"prob": 0.001658374792703151, "count": 1, "pos": [142]}, "but": {"prob": 0.004975124378109453, "count": 3, "pos": [143, 479, 569]}, "betray": {"prob": 0.003316749585406302, "count": 2, "pos": [145, 365]}, "left": {"prob": 0.001658374792703151, "count": 1, "pos": [150]}, "as": {"prob": 0.004975124378109453, "count": 3, "pos": [151, 470, 547]}, "an": {"prob": 0.009950248756218905, "count": 6, "pos": [152, 217, 223, 233, 350, 391]}, "unwil": {"prob": 0.001658374792703151, "count": 1, "pos": [153]}, "stowaway": {"prob": 0.001658374792703151, "count": 1, "pos": [154]},