{"__total__": 176, "__name__": "doc_907_Love_Is_a_Many_Splendored_Thing.txt", "the": {"prob": 0.07954545454545454, "count": 14, "pos": [0, 10, 22, 29, 42, 51, 71, 82, 112, 115, 145, 152, 160, 164]}, "widow": {"prob": 0.005681818181818182, "count": 1, "pos": [1]}, "eurasian": {"prob": 0.005681818181818182, "count": 1, "pos": [2]}, "doctor": {"prob": 0.005681818181818182, "count": 1, "pos": [3]}, "han": {"prob": 0.005681818181818182, "count": 1, "pos": [4]}, "suyin": {"prob": 0.028409090909090908, "count": 5, "pos": [5, 53, 86, 110, 169]}, "fall": {"prob": 0.011363636363636364, "count": 2, "pos": [6, 139]}, "in": {"prob": 0.028409090909090908, "count": 5, "pos": [7, 18, 28, 144, 166]}, "love": {"prob": 0.005681818181818182, "count": 1, "pos": [8]}, "with": {"prob": 0.017045454545454544, "count": 3, "pos": [9, 61, 96]}, "marri": {"prob": 0.005681818181818182, "count": 1, "pos": [11]}, "but": {"prob": 0.005681818181818182, "count": 1, "pos": [12]}, "separ": {"prob": 0.005681818181818182, "count": 1, "pos": [13]}, "american": {"prob": 0.005681818181818182, "count": 1, "pos": [14]}, "correspond": {"prob": 0.005681818181818182, "count": 1, "pos": [15]}, "mark": {"prob": 0.017045454545454544, "count": 3, "pos": [16, 65, 91]}, "elliott": {"prob": 0.005681818181818182, "count": 1, "pos": [17]}, "hong": {"prob": 0.005681818181818182, "count": 1, "pos": [19]}, "kong": {"prob": 0.005681818181818182, "count": 1, "pos": [20]}, "dure": {"prob": 0.011363636363636364, "count": 2, "pos": [21, 70]}, "period": {"prob": 0.005681818181818182, "count": 1, "pos": [23]}, "of": {"prob": 0.011363636363636364, "count": 2, "pos": [24, 168]}, "china": {"prob": 0.005681818181818182, "count": 1, "pos": [25]}, "civil": {"prob": 0.005681818181818182, "count": 1, "pos": [26]}, "war": {"prob": 0.011363636363636364, "count": 2, "pos": [27, 73]}, "late": {"prob": 0.005681818181818182, "count": 1, "pos": [30]}, "1940": {"prob": 0.005681818181818182, "count": 1, "pos": [31]}, "although": {"prob": 0.005681818181818182, "count": 1, "pos": [32]}, "they": {"prob": 0.017045454545454544, "count": 3, "pos": [33, 74, 118]}, "briefli": {"prob": 0.005681818181818182, "count": 1, "pos": [34]}, "find": {"prob": 0.005681818181818182, "count": 1, "pos": [35]}, "happi": {"prob": 0.005681818181818182, "count": 1, "pos": [36]}, "togeth": {"prob": 0.005681818181818182, "count": 1, "pos": [37]}, "she": {"prob": 0.022727272727272728, "count": 4, "pos": [38, 131, 138, 170]}, "is": {"prob": 0.017045454545454544, "count": 3, "pos": [39, 66, 135]}, "ostrac": {"prob": 0.005681818181818182, "count": 1, "pos": [40]}, "by": {"prob": 0.017045454545454544, "count": 3, "pos": [41, 95, 105]}, "greater": {"prob": 0.005681818181818182, "count": 1, "pos": [43]}, "chine": {"prob": 0.005681818181818182, "count": 1, "pos": [44]}, "commun": {"prob": 0.005681818181818182, "count": 1, "pos": [45]}, "after": {"prob": 0.005681818181818182, "count": 1, "pos": [46]}, "lose": {"prob": 0.005681818181818182, "count": 1, "pos": [47]}, "her": {"prob": 0.017045454545454544, "count": 3, "pos": [48, 55, 141]}, "posit": {"prob": 0.005681818181818182, "count": 1, "pos": [49]}, "at": {"prob": 0.011363636363636364, "count": 2, "pos": [50, 159]}, "hospit": {"prob": 0.005681818181818182, "count": 1, "pos": [52]}, "and": {"prob": 0.011363636363636364, "count": 2, "pos": [54, 173]}, "adopt": {"prob": 0.005681818181818182, "count": 1, "pos": [56]}, "daughter": {"prob": 0.005681818181818182, "count": 1, "pos": [57]}, "go": {"prob": 0.005681818181818182, "count": 1, "pos": [58]}, "to": {"prob": 0.03409090909090909, "count": 6, "pos": [59, 76, 114, 125, 140, 151]}, "live": {"prob": 0.005681818181818182, "count": 1, "pos": [60]}, "a": {"prob": 0.022727272727272728, "count": 4, "pos": [62, 88, 97, 148]}, "friend": {"prob": 0.011363636363636364, "count": 2, "pos": [63, 93]}, "while": {"prob": 0.011363636363636364, "count": 2, "pos": [64, 158]}, "on": {"prob": 0.022727272727272728, "count": 4, "pos": [67, 81, 155, 163]}, "an": {"prob": 0.011363636363636364, "count": 2, "pos": [68, 106]}, "assign": {"prob": 0.005681818181818182, "count": 1, "pos": [69]}, "korean": {"prob": 0.005681818181818182, "count": 1, "pos": [72]}, "write": {"prob": 0.005681818181818182, "count": 1, "pos": [75]}, "each": {"prob": 0.005681818181818182, "count": 1, "pos": [77]}, "other": {"prob": 0.005681818181818182, "count": 1, "pos": [78]}, "constant": {"prob": 0.005681818181818182, "count": 1, "pos": [79]}, "howev": {"prob": 0.005681818181818182, "count": 1, "pos": [80]}, "same": {"prob": 0.005681818181818182, "count": 1, "pos": [83]}, "day": {"prob": 0.005681818181818182, "count": 1, "pos": [84]}, "that": {"prob": 0.017045454545454544, "count": 3, "pos": [85, 100, 133]}, "receiv": {"prob": 0.005681818181818182, "count": 1, "pos": [87]}, "letter": {"prob": 0.005681818181818182, "count": 1, "pos": [89]}, "from": {"prob": 0.005681818181818182, "count": 1, "pos": [90]}, "anoth": {"prob": 0.005681818181818182, "count": 1, "pos": [92]}, "drop": {"prob": 0.005681818181818182, "count": 1, "pos": [94]}, "newspap": {"prob": 0.005681818181818182, "count": 1, "pos": [98]}, "say": {"prob": 0.005681818181818182, "count": 1, "pos": [99]}, "elliot": {"prob": 0.011363636363636364, "count": 2, "pos": [101, 156]}, "ha": {"prob": 0.005681818181818182, "count": 1, "pos": [102]}, "been": {"prob": 0.005681818181818182, "count": 1, "pos": [103]}, "kill": {"prob": 0.005681818181818182, "count": 1, "pos": [104]}, "aircraft": {"prob": 0.005681818181818182, "count": 1, "pos": [107]}, "bomb": {"prob": 0.005681818181818182, "count": 1, "pos": [108]}, "distraught": {"prob": 0.005681818181818182, "count": 1, "pos": [109]}, "climb": {"prob": 0.005681818181818182, "count": 1, "pos": [111]}, "hill": {"prob": 0.005681818181818182, "count": 1, "pos": [113]}, "tree": {"prob": 0.011363636363636364, "count": 2, "pos": [116, 165]}, "where": {"prob": 0.005681818181818182, "count": 1, "pos": [117]}, "said": {"prob": 0.005681818181818182, "count": 1, "pos": [119]}, "their": {"prob": 0.005681818181818182, "count": 1, "pos": [120]}, "last": {"prob": 0.005681818181818182, "count": 1, "pos": [121]}, "goodbi": {"prob": 0.005681818181818182, "count": 1, "pos": [122]}, "half": {"prob": 0.005681818181818182, "count": 1, "pos": [123]}, "hope": {"prob": 0.005681818181818182, "count": 1, "pos": [124]}, "see": {"prob": 0.005681818181818182, "count": 1, "pos": [126]}, "him": {"prob": 0.005681818181818182, "count": 1, "pos": [127]}, "there": {"prob": 0.005681818181818182, "count": 1, "pos": [128]}, "again": {"prob": 0.005681818181818182, "count": 1, "pos": [129]}, "when": {"prob": 0.005681818181818182, "count": 1, "pos": [130]}, "realiz": {"prob": 0.005681818181818182, "count": 1, "pos": [132]}, "he": {"prob": 0.005681818181818182, "count": 1, "pos": [134]}, "truli": {"prob": 0.005681818181818182, "count": 1, "pos": [136]}, "gone": {"prob": 0.005681818181818182, "count": 1, "pos": [137]}, "knee": {"prob": 0.005681818181818182, "count": 1, "pos": [142]}, "sob": {"prob": 0.005681818181818182, "count": 1, "pos": [143]}, "final": {"prob": 0.005681818181818182, "count": 1, "pos": [146]}, "scene": {"prob": 0.005681818181818182, "count": 1, "pos": [147]}, "butterfli": {"prob": 0.005681818181818182, "count": 1, "pos": [149]}, "similar": {"prob": 0.005681818181818182, "count": 1, "pos": [150]}, "one": {"prob": 0.005681818181818182, "count": 1, "pos": [153]}, "seen": {"prob": 0.005681818181818182, "count": 1, "pos": [154]}, "typewrit": {"prob": 0.005681818181818182, "count": 1, "pos": [157]}, "front": {"prob": 0.011363636363636364, "count": 2, "pos": [161, 167]}, "land": {"prob": 0.005681818181818182, "count": 1, "pos": [162]}, "compo": {"prob": 0.005681818181818182, "count": 1, "pos": [171]}, "herself": {"prob": 0.005681818181818182, "count": 1, "pos": [172]}, "walk": {"prob": 0.005681818181818182, "count": 1, "pos": [174]}, "away": {"prob": 0.005681818181818182, "count": 1, "pos": [175]}}