{"__total__": 428, "__name__": "doc_910_Love_and_Death_on_Long_Island.txt", "gile": {"prob": 0.030373831775700934, "count": 13, "pos": [0, 141, 161, 214, 260, 284, 298, 300, 331, 338, 352, 404, 411]}, "de": {"prob": 0.002336448598130841, "count": 1, "pos": [1]}, "ath": {"prob": 0.002336448598130841, "count": 1, "pos": [2]}, "is": {"prob": 0.018691588785046728, "count": 8, "pos": [3, 142, 241, 295, 301, 341, 353, 393]}, "a": {"prob": 0.02336448598130841, "count": 10, "pos": [4, 92, 159, 179, 188, 226, 247, 286, 315, 358]}, "british": {"prob": 0.002336448598130841, "count": 1, "pos": [5]}, "writer": {"prob": 0.002336448598130841, "count": 1, "pos": [6]}, "who": {"prob": 0.002336448598130841, "count": 1, "pos": [7]}, "doesn": {"prob": 0.002336448598130841, "count": 1, "pos": [8]}, "t": {"prob": 0.007009345794392523, "count": 3, "pos": [9, 148, 400]}, "use": {"prob": 0.002336448598130841, "count": 1, "pos": [10]}, "or": {"prob": 0.002336448598130841, "count": 1, "pos": [11]}, "understand": {"prob": 0.002336448598130841, "count": 1, "pos": [12]}, "anyth": {"prob": 0.002336448598130841, "count": 1, "pos": [13]}, "modern": {"prob": 0.002336448598130841, "count": 1, "pos": [14]}, "one": {"prob": 0.004672897196261682, "count": 2, "pos": [15, 320]}, "day": {"prob": 0.004672897196261682, "count": 2, "pos": [16, 257]}, "he": {"prob": 0.035046728971962614, "count": 15, "pos": [17, 33, 60, 73, 106, 119, 126, 157, 172, 186, 194, 312, 362, 369, 373]}, "forget": {"prob": 0.002336448598130841, "count": 1, "pos": [18]}, "hi": {"prob": 0.02570093457943925, "count": 11, "pos": [19, 26, 76, 104, 108, 112, 151, 216, 229, 307, 324]}, "key": {"prob": 0.002336448598130841, "count": 1, "pos": [20]}, "and": {"prob": 0.0514018691588785, "count": 22, "pos": [21, 49, 67, 84, 90, 94, 115, 129, 153, 177, 208, 223, 254, 267, 276, 291, 299, 335, 356, 365, 383, 416]}, "lock": {"prob": 0.002336448598130841, "count": 1, "pos": [22]}, "himself": {"prob": 0.002336448598130841, "count": 1, "pos": [23]}, "out": {"prob": 0.007009345794392523, "count": 3, "pos": [24, 86, 163]}, "of": {"prob": 0.009345794392523364, "count": 4, "pos": [25, 88, 103, 330]}, "flat": {"prob": 0.002336448598130841, "count": 1, "pos": [27]}, "it": {"prob": 0.009345794392523364, "count": 4, "pos": [28, 132, 392, 398]}, "begin": {"prob": 0.002336448598130841, "count": 1, "pos": [29]}, "to": {"prob": 0.035046728971962614, "count": 15, "pos": [30, 35, 75, 98, 136, 164, 174, 181, 211, 244, 259, 303, 344, 395, 414]}, "rain": {"prob": 0.002336448598130841, "count": 1, "pos": [31]}, "so": {"prob": 0.004672897196261682, "count": 2, "pos": [32, 117]}, "goe": {"prob": 0.007009345794392523, "count": 3, "pos": [34, 74, 412]}, "see": {"prob": 0.007009345794392523, "count": 3, "pos": [36, 50, 345]}, "an": {"prob": 0.004672897196261682, "count": 2, "pos": [37, 349]}, "e": {"prob": 0.002336448598130841, "count": 1, "pos": [38]}, "m": {"prob": 0.002336448598130841, "count": 1, "pos": [39]}, "forster": {"prob": 0.002336448598130841, "count": 1, "pos": [40]}, "movi": {"prob": 0.009345794392523364, "count": 4, "pos": [41, 77, 105, 427]}, "but": {"prob": 0.007009345794392523, "count": 3, "pos": [42, 203, 405]}, "instead": {"prob": 0.002336448598130841, "count": 1, "pos": [43]}, "accid": {"prob": 0.004672897196261682, "count": 2, "pos": [44, 219]}, "enter": {"prob": 0.002336448598130841, "count": 1, "pos": [45]}, "the": {"prob": 0.02336448598130841, "count": 10, "pos": [46, 51, 70, 79, 196, 212, 221, 238, 256, 418]}, "wrong": {"prob": 0.002336448598130841, "count": 1, "pos": [47]}, "theatr": {"prob": 0.002336448598130841, "count": 1, "pos": [48]}, "teen": {"prob": 0.004672897196261682, "count": 2, "pos": [52, 82]}, "flick": {"prob": 0.002336448598130841, "count": 1, "pos": [53]}, "hotpant": {"prob": 0.004672897196261682, "count": 2, "pos": [54, 425]}, "colleg": {"prob": 0.004672897196261682, "count": 2, "pos": [55, 426]}, "ii": {"prob": 0.002336448598130841, "count": 1, "pos": [56]}, "star": {"prob": 0.002336448598130841, "count": 1, "pos": [57]}, "ronni": {"prob": 0.04439252336448598, "count": 19, "pos": [58, 65, 166, 182, 199, 206, 237, 251, 268, 281, 290, 294, 319, 334, 343, 364, 385, 402, 421]}, "bostock": {"prob": 0.002336448598130841, "count": 1, "pos": [59]}, "becom": {"prob": 0.014018691588785047, "count": 6, "pos": [61, 127, 133, 143, 285, 328]}, "instant": {"prob": 0.002336448598130841, "count": 1, "pos": [62]}, "infatu": {"prob": 0.004672897196261682, "count": 2, "pos": [63, 131]}, "with": {"prob": 0.009345794392523364, "count": 4, "pos": [64, 69, 236, 389]}, "beauti": {"prob": 0.002336448598130841, "count": 1, "pos": [66]}, "obsess": {"prob": 0.002336448598130841, "count": 1, "pos": [68]}, "young": {"prob": 0.002336448598130841, "count": 1, "pos": [71]}, "actor": {"prob": 0.002336448598130841, "count": 1, "pos": [72]}, "in": {"prob": 0.016355140186915886, "count": 7, "pos": [78, 96, 167, 234, 252, 306, 357]}, "cinema": {"prob": 0.004672897196261682, "count": 2, "pos": [80, 419]}, "buy": {"prob": 0.004672897196261682, "count": 2, "pos": [81, 91]}, "magazin": {"prob": 0.002336448598130841, "count": 1, "pos": [83]}, "cut": {"prob": 0.002336448598130841, "count": 1, "pos": [85]}, "pictur": {"prob": 0.002336448598130841, "count": 1, "pos": [87]}, "him": {"prob": 0.018691588785046728, "count": 8, "pos": [89, 139, 264, 271, 367, 372, 396, 410]}, "vcr": {"prob": 0.002336448598130841, "count": 1, "pos": [93]}, "tv": {"prob": 0.002336448598130841, "count": 1, "pos": [95]}, "order": {"prob": 0.002336448598130841, "count": 1, "pos": [97]}, "play": {"prob": 0.002336448598130841, "count": 1, "pos": [99]}, "rent": {"prob": 0.002336448598130841, "count": 1, "pos": [100]}, "video": {"prob": 0.002336448598130841, "count": 1, "pos": [101]}, "tape": {"prob": 0.002336448598130841, "count": 1, "pos": [102]}, "let": {"prob": 0.002336448598130841, "count": 1, "pos": [107]}, "housekeep": {"prob": 0.002336448598130841, "count": 1, "pos": [109]}, "come": {"prob": 0.002336448598130841, "count": 1, "pos": [110]}, "into": {"prob": 0.004672897196261682, "count": 2, "pos": [111, 220]}, "offic": {"prob": 0.002336448598130841, "count": 1, "pos": [113]}, "less": {"prob": 0.004672897196261682, "count": 2, "pos": [114, 116]}, "that": {"prob": 0.02336448598130841, "count": 10, "pos": [118, 140, 156, 265, 311, 321, 339, 375, 384, 397]}, "can": {"prob": 0.004672897196261682, "count": 2, "pos": [120, 278]}, "do": {"prob": 0.002336448598130841, "count": 1, "pos": [121]}, "these": {"prob": 0.002336448598130841, "count": 1, "pos": [122]}, "thing": {"prob": 0.002336448598130841, "count": 1, "pos": [123]}, "undisturb": {"prob": 0.002336448598130841, "count": 1, "pos": [124]}, "as": {"prob": 0.002336448598130841, "count": 1, "pos": [125]}, "more": {"prob": 0.007009345794392523, "count": 3, "pos": [128, 130, 134]}, "obviou": {"prob": 0.004672897196261682, "count": 2, "pos": [135, 394]}, "those": {"prob": 0.002336448598130841, "count": 1, "pos": [137]}, "around": {"prob": 0.002336448598130841, "count": 1, "pos": [138]}, "disturb": {"prob": 0.002336448598130841, "count": 1, "pos": [144]}, "though": {"prob": 0.002336448598130841, "count": 1, "pos": [145]}, "they": {"prob": 0.004672897196261682, "count": 2, "pos": [146, 277]}, "don": {"prob": 0.002336448598130841, "count": 1, "pos": [147]}, "know": {"prob": 0.002336448598130841, "count": 1, "pos": [149]}, "whi": {"prob": 0.002336448598130841, "count": 1, "pos": [150]}, "friend": {"prob": 0.002336448598130841, "count": 1, "pos": [152]}, "agent": {"prob": 0.002336448598130841, "count": 1, "pos": [154]}, "suggest": {"prob": 0.002336448598130841, "count": 1, "pos": [155]}, "take": {"prob": 0.009345794392523364, "count": 4, "pos": [158, 178, 187, 342]}, "holiday": {"prob": 0.002336448598130841, "count": 1, "pos": [160]}, "set": {"prob": 0.002336448598130841, "count": 1, "pos": [162]}, "meet": {"prob": 0.002336448598130841, "count": 1, "pos": [165]}, "long": {"prob": 0.004672897196261682, "count": 2, "pos": [168, 175]},