{"__total__": 465, "__name__": "doc_923_Madame_Curie.txt", "mari": {"prob": 0.017204301075268817, "count": 8, "pos": [0, 77, 121, 151, 189, 309, 357, 399]}, "sklodowska": {"prob": 0.002150537634408602, "count": 1, "pos": [1]}, "is": {"prob": 0.01935483870967742, "count": 9, "pos": [2, 29, 50, 60, 86, 305, 394, 424, 458]}, "a": {"prob": 0.030107526881720432, "count": 14, "pos": [3, 45, 53, 87, 168, 176, 218, 258, 317, 348, 369, 390, 439, 462]}, "poor": {"prob": 0.002150537634408602, "count": 1, "pos": [4]}, "idealist": {"prob": 0.002150537634408602, "count": 1, "pos": [5]}, "student": {"prob": 0.002150537634408602, "count": 1, "pos": [6]}, "live": {"prob": 0.002150537634408602, "count": 1, "pos": [7]}, "in": {"prob": 0.025806451612903226, "count": 12, "pos": [8, 40, 117, 145, 159, 222, 225, 233, 269, 293, 379, 387]}, "pari": {"prob": 0.004301075268817204, "count": 2, "pos": [9, 41]}, "and": {"prob": 0.025806451612903226, "count": 12, "pos": [10, 19, 31, 67, 82, 122, 164, 212, 281, 341, 393, 397]}, "studi": {"prob": 0.0064516129032258064, "count": 3, "pos": [11, 109, 201]}, "at": {"prob": 0.008602150537634409, "count": 4, "pos": [12, 238, 324, 443]}, "the": {"prob": 0.05806451612903226, "count": 27, "pos": [13, 57, 131, 139, 193, 196, 202, 223, 228, 235, 239, 250, 263, 266, 288, 338, 342, 352, 380, 385, 406, 426, 433, 435, 444, 449, 459]}, "sorbonn": {"prob": 0.004301075268817204, "count": 2, "pos": [14, 240]}, "she": {"prob": 0.023655913978494623, "count": 11, "pos": [15, 34, 85, 92, 170, 204, 213, 230, 412, 415, 441]}, "neglect": {"prob": 0.002150537634408602, "count": 1, "pos": [16]}, "her": {"prob": 0.023655913978494623, "count": 11, "pos": [17, 25, 43, 105, 112, 199, 360, 368, 402, 411, 454]}, "health": {"prob": 0.002150537634408602, "count": 1, "pos": [18]}, "one": {"prob": 0.004301075268817204, "count": 2, "pos": [20, 421]}, "day": {"prob": 0.002150537634408602, "count": 1, "pos": [21]}, "faint": {"prob": 0.002150537634408602, "count": 1, "pos": [22]}, "dure": {"prob": 0.002150537634408602, "count": 1, "pos": [23]}, "class": {"prob": 0.002150537634408602, "count": 1, "pos": [24]}, "tutor": {"prob": 0.002150537634408602, "count": 1, "pos": [26]}, "prof": {"prob": 0.004301075268817204, "count": 2, "pos": [27, 408]}, "perot": {"prob": 0.004301075268817204, "count": 2, "pos": [28, 409]}, "sympathet": {"prob": 0.002150537634408602, "count": 1, "pos": [30]}, "find": {"prob": 0.004301075268817204, "count": 2, "pos": [32, 83]}, "that": {"prob": 0.015053763440860216, "count": 7, "pos": [33, 84, 91, 133, 179, 419, 456]}, "ha": {"prob": 0.002150537634408602, "count": 1, "pos": [35]}, "no": {"prob": 0.002150537634408602, "count": 1, "pos": [36]}, "friend": {"prob": 0.004301075268817204, "count": 2, "pos": [37, 55]}, "or": {"prob": 0.002150537634408602, "count": 1, "pos": [38]}, "famili": {"prob": 0.004301075268817204, "count": 2, "pos": [39, 116]}, "invit": {"prob": 0.002150537634408602, "count": 1, "pos": [42]}, "to": {"prob": 0.05161290322580645, "count": 24, "pos": [44, 72, 78, 96, 98, 107, 113, 126, 130, 152, 181, 185, 191, 209, 227, 242, 256, 285, 297, 322, 334, 365, 373, 461]}, "soir\u00e3": {"prob": 0.002150537634408602, "count": 1, "pos": [46]}, "e": {"prob": 0.002150537634408602, "count": 1, "pos": [47]}, "hi": {"prob": 0.010752688172043012, "count": 5, "pos": [48, 73, 80, 115, 154]}, "wife": {"prob": 0.004301075268817204, "count": 2, "pos": [49, 155]}, "throw": {"prob": 0.002150537634408602, "count": 1, "pos": [51]}, "for": {"prob": 0.004301075268817204, "count": 2, "pos": [52, 287]}, "few": {"prob": 0.002150537634408602, "count": 1, "pos": [54]}, "among": {"prob": 0.002150537634408602, "count": 1, "pos": [56]}, "mani": {"prob": 0.002150537634408602, "count": 1, "pos": [58]}, "guest": {"prob": 0.002150537634408602, "count": 1, "pos": [59]}, "physicist": {"prob": 0.002150537634408602, "count": 1, "pos": [61]}, "pierr": {"prob": 0.010752688172043012, "count": 5, "pos": [62, 123, 149, 364, 417]}, "curi": {"prob": 0.002150537634408602, "count": 1, "pos": [63]}, "an": {"prob": 0.004301075268817204, "count": 2, "pos": [64, 173]}, "extrem": {"prob": 0.002150537634408602, "count": 1, "pos": [65]}, "shi": {"prob": 0.002150537634408602, "count": 1, "pos": [66]}, "absentmind": {"prob": 0.002150537634408602, "count": 1, "pos": [68]}, "man": {"prob": 0.002150537634408602, "count": 1, "pos": [69]}, "complet": {"prob": 0.002150537634408602, "count": 1, "pos": [70]}, "devot": {"prob": 0.004301075268817204, "count": 2, "pos": [71, 104]}, "work": {"prob": 0.004301075268817204, "count": 2, "pos": [74, 431]}, "he": {"prob": 0.008602150537634409, "count": 4, "pos": [75, 110, 156, 382]}, "allow": {"prob": 0.004301075268817204, "count": 2, "pos": [76, 254]}, "share": {"prob": 0.002150537634408602, "count": 1, "pos": [79]}, "lab": {"prob": 0.002150537634408602, "count": 1, "pos": [81]}, "gift": {"prob": 0.002150537634408602, "count": 1, "pos": [88]}, "scientist": {"prob": 0.002150537634408602, "count": 1, "pos": [89]}, "appal": {"prob": 0.002150537634408602, "count": 1, "pos": [90]}, "plan": {"prob": 0.002150537634408602, "count": 1, "pos": [93]}, "on": {"prob": 0.010752688172043012, "count": 5, "pos": [94, 128, 316, 332, 430]}, "return": {"prob": 0.002150537634408602, "count": 1, "pos": [95]}, "poland": {"prob": 0.002150537634408602, "count": 1, "pos": [97]}, "teach": {"prob": 0.002150537634408602, "count": 1, "pos": [99]}, "after": {"prob": 0.0064516129032258064, "count": 3, "pos": [100, 336, 405]}, "graduat": {"prob": 0.002150537634408602, "count": 1, "pos": [101]}, "rather": {"prob": 0.002150537634408602, "count": 1, "pos": [102]}, "than": {"prob": 0.002150537634408602, "count": 1, "pos": [103]}, "life": {"prob": 0.002150537634408602, "count": 1, "pos": [106]}, "further": {"prob": 0.002150537634408602, "count": 1, "pos": [108]}, "take": {"prob": 0.0064516129032258064, "count": 3, "pos": [111, 186, 205]}, "visit": {"prob": 0.002150537634408602, "count": 1, "pos": [114]}, "their": {"prob": 0.004301075268817204, "count": 2, "pos": [118, 244]}, "countri": {"prob": 0.002150537634408602, "count": 1, "pos": [119]}, "home": {"prob": 0.004301075268817204, "count": 2, "pos": [120, 378]}, "both": {"prob": 0.002150537634408602, "count": 1, "pos": [124]}, "tend": {"prob": 0.002150537634408602, "count": 1, "pos": [125]}, "concentr": {"prob": 0.002150537634408602, "count": 1, "pos": [127]}, "scienc": {"prob": 0.004301075268817204, "count": 2, "pos": [129, 457]}, "extent": {"prob": 0.002150537634408602, "count": 1, "pos": [132]}, "they": {"prob": 0.017204301075268817, "count": 8, "pos": [134, 142, 274, 290, 302, 314, 330, 345]}, "don": {"prob": 0.004301075268817204, "count": 2, "pos": [135, 206]}, "t": {"prob": 0.004301075268817204, "count": 2, "pos": [136, 207]}, "realiz": {"prob": 0.002150537634408602, "count": 1, "pos": [137]}, "until": {"prob": 0.002150537634408602, "count": 1, "pos": [138]}, "last": {"prob": 0.002150537634408602, "count": 1, "pos": [140]}, "minut": {"prob": 0.002150537634408602, "count": 1, "pos": [141]}, "have": {"prob": 0.002150537634408602, "count": 1, "pos": [143]}, "fallen": {"prob": 0.002150537634408602, "count": 1, "pos": [144]}, "love": {"prob": 0.002150537634408602, "count": 1, "pos": [146]}, "even": {"prob": 0.002150537634408602, "count": 1, "pos": [147]}, "when": {"prob": 0.004301075268817204, "count": 2, "pos": [148, 414]}, "ask": {"prob": 0.002150537634408602, "count": 1, "pos": [150]}, "be": {"prob": 0.0064516129032258064, "count": 3, "pos": [153, 217, 312]}, "doe": {"prob": 0.002150537634408602, "count": 1, "pos": [157]}, "so": {"prob": 0.002150537634408602, "count": 1, "pos": [158]}, "term": {"prob": 0.002150537634408602, "count": 1, "pos": [160]}, "of": {"prob": 0.02795698924731183, "count": 13, "pos": [161, 175, 198, 249, 271, 278, 295, 320, 371, 389, 422, 448, 451]}, "reason": {"prob": 0.002150537634408602, "count": 1, "pos": [162]}, "logic": {"prob": 0.002150537634408602, "count": 1, "pos": [163]},