{"__total__": 387, "__name__": "doc_927_Making_Mr_Right.txt", "jeff": {"prob": 0.020671834625323, "count": 8, "pos": [0, 123, 160, 199, 228, 335, 351, 366]}, "peter": {"prob": 0.002583979328165375, "count": 1, "pos": [1]}, "is": {"prob": 0.012919896640826873, "count": 5, "pos": [2, 62, 159, 211, 264]}, "an": {"prob": 0.007751937984496124, "count": 3, "pos": [3, 51, 164]}, "emot": {"prob": 0.0103359173126615, "count": 4, "pos": [4, 108, 165, 321]}, "repress": {"prob": 0.002583979328165375, "count": 1, "pos": [5]}, "scientist": {"prob": 0.00516795865633075, "count": 2, "pos": [6, 116]}, "who": {"prob": 0.0103359173126615, "count": 4, "pos": [7, 156, 177, 336]}, "can": {"prob": 0.00516795865633075, "count": 2, "pos": [8, 384]}, "t": {"prob": 0.002583979328165375, "count": 1, "pos": [9]}, "stand": {"prob": 0.002583979328165375, "count": 1, "pos": [10]}, "other": {"prob": 0.002583979328165375, "count": 1, "pos": [11]}, "becaus": {"prob": 0.00516795865633075, "count": 2, "pos": [12, 27]}, "of": {"prob": 0.031007751937984496, "count": 12, "pos": [13, 19, 28, 31, 37, 47, 74, 93, 223, 316, 348, 356]}, "their": {"prob": 0.00516795865633075, "count": 2, "pos": [14, 319]}, "intellectu": {"prob": 0.002583979328165375, "count": 1, "pos": [15]}, "inferior": {"prob": 0.002583979328165375, "count": 1, "pos": [16]}, "he": {"prob": 0.020671834625323, "count": 8, "pos": [17, 39, 121, 138, 158, 210, 312, 339]}, "dream": {"prob": 0.002583979328165375, "count": 1, "pos": [18]}, "deep": {"prob": 0.002583979328165375, "count": 1, "pos": [20]}, "space": {"prob": 0.007751937984496124, "count": 3, "pos": [21, 48, 371]}, "explor": {"prob": 0.00516795865633075, "count": 2, "pos": [22, 49]}, "which": {"prob": 0.00516795865633075, "count": 2, "pos": [23, 311]}, "would": {"prob": 0.00516795865633075, "count": 2, "pos": [24, 53]}, "be": {"prob": 0.0103359173126615, "count": 4, "pos": [25, 55, 361, 385]}, "difficult": {"prob": 0.002583979328165375, "count": 1, "pos": [26]}, "the": {"prob": 0.05426356589147287, "count": 21, "pos": [29, 41, 45, 58, 69, 82, 91, 94, 105, 115, 128, 195, 221, 237, 242, 252, 256, 277, 314, 354, 373]}, "lack": {"prob": 0.007751937984496124, "count": 3, "pos": [30, 347, 355]}, "human": {"prob": 0.012919896640826873, "count": 5, "pos": [32, 88, 140, 317, 357]}, "contact": {"prob": 0.007751937984496124, "count": 3, "pos": [33, 271, 358]}, "for": {"prob": 0.01808785529715762, "count": 7, "pos": [34, 44, 68, 90, 194, 299, 364]}, "long": {"prob": 0.002583979328165375, "count": 1, "pos": [35]}, "period": {"prob": 0.002583979328165375, "count": 1, "pos": [36]}, "time": {"prob": 0.002583979328165375, "count": 1, "pos": [38]}, "develop": {"prob": 0.0103359173126615, "count": 4, "pos": [40, 107, 110, 192]}, "ulyss": {"prob": 0.023255813953488372, "count": 9, "pos": [42, 208, 231, 233, 246, 273, 305, 328, 381]}, "android": {"prob": 0.015503875968992248, "count": 6, "pos": [43, 52, 83, 106, 196, 374]}, "purpo": {"prob": 0.002583979328165375, "count": 1, "pos": [46]}, "sinc": {"prob": 0.002583979328165375, "count": 1, "pos": [50]}, "not": {"prob": 0.00516795865633075, "count": 2, "pos": [54, 360]}, "affect": {"prob": 0.002583979328165375, "count": 1, "pos": [56]}, "by": {"prob": 0.007751937984496124, "count": 3, "pos": [57, 287, 334]}, "isol": {"prob": 0.002583979328165375, "count": 1, "pos": [59]}, "franki": {"prob": 0.031007751937984496, "count": 12, "pos": [60, 134, 173, 182, 190, 204, 212, 216, 224, 226, 263, 383]}, "stone": {"prob": 0.002583979328165375, "count": 1, "pos": [61]}, "hire": {"prob": 0.002583979328165375, "count": 1, "pos": [63]}, "to": {"prob": 0.028423772609819122, "count": 11, "pos": [64, 80, 87, 126, 163, 217, 220, 229, 281, 345, 368]}, "do": {"prob": 0.002583979328165375, "count": 1, "pos": [65]}, "public": {"prob": 0.00516795865633075, "count": 2, "pos": [66, 260]}, "relat": {"prob": 0.00516795865633075, "count": 2, "pos": [67, 261]}, "project": {"prob": 0.007751937984496124, "count": 3, "pos": [70, 95, 278]}, "as": {"prob": 0.002583979328165375, "count": 1, "pos": [71]}, "a": {"prob": 0.025839793281653745, "count": 10, "pos": [72, 143, 147, 151, 154, 201, 259, 292, 297, 362]}, "part": {"prob": 0.002583979328165375, "count": 1, "pos": [73]}, "her": {"prob": 0.015503875968992248, "count": 6, "pos": [75, 104, 162, 188, 267, 289]}, "job": {"prob": 0.00516795865633075, "count": 2, "pos": [76, 268]}, "she": {"prob": 0.007751937984496124, "count": 3, "pos": [77, 279, 302]}, "must": {"prob": 0.002583979328165375, "count": 1, "pos": [78]}, "get": {"prob": 0.002583979328165375, "count": 1, "pos": [79]}, "know": {"prob": 0.002583979328165375, "count": 1, "pos": [81]}, "better": {"prob": 0.00516795865633075, "count": 2, "pos": [84, 111]}, "in": {"prob": 0.01808785529715762, "count": 7, "pos": [85, 97, 100, 124, 133, 181, 310]}, "order": {"prob": 0.00516795865633075, "count": 2, "pos": [86, 125]}, "him": {"prob": 0.007751937984496124, "count": 3, "pos": [89, 219, 365]}, "benefit": {"prob": 0.002583979328165375, "count": 1, "pos": [92]}, "sponsor": {"prob": 0.002583979328165375, "count": 1, "pos": [96]}, "congress": {"prob": 0.00516795865633075, "count": 2, "pos": [98, 300]}, "howev": {"prob": 0.002583979328165375, "count": 1, "pos": [99]}, "hi": {"prob": 0.012919896640826873, "count": 5, "pos": [101, 170, 307, 346, 376]}, "interact": {"prob": 0.002583979328165375, "count": 1, "pos": [102]}, "with": {"prob": 0.012919896640826873, "count": 5, "pos": [103, 153, 272, 291, 342]}, "and": {"prob": 0.028423772609819122, "count": 11, "pos": [109, 130, 167, 197, 214, 239, 249, 269, 295, 318, 382]}, "social": {"prob": 0.00516795865633075, "count": 2, "pos": [112, 349]}, "skill": {"prob": 0.00516795865633075, "count": 2, "pos": [113, 350]}, "than": {"prob": 0.002583979328165375, "count": 1, "pos": [114]}, "himself": {"prob": 0.002583979328165375, "count": 1, "pos": [117]}, "at": {"prob": 0.00516795865633075, "count": 2, "pos": [118, 142]}, "one": {"prob": 0.002583979328165375, "count": 1, "pos": [119]}, "point": {"prob": 0.002583979328165375, "count": 1, "pos": [120]}, "imperson": {"prob": 0.00516795865633075, "count": 2, "pos": [122, 230]}, "leav": {"prob": 0.002583979328165375, "count": 1, "pos": [127]}, "laboratori": {"prob": 0.002583979328165375, "count": 1, "pos": [129]}, "stow": {"prob": 0.002583979328165375, "count": 1, "pos": [131]}, "away": {"prob": 0.002583979328165375, "count": 1, "pos": [132]}, "car": {"prob": 0.002583979328165375, "count": 1, "pos": [135]}, "after": {"prob": 0.00516795865633075, "count": 2, "pos": [136, 184]}, "escap": {"prob": 0.002583979328165375, "count": 1, "pos": [137]}, "encount": {"prob": 0.002583979328165375, "count": 1, "pos": [139]}, "societi": {"prob": 0.002583979328165375, "count": 1, "pos": [141]}, "shop": {"prob": 0.002583979328165375, "count": 1, "pos": [144]}, "mall": {"prob": 0.002583979328165375, "count": 1, "pos": [145]}, "buy": {"prob": 0.002583979328165375, "count": 1, "pos": [146]}, "tuxedo": {"prob": 0.002583979328165375, "count": 1, "pos": [148]}, "goe": {"prob": 0.002583979328165375, "count": 1, "pos": [149]}, "on": {"prob": 0.01808785529715762, "count": 7, "pos": [150, 187, 200, 276, 284, 303, 378]}, "date": {"prob": 0.002583979328165375, "count": 1, "pos": [152]}, "woman": {"prob": 0.002583979328165375, "count": 1, "pos": [155]}, "think": {"prob": 0.002583979328165375, "count": 1, "pos": [157]}, "reduc": {"prob": 0.002583979328165375, "count": 1, "pos": [161]}, "wreck": {"prob": 0.002583979328165375, "count": 1, "pos": [166]}, "then": {"prob": 0.002583979328165375, "count": 1, "pos": [168]}, "lose": {"prob": 0.002583979328165375, "count": 1, "pos": [169]}, "head": {"prob": 0.002583979328165375, "count": 1, "pos": [171]}, "over": {"prob": 0.002583979328165375, "count": 1, "pos": [172]}, "best": {"prob": 0.002583979328165375, "count": 1, "pos": [174]}, "friend": {"prob": 0.002583979328165375, "count": 1, "pos": [175]}, "trish": {"prob": 0.002583979328165375, "count": 1, "pos": [176]},