{"__total__": 316, "__name__": "doc_942_Marnie.txt", "margaret": {"prob": 0.0031645569620253164, "count": 1, "pos": [0]}, "marni": {"prob": 0.015822784810126583, "count": 5, "pos": [1, 84, 181, 204, 241]}, "edgar": {"prob": 0.0031645569620253164, "count": 1, "pos": [2]}, "is": {"prob": 0.015822784810126583, "count": 5, "pos": [3, 23, 64, 102, 298]}, "a": {"prob": 0.03481012658227848, "count": 11, "pos": [4, 25, 36, 56, 60, 65, 87, 133, 201, 225, 273]}, "troubl": {"prob": 0.0031645569620253164, "count": 1, "pos": [5]}, "young": {"prob": 0.0031645569620253164, "count": 1, "pos": [6]}, "woman": {"prob": 0.006329113924050633, "count": 2, "pos": [7, 80]}, "who": {"prob": 0.006329113924050633, "count": 2, "pos": [8, 58]}, "ha": {"prob": 0.006329113924050633, "count": 2, "pos": [9, 110]}, "an": {"prob": 0.0031645569620253164, "count": 1, "pos": [10]}, "unnatur": {"prob": 0.0031645569620253164, "count": 1, "pos": [11]}, "fear": {"prob": 0.00949367088607595, "count": 3, "pos": [12, 287, 297]}, "and": {"prob": 0.0379746835443038, "count": 12, "pos": [13, 18, 52, 77, 95, 116, 194, 229, 254, 255, 263, 286]}, "mistrust": {"prob": 0.0031645569620253164, "count": 1, "pos": [14]}, "of": {"prob": 0.028481012658227847, "count": 9, "pos": [15, 48, 67, 82, 118, 210, 284, 288, 295]}, "men": {"prob": 0.006329113924050633, "count": 2, "pos": [16, 285]}, "thunderstorm": {"prob": 0.006329113924050633, "count": 2, "pos": [17, 226]}, "the": {"prob": 0.06329113924050633, "count": 20, "pos": [19, 46, 49, 72, 75, 79, 123, 152, 161, 178, 184, 218, 237, 247, 249, 267, 270, 278, 289, 293]}, "color": {"prob": 0.006329113924050633, "count": 2, "pos": [20, 290]}, "red": {"prob": 0.006329113924050633, "count": 2, "pos": [21, 291]}, "she": {"prob": 0.028481012658227847, "count": 9, "pos": [22, 27, 44, 155, 197, 221, 243, 302, 307]}, "also": {"prob": 0.0031645569620253164, "count": 1, "pos": [24]}, "thief": {"prob": 0.0031645569620253164, "count": 1, "pos": [26]}, "use": {"prob": 0.006329113924050633, "count": 2, "pos": [28, 198]}, "her": {"prob": 0.060126582278481014, "count": 19, "pos": [29, 94, 107, 115, 120, 126, 140, 146, 151, 168, 188, 228, 231, 257, 260, 282, 296, 301, 313]}, "charm": {"prob": 0.0031645569620253164, "count": 1, "pos": [30]}, "on": {"prob": 0.00949367088607595, "count": 3, "pos": [31, 132, 252]}, "sidney": {"prob": 0.0031645569620253164, "count": 1, "pos": [32]}, "strutt": {"prob": 0.006329113924050633, "count": 2, "pos": [33, 68]}, "to": {"prob": 0.0379746835443038, "count": 12, "pos": [34, 98, 122, 176, 199, 216, 234, 281, 300, 304, 309, 311]}, "get": {"prob": 0.0031645569620253164, "count": 1, "pos": [35]}, "job": {"prob": 0.006329113924050633, "count": 2, "pos": [37, 88]}, "without": {"prob": 0.0031645569620253164, "count": 1, "pos": [38]}, "refer": {"prob": 0.0031645569620253164, "count": 1, "pos": [39]}, "then": {"prob": 0.0031645569620253164, "count": 1, "pos": [40]}, "late": {"prob": 0.0031645569620253164, "count": 1, "pos": [41]}, "one": {"prob": 0.006329113924050633, "count": 2, "pos": [42, 209]}, "night": {"prob": 0.0031645569620253164, "count": 1, "pos": [43]}, "steal": {"prob": 0.0031645569620253164, "count": 1, "pos": [45]}, "content": {"prob": 0.0031645569620253164, "count": 1, "pos": [47]}, "compani": {"prob": 0.00949367088607595, "count": 3, "pos": [50, 63, 91]}, "safe": {"prob": 0.0031645569620253164, "count": 1, "pos": [51]}, "disappear": {"prob": 0.0031645569620253164, "count": 1, "pos": [53]}, "mark": {"prob": 0.012658227848101266, "count": 4, "pos": [54, 90, 166, 174]}, "rutland": {"prob": 0.0031645569620253164, "count": 1, "pos": [55]}, "widow": {"prob": 0.0031645569620253164, "count": 1, "pos": [57]}, "own": {"prob": 0.0031645569620253164, "count": 1, "pos": [59]}, "larg": {"prob": 0.0031645569620253164, "count": 1, "pos": [61]}, "publish": {"prob": 0.0031645569620253164, "count": 1, "pos": [62]}, "custom": {"prob": 0.0031645569620253164, "count": 1, "pos": [66]}, "he": {"prob": 0.022151898734177215, "count": 7, "pos": [69, 92, 100, 105, 109, 136, 144]}, "learn": {"prob": 0.006329113924050633, "count": 2, "pos": [70, 195]}, "about": {"prob": 0.006329113924050633, "count": 2, "pos": [71, 139]}, "theft": {"prob": 0.0031645569620253164, "count": 1, "pos": [73]}, "from": {"prob": 0.0031645569620253164, "count": 1, "pos": [74]}, "victim": {"prob": 0.0031645569620253164, "count": 1, "pos": [76]}, "rememb": {"prob": 0.0031645569620253164, "count": 1, "pos": [78]}, "unawar": {"prob": 0.0031645569620253164, "count": 1, "pos": [81]}, "thi": {"prob": 0.0031645569620253164, "count": 1, "pos": [83]}, "appli": {"prob": 0.0031645569620253164, "count": 1, "pos": [85]}, "for": {"prob": 0.0031645569620253164, "count": 1, "pos": [86]}, "at": {"prob": 0.006329113924050633, "count": 2, "pos": [89, 142]}, "hire": {"prob": 0.0031645569620253164, "count": 1, "pos": [93]}, "they": {"prob": 0.00949367088607595, "count": 3, "pos": [96, 130, 186]}, "begin": {"prob": 0.0031645569620253164, "count": 1, "pos": [97]}, "date": {"prob": 0.0031645569620253164, "count": 1, "pos": [99]}, "too": {"prob": 0.0031645569620253164, "count": 1, "pos": [101]}, "rob": {"prob": 0.0031645569620253164, "count": 1, "pos": [103]}, "but": {"prob": 0.00949367088607595, "count": 3, "pos": [104, 148, 165]}, "track": {"prob": 0.0031645569620253164, "count": 1, "pos": [106]}, "down": {"prob": 0.0031645569620253164, "count": 1, "pos": [108]}, "fallen": {"prob": 0.0031645569620253164, "count": 1, "pos": [111]}, "in": {"prob": 0.0189873417721519, "count": 6, "pos": [112, 160, 169, 183, 191, 264]}, "love": {"prob": 0.0031645569620253164, "count": 1, "pos": [113]}, "with": {"prob": 0.006329113924050633, "count": 2, "pos": [114, 272]}, "instead": {"prob": 0.0031645569620253164, "count": 1, "pos": [117]}, "hand": {"prob": 0.0031645569620253164, "count": 1, "pos": [119]}, "over": {"prob": 0.0031645569620253164, "count": 1, "pos": [121]}, "polic": {"prob": 0.0031645569620253164, "count": 1, "pos": [124]}, "blackmail": {"prob": 0.0031645569620253164, "count": 1, "pos": [125]}, "into": {"prob": 0.0031645569620253164, "count": 1, "pos": [127]}, "marri": {"prob": 0.0031645569620253164, "count": 1, "pos": [128]}, "him": {"prob": 0.00949367088607595, "count": 3, "pos": [129, 245, 277]}, "leav": {"prob": 0.0031645569620253164, "count": 1, "pos": [131]}, "honeymoon": {"prob": 0.0031645569620253164, "count": 1, "pos": [134]}, "crui": {"prob": 0.0031645569620253164, "count": 1, "pos": [135]}, "find": {"prob": 0.0031645569620253164, "count": 1, "pos": [137]}, "out": {"prob": 0.0031645569620253164, "count": 1, "pos": [138]}, "frigid": {"prob": 0.0031645569620253164, "count": 1, "pos": [141]}, "first": {"prob": 0.0031645569620253164, "count": 1, "pos": [143]}, "respect": {"prob": 0.0031645569620253164, "count": 1, "pos": [145]}, "wish": {"prob": 0.0031645569620253164, "count": 1, "pos": [147]}, "later": {"prob": 0.0031645569620253164, "count": 1, "pos": [149]}, "rape": {"prob": 0.0031645569620253164, "count": 1, "pos": [150]}, "next": {"prob": 0.0031645569620253164, "count": 1, "pos": [153]}, "morn": {"prob": 0.0031645569620253164, "count": 1, "pos": [154]}, "attempt": {"prob": 0.0031645569620253164, "count": 1, "pos": [156]}, "suicid": {"prob": 0.0031645569620253164, "count": 1, "pos": [157]}, "by": {"prob": 0.006329113924050633, "count": 2, "pos": [158, 224]}, "drown": {"prob": 0.0031645569620253164, "count": 1, "pos": [159]}, "ship": {"prob": 0.0031645569620253164, "count": 1, "pos": [162]}, "swim": {"prob": 0.0031645569620253164, "count": 1, "pos": [163]}, "pool": {"prob": 0.0031645569620253164, "count": 1, "pos": [164]}, "rescu": {"prob": 0.0031645569620253164, "count": 1, "pos": [167]}, "time": {"prob": 0.0031645569620253164, "count": 1, "pos": [170]}, "upon": {"prob": 0.0031645569620253164, "count": 1, "pos": [171]}, "their": {"prob": 0.0031645569620253164, "count": 1, "pos": [172]}, "return": {"prob": 0.0031645569620253164, "count": 1, "pos": [173]}, "tri": {"prob": 0.00949367088607595, "count": 3,