{"__total__": 163, "__name__": "doc_944_Marvins_Room.txt", "a": {"prob": 0.024539877300613498, "count": 4, "pos": [0, 4, 65, 104]}, "man": {"prob": 0.006134969325153374, "count": 1, "pos": [1]}, "who": {"prob": 0.018404907975460124, "count": 3, "pos": [2, 36, 99]}, "had": {"prob": 0.006134969325153374, "count": 1, "pos": [3]}, "stroke": {"prob": 0.006134969325153374, "count": 1, "pos": [5]}, "17": {"prob": 0.006134969325153374, "count": 1, "pos": [6]}, "year": {"prob": 0.012269938650306749, "count": 2, "pos": [7, 44]}, "ago": {"prob": 0.012269938650306749, "count": 2, "pos": [8, 45]}, "is": {"prob": 0.006134969325153374, "count": 1, "pos": [9]}, "left": {"prob": 0.006134969325153374, "count": 1, "pos": [10]}, "incapacit": {"prob": 0.006134969325153374, "count": 1, "pos": [11]}, "and": {"prob": 0.03067484662576687, "count": 5, "pos": [12, 28, 46, 63, 83]}, "bed": {"prob": 0.006134969325153374, "count": 1, "pos": [13]}, "ridden": {"prob": 0.006134969325153374, "count": 1, "pos": [14]}, "he": {"prob": 0.006134969325153374, "count": 1, "pos": [15]}, "ha": {"prob": 0.03067484662576687, "count": 5, "pos": [16, 47, 56, 61, 100]}, "been": {"prob": 0.012269938650306749, "count": 2, "pos": [17, 101]}, "care": {"prob": 0.012269938650306749, "count": 2, "pos": [18, 126]}, "for": {"prob": 0.024539877300613498, "count": 4, "pos": [19, 89, 107, 133]}, "by": {"prob": 0.024539877300613498, "count": 4, "pos": [20, 31, 76, 153]}, "hi": {"prob": 0.018404907975460124, "count": 3, "pos": [21, 32, 111]}, "daughter": {"prob": 0.012269938650306749, "count": 2, "pos": [22, 34]}, "bessi": {"prob": 0.012269938650306749, "count": 2, "pos": [23, 54]}, "in": {"prob": 0.012269938650306749, "count": 2, "pos": [24, 92]}, "their": {"prob": 0.006134969325153374, "count": 1, "pos": [25]}, "florida": {"prob": 0.006134969325153374, "count": 1, "pos": [26]}, "home": {"prob": 0.012269938650306749, "count": 2, "pos": [27, 135]}, "total": {"prob": 0.006134969325153374, "count": 1, "pos": [29]}, "ignor": {"prob": 0.006134969325153374, "count": 1, "pos": [30]}, "other": {"prob": 0.006134969325153374, "count": 1, "pos": [33]}, "lee": {"prob": 0.018404907975460124, "count": 3, "pos": [35, 91, 115]}, "move": {"prob": 0.006134969325153374, "count": 1, "pos": [37]}, "to": {"prob": 0.03680981595092025, "count": 6, "pos": [38, 86, 95, 103, 110, 121]}, "ohio": {"prob": 0.006134969325153374, "count": 1, "pos": [39]}, "with": {"prob": 0.006134969325153374, "count": 1, "pos": [40]}, "her": {"prob": 0.03680981595092025, "count": 6, "pos": [41, 50, 58, 87, 96, 124]}, "husband": {"prob": 0.006134969325153374, "count": 1, "pos": [42]}, "20": {"prob": 0.006134969325153374, "count": 1, "pos": [43]}, "never": {"prob": 0.006134969325153374, "count": 1, "pos": [48]}, "contact": {"prob": 0.006134969325153374, "count": 1, "pos": [49]}, "famili": {"prob": 0.012269938650306749, "count": 2, "pos": [51, 141]}, "now": {"prob": 0.006134969325153374, "count": 1, "pos": [52]}, "howev": {"prob": 0.012269938650306749, "count": 2, "pos": [53, 137]}, "doctor": {"prob": 0.006134969325153374, "count": 1, "pos": [55]}, "inform": {"prob": 0.006134969325153374, "count": 1, "pos": [57]}, "that": {"prob": 0.018404907975460124, "count": 3, "pos": [59, 74, 117]}, "she": {"prob": 0.024539877300613498, "count": 4, "pos": [60, 84, 118, 127]}, "leukemia": {"prob": 0.006134969325153374, "count": 1, "pos": [62]}, "need": {"prob": 0.006134969325153374, "count": 1, "pos": [64]}, "bone": {"prob": 0.006134969325153374, "count": 1, "pos": [66]}, "marrow": {"prob": 0.006134969325153374, "count": 1, "pos": [67]}, "transplantreview": {"prob": 0.006134969325153374, "count": 1, "pos": [68]}, "marvin": {"prob": 0.012269938650306749, "count": 2, "pos": [69, 148]}, "room": {"prob": 0.012269938650306749, "count": 2, "pos": [70, 149]}, "explor": {"prob": 0.006134969325153374, "count": 1, "pos": [71]}, "the": {"prob": 0.012269938650306749, "count": 2, "pos": [72, 138]}, "tie": {"prob": 0.006134969325153374, "count": 1, "pos": [73]}, "bind": {"prob": 0.006134969325153374, "count": 1, "pos": [75]}, "gari": {"prob": 0.006134969325153374, "count": 1, "pos": [77]}, "johnson": {"prob": 0.006134969325153374, "count": 1, "pos": [78]}, "imagesjourn": {"prob": 0.006134969325153374, "count": 1, "pos": [79]}, "com": {"prob": 0.006134969325153374, "count": 1, "pos": [80]}, "issu": {"prob": 0.006134969325153374, "count": 1, "pos": [81]}, "2": {"prob": 0.006134969325153374, "count": 1, "pos": [82]}, "turn": {"prob": 0.018404907975460124, "count": 3, "pos": [85, 93, 94]}, "sister": {"prob": 0.006134969325153374, "count": 1, "pos": [88]}, "help": {"prob": 0.006134969325153374, "count": 1, "pos": [90]}, "son": {"prob": 0.006134969325153374, "count": 1, "pos": [97]}, "hank": {"prob": 0.006134969325153374, "count": 1, "pos": [98]}, "commit": {"prob": 0.006134969325153374, "count": 1, "pos": [102]}, "mental": {"prob": 0.006134969325153374, "count": 1, "pos": [105]}, "institut": {"prob": 0.006134969325153374, "count": 1, "pos": [106]}, "set": {"prob": 0.006134969325153374, "count": 1, "pos": [108]}, "fire": {"prob": 0.006134969325153374, "count": 1, "pos": [109]}, "mother": {"prob": 0.006134969325153374, "count": 1, "pos": [112]}, "hous": {"prob": 0.006134969325153374, "count": 1, "pos": [113]}, "when": {"prob": 0.006134969325153374, "count": 1, "pos": [114]}, "find": {"prob": 0.006134969325153374, "count": 1, "pos": [116]}, "may": {"prob": 0.006134969325153374, "count": 1, "pos": [119]}, "have": {"prob": 0.006134969325153374, "count": 1, "pos": [120]}, "take": {"prob": 0.006134969325153374, "count": 1, "pos": [122]}, "over": {"prob": 0.006134969325153374, "count": 1, "pos": [123]}, "father": {"prob": 0.006134969325153374, "count": 1, "pos": [125]}, "at": {"prob": 0.006134969325153374, "count": 1, "pos": [128]}, "first": {"prob": 0.006134969325153374, "count": 1, "pos": [129]}, "begin": {"prob": 0.006134969325153374, "count": 1, "pos": [130]}, "shop": {"prob": 0.006134969325153374, "count": 1, "pos": [131]}, "around": {"prob": 0.006134969325153374, "count": 1, "pos": [132]}, "nur": {"prob": 0.006134969325153374, "count": 1, "pos": [134]}, "eventu": {"prob": 0.006134969325153374, "count": 1, "pos": [136]}, "onc": {"prob": 0.006134969325153374, "count": 1, "pos": [139]}, "estrang": {"prob": 0.006134969325153374, "count": 1, "pos": [140]}, "grow": {"prob": 0.006134969325153374, "count": 1, "pos": [142]}, "close": {"prob": 0.006134969325153374, "count": 1, "pos": [143]}, "overview": {"prob": 0.006134969325153374, "count": 1, "pos": [144]}, "new": {"prob": 0.006134969325153374, "count": 1, "pos": [145]}, "york": {"prob": 0.006134969325153374, "count": 1, "pos": [146]}, "time": {"prob": 0.006134969325153374, "count": 1, "pos": [147]}, "no": {"prob": 0.006134969325153374, "count": 1, "pos": [150]}, "emot": {"prob": 0.006134969325153374, "count": 1, "pos": [151]}, "control": {"prob": 0.006134969325153374, "count": 1, "pos": [152]}, "desson": {"prob": 0.006134969325153374, "count": 1, "pos": [154]}, "howe": {"prob": 0.006134969325153374, "count": 1, "pos": [155]}, "washington": {"prob": 0.006134969325153374, "count": 1, "pos": [156]}, "post": {"prob": 0.006134969325153374, "count": 1, "pos": [157]}, "staff": {"prob": 0.006134969325153374, "count": 1, "pos": [158]}, "writer": {"prob": 0.006134969325153374, "count": 1, "pos": [159]}, "januari": {"prob": 0.006134969325153374, "count": 1, "pos": [160]}, "10": {"prob": 0.006134969325153374, "count": 1, "pos": [161]}, "1997": {"prob": 0.006134969325153374, "count": 1, "pos": [162]}}