{"__total__": 350, "__name__": "doc_95_All_Over_the_Guy.txt", "all": {"prob": 0.002857142857142857, "count": 1, "pos": [0]}, "over": {"prob": 0.005714285714285714, "count": 2, "pos": [1, 239]}, "the": {"prob": 0.04285714285714286, "count": 15, "pos": [2, 9, 47, 112, 124, 140, 170, 172, 194, 253, 271, 278, 283, 303, 330]}, "guy": {"prob": 0.005714285714285714, "count": 2, "pos": [3, 37]}, "is": {"prob": 0.011428571428571429, "count": 4, "pos": [4, 11, 46, 129]}, "about": {"prob": 0.002857142857142857, "count": 1, "pos": [5]}, "eli": {"prob": 0.03142857142857143, "count": 11, "pos": [6, 17, 63, 84, 165, 210, 230, 258, 294, 321, 332]}, "and": {"prob": 0.04857142857142857, "count": 17, "pos": [7, 33, 83, 97, 157, 183, 193, 222, 229, 244, 255, 264, 274, 287, 311, 333, 346]}, "tom": {"prob": 0.04, "count": 14, "pos": [8, 34, 45, 82, 138, 168, 175, 202, 228, 260, 265, 300, 310, 334]}, "film": {"prob": 0.002857142857142857, "count": 1, "pos": [10]}, "told": {"prob": 0.002857142857142857, "count": 1, "pos": [12]}, "most": {"prob": 0.002857142857142857, "count": 1, "pos": [13]}, "in": {"prob": 0.005714285714285714, "count": 2, "pos": [14, 142]}, "flashback": {"prob": 0.005714285714285714, "count": 2, "pos": [15, 279]}, "with": {"prob": 0.005714285714285714, "count": 2, "pos": [16, 209]}, "recount": {"prob": 0.002857142857142857, "count": 1, "pos": [18]}, "hi": {"prob": 0.005714285714285714, "count": 2, "pos": [19, 60]}, "side": {"prob": 0.002857142857142857, "count": 1, "pos": [20]}, "to": {"prob": 0.04, "count": 14, "pos": [21, 35, 72, 186, 189, 198, 218, 250, 292, 295, 307, 325, 336, 341]}, "esther": {"prob": 0.005714285714285714, "count": 2, "pos": [22, 290]}, "an": {"prob": 0.008571428571428572, "count": 3, "pos": [23, 41, 134]}, "hiv": {"prob": 0.002857142857142857, "count": 1, "pos": [24]}, "clinic": {"prob": 0.002857142857142857, "count": 1, "pos": [25]}, "worker": {"prob": 0.002857142857142857, "count": 1, "pos": [26]}, "as": {"prob": 0.002857142857142857, "count": 1, "pos": [27]}, "he": {"prob": 0.011428571428571429, "count": 4, "pos": [28, 38, 261, 313]}, "wait": {"prob": 0.002857142857142857, "count": 1, "pos": [29]}, "for": {"prob": 0.017142857142857144, "count": 6, "pos": [30, 111, 216, 319, 323, 327]}, "test": {"prob": 0.002857142857142857, "count": 1, "pos": [31]}, "result": {"prob": 0.002857142857142857, "count": 1, "pos": [32]}, "a": {"prob": 0.022857142857142857, "count": 8, "pos": [36, 89, 104, 126, 144, 154, 180, 200]}, "meet": {"prob": 0.005714285714285714, "count": 2, "pos": [39, 44]}, "at": {"prob": 0.014285714285714285, "count": 5, "pos": [40, 153, 164, 269, 329]}, "alcohol": {"prob": 0.005714285714285714, "count": 2, "pos": [42, 53]}, "anonym": {"prob": 0.002857142857142857, "count": 1, "pos": [43]}, "adult": {"prob": 0.002857142857142857, "count": 1, "pos": [48]}, "child": {"prob": 0.002857142857142857, "count": 1, "pos": [49]}, "of": {"prob": 0.014285714285714285, "count": 5, "pos": [50, 204, 242, 285, 299]}, "emot": {"prob": 0.011428571428571429, "count": 4, "pos": [51, 74, 206, 301]}, "distant": {"prob": 0.002857142857142857, "count": 1, "pos": [52]}, "wasp": {"prob": 0.002857142857142857, "count": 1, "pos": [54]}, "parent": {"prob": 0.005714285714285714, "count": 2, "pos": [55, 64]}, "who": {"prob": 0.008571428571428572, "count": 3, "pos": [56, 69, 99]}, "never": {"prob": 0.002857142857142857, "count": 1, "pos": [57]}, "quit": {"prob": 0.002857142857142857, "count": 1, "pos": [58]}, "accept": {"prob": 0.002857142857142857, "count": 1, "pos": [59]}, "sexual": {"prob": 0.005714285714285714, "count": 2, "pos": [61, 308]}, "orient": {"prob": 0.002857142857142857, "count": 1, "pos": [62]}, "are": {"prob": 0.008571428571428572, "count": 3, "pos": [65, 85, 247]}, "both": {"prob": 0.005714285714285714, "count": 2, "pos": [66, 109]}, "jewish": {"prob": 0.002857142857142857, "count": 1, "pos": [67]}, "psychiatrist": {"prob": 0.002857142857142857, "count": 1, "pos": [68]}, "rai": {"prob": 0.002857142857142857, "count": 1, "pos": [70]}, "him": {"prob": 0.02, "count": 7, "pos": [71, 80, 263, 270, 276, 318, 328]}, "be": {"prob": 0.008571428571428572, "count": 3, "pos": [73, 103, 296]}, "open": {"prob": 0.002857142857142857, "count": 1, "pos": [75]}, "but": {"prob": 0.011428571428571429, "count": 4, "pos": [76, 114, 220, 246]}, "end": {"prob": 0.005714285714285714, "count": 2, "pos": [77, 280]}, "up": {"prob": 0.014285714285714285, "count": 5, "pos": [78, 87, 131, 162, 192]}, "make": {"prob": 0.008571428571428572, "count": 3, "pos": [79, 213, 256]}, "neurot": {"prob": 0.002857142857142857, "count": 1, "pos": [81]}, "set": {"prob": 0.005714285714285714, "count": 2, "pos": [86, 190]}, "on": {"prob": 0.011428571428571429, "count": 4, "pos": [88, 123, 132, 282]}, "blind": {"prob": 0.002857142857142857, "count": 1, "pos": [90]}, "date": {"prob": 0.005714285714285714, "count": 2, "pos": [91, 125]}, "by": {"prob": 0.008571428571428572, "count": 3, "pos": [92, 133, 137]}, "their": {"prob": 0.011428571428571429, "count": 4, "pos": [93, 234, 343, 347]}, "best": {"prob": 0.002857142857142857, "count": 1, "pos": [94]}, "friend": {"prob": 0.002857142857142857, "count": 1, "pos": [95]}, "jacki": {"prob": 0.014285714285714285, "count": 5, "pos": [96, 182, 221, 288, 315]}, "brett": {"prob": 0.011428571428571429, "count": 4, "pos": [98, 184, 223, 286]}, "think": {"prob": 0.002857142857142857, "count": 1, "pos": [100]}, "they": {"prob": 0.017142857142857144, "count": 6, "pos": [101, 107, 120, 148, 232, 339]}, "would": {"prob": 0.002857142857142857, "count": 1, "pos": [102]}, "perfect": {"prob": 0.002857142857142857, "count": 1, "pos": [105]}, "match": {"prob": 0.002857142857142857, "count": 1, "pos": [106]}, "re": {"prob": 0.002857142857142857, "count": 1, "pos": [108]}, "look": {"prob": 0.002857142857142857, "count": 1, "pos": [110]}, "one": {"prob": 0.002857142857142857, "count": 1, "pos": [113]}, "don": {"prob": 0.002857142857142857, "count": 1, "pos": [115]}, "t": {"prob": 0.002857142857142857, "count": 1, "pos": [116]}, "recogn": {"prob": 0.002857142857142857, "count": 1, "pos": [117]}, "it": {"prob": 0.014285714285714285, "count": 5, "pos": [118, 122, 159, 178, 214]}, "when": {"prob": 0.005714285714285714, "count": 2, "pos": [119, 312]}, "find": {"prob": 0.002857142857142857, "count": 1, "pos": [121]}, "bore": {"prob": 0.002857142857142857, "count": 1, "pos": [127]}, "even": {"prob": 0.002857142857142857, "count": 1, "pos": [128]}, "broken": {"prob": 0.002857142857142857, "count": 1, "pos": [130]}, "amus": {"prob": 0.002857142857142857, "count": 1, "pos": [135]}, "diatrib": {"prob": 0.002857142857142857, "count": 1, "pos": [136]}, "against": {"prob": 0.002857142857142857, "count": 1, "pos": [139]}, "movi": {"prob": 0.002857142857142857, "count": 1, "pos": [141]}, "out": {"prob": 0.005714285714285714, "count": 2, "pos": [143, 268]}, "few": {"prob": 0.002857142857142857, "count": 1, "pos": [145]}, "day": {"prob": 0.008571428571428572, "count": 3, "pos": [146, 273, 284]}, "later": {"prob": 0.002857142857142857, "count": 1, "pos": [147]}, "run": {"prob": 0.002857142857142857, "count": 1, "pos": [149]}, "into": {"prob": 0.002857142857142857, "count": 1, "pos": [150]}, "each": {"prob": 0.002857142857142857, "count": 1, "pos": [151]}, "other": {"prob": 0.002857142857142857, "count": 1, "pos": [152]}, "flea": {"prob": 0.002857142857142857, "count": 1, "pos": [155]}, "market": {"prob": 0.002857142857142857, "count": 1, "pos": [156]}, "hit": {"prob": 0.002857142857142857, "count": 1, "pos": [158]}, "off": {"prob": 0.002857142857142857, "count": 1, "pos": [160]}, "wind": {"prob": 0.002857142857142857, "count": 1, "pos": [161]}, "back": {"prob": 0.002857142857142857, "count": 1, "pos": [163]}, "place": {"prob": 0.002857142857142857, "count": 1, "pos": [166]}, "where": {"prob": 0.002857142857142857, "count": 1, "pos": [167]}, "spend": {"prob": 0.002857142857142857, "count": 1, "pos": [169]}, "night": {"prob": 0.002857142857142857, "count": 1, "pos": [171]},