{"__total__": 391, "__name__": "doc_951_McCabe_Mrs_Miller.txt", "around": {"prob": 0.0025575447570332483, "count": 1, "pos": [0]}, "the": {"prob": 0.0792838874680307, "count": 31, "pos": [1, 4, 14, 20, 31, 71, 105, 110, 131, 138, 142, 154, 170, 202, 214, 224, 232, 246, 248, 261, 280, 299, 304, 307, 310, 336, 346, 363, 370, 376, 381]}, "begin": {"prob": 0.0025575447570332483, "count": 1, "pos": [2]}, "of": {"prob": 0.030690537084398978, "count": 12, "pos": [3, 16, 63, 74, 103, 137, 151, 206, 239, 260, 298, 335]}, "twentieth": {"prob": 0.0025575447570332483, "count": 1, "pos": [5]}, "centuri": {"prob": 0.0025575447570332483, "count": 1, "pos": [6]}, "a": {"prob": 0.04603580562659847, "count": 18, "pos": [7, 27, 48, 59, 68, 100, 118, 126, 149, 254, 287, 294, 313, 327, 353, 367, 373, 387]}, "gambler": {"prob": 0.0025575447570332483, "count": 1, "pos": [8]}, "name": {"prob": 0.0025575447570332483, "count": 1, "pos": [9]}, "john": {"prob": 0.0025575447570332483, "count": 1, "pos": [10]}, "mccabe": {"prob": 0.030690537084398978, "count": 12, "pos": [11, 57, 95, 134, 165, 186, 240, 256, 317, 332, 356, 378]}, "arriv": {"prob": 0.010230179028132993, "count": 4, "pos": [12, 90, 161, 265]}, "in": {"prob": 0.03580562659846547, "count": 14, "pos": [13, 19, 70, 91, 159, 201, 204, 266, 279, 293, 322, 352, 375, 380]}, "town": {"prob": 0.017902813299232736, "count": 7, "pos": [15, 32, 73, 92, 143, 247, 267]}, "presbyterian": {"prob": 0.0025575447570332483, "count": 1, "pos": [17]}, "church": {"prob": 0.0025575447570332483, "count": 1, "pos": [18]}, "northwest": {"prob": 0.0025575447570332483, "count": 1, "pos": [21]}, "unit": {"prob": 0.0025575447570332483, "count": 1, "pos": [22]}, "state": {"prob": 0.0025575447570332483, "count": 1, "pos": [23]}, "he": {"prob": 0.017902813299232736, "count": 7, "pos": [24, 46, 108, 197, 211, 242, 283]}, "quick": {"prob": 0.0025575447570332483, "count": 1, "pos": [25]}, "take": {"prob": 0.005115089514066497, "count": 2, "pos": [26, 223]}, "domin": {"prob": 0.0025575447570332483, "count": 1, "pos": [28]}, "posit": {"prob": 0.005115089514066497, "count": 2, "pos": [29, 343]}, "over": {"prob": 0.0025575447570332483, "count": 1, "pos": [30]}, "simpl": {"prob": 0.0025575447570332483, "count": 1, "pos": [33]}, "mind": {"prob": 0.0025575447570332483, "count": 1, "pos": [34]}, "and": {"prob": 0.020460358056265986, "count": 8, "pos": [35, 43, 78, 93, 116, 146, 268, 383]}, "letharg": {"prob": 0.0025575447570332483, "count": 1, "pos": [36]}, "miner": {"prob": 0.0025575447570332483, "count": 1, "pos": [37]}, "thank": {"prob": 0.0025575447570332483, "count": 1, "pos": [38]}, "to": {"prob": 0.02557544757033248, "count": 10, "pos": [39, 162, 184, 190, 235, 244, 271, 276, 285, 348]}, "hi": {"prob": 0.0076726342710997444, "count": 3, "pos": [40, 199, 323]}, "aggress": {"prob": 0.0025575447570332483, "count": 1, "pos": [41]}, "person": {"prob": 0.0025575447570332483, "count": 1, "pos": [42]}, "rumor": {"prob": 0.0025575447570332483, "count": 1, "pos": [44]}, "that": {"prob": 0.015345268542199489, "count": 6, "pos": [45, 96, 210, 216, 309, 316]}, "is": {"prob": 0.017902813299232736, "count": 7, "pos": [47, 123, 175, 212, 251, 257, 357]}, "gunfight": {"prob": 0.0025575447570332483, "count": 1, "pos": [49]}, "month": {"prob": 0.0025575447570332483, "count": 1, "pos": [50]}, "film": {"prob": 0.005115089514066497, "count": 2, "pos": [51, 281]}, "bulletin": {"prob": 0.0025575447570332483, "count": 1, "pos": [52]}, "1972": {"prob": 0.0025575447570332483, "count": 1, "pos": [53]}, "pp": {"prob": 0.0025575447570332483, "count": 1, "pos": [54]}, "53": {"prob": 0.0025575447570332483, "count": 1, "pos": [55]}, "54": {"prob": 0.0025575447570332483, "count": 1, "pos": [56]}, "establish": {"prob": 0.005115089514066497, "count": 2, "pos": [58, 121]}, "makeshift": {"prob": 0.0025575447570332483, "count": 1, "pos": [60]}, "brothel": {"prob": 0.005115089514066497, "count": 2, "pos": [61, 106]}, "consist": {"prob": 0.0025575447570332483, "count": 1, "pos": [62]}, "three": {"prob": 0.005115089514066497, "count": 2, "pos": [64, 226]}, "prostitut": {"prob": 0.0025575447570332483, "count": 1, "pos": [65]}, "purcha": {"prob": 0.0025575447570332483, "count": 1, "pos": [66]}, "from": {"prob": 0.0076726342710997444, "count": 3, "pos": [67, 153, 341]}, "pimp": {"prob": 0.0025575447570332483, "count": 1, "pos": [69]}, "nearbi": {"prob": 0.0025575447570332483, "count": 1, "pos": [72]}, "bearpaw": {"prob": 0.005115089514066497, "count": 2, "pos": [75, 160]}, "for": {"prob": 0.0076726342710997444, "count": 3, "pos": [76, 177, 253]}, "$200": {"prob": 0.0025575447570332483, "count": 1, "pos": [77]}, "ha": {"prob": 0.005115089514066497, "count": 2, "pos": [79, 318]}, "some": {"prob": 0.0025575447570332483, "count": 1, "pos": [80]}, "success": {"prob": 0.010230179028132993, "count": 4, "pos": [81, 113, 125, 148]}, "englishwoman": {"prob": 0.0025575447570332483, "count": 1, "pos": [82]}, "constanc": {"prob": 0.0025575447570332483, "count": 1, "pos": [83]}, "miller": {"prob": 0.0076726342710997444, "count": 3, "pos": [84, 208, 385]}, "an": {"prob": 0.005115089514066497, "count": 2, "pos": [85, 237]}, "opium": {"prob": 0.005115089514066497, "count": 2, "pos": [86, 389]}, "addict": {"prob": 0.0025575447570332483, "count": 1, "pos": [87]}, "profess": {"prob": 0.0025575447570332483, "count": 1, "pos": [88]}, "madam": {"prob": 0.005115089514066497, "count": 2, "pos": [89, 139]}, "convinc": {"prob": 0.0025575447570332483, "count": 1, "pos": [94]}, "she": {"prob": 0.0025575447570332483, "count": 1, "pos": [97]}, "can": {"prob": 0.005115089514066497, "count": 2, "pos": [98, 109]}, "do": {"prob": 0.0025575447570332483, "count": 1, "pos": [99]}, "better": {"prob": 0.0025575447570332483, "count": 1, "pos": [101]}, "job": {"prob": 0.0025575447570332483, "count": 1, "pos": [102]}, "manag": {"prob": 0.0025575447570332483, "count": 1, "pos": [104]}, "than": {"prob": 0.0025575447570332483, "count": 1, "pos": [107]}, "two": {"prob": 0.0076726342710997444, "count": 3, "pos": [111, 132, 334]}, "becom": {"prob": 0.0076726342710997444, "count": 3, "pos": [112, 144, 330]}, "busi": {"prob": 0.005115089514066497, "count": 2, "pos": [114, 166]}, "partner": {"prob": 0.0025575447570332483, "count": 1, "pos": [115]}, "open": {"prob": 0.0025575447570332483, "count": 1, "pos": [117]}, "higher": {"prob": 0.0025575447570332483, "count": 1, "pos": [119]}, "class": {"prob": 0.0025575447570332483, "count": 1, "pos": [120]}, "which": {"prob": 0.0025575447570332483, "count": 1, "pos": [122]}, "more": {"prob": 0.005115089514066497, "count": 2, "pos": [124, 147]}, "love": {"prob": 0.0025575447570332483, "count": 1, "pos": [127]}, "interest": {"prob": 0.0025575447570332483, "count": 1, "pos": [128]}, "develop": {"prob": 0.0025575447570332483, "count": 1, "pos": [129]}, "between": {"prob": 0.0025575447570332483, "count": 1, "pos": [130]}, "after": {"prob": 0.005115089514066497, "count": 2, "pos": [133, 302]}, "avail": {"prob": 0.0025575447570332483, "count": 1, "pos": [135]}, "himself": {"prob": 0.0025575447570332483, "count": 1, "pos": [136]}, "servic": {"prob": 0.0025575447570332483, "count": 1, "pos": [140]}, "as": {"prob": 0.0076726342710997444, "count": 3, "pos": [141, 167, 169]}, "richer": {"prob": 0.0025575447570332483, "count": 1, "pos": [145]}, "pair": {"prob": 0.0025575447570332483, "count": 1, "pos": [150]}, "agent": {"prob": 0.0025575447570332483, "count": 1, "pos": [152]}, "harrison": {"prob": 0.0025575447570332483, "count": 1, "pos": [155]}, "shaughnessi": {"prob": 0.005115089514066497, "count": 2, "pos": [156, 174]}, "mine": {"prob": 0.0076726342710997444, "count": 3, "pos": [157, 173, 233]}, "compani": {"prob": 0.005115089514066497, "count": 2, "pos": [158, 234]}, "buy": {"prob": 0.0025575447570332483, "count": 1, "pos": [163]}, "out": {"prob": 0.0025575447570332483, "count": 1, "pos": [164]}, "well": {"prob": 0.0025575447570332483, "count": 1, "pos": [168]}, "surround": {"prob": 0.0025575447570332483,