{"__total__": 241, "__name__": "doc_952_Mean_Streets.txt", "char": {"prob": 0.03734439834024896, "count": 9, "pos": [0, 44, 81, 83, 117, 169, 206, 214, 219]}, "is": {"prob": 0.029045643153526972, "count": 7, "pos": [1, 8, 20, 57, 72, 84, 190]}, "a": {"prob": 0.03734439834024896, "count": 9, "pos": [2, 33, 60, 127, 129, 157, 162, 177, 183]}, "young": {"prob": 0.004149377593360996, "count": 1, "pos": [3]}, "italian": {"prob": 0.004149377593360996, "count": 1, "pos": [4]}, "american": {"prob": 0.004149377593360996, "count": 1, "pos": [5]}, "man": {"prob": 0.004149377593360996, "count": 1, "pos": [6]}, "who": {"prob": 0.016597510373443983, "count": 4, "pos": [7, 37, 68, 153]}, "tri": {"prob": 0.004149377593360996, "count": 1, "pos": [9]}, "to": {"prob": 0.029045643153526972, "count": 7, "pos": [10, 40, 111, 139, 143, 173, 220]}, "move": {"prob": 0.004149377593360996, "count": 1, "pos": [11]}, "up": {"prob": 0.008298755186721992, "count": 2, "pos": [12, 141]}, "in": {"prob": 0.02074688796680498, "count": 5, "pos": [13, 114, 198, 210, 215]}, "the": {"prob": 0.04564315352697095, "count": 11, "pos": [14, 50, 95, 115, 188, 201, 211, 216, 222, 224, 234]}, "local": {"prob": 0.012448132780082987, "count": 3, "pos": [15, 51, 130]}, "new": {"prob": 0.004149377593360996, "count": 1, "pos": [16]}, "york": {"prob": 0.004149377593360996, "count": 1, "pos": [17]}, "mafia": {"prob": 0.008298755186721992, "count": 2, "pos": [18, 92]}, "but": {"prob": 0.008298755186721992, "count": 2, "pos": [19, 142]}, "hamper": {"prob": 0.004149377593360996, "count": 1, "pos": [21]}, "by": {"prob": 0.02074688796680498, "count": 5, "pos": [22, 80, 155, 186, 193]}, "hi": {"prob": 0.03319502074688797, "count": 8, "pos": [23, 28, 47, 87, 91, 108, 144, 196]}, "feel": {"prob": 0.004149377593360996, "count": 1, "pos": [24]}, "of": {"prob": 0.012448132780082987, "count": 3, "pos": [25, 75, 107]}, "respon": {"prob": 0.004149377593360996, "count": 1, "pos": [26]}, "toward": {"prob": 0.004149377593360996, "count": 1, "pos": [27]}, "reckless": {"prob": 0.004149377593360996, "count": 1, "pos": [29]}, "friend": {"prob": 0.004149377593360996, "count": 1, "pos": [30]}, "johnni": {"prob": 0.03734439834024896, "count": 9, "pos": [31, 64, 98, 124, 138, 146, 152, 171, 209]}, "boy": {"prob": 0.008298755186721992, "count": 2, "pos": [32, 65]}, "small": {"prob": 0.004149377593360996, "count": 1, "pos": [34]}, "time": {"prob": 0.004149377593360996, "count": 1, "pos": [35]}, "gambler": {"prob": 0.004149377593360996, "count": 1, "pos": [36]}, "owe": {"prob": 0.004149377593360996, "count": 1, "pos": [38]}, "money": {"prob": 0.004149377593360996, "count": 1, "pos": [39]}, "mani": {"prob": 0.004149377593360996, "count": 1, "pos": [41]}, "loan": {"prob": 0.008298755186721992, "count": 2, "pos": [42, 131]}, "shark": {"prob": 0.008298755186721992, "count": 2, "pos": [43, 132]}, "work": {"prob": 0.004149377593360996, "count": 1, "pos": [45]}, "for": {"prob": 0.012448132780082987, "count": 3, "pos": [46, 137, 176]}, "uncl": {"prob": 0.008298755186721992, "count": 2, "pos": [48, 82]}, "giovanni": {"prob": 0.004149377593360996, "count": 1, "pos": [49]}, "caporegim": {"prob": 0.004149377593360996, "count": 1, "pos": [52]}, "most": {"prob": 0.004149377593360996, "count": 1, "pos": [53]}, "collect": {"prob": 0.004149377593360996, "count": 1, "pos": [54]}, "debt": {"prob": 0.004149377593360996, "count": 1, "pos": [55]}, "he": {"prob": 0.004149377593360996, "count": 1, "pos": [56]}, "also": {"prob": 0.004149377593360996, "count": 1, "pos": [58]}, "have": {"prob": 0.004149377593360996, "count": 1, "pos": [59]}, "hidden": {"prob": 0.004149377593360996, "count": 1, "pos": [61]}, "affair": {"prob": 0.004149377593360996, "count": 1, "pos": [62]}, "with": {"prob": 0.012448132780082987, "count": 3, "pos": [63, 180, 227]}, "cousin": {"prob": 0.004149377593360996, "count": 1, "pos": [66]}, "teresa": {"prob": 0.008298755186721992, "count": 2, "pos": [67, 181]}, "ha": {"prob": 0.004149377593360996, "count": 1, "pos": [69]}, "epilepsi": {"prob": 0.004149377593360996, "count": 1, "pos": [70]}, "and": {"prob": 0.03319502074688797, "count": 8, "pos": [71, 90, 168, 170, 195, 213, 230, 236]}, "ostrac": {"prob": 0.004149377593360996, "count": 1, "pos": [73]}, "becaus": {"prob": 0.004149377593360996, "count": 1, "pos": [74]}, "her": {"prob": 0.004149377593360996, "count": 1, "pos": [76]}, "condit": {"prob": 0.004149377593360996, "count": 1, "pos": [77]}, "\u00e2": {"prob": 0.004149377593360996, "count": 1, "pos": [78]}, "especi": {"prob": 0.004149377593360996, "count": 1, "pos": [79]}, "torn": {"prob": 0.004149377593360996, "count": 1, "pos": [85]}, "between": {"prob": 0.004149377593360996, "count": 1, "pos": [86]}, "devout": {"prob": 0.004149377593360996, "count": 1, "pos": [88]}, "cathol": {"prob": 0.004149377593360996, "count": 1, "pos": [89]}, "ambit": {"prob": 0.004149377593360996, "count": 1, "pos": [93]}, "as": {"prob": 0.004149377593360996, "count": 1, "pos": [94]}, "film": {"prob": 0.008298755186721992, "count": 2, "pos": [96, 225]}, "progress": {"prob": 0.004149377593360996, "count": 1, "pos": [97]}, "becom": {"prob": 0.004149377593360996, "count": 1, "pos": [99]}, "increasing": {"prob": 0.004149377593360996, "count": 1, "pos": [100]}, "self": {"prob": 0.004149377593360996, "count": 1, "pos": [101]}, "destruct": {"prob": 0.004149377593360996, "count": 1, "pos": [102]}, "grow": {"prob": 0.004149377593360996, "count": 1, "pos": [103]}, "continu": {"prob": 0.004149377593360996, "count": 1, "pos": [104]}, "more": {"prob": 0.004149377593360996, "count": 1, "pos": [105]}, "disrespect": {"prob": 0.004149377593360996, "count": 1, "pos": [106]}, "creditor": {"prob": 0.004149377593360996, "count": 1, "pos": [109]}, "fail": {"prob": 0.004149377593360996, "count": 1, "pos": [110]}, "receiv": {"prob": 0.004149377593360996, "count": 1, "pos": [112]}, "redempt": {"prob": 0.004149377593360996, "count": 1, "pos": [113]}, "church": {"prob": 0.004149377593360996, "count": 1, "pos": [116]}, "seek": {"prob": 0.004149377593360996, "count": 1, "pos": [118]}, "it": {"prob": 0.004149377593360996, "count": 1, "pos": [119]}, "through": {"prob": 0.004149377593360996, "count": 1, "pos": [120]}, "sacrif": {"prob": 0.004149377593360996, "count": 1, "pos": [121]}, "himself": {"prob": 0.004149377593360996, "count": 1, "pos": [122]}, "on": {"prob": 0.008298755186721992, "count": 2, "pos": [123, 159]}, "behalf": {"prob": 0.004149377593360996, "count": 1, "pos": [125]}, "at": {"prob": 0.016597510373443983, "count": 4, "pos": [126, 151, 205, 233]}, "bar": {"prob": 0.004149377593360996, "count": 1, "pos": [128]}, "name": {"prob": 0.004149377593360996, "count": 1, "pos": [133]}, "michael": {"prob": 0.016597510373443983, "count": 4, "pos": [134, 149, 165, 194]}, "come": {"prob": 0.004149377593360996, "count": 1, "pos": [135]}, "look": {"prob": 0.004149377593360996, "count": 1, "pos": [136]}, "pay": {"prob": 0.004149377593360996, "count": 1, "pos": [140]}, "surpri": {"prob": 0.004149377593360996, "count": 1, "pos": [145]}, "insult": {"prob": 0.004149377593360996, "count": 1, "pos": [147]}, "him": {"prob": 0.008298755186721992, "count": 2, "pos": [148, 160]}, "lung": {"prob": 0.004149377593360996, "count": 1, "pos": [150]}, "retali": {"prob": 0.004149377593360996, "count": 1, "pos": [154]}, "pull": {"prob": 0.004149377593360996, "count": 1, "pos": [156]}, "gun": {"prob": 0.004149377593360996, "count": 1, "pos": [158]}, "after": {"prob": 0.008298755186721992, "count": 2, "pos": [161, 182]}, "ten": {"prob": 0.004149377593360996, "count": 1, "pos": [163]}, "standoff": {"prob": 0.004149377593360996, "count": 1, "pos": [164]}, "walk": {"prob": 0.004149377593360996, "count": 1, "pos": [166]}, "away": {"prob": 0.008298755186721992, "count": 2, "pos": [167, 240]}, "decid": {"prob": 0.004149377593360996, "count": 1, "pos": [172]}, "leav": {"prob": 0.004149377593360996, "count": 1, "pos": [174]}, "town": {"prob": 0.004149377593360996, "count": 1, "pos": [175]},