{"__total__": 513, "__name__": "doc_958_Meeting_People_Is_Easy.txt", "meet": {"prob": 0.001949317738791423, "count": 1, "pos": [0]}, "peopl": {"prob": 0.001949317738791423, "count": 1, "pos": [1]}, "is": {"prob": 0.015594541910331383, "count": 8, "pos": [2, 177, 241, 349, 356, 373, 410, 423]}, "easi": {"prob": 0.001949317738791423, "count": 1, "pos": [3]}, "take": {"prob": 0.003898635477582846, "count": 2, "pos": [4, 131]}, "place": {"prob": 0.003898635477582846, "count": 2, "pos": [5, 412]}, "dure": {"prob": 0.003898635477582846, "count": 2, "pos": [6, 126]}, "the": {"prob": 0.07797270955165692, "count": 40, "pos": [7, 27, 30, 37, 42, 45, 49, 53, 83, 89, 100, 111, 128, 152, 155, 202, 209, 217, 227, 238, 249, 252, 264, 281, 296, 299, 313, 324, 326, 342, 344, 347, 369, 374, 377, 388, 407, 462, 481, 506]}, "promot": {"prob": 0.007797270955165692, "count": 4, "pos": [8, 103, 120, 239]}, "of": {"prob": 0.03898635477582846, "count": 20, "pos": [9, 18, 41, 52, 106, 110, 116, 154, 164, 166, 180, 211, 270, 278, 346, 364, 376, 451, 465, 483]}, "radiohead": {"prob": 0.005847953216374269, "count": 3, "pos": [10, 279, 484]}, "1997": {"prob": 0.003898635477582846, "count": 2, "pos": [11, 61]}, "relea": {"prob": 0.003898635477582846, "count": 2, "pos": [12, 470]}, "ok": {"prob": 0.007797270955165692, "count": 4, "pos": [13, 54, 222, 511]}, "comput": {"prob": 0.007797270955165692, "count": 4, "pos": [14, 55, 223, 512]}, "contain": {"prob": 0.003898635477582846, "count": 2, "pos": [15, 113]}, "a": {"prob": 0.029239766081871343, "count": 15, "pos": [16, 107, 146, 178, 212, 284, 287, 362, 384, 394, 413, 449, 476, 495, 499]}, "collag": {"prob": 0.001949317738791423, "count": 1, "pos": [17]}, "video": {"prob": 0.015594541910331383, "count": 8, "pos": [19, 124, 201, 206, 268, 297, 325, 348]}, "clip": {"prob": 0.005847953216374269, "count": 3, "pos": [20, 269, 285]}, "sound": {"prob": 0.007797270955165692, "count": 4, "pos": [21, 158, 316, 509]}, "bite": {"prob": 0.001949317738791423, "count": 1, "pos": [22]}, "and": {"prob": 0.031189083820662766, "count": 16, "pos": [23, 104, 122, 137, 162, 169, 182, 194, 197, 200, 275, 421, 458, 496, 502, 505]}, "dialogu": {"prob": 0.001949317738791423, "count": 1, "pos": [24]}, "go": {"prob": 0.001949317738791423, "count": 1, "pos": [25]}, "behind": {"prob": 0.001949317738791423, "count": 1, "pos": [26]}, "scene": {"prob": 0.001949317738791423, "count": 1, "pos": [28]}, "with": {"prob": 0.01949317738791423, "count": 10, "pos": [29, 92, 151, 157, 172, 186, 205, 216, 237, 259]}, "band": {"prob": 0.011695906432748537, "count": 6, "pos": [31, 90, 228, 300, 389, 507]}, "on": {"prob": 0.017543859649122806, "count": 9, "pos": [32, 58, 88, 132, 256, 295, 398, 406, 427]}, "their": {"prob": 0.007797270955165692, "count": 4, "pos": [33, 65, 472, 491]}, "world": {"prob": 0.007797270955165692, "count": 4, "pos": [34, 46, 250, 370]}, "tour": {"prob": 0.009746588693957114, "count": 5, "pos": [35, 47, 56, 105, 371]}, "show": {"prob": 0.005847953216374269, "count": 3, "pos": [36, 51, 258]}, "eventu": {"prob": 0.001949317738791423, "count": 1, "pos": [38]}, "burn": {"prob": 0.001949317738791423, "count": 1, "pos": [39]}, "out": {"prob": 0.005847953216374269, "count": 3, "pos": [40, 163, 433]}, "group": {"prob": 0.003898635477582846, "count": 2, "pos": [43, 130]}, "as": {"prob": 0.009746588693957114, "count": 5, "pos": [44, 383, 397, 448, 461]}, "progress": {"prob": 0.001949317738791423, "count": 1, "pos": [48]}, "inaugur": {"prob": 0.001949317738791423, "count": 1, "pos": [50]}, "began": {"prob": 0.001949317738791423, "count": 1, "pos": [57]}, "22": {"prob": 0.001949317738791423, "count": 1, "pos": [59]}, "may": {"prob": 0.001949317738791423, "count": 1, "pos": [60]}, "in": {"prob": 0.017543859649122806, "count": 9, "pos": [62, 72, 161, 263, 280, 283, 361, 471, 488]}, "barcelona": {"prob": 0.001949317738791423, "count": 1, "pos": [63]}, "spain": {"prob": 0.001949317738791423, "count": 1, "pos": [64]}, "final": {"prob": 0.001949317738791423, "count": 1, "pos": [66]}, "perform": {"prob": 0.001949317738791423, "count": 1, "pos": [67]}, "104": {"prob": 0.001949317738791423, "count": 1, "pos": [68]}, "concert": {"prob": 0.003898635477582846, "count": 2, "pos": [69, 119]}, "later": {"prob": 0.001949317738791423, "count": 1, "pos": [70]}, "wa": {"prob": 0.005847953216374269, "count": 3, "pos": [71, 439, 459]}, "new": {"prob": 0.001949317738791423, "count": 1, "pos": [73]}, "york": {"prob": 0.009746588693957114, "count": 5, "pos": [74, 143, 355, 391, 409]}, "radio": {"prob": 0.007797270955165692, "count": 4, "pos": [75, 141, 174, 234]}, "citi": {"prob": 0.001949317738791423, "count": 1, "pos": [76]}, "music": {"prob": 0.009746588693957114, "count": 5, "pos": [77, 81, 117, 305, 328]}, "hall": {"prob": 0.001949317738791423, "count": 1, "pos": [78]}, "unlik": {"prob": 0.001949317738791423, "count": 1, "pos": [79]}, "other": {"prob": 0.003898635477582846, "count": 2, "pos": [80, 276]}, "documentari": {"prob": 0.005847953216374269, "count": 3, "pos": [82, 203, 265]}, "film": {"prob": 0.009746588693957114, "count": 5, "pos": [84, 112, 156, 199, 378]}, "doe": {"prob": 0.001949317738791423, "count": 1, "pos": [85]}, "not": {"prob": 0.005847953216374269, "count": 3, "pos": [86, 419, 424]}, "focu": {"prob": 0.001949317738791423, "count": 1, "pos": [87]}, "friendship": {"prob": 0.001949317738791423, "count": 1, "pos": [91]}, "one": {"prob": 0.001949317738791423, "count": 1, "pos": [93]}, "anoth": {"prob": 0.001949317738791423, "count": 1, "pos": [94]}, "famili": {"prob": 0.001949317738791423, "count": 1, "pos": [95]}, "or": {"prob": 0.001949317738791423, "count": 1, "pos": [96]}, "anyth": {"prob": 0.001949317738791423, "count": 1, "pos": [97]}, "el": {"prob": 0.001949317738791423, "count": 1, "pos": [98]}, "outsid": {"prob": 0.001949317738791423, "count": 1, "pos": [99]}, "direct": {"prob": 0.001949317738791423, "count": 1, "pos": [101]}, "product": {"prob": 0.001949317738791423, "count": 1, "pos": [102]}, "record": {"prob": 0.007797270955165692, "count": 4, "pos": [108, 134, 485, 503]}, "most": {"prob": 0.003898635477582846, "count": 2, "pos": [109, 314]}, "footag": {"prob": 0.005847953216374269, "count": 3, "pos": [114, 125, 243]}, "consist": {"prob": 0.001949317738791423, "count": 1, "pos": [115]}, "write": {"prob": 0.001949317738791423, "count": 1, "pos": [118]}, "materi": {"prob": 0.003898635477582846, "count": 2, "pos": [121, 240]}, "abstract": {"prob": 0.001949317738791423, "count": 1, "pos": [123]}, "interview": {"prob": 0.003898635477582846, "count": 2, "pos": [127, 167]}, "rock": {"prob": 0.003898635477582846, "count": 2, "pos": [129, 140]}, "critic": {"prob": 0.001949317738791423, "count": 1, "pos": [133]}, "label": {"prob": 0.001949317738791423, "count": 1, "pos": [135]}, "hype": {"prob": 0.001949317738791423, "count": 1, "pos": [136]}, "american": {"prob": 0.001949317738791423, "count": 1, "pos": [138]}, "modern": {"prob": 0.001949317738791423, "count": 1, "pos": [139]}, "which": {"prob": 0.003898635477582846, "count": 2, "pos": [142, 431]}, "compar": {"prob": 0.001949317738791423, "count": 1, "pos": [144]}, "to": {"prob": 0.009746588693957114, "count": 5, "pos": [145, 226, 306, 310, 467]}, "fridg": {"prob": 0.001949317738791423, "count": 1, "pos": [147]}, "buzz": {"prob": 0.001949317738791423, "count": 1, "pos": [148]}, "thi": {"prob": 0.011695906432748537, "count": 6, "pos": [149, 173, 224, 422, 437, 477]}, "coincid": {"prob": 0.001949317738791423, "count": 1, "pos": [150]}, "soundtrack": {"prob": 0.003898635477582846, "count": 2, "pos": [153, 408]}, "that": {"prob": 0.005847953216374269, "count": 3, "pos": [159, 372, 415]}, "weav": {"prob": 0.001949317738791423, "count": 1, "pos": [160]}, "snatch": {"prob": 0.001949317738791423, "count": 1, "pos": [165]}, "conver": {"prob": 0.001949317738791423, "count": 1, "pos": [168]}, "song": {"prob": 0.005847953216374269, "count": 3, "pos": [170, 253, 301]}, "along": {"prob": 0.003898635477582846, "count": 2,