{"__total__": 193, "__name__": "doc_96_All_That_Heaven_Allows.txt", "cari": {"prob": 0.025906735751295335, "count": 5, "pos": [0, 81, 106, 129, 159]}, "scott": {"prob": 0.0051813471502590676, "count": 1, "pos": [1]}, "is": {"prob": 0.015544041450777202, "count": 3, "pos": [2, 47, 163]}, "an": {"prob": 0.0051813471502590676, "count": 1, "pos": [3]}, "affluent": {"prob": 0.0051813471502590676, "count": 1, "pos": [4]}, "widow": {"prob": 0.0051813471502590676, "count": 1, "pos": [5]}, "in": {"prob": 0.02072538860103627, "count": 4, "pos": [6, 33, 61, 126]}, "suburban": {"prob": 0.0051813471502590676, "count": 1, "pos": [7]}, "new": {"prob": 0.0051813471502590676, "count": 1, "pos": [8]}, "england": {"prob": 0.0051813471502590676, "count": 1, "pos": [9]}, "whose": {"prob": 0.0051813471502590676, "count": 1, "pos": [10]}, "social": {"prob": 0.02072538860103627, "count": 4, "pos": [11, 103, 130, 167]}, "life": {"prob": 0.02072538860103627, "count": 4, "pos": [12, 52, 131, 183]}, "involv": {"prob": 0.0051813471502590676, "count": 1, "pos": [13]}, "her": {"prob": 0.046632124352331605, "count": 9, "pos": [14, 28, 36, 65, 91, 100, 112, 117, 149]}, "countri": {"prob": 0.0051813471502590676, "count": 1, "pos": [15]}, "club": {"prob": 0.0051813471502590676, "count": 1, "pos": [16]}, "peer": {"prob": 0.0051813471502590676, "count": 1, "pos": [17]}, "colleg": {"prob": 0.0051813471502590676, "count": 1, "pos": [18]}, "age": {"prob": 0.0051813471502590676, "count": 1, "pos": [19]}, "children": {"prob": 0.02072538860103627, "count": 4, "pos": [20, 94, 113, 151]}, "and": {"prob": 0.05699481865284974, "count": 11, "pos": [21, 39, 57, 75, 77, 93, 98, 118, 120, 143, 169]}, "a": {"prob": 0.015544041450777202, "count": 3, "pos": [22, 40, 182]}, "coupl": {"prob": 0.0051813471502590676, "count": 1, "pos": [23]}, "of": {"prob": 0.015544041450777202, "count": 3, "pos": [24, 54, 146]}, "men": {"prob": 0.0051813471502590676, "count": 1, "pos": [25]}, "vy": {"prob": 0.0051813471502590676, "count": 1, "pos": [26]}, "for": {"prob": 0.02072538860103627, "count": 4, "pos": [27, 73, 85, 101]}, "affect": {"prob": 0.0051813471502590676, "count": 1, "pos": [29]}, "she": {"prob": 0.03626943005181347, "count": 7, "pos": [30, 78, 119, 137, 162, 174, 189]}, "becom": {"prob": 0.015544041450777202, "count": 3, "pos": [31, 88, 141]}, "interest": {"prob": 0.0051813471502590676, "count": 1, "pos": [32]}, "ron": {"prob": 0.025906735751295335, "count": 5, "pos": [34, 46, 63, 121, 173]}, "kirbi": {"prob": 0.0051813471502590676, "count": 1, "pos": [35]}, "famili": {"prob": 0.010362694300518135, "count": 2, "pos": [37, 157]}, "garden": {"prob": 0.0051813471502590676, "count": 1, "pos": [38]}, "down": {"prob": 0.010362694300518135, "count": 2, "pos": [41, 96]}, "to": {"prob": 0.04145077720207254, "count": 8, "pos": [42, 66, 115, 133, 154, 165, 171, 176]}, "earth": {"prob": 0.0051813471502590676, "count": 1, "pos": [43]}, "younger": {"prob": 0.0051813471502590676, "count": 1, "pos": [44]}, "man": {"prob": 0.0051813471502590676, "count": 1, "pos": [45]}, "content": {"prob": 0.0051813471502590676, "count": 1, "pos": [48]}, "with": {"prob": 0.0051813471502590676, "count": 1, "pos": [49]}, "hi": {"prob": 0.015544041450777202, "count": 3, "pos": [50, 83, 177]}, "simpl": {"prob": 0.0051813471502590676, "count": 1, "pos": [51]}, "outsid": {"prob": 0.0051813471502590676, "count": 1, "pos": [53]}, "judgment": {"prob": 0.0051813471502590676, "count": 1, "pos": [55]}, "societi": {"prob": 0.0051813471502590676, "count": 1, "pos": [56]}, "the": {"prob": 0.015544041450777202, "count": 3, "pos": [58, 109, 156]}, "two": {"prob": 0.0051813471502590676, "count": 1, "pos": [59]}, "fall": {"prob": 0.0051813471502590676, "count": 1, "pos": [60]}, "love": {"prob": 0.010362694300518135, "count": 2, "pos": [62, 172]}, "introduc": {"prob": 0.0051813471502590676, "count": 1, "pos": [64]}, "other": {"prob": 0.010362694300518135, "count": 2, "pos": [67, 139]}, "peopl": {"prob": 0.0051813471502590676, "count": 1, "pos": [68]}, "who": {"prob": 0.0051813471502590676, "count": 1, "pos": [69]}, "have": {"prob": 0.0051813471502590676, "count": 1, "pos": [70]}, "no": {"prob": 0.0051813471502590676, "count": 1, "pos": [71]}, "need": {"prob": 0.0051813471502590676, "count": 1, "pos": [72]}, "wealth": {"prob": 0.0051813471502590676, "count": 1, "pos": [74]}, "statu": {"prob": 0.0051813471502590676, "count": 1, "pos": [76]}, "respond": {"prob": 0.0051813471502590676, "count": 1, "pos": [79]}, "posit": {"prob": 0.0051813471502590676, "count": 1, "pos": [80]}, "accept": {"prob": 0.0051813471502590676, "count": 1, "pos": [82]}, "propo": {"prob": 0.0051813471502590676, "count": 1, "pos": [84]}, "marriag": {"prob": 0.015544041450777202, "count": 3, "pos": [86, 105, 110]}, "but": {"prob": 0.0051813471502590676, "count": 1, "pos": [87]}, "distress": {"prob": 0.0051813471502590676, "count": 1, "pos": [89]}, "when": {"prob": 0.015544041450777202, "count": 3, "pos": [90, 111, 179]}, "friend": {"prob": 0.0051813471502590676, "count": 1, "pos": [92]}, "look": {"prob": 0.0051813471502590676, "count": 1, "pos": [95]}, "upon": {"prob": 0.0051813471502590676, "count": 1, "pos": [97]}, "reject": {"prob": 0.0051813471502590676, "count": 1, "pos": [99]}, "thi": {"prob": 0.0051813471502590676, "count": 1, "pos": [102]}, "unaccept": {"prob": 0.0051813471502590676, "count": 1, "pos": [104]}, "break": {"prob": 0.0051813471502590676, "count": 1, "pos": [107]}, "off": {"prob": 0.0051813471502590676, "count": 1, "pos": [108]}, "threaten": {"prob": 0.010362694300518135, "count": 2, "pos": [114, 184]}, "abandon": {"prob": 0.0051813471502590676, "count": 1, "pos": [116]}, "continu": {"prob": 0.0051813471502590676, "count": 1, "pos": [122]}, "their": {"prob": 0.0051813471502590676, "count": 1, "pos": [123]}, "separ": {"prob": 0.0051813471502590676, "count": 1, "pos": [124]}, "live": {"prob": 0.015544041450777202, "count": 3, "pos": [125, 144, 145]}, "sorrow": {"prob": 0.0051813471502590676, "count": 1, "pos": [127]}, "as": {"prob": 0.0051813471502590676, "count": 1, "pos": [128]}, "return": {"prob": 0.0051813471502590676, "count": 1, "pos": [132]}, "it": {"prob": 0.0051813471502590676, "count": 1, "pos": [134]}, "origin": {"prob": 0.0051813471502590676, "count": 1, "pos": [135]}, "state": {"prob": 0.0051813471502590676, "count": 1, "pos": [136]}, "notic": {"prob": 0.0051813471502590676, "count": 1, "pos": [138]}, "women": {"prob": 0.0051813471502590676, "count": 1, "pos": [140]}, "engag": {"prob": 0.0051813471502590676, "count": 1, "pos": [142]}, "happi": {"prob": 0.0051813471502590676, "count": 1, "pos": [147]}, "even": {"prob": 0.0051813471502590676, "count": 1, "pos": [148]}, "own": {"prob": 0.0051813471502590676, "count": 1, "pos": [150]}, "are": {"prob": 0.0051813471502590676, "count": 1, "pos": [152]}, "soon": {"prob": 0.0051813471502590676, "count": 1, "pos": [153]}, "leav": {"prob": 0.0051813471502590676, "count": 1, "pos": [155]}, "home": {"prob": 0.010362694300518135, "count": 2, "pos": [158, 192]}, "realiz": {"prob": 0.0051813471502590676, "count": 1, "pos": [160]}, "that": {"prob": 0.010362694300518135, "count": 2, "pos": [161, 188]}, "readi": {"prob": 0.0051813471502590676, "count": 1, "pos": [164]}, "defi": {"prob": 0.0051813471502590676, "count": 1, "pos": [166]}, "norm": {"prob": 0.0051813471502590676, "count": 1, "pos": [168]}, "commit": {"prob": 0.0051813471502590676, "count": 1, "pos": [170]}, "rush": {"prob": 0.0051813471502590676, "count": 1, "pos": [175]}, "side": {"prob": 0.0051813471502590676, "count": 1, "pos": [178]}, "he": {"prob": 0.0051813471502590676, "count": 1, "pos": [180]}, "ha": {"prob": 0.010362694300518135, "count": 2, "pos": [181, 190]}, "accid": {"prob": 0.0051813471502590676, "count": 1, "pos": [185]}, "tell": {"prob": 0.0051813471502590676, "count": 1, "pos": [186]}, "him": {"prob": 0.0051813471502590676, "count": 1, "pos": [187]}, "come": {"prob": 0.0051813471502590676, "count": 1, "pos": [191]}}