{"__total__": 439, "__name__": "doc_97_All_That_Jazz.txt", "joe": {"prob": 0.004555808656036446, "count": 2, "pos": [0, 150]}, "gideon": {"prob": 0.02733485193621868, "count": 12, "pos": [1, 110, 123, 198, 230, 245, 276, 318, 335, 365, 404, 434]}, "is": {"prob": 0.025056947608200455, "count": 11, "pos": [2, 26, 90, 129, 172, 195, 231, 251, 314, 360, 419]}, "a": {"prob": 0.025056947608200455, "count": 11, "pos": [3, 19, 27, 40, 132, 138, 247, 312, 325, 415, 423]}, "theatr": {"prob": 0.002277904328018223, "count": 1, "pos": [4]}, "director": {"prob": 0.004555808656036446, "count": 2, "pos": [5, 279]}, "and": {"prob": 0.03644646924829157, "count": 16, "pos": [6, 33, 49, 77, 97, 104, 143, 155, 171, 188, 217, 250, 310, 387, 411, 413]}, "choreograph": {"prob": 0.002277904328018223, "count": 1, "pos": [7]}, "tri": {"prob": 0.004555808656036446, "count": 2, "pos": [8, 80]}, "to": {"prob": 0.03416856492027335, "count": 15, "pos": [9, 57, 81, 109, 131, 157, 159, 162, 174, 181, 184, 254, 271, 306, 315]}, "balanc": {"prob": 0.002277904328018223, "count": 1, "pos": [10]}, "work": {"prob": 0.002277904328018223, "count": 1, "pos": [11]}, "on": {"prob": 0.009111617312072893, "count": 4, "pos": [12, 317, 354, 403]}, "hi": {"prob": 0.0387243735763098, "count": 17, "pos": [13, 37, 66, 68, 72, 94, 112, 153, 186, 191, 200, 214, 240, 350, 358, 362, 432]}, "latest": {"prob": 0.002277904328018223, "count": 1, "pos": [14]}, "broadway": {"prob": 0.004555808656036446, "count": 2, "pos": [15, 263]}, "music": {"prob": 0.004555808656036446, "count": 2, "pos": [16, 345]}, "with": {"prob": 0.018223234624145785, "count": 8, "pos": [17, 36, 116, 134, 145, 233, 287, 292]}, "edit": {"prob": 0.004555808656036446, "count": 2, "pos": [18, 398]}, "hollywood": {"prob": 0.002277904328018223, "count": 1, "pos": [20]}, "film": {"prob": 0.004555808656036446, "count": 2, "pos": [21, 242]}, "he": {"prob": 0.02050113895216401, "count": 9, "pos": [22, 25, 51, 114, 128, 165, 347, 374, 395]}, "ha": {"prob": 0.009111617312072893, "count": 4, "pos": [23, 246, 366, 396]}, "direct": {"prob": 0.004555808656036446, "count": 2, "pos": [24, 348]}, "workahol": {"prob": 0.002277904328018223, "count": 1, "pos": [28]}, "who": {"prob": 0.002277904328018223, "count": 1, "pos": [29]}, "chain": {"prob": 0.004555808656036446, "count": 2, "pos": [30, 34]}, "smoke": {"prob": 0.002277904328018223, "count": 1, "pos": [31]}, "cigarett": {"prob": 0.004555808656036446, "count": 2, "pos": [32, 219]}, "sleep": {"prob": 0.002277904328018223, "count": 1, "pos": [35]}, "dancer": {"prob": 0.002277904328018223, "count": 1, "pos": [38]}, "without": {"prob": 0.002277904328018223, "count": 1, "pos": [39]}, "daili": {"prob": 0.002277904328018223, "count": 1, "pos": [41]}, "dose": {"prob": 0.002277904328018223, "count": 1, "pos": [42]}, "of": {"prob": 0.025056947608200455, "count": 11, "pos": [43, 63, 102, 119, 148, 210, 282, 295, 327, 344, 380]}, "vivaldi": {"prob": 0.002277904328018223, "count": 1, "pos": [44]}, "visin": {"prob": 0.002277904328018223, "count": 1, "pos": [45]}, "alka": {"prob": 0.002277904328018223, "count": 1, "pos": [46]}, "seltzer": {"prob": 0.002277904328018223, "count": 1, "pos": [47]}, "dexedrin": {"prob": 0.002277904328018223, "count": 1, "pos": [48]}, "sex": {"prob": 0.002277904328018223, "count": 1, "pos": [50]}, "wouldn": {"prob": 0.002277904328018223, "count": 1, "pos": [52]}, "t": {"prob": 0.004555808656036446, "count": 2, "pos": [53, 226]}, "have": {"prob": 0.004555808656036446, "count": 2, "pos": [54, 107]}, "the": {"prob": 0.04328018223234624, "count": 19, "pos": [55, 60, 86, 168, 177, 193, 203, 218, 236, 259, 262, 278, 288, 299, 303, 371, 377, 391, 405]}, "energi": {"prob": 0.002277904328018223, "count": 1, "pos": [56]}, "keep": {"prob": 0.002277904328018223, "count": 1, "pos": [58]}, "up": {"prob": 0.009111617312072893, "count": 4, "pos": [59, 273, 393, 421]}, "biggest": {"prob": 0.002277904328018223, "count": 1, "pos": [61]}, "show": {"prob": 0.011389521640091117, "count": 5, "pos": [62, 194, 227, 264, 428]}, "all": {"prob": 0.002277904328018223, "count": 1, "pos": [64]}, "\u00e2": {"prob": 0.00683371298405467, "count": 3, "pos": [65, 320, 382]}, "life": {"prob": 0.00683371298405467, "count": 3, "pos": [67, 337, 355]}, "girlfriend": {"prob": 0.002277904328018223, "count": 1, "pos": [69]}, "kati": {"prob": 0.002277904328018223, "count": 1, "pos": [70]}, "jagger": {"prob": 0.002277904328018223, "count": 1, "pos": [71]}, "ex": {"prob": 0.002277904328018223, "count": 1, "pos": [73]}, "wife": {"prob": 0.002277904328018223, "count": 1, "pos": [74]}, "audrey": {"prob": 0.002277904328018223, "count": 1, "pos": [75]}, "pari": {"prob": 0.002277904328018223, "count": 1, "pos": [76]}, "daughter": {"prob": 0.002277904328018223, "count": 1, "pos": [78]}, "michel": {"prob": 0.002277904328018223, "count": 1, "pos": [79]}, "pull": {"prob": 0.002277904328018223, "count": 1, "pos": [82]}, "him": {"prob": 0.002277904328018223, "count": 1, "pos": [83]}, "back": {"prob": 0.004555808656036446, "count": 2, "pos": [84, 161]}, "from": {"prob": 0.01366742596810934, "count": 6, "pos": [85, 190, 202, 334, 349, 431]}, "brink": {"prob": 0.002277904328018223, "count": 1, "pos": [87]}, "but": {"prob": 0.00683371298405467, "count": 3, "pos": [88, 164, 197]}, "it": {"prob": 0.004555808656036446, "count": 2, "pos": [89, 269]}, "too": {"prob": 0.002277904328018223, "count": 1, "pos": [91]}, "late": {"prob": 0.002277904328018223, "count": 1, "pos": [92]}, "for": {"prob": 0.009111617312072893, "count": 4, "pos": [93, 179, 239, 261]}, "exhaust": {"prob": 0.004555808656036446, "count": 2, "pos": [95, 192]}, "bodi": {"prob": 0.002277904328018223, "count": 1, "pos": [96]}, "stress": {"prob": 0.00683371298405467, "count": 3, "pos": [98, 106, 140]}, "ravag": {"prob": 0.002277904328018223, "count": 1, "pos": [99]}, "heart": {"prob": 0.009111617312072893, "count": 4, "pos": [100, 187, 297, 368]}, "decad": {"prob": 0.002277904328018223, "count": 1, "pos": [101]}, "overwork": {"prob": 0.002277904328018223, "count": 1, "pos": [103]}, "constant": {"prob": 0.002277904328018223, "count": 1, "pos": [105]}, "gotten": {"prob": 0.002277904328018223, "count": 1, "pos": [108]}, "in": {"prob": 0.022779043280182234, "count": 10, "pos": [111, 167, 176, 244, 324, 340, 370, 390, 402, 414]}, "imagin": {"prob": 0.002277904328018223, "count": 1, "pos": [113]}, "flirt": {"prob": 0.002277904328018223, "count": 1, "pos": [115]}, "an": {"prob": 0.002277904328018223, "count": 1, "pos": [117]}, "angel": {"prob": 0.002277904328018223, "count": 1, "pos": [118]}, "death": {"prob": 0.011389521640091117, "count": 5, "pos": [120, 234, 359, 381, 400]}, "name": {"prob": 0.002277904328018223, "count": 1, "pos": [121]}, "angeliqu": {"prob": 0.002277904328018223, "count": 1, "pos": [122]}, "condit": {"prob": 0.002277904328018223, "count": 1, "pos": [124]}, "get": {"prob": 0.002277904328018223, "count": 1, "pos": [125]}, "progress": {"prob": 0.002277904328018223, "count": 1, "pos": [126]}, "wor": {"prob": 0.002277904328018223, "count": 1, "pos": [127]}, "rush": {"prob": 0.002277904328018223, "count": 1, "pos": [130]}, "hospit": {"prob": 0.011389521640091117, "count": 5, "pos": [133, 178, 204, 215, 351]}, "chest": {"prob": 0.002277904328018223, "count": 1, "pos": [135]}, "pain": {"prob": 0.002277904328018223, "count": 1, "pos": [136]}, "after": {"prob": 0.002277904328018223, "count": 1, "pos": [137]}, "particular": {"prob": 0.002277904328018223, "count": 1, "pos": [139]}, "script": {"prob": 0.002277904328018223, "count": 1, "pos": [141]}, "rehear": {"prob": 0.004555808656036446, "count": 2, "pos": [142, 163]}, "admit": {"prob": 0.002277904328018223, "count": 1, "pos": [144]}, "sever": {"prob": 0.002277904328018223, "count": 1, "pos": [146]}, "attack": {"prob": 0.004555808656036446, "count": 2, "pos": [147, 369]}, "angina": {"prob": 0.002277904328018223, "count": 1, "pos": [149]}, "brush": {"prob": 0.002277904328018223, "count": 1, "pos": [151]}, "off": {"prob": 0.002277904328018223,