{"__total__": 339, "__name__": "doc_98_Allan_Quatermain_and_the_Lost_City_of_Gold.txt", "after": {"prob": 0.0029498525073746312, "count": 1, "pos": [0]}, "surviv": {"prob": 0.0029498525073746312, "count": 1, "pos": [1]}, "their": {"prob": 0.0029498525073746312, "count": 1, "pos": [2]}, "expedit": {"prob": 0.008849557522123894, "count": 3, "pos": [3, 109, 144]}, "to": {"prob": 0.02359882005899705, "count": 8, "pos": [4, 20, 30, 110, 128, 140, 177, 277]}, "king": {"prob": 0.0029498525073746312, "count": 1, "pos": [5]}, "solomon": {"prob": 0.0029498525073746312, "count": 1, "pos": [6]}, "mine": {"prob": 0.0058997050147492625, "count": 2, "pos": [7, 299]}, "allan": {"prob": 0.02654867256637168, "count": 9, "pos": [8, 36, 69, 84, 129, 130, 231, 267, 283]}, "and": {"prob": 0.05014749262536873, "count": 17, "pos": [9, 23, 51, 62, 68, 76, 92, 118, 131, 149, 200, 215, 226, 230, 240, 252, 320]}, "jess": {"prob": 0.014749262536873156, "count": 5, "pos": [10, 24, 67, 115, 132]}, "have": {"prob": 0.0058997050147492625, "count": 2, "pos": [11, 95]}, "settl": {"prob": 0.0029498525073746312, "count": 1, "pos": [12]}, "down": {"prob": 0.0029498525073746312, "count": 1, "pos": [13]}, "in": {"prob": 0.008849557522123894, "count": 3, "pos": [14, 237, 243]}, "coloni": {"prob": 0.0029498525073746312, "count": 1, "pos": [15]}, "africa": {"prob": 0.0029498525073746312, "count": 1, "pos": [16]}, "they": {"prob": 0.014749262536873156, "count": 5, "pos": [17, 27, 94, 286, 292]}, "are": {"prob": 0.011799410029498525, "count": 4, "pos": [18, 133, 163, 228]}, "engag": {"prob": 0.0029498525073746312, "count": 1, "pos": [19]}, "be": {"prob": 0.0029498525073746312, "count": 1, "pos": [21]}, "marri": {"prob": 0.0029498525073746312, "count": 1, "pos": [22]}, "plan": {"prob": 0.0029498525073746312, "count": 1, "pos": [25]}, "that": {"prob": 0.014749262536873156, "count": 5, "pos": [26, 85, 93, 170, 285]}, "will": {"prob": 0.0029498525073746312, "count": 1, "pos": [28]}, "travel": {"prob": 0.0029498525073746312, "count": 1, "pos": [29]}, "america": {"prob": 0.0029498525073746312, "count": 1, "pos": [31]}, "for": {"prob": 0.008849557522123894, "count": 3, "pos": [32, 65, 107]}, "the": {"prob": 0.07079646017699115, "count": 24, "pos": [33, 49, 97, 155, 158, 175, 178, 183, 192, 220, 222, 244, 246, 255, 269, 279, 290, 301, 303, 309, 311, 315, 318, 323]}, "wed": {"prob": 0.0029498525073746312, "count": 1, "pos": [34]}, "but": {"prob": 0.014749262536873156, "count": 5, "pos": [35, 70, 121, 203, 254]}, "is": {"prob": 0.035398230088495575, "count": 12, "pos": [37, 52, 60, 63, 90, 116, 127, 185, 258, 298, 334, 336]}, "restless": {"prob": 0.0029498525073746312, "count": 1, "pos": [38]}, "a": {"prob": 0.014749262536873156, "count": 5, "pos": [39, 137, 146, 168, 172]}, "man": {"prob": 0.0029498525073746312, "count": 1, "pos": [40]}, "chase": {"prob": 0.0029498525073746312, "count": 1, "pos": [41]}, "by": {"prob": 0.02064896755162242, "count": 7, "pos": [42, 66, 135, 209, 265, 281, 300]}, "two": {"prob": 0.008849557522123894, "count": 3, "pos": [43, 161, 249]}, "strang": {"prob": 0.0029498525073746312, "count": 1, "pos": [44]}, "mask": {"prob": 0.0029498525073746312, "count": 1, "pos": [45]}, "men": {"prob": 0.0029498525073746312, "count": 1, "pos": [46]}, "emerg": {"prob": 0.0029498525073746312, "count": 1, "pos": [47]}, "from": {"prob": 0.0029498525073746312, "count": 1, "pos": [48]}, "jungl": {"prob": 0.0029498525073746312, "count": 1, "pos": [50]}, "recogni": {"prob": 0.0029498525073746312, "count": 1, "pos": [53]}, "as": {"prob": 0.0029498525073746312, "count": 1, "pos": [54]}, "one": {"prob": 0.0029498525073746312, "count": 1, "pos": [55]}, "of": {"prob": 0.017699115044247787, "count": 6, "pos": [56, 101, 182, 207, 295, 317]}, "quatermain": {"prob": 0.011799410029498525, "count": 4, "pos": [57, 103, 199, 214]}, "friend": {"prob": 0.011799410029498525, "count": 4, "pos": [58, 202, 217, 229]}, "he": {"prob": 0.008849557522123894, "count": 3, "pos": [59, 80, 82]}, "deliri": {"prob": 0.0029498525073746312, "count": 1, "pos": [61]}, "care": {"prob": 0.0029498525073746312, "count": 1, "pos": [64]}, "at": {"prob": 0.008849557522123894, "count": 3, "pos": [71, 198, 241]}, "night": {"prob": 0.0029498525073746312, "count": 1, "pos": [72]}, "hi": {"prob": 0.02064896755162242, "count": 7, "pos": [73, 86, 112, 201, 211, 216, 233]}, "pursuer": {"prob": 0.0029498525073746312, "count": 1, "pos": [74]}, "return": {"prob": 0.0029498525073746312, "count": 1, "pos": [75]}, "kill": {"prob": 0.0029498525073746312, "count": 1, "pos": [77]}, "him": {"prob": 0.0029498525073746312, "count": 1, "pos": [78]}, "befor": {"prob": 0.0029498525073746312, "count": 1, "pos": [79]}, "die": {"prob": 0.0029498525073746312, "count": 1, "pos": [81]}, "told": {"prob": 0.0029498525073746312, "count": 1, "pos": [83]}, "brother": {"prob": 0.008849557522123894, "count": 3, "pos": [87, 114, 234]}, "supposed": {"prob": 0.0029498525073746312, "count": 1, "pos": [88]}, "lost": {"prob": 0.014749262536873156, "count": 5, "pos": [89, 99, 113, 164, 186]}, "aliv": {"prob": 0.0029498525073746312, "count": 1, "pos": [91]}, "found": {"prob": 0.0029498525073746312, "count": 1, "pos": [96]}, "legendari": {"prob": 0.0029498525073746312, "count": 1, "pos": [98]}, "citi": {"prob": 0.014749262536873156, "count": 5, "pos": [100, 179, 221, 247, 280]}, "gold": {"prob": 0.011799410029498525, "count": 4, "pos": [102, 296, 312, 330]}, "immedi": {"prob": 0.0029498525073746312, "count": 1, "pos": [104]}, "start": {"prob": 0.0029498525073746312, "count": 1, "pos": [105]}, "prepar": {"prob": 0.0029498525073746312, "count": 1, "pos": [106]}, "an": {"prob": 0.011799410029498525, "count": 4, "pos": [108, 143, 259, 275]}, "find": {"prob": 0.0029498525073746312, "count": 1, "pos": [111]}, "furiou": {"prob": 0.0029498525073746312, "count": 1, "pos": [117]}, "stalk": {"prob": 0.0029498525073746312, "count": 1, "pos": [119]}, "off": {"prob": 0.0058997050147492625, "count": 2, "pos": [120, 314]}, "then": {"prob": 0.0029498525073746312, "count": 1, "pos": [122]}, "reali": {"prob": 0.0058997050147492625, "count": 2, "pos": [123, 284]}, "how": {"prob": 0.0058997050147492625, "count": 2, "pos": [124, 332]}, "import": {"prob": 0.0029498525073746312, "count": 1, "pos": [125]}, "thi": {"prob": 0.0058997050147492625, "count": 2, "pos": [126, 333]}, "assist": {"prob": 0.0029498525073746312, "count": 1, "pos": [134]}, "umslopogaa": {"prob": 0.0058997050147492625, "count": 2, "pos": [136, 204]}, "fearless": {"prob": 0.0029498525073746312, "count": 1, "pos": [138]}, "warrior": {"prob": 0.008849557522123894, "count": 3, "pos": [139, 152, 190]}, "put": {"prob": 0.0029498525073746312, "count": 1, "pos": [141]}, "togeth": {"prob": 0.0029498525073746312, "count": 1, "pos": [142]}, "swarma": {"prob": 0.0058997050147492625, "count": 2, "pos": [145, 166]}, "spiritu": {"prob": 0.0029498525073746312, "count": 1, "pos": [147]}, "guru": {"prob": 0.0029498525073746312, "count": 1, "pos": [148]}, "five": {"prob": 0.0029498525073746312, "count": 1, "pos": [150]}, "askari": {"prob": 0.0058997050147492625, "count": 2, "pos": [151, 162]}, "accompani": {"prob": 0.0029498525073746312, "count": 1, "pos": [153]}, "them": {"prob": 0.0058997050147492625, "count": 2, "pos": [154, 208]}, "group": {"prob": 0.0058997050147492625, "count": 2, "pos": [156, 193]}, "cross": {"prob": 0.0029498525073746312, "count": 1, "pos": [157]}, "sahara": {"prob": 0.0029498525073746312, "count": 1, "pos": [159]}, "desert": {"prob": 0.0029498525073746312, "count": 1, "pos": [160]}, "when": {"prob": 0.008849557522123894, "count": 3, "pos": [165, 187, 307]}, "trip": {"prob": 0.0029498525073746312, "count": 1, "pos": [167]}, "trap": {"prob": 0.0029498525073746312, "count": 1, "pos": [169]}, "open": {"prob": 0.0029498525073746312, "count": 1, "pos": [171]}, "pit": {"prob": 0.0029498525073746312, "count": 1, "pos": [173]}, "under": {"prob": 0.0029498525073746312, "count": 1, "pos": [174]}, "road": {"prob": 0.0029498525073746312,