{"__total__": 95, "__name__": "doc_980_Mon_oncle_dAm_rique.txt", "the": {"prob": 0.06315789473684211, "count": 6, "pos": [0, 6, 20, 24, 37, 45]}, "didact": {"prob": 0.010526315789473684, "count": 1, "pos": [1]}, "film": {"prob": 0.021052631578947368, "count": 2, "pos": [2, 21]}, "is": {"prob": 0.010526315789473684, "count": 1, "pos": [3]}, "built": {"prob": 0.010526315789473684, "count": 1, "pos": [4]}, "around": {"prob": 0.010526315789473684, "count": 1, "pos": [5]}, "idea": {"prob": 0.021052631578947368, "count": 2, "pos": [7, 94]}, "of": {"prob": 0.031578947368421054, "count": 3, "pos": [8, 26, 39]}, "french": {"prob": 0.021052631578947368, "count": 2, "pos": [9, 54]}, "physician": {"prob": 0.010526315789473684, "count": 1, "pos": [10]}, "writer": {"prob": 0.021052631578947368, "count": 2, "pos": [11, 76]}, "and": {"prob": 0.021052631578947368, "count": 2, "pos": [12, 41]}, "philosoph": {"prob": 0.010526315789473684, "count": 1, "pos": [13]}, "henri": {"prob": 0.010526315789473684, "count": 1, "pos": [14]}, "laborit": {"prob": 0.031578947368421054, "count": 3, "pos": [15, 31, 93]}, "who": {"prob": 0.021052631578947368, "count": 2, "pos": [16, 67]}, "play": {"prob": 0.010526315789473684, "count": 1, "pos": [17]}, "himself": {"prob": 0.010526315789473684, "count": 1, "pos": [18]}, "in": {"prob": 0.021052631578947368, "count": 2, "pos": [19, 84]}, "it": {"prob": 0.010526315789473684, "count": 1, "pos": [22]}, "use": {"prob": 0.010526315789473684, "count": 1, "pos": [23]}, "stori": {"prob": 0.010526315789473684, "count": 1, "pos": [25]}, "three": {"prob": 0.021052631578947368, "count": 2, "pos": [27, 79]}, "peopl": {"prob": 0.010526315789473684, "count": 1, "pos": [28]}, "to": {"prob": 0.042105263157894736, "count": 4, "pos": [29, 48, 63, 91]}, "illustr": {"prob": 0.010526315789473684, "count": 1, "pos": [30]}, "theori": {"prob": 0.010526315789473684, "count": 1, "pos": [32]}, "on": {"prob": 0.010526315789473684, "count": 1, "pos": [33]}, "evolutionari": {"prob": 0.010526315789473684, "count": 1, "pos": [34]}, "psycholog": {"prob": 0.010526315789473684, "count": 1, "pos": [35]}, "regard": {"prob": 0.010526315789473684, "count": 1, "pos": [36]}, "relationship": {"prob": 0.010526315789473684, "count": 1, "pos": [38]}, "self": {"prob": 0.010526315789473684, "count": 1, "pos": [40]}, "societi": {"prob": 0.010526315789473684, "count": 1, "pos": [42]}, "ren\u00e3": {"prob": 0.010526315789473684, "count": 1, "pos": [43]}, "leav": {"prob": 0.021052631578947368, "count": 2, "pos": [44, 58]}, "famili": {"prob": 0.021052631578947368, "count": 2, "pos": [46, 61]}, "farm": {"prob": 0.010526315789473684, "count": 1, "pos": [47]}, "becom": {"prob": 0.031578947368421054, "count": 3, "pos": [49, 64, 68]}, "an": {"prob": 0.021052631578947368, "count": 2, "pos": [50, 65]}, "execut": {"prob": 0.010526315789473684, "count": 1, "pos": [51]}, "at": {"prob": 0.010526315789473684, "count": 1, "pos": [52]}, "a": {"prob": 0.021052631578947368, "count": 2, "pos": [53, 72]}, "textil": {"prob": 0.010526315789473684, "count": 1, "pos": [55]}, "firm": {"prob": 0.010526315789473684, "count": 1, "pos": [56]}, "janin": {"prob": 0.010526315789473684, "count": 1, "pos": [57]}, "her": {"prob": 0.010526315789473684, "count": 1, "pos": [59]}, "proletarian": {"prob": 0.010526315789473684, "count": 1, "pos": [60]}, "behind": {"prob": 0.010526315789473684, "count": 1, "pos": [62]}, "actress": {"prob": 0.010526315789473684, "count": 1, "pos": [66]}, "involv": {"prob": 0.010526315789473684, "count": 1, "pos": [69]}, "with": {"prob": 0.010526315789473684, "count": 1, "pos": [70]}, "jean": {"prob": 0.010526315789473684, "count": 1, "pos": [71]}, "well": {"prob": 0.010526315789473684, "count": 1, "pos": [73]}, "educ": {"prob": 0.010526315789473684, "count": 1, "pos": [74]}, "bourgeoi": {"prob": 0.010526315789473684, "count": 1, "pos": [75]}, "politician": {"prob": 0.010526315789473684, "count": 1, "pos": [77]}, "all": {"prob": 0.010526315789473684, "count": 1, "pos": [78]}, "charact": {"prob": 0.010526315789473684, "count": 1, "pos": [80]}, "face": {"prob": 0.010526315789473684, "count": 1, "pos": [81]}, "difficult": {"prob": 0.010526315789473684, "count": 1, "pos": [82]}, "choic": {"prob": 0.010526315789473684, "count": 1, "pos": [83]}, "life": {"prob": 0.010526315789473684, "count": 1, "pos": [85]}, "chang": {"prob": 0.010526315789473684, "count": 1, "pos": [86]}, "situat": {"prob": 0.010526315789473684, "count": 1, "pos": [87]}, "that": {"prob": 0.010526315789473684, "count": 1, "pos": [88]}, "are": {"prob": 0.010526315789473684, "count": 1, "pos": [89]}, "design": {"prob": 0.010526315789473684, "count": 1, "pos": [90]}, "illumin": {"prob": 0.010526315789473684, "count": 1, "pos": [92]}}