{"__total__": 96, "__name__": "doc_982_Monsieur_Verdoux.txt", "the": {"prob": 0.052083333333333336, "count": 5, "pos": [0, 61, 70, 73, 87]}, "film": {"prob": 0.020833333333333332, "count": 2, "pos": [1, 62]}, "is": {"prob": 0.020833333333333332, "count": 2, "pos": [2, 66]}, "about": {"prob": 0.010416666666666666, "count": 1, "pos": [3]}, "an": {"prob": 0.010416666666666666, "count": 1, "pos": [4]}, "unemploy": {"prob": 0.010416666666666666, "count": 1, "pos": [5]}, "banker": {"prob": 0.010416666666666666, "count": 1, "pos": [6]}, "henri": {"prob": 0.010416666666666666, "count": 1, "pos": [7]}, "verdoux": {"prob": 0.03125, "count": 3, "pos": [8, 25, 65]}, "and": {"prob": 0.041666666666666664, "count": 4, "pos": [9, 20, 36, 42]}, "hi": {"prob": 0.0625, "count": 6, "pos": [10, 23, 34, 46, 58, 78]}, "sociopath": {"prob": 0.010416666666666666, "count": 1, "pos": [11]}, "method": {"prob": 0.010416666666666666, "count": 1, "pos": [12]}, "of": {"prob": 0.03125, "count": 3, "pos": [13, 80, 91]}, "attain": {"prob": 0.010416666666666666, "count": 1, "pos": [14]}, "incom": {"prob": 0.010416666666666666, "count": 1, "pos": [15]}, "while": {"prob": 0.010416666666666666, "count": 1, "pos": [16]}, "be": {"prob": 0.020833333333333332, "count": 2, "pos": [17, 67]}, "both": {"prob": 0.010416666666666666, "count": 1, "pos": [18]}, "loyal": {"prob": 0.010416666666666666, "count": 1, "pos": [19]}, "compet": {"prob": 0.010416666666666666, "count": 1, "pos": [21]}, "in": {"prob": 0.03125, "count": 3, "pos": [22, 72, 94]}, "work": {"prob": 0.020833333333333332, "count": 2, "pos": [24, 50]}, "ha": {"prob": 0.010416666666666666, "count": 1, "pos": [26]}, "been": {"prob": 0.010416666666666666, "count": 1, "pos": [27]}, "laid": {"prob": 0.010416666666666666, "count": 1, "pos": [28]}, "off": {"prob": 0.010416666666666666, "count": 1, "pos": [29]}, "to": {"prob": 0.020833333333333332, "count": 2, "pos": [30, 69]}, "make": {"prob": 0.010416666666666666, "count": 1, "pos": [31]}, "money": {"prob": 0.010416666666666666, "count": 1, "pos": [32]}, "for": {"prob": 0.010416666666666666, "count": 1, "pos": [33]}, "wife": {"prob": 0.010416666666666666, "count": 1, "pos": [35]}, "child": {"prob": 0.010416666666666666, "count": 1, "pos": [37]}, "he": {"prob": 0.010416666666666666, "count": 1, "pos": [38]}, "marri": {"prob": 0.010416666666666666, "count": 1, "pos": [39]}, "wealthi": {"prob": 0.010416666666666666, "count": 1, "pos": [40]}, "widow": {"prob": 0.020833333333333332, "count": 2, "pos": [41, 56]}, "then": {"prob": 0.010416666666666666, "count": 1, "pos": [43]}, "murder": {"prob": 0.010416666666666666, "count": 1, "pos": [44]}, "them": {"prob": 0.010416666666666666, "count": 1, "pos": [45]}, "crime": {"prob": 0.010416666666666666, "count": 1, "pos": [47]}, "spree": {"prob": 0.010416666666666666, "count": 1, "pos": [48]}, "eventu": {"prob": 0.010416666666666666, "count": 1, "pos": [49]}, "against": {"prob": 0.010416666666666666, "count": 1, "pos": [51]}, "him": {"prob": 0.010416666666666666, "count": 1, "pos": [52]}, "when": {"prob": 0.010416666666666666, "count": 1, "pos": [53]}, "two": {"prob": 0.010416666666666666, "count": 1, "pos": [54]}, "particular": {"prob": 0.010416666666666666, "count": 1, "pos": [55]}, "break": {"prob": 0.010416666666666666, "count": 1, "pos": [57]}, "normal": {"prob": 0.010416666666666666, "count": 1, "pos": [59]}, "routin": {"prob": 0.010416666666666666, "count": 1, "pos": [60]}, "end": {"prob": 0.010416666666666666, "count": 1, "pos": [63]}, "as": {"prob": 0.020833333333333332, "count": 2, "pos": [64, 83]}, "led": {"prob": 0.010416666666666666, "count": 1, "pos": [68]}, "guillotin": {"prob": 0.010416666666666666, "count": 1, "pos": [71]}, "prison": {"prob": 0.010416666666666666, "count": 1, "pos": [74]}, "courtyard": {"prob": 0.010416666666666666, "count": 1, "pos": [75]}, "after": {"prob": 0.010416666666666666, "count": 1, "pos": [76]}, "dismiss": {"prob": 0.010416666666666666, "count": 1, "pos": [77]}, "kill": {"prob": 0.020833333333333332, "count": 2, "pos": [79, 90]}, "a": {"prob": 0.010416666666666666, "count": 1, "pos": [81]}, "few": {"prob": 0.010416666666666666, "count": 1, "pos": [82]}, "no": {"prob": 0.010416666666666666, "count": 1, "pos": [84]}, "wor": {"prob": 0.010416666666666666, "count": 1, "pos": [85]}, "than": {"prob": 0.010416666666666666, "count": 1, "pos": [86]}, "high": {"prob": 0.010416666666666666, "count": 1, "pos": [88]}, "prai": {"prob": 0.010416666666666666, "count": 1, "pos": [89]}, "larg": {"prob": 0.010416666666666666, "count": 1, "pos": [92]}, "number": {"prob": 0.010416666666666666, "count": 1, "pos": [93]}, "war": {"prob": 0.010416666666666666, "count": 1, "pos": [95]}}