{"__total__": 576, "__name__": "doc_999_Mr_Deeds.txt", "preston": {"prob": 0.003472222222222222, "count": 2, "pos": [0, 431]}, "blake": {"prob": 0.010416666666666666, "count": 6, "pos": [1, 27, 44, 71, 427, 432]}, "start": {"prob": 0.001736111111111111, "count": 1, "pos": [2]}, "out": {"prob": 0.006944444444444444, "count": 4, "pos": [3, 148, 209, 241]}, "in": {"prob": 0.013888888888888888, "count": 8, "pos": [4, 83, 119, 134, 175, 287, 351, 499]}, "hi": {"prob": 0.022569444444444444, "count": 13, "pos": [5, 19, 59, 64, 117, 195, 199, 309, 445, 510, 526, 554, 568]}, "career": {"prob": 0.001736111111111111, "count": 1, "pos": [6]}, "hope": {"prob": 0.003472222222222222, "count": 2, "pos": [7, 250]}, "to": {"prob": 0.046875, "count": 27, "pos": [8, 25, 46, 88, 100, 115, 122, 171, 185, 207, 242, 251, 272, 293, 301, 304, 313, 321, 333, 344, 356, 392, 401, 405, 447, 486, 550]}, "be": {"prob": 0.003472222222222222, "count": 2, "pos": [9, 243]}, "a": {"prob": 0.036458333333333336, "count": 21, "pos": [10, 14, 29, 55, 61, 73, 81, 138, 161, 168, 187, 218, 224, 244, 254, 370, 385, 412, 440, 475, 533]}, "disc": {"prob": 0.001736111111111111, "count": 1, "pos": [11]}, "jockey": {"prob": 0.001736111111111111, "count": 1, "pos": [12]}, "as": {"prob": 0.010416666666666666, "count": 6, "pos": [13, 141, 439, 459, 461, 502]}, "young": {"prob": 0.001736111111111111, "count": 1, "pos": [15]}, "man": {"prob": 0.001736111111111111, "count": 1, "pos": [16]}, "slowli": {"prob": 0.001736111111111111, "count": 1, "pos": [17]}, "work": {"prob": 0.005208333333333333, "count": 3, "pos": [18, 147, 159]}, "way": {"prob": 0.003472222222222222, "count": 2, "pos": [20, 194]}, "up": {"prob": 0.005208333333333333, "count": 3, "pos": [21, 228, 530]}, "through": {"prob": 0.003472222222222222, "count": 2, "pos": [22, 366]}, "the": {"prob": 0.03819444444444445, "count": 22, "pos": [23, 49, 120, 143, 149, 192, 213, 230, 258, 265, 314, 336, 367, 394, 415, 418, 436, 462, 467, 470, 544, 570]}, "rank": {"prob": 0.001736111111111111, "count": 1, "pos": [24]}, "found": {"prob": 0.003472222222222222, "count": 2, "pos": [26, 69]}, "media": {"prob": 0.001736111111111111, "count": 1, "pos": [28]}, "corpor": {"prob": 0.001736111111111111, "count": 1, "pos": [30]}, "run": {"prob": 0.003472222222222222, "count": 2, "pos": [31, 80]}, "hundr": {"prob": 0.001736111111111111, "count": 1, "pos": [32]}, "of": {"prob": 0.019097222222222224, "count": 11, "pos": [33, 51, 177, 215, 342, 411, 414, 444, 472, 537, 567]}, "televi": {"prob": 0.001736111111111111, "count": 1, "pos": [34]}, "and": {"prob": 0.03819444444444445, "count": 22, "pos": [35, 38, 86, 90, 98, 106, 124, 154, 204, 270, 297, 354, 399, 417, 424, 435, 456, 488, 493, 496, 512, 547]}, "radio": {"prob": 0.001736111111111111, "count": 1, "pos": [36]}, "station": {"prob": 0.001736111111111111, "count": 1, "pos": [37]}, "with": {"prob": 0.010416666666666666, "count": 6, "pos": [39, 54, 210, 289, 469, 553]}, "50": {"prob": 0.001736111111111111, "count": 1, "pos": [40]}, "thousand": {"prob": 0.003472222222222222, "count": 2, "pos": [41, 341]}, "employ": {"prob": 0.001736111111111111, "count": 1, "pos": [42]}, "after": {"prob": 0.008680555555555556, "count": 5, "pos": [43, 307, 319, 360, 363]}, "freez": {"prob": 0.001736111111111111, "count": 1, "pos": [45]}, "death": {"prob": 0.001736111111111111, "count": 1, "pos": [47]}, "at": {"prob": 0.005208333333333333, "count": 3, "pos": [48, 384, 466]}, "summit": {"prob": 0.001736111111111111, "count": 1, "pos": [50]}, "mount": {"prob": 0.001736111111111111, "count": 1, "pos": [52]}, "everest": {"prob": 0.001736111111111111, "count": 1, "pos": [53]}, "triumphant": {"prob": 0.001736111111111111, "count": 1, "pos": [56]}, "smile": {"prob": 0.001736111111111111, "count": 1, "pos": [57]}, "on": {"prob": 0.006944444444444444, "count": 4, "pos": [58, 229, 257, 541]}, "face": {"prob": 0.001736111111111111, "count": 1, "pos": [60]}, "search": {"prob": 0.001736111111111111, "count": 1, "pos": [62]}, "for": {"prob": 0.015625, "count": 9, "pos": [63, 113, 137, 160, 264, 490, 509, 543, 574]}, "heir": {"prob": 0.005208333333333333, "count": 3, "pos": [65, 260, 438]}, "begin": {"prob": 0.001736111111111111, "count": 1, "pos": [66]}, "it": {"prob": 0.003472222222222222, "count": 2, "pos": [67, 292]}, "is": {"prob": 0.017361111111111112, "count": 10, "pos": [68, 96, 151, 277, 283, 383, 420, 430, 449, 525]}, "that": {"prob": 0.010416666666666666, "count": 6, "pos": [70, 275, 329, 426, 521, 561]}, "ha": {"prob": 0.008680555555555556, "count": 5, "pos": [72, 167, 389, 409, 564]}, "live": {"prob": 0.001736111111111111, "count": 1, "pos": [74]}, "nephew": {"prob": 0.001736111111111111, "count": 1, "pos": [75]}, "name": {"prob": 0.001736111111111111, "count": 1, "pos": [76]}, "longfellow": {"prob": 0.001736111111111111, "count": 1, "pos": [77]}, "deed": {"prob": 0.03298611111111111, "count": 19, "pos": [78, 95, 114, 178, 183, 201, 269, 294, 299, 350, 397, 442, 482, 487, 497, 508, 519, 532, 539]}, "who": {"prob": 0.008680555555555556, "count": 5, "pos": [79, 158, 279, 381, 479]}, "pizzeria": {"prob": 0.001736111111111111, "count": 1, "pos": [82]}, "new": {"prob": 0.008680555555555556, "count": 5, "pos": [84, 101, 135, 259, 555]}, "hampshir": {"prob": 0.001736111111111111, "count": 1, "pos": [85]}, "attempt": {"prob": 0.001736111111111111, "count": 1, "pos": [87]}, "write": {"prob": 0.001736111111111111, "count": 1, "pos": [89]}, "sell": {"prob": 0.008680555555555556, "count": 5, "pos": [91, 116, 334, 393, 406]}, "greet": {"prob": 0.001736111111111111, "count": 1, "pos": [92]}, "card": {"prob": 0.005208333333333333, "count": 3, "pos": [93, 563, 569]}, "caption": {"prob": 0.001736111111111111, "count": 1, "pos": [94]}, "contact": {"prob": 0.001736111111111111, "count": 1, "pos": [97]}, "brought": {"prob": 0.001736111111111111, "count": 1, "pos": [99]}, "york": {"prob": 0.003472222222222222, "count": 2, "pos": [102, 136]}, "citi": {"prob": 0.001736111111111111, "count": 1, "pos": [103]}, "by": {"prob": 0.003472222222222222, "count": 2, "pos": [104, 189]}, "attorney": {"prob": 0.001736111111111111, "count": 1, "pos": [105]}, "businessman": {"prob": 0.001736111111111111, "count": 1, "pos": [107]}, "chuck": {"prob": 0.003472222222222222, "count": 2, "pos": [108, 330]}, "cedar": {"prob": 0.013888888888888888, "count": 8, "pos": [109, 123, 290, 331, 388, 408, 448, 458]}, "plan": {"prob": 0.001736111111111111, "count": 1, "pos": [110]}, "are": {"prob": 0.005208333333333333, "count": 3, "pos": [111, 146, 504]}, "made": {"prob": 0.003472222222222222, "count": 2, "pos": [112, 227]}, "share": {"prob": 0.005208333333333333, "count": 3, "pos": [118, 416, 446]}, "compani": {"prob": 0.006944444444444444, "count": 4, "pos": [121, 337, 395, 468]}, "return": {"prob": 0.006944444444444444, "count": 4, "pos": [125, 302, 320, 549]}, "home": {"prob": 0.003472222222222222, "count": 2, "pos": [126, 303]}, "$40": {"prob": 0.003472222222222222, "count": 2, "pos": [127, 310]}, "billion": {"prob": 0.005208333333333333, "count": 3, "pos": [128, 311, 534]}, "richer": {"prob": 0.001736111111111111, "count": 1, "pos": [129]}, "but": {"prob": 0.005208333333333333, "count": 3, "pos": [130, 284, 407]}, "he": {"prob": 0.015625, "count": 9, "pos": [131, 324, 372, 376, 515, 523, 548, 559, 572]}, "must": {"prob": 0.001736111111111111, "count": 1, "pos": [132]}, "remain": {"prob": 0.001736111111111111, "count": 1, "pos": [133]}, "few": {"prob": 0.001736111111111111, "count": 1, "pos": [139]}, "day": {"prob": 0.001736111111111111, "count": 1, "pos": [140]}, "all": {"prob": 0.003472222222222222, "count": 2, "pos": [142, 522]}, "legal": {"prob": 0.003472222222222222, "count": 2, "pos": [144, 451]}, "detail": {"prob": 0.001736111111111111, "count": 1, "pos": [145]}, "stori": {"prob": 0.003472222222222222, "count": 2, "pos": [150, 256]}, "major": {"prob": 0.003472222222222222, "count": 2, "pos": [152, 413]}, "news": {"prob": 0.001736111111111111, "count": 1, "pos": [153]},